Year,Jurisdiction,Subject,Grade,Subgroup,Mean,25th Percentile,50th Percentile,75th Percentile,Standard Deviation,Cumulative achievement level - Below Basic,Discrete achievement level - At Basic,Cumulative achievement level - At or above Basic,Discrete achievement level - At Proficient,Cumulative achievement level - At or above Proficient,Discrete achievement level - At Advanced,Cumulative achievement level - At Advanced
2019,AL,Mathematics,4,All,229.65,210.46,231.78,251.62,31.70,28.51,43.39,71.49,24.72,28.10,3.38,3.38
2019,AK,Mathematics,4,All,232.31,211.28,235.85,255.88,34.00,27.14,39.69,72.86,27.86,33.17,5.31,5.31
2019,AZ,Mathematics,4,All,237.61,216.80,239.06,259.60,31.94,22.51,40.14,77.49,30.03,37.35,7.32,7.32
2019,AR,Mathematics,4,All,233.25,214.18,236.37,255.83,32.49,24.88,41.87,75.12,28.72,33.25,4.53,4.53
2019,CA,Mathematics,4,All,234.72,213.52,236.17,256.82,32.74,25.42,40.95,74.58,26.69,33.63,6.94,6.94
2019,CO,Mathematics,4,All,241.87,220.86,244.59,265.45,33.53,19.52,36.02,80.48,34.05,44.46,10.41,10.41
2019,CT,Mathematics,4,All,243.26,222.59,245.08,264.83,31.25,17.54,37.46,82.46,34.91,45.00,10.09,10.09
2019,DE,Mathematics,4,All,239.32,218.09,240.36,261.48,32.77,21.26,39.60,78.74,29.79,39.14,9.35,9.35
2019,DC,Mathematics,4,All,234.64,212.02,235.41,258.19,34.43,26.85,38.99,73.15,25.91,34.16,8.25,8.25
2019,FL,Mathematics,4,All,245.96,227.69,247.26,265.16,27.98,12.64,39.83,87.36,38.34,47.53,9.19,9.19
2019,GA,Mathematics,4,All,237.65,216.45,238.03,259.65,32.11,22.77,40.75,77.23,28.07,36.49,8.41,8.41
2019,HI,Mathematics,4,All,238.57,217.94,240.80,261.30,32.37,21.62,38.61,78.38,32.02,39.77,7.75,7.75
2019,ID,Mathematics,4,All,241.90,221.98,243.93,263.27,30.70,18.05,38.92,81.95,34.53,43.02,8.49,8.49
2019,IL,Mathematics,4,All,237.40,216.66,239.93,260.63,33.88,22.72,38.78,77.28,30.46,38.50,8.04,8.04
2019,IN,Mathematics,4,All,244.88,225.05,246.77,266.46,31.42,15.89,37.04,84.11,36.06,47.07,11.01,11.01
2019,IA,Mathematics,4,All,240.69,221.18,242.72,262.42,31.53,19.07,38.93,80.93,33.69,42.00,8.30,8.30
2019,KS,Mathematics,4,All,239.44,218.86,241.29,261.77,31.55,20.62,39.07,79.38,32.50,40.31,7.81,7.81
2019,KY,Mathematics,4,All,239.31,220.70,241.50,260.78,31.50,19.31,40.76,80.69,32.72,39.92,7.21,7.21
2019,LA,Mathematics,4,All,231.30,212.34,233.61,252.02,30.00,26.58,44.65,73.42,25.46,28.77,3.30,3.30
2019,ME,Mathematics,4,All,240.76,221.33,242.78,262.38,31.22,18.55,39.68,81.45,33.66,41.77,8.11,8.11
2019,MD,Mathematics,4,All,238.56,215.02,239.45,262.94,35.11,24.22,36.66,75.78,28.12,39.11,10.99,10.99
2019,MA,Mathematics,4,All,247.32,226.95,249.12,269.45,31.95,14.82,34.98,85.18,36.82,50.19,13.38,13.38
2019,MI,Mathematics,4,All,236.15,215.30,237.37,258.18,31.63,23.84,40.56,76.16,29.00,35.59,6.59,6.59
2019,MN,Mathematics,4,All,248.41,228.45,251.33,271.36,32.64,14.67,32.48,85.33,38.54,52.85,14.31,14.31
2019,MS,Mathematics,4,All,240.71,223.03,241.51,258.93,26.83,15.79,45.37,84.21,33.10,38.83,5.73,5.73
2019,MO,Mathematics,4,All,238.41,219.45,240.71,260.51,31.84,20.28,40.40,79.72,32.45,39.32,6.88,6.88
2019,MT,Mathematics,4,All,241.11,223.01,243.69,261.67,30.10,17.57,39.85,82.43,35.57,42.58,7.00,7.00
2019,NE,Mathematics,4,All,243.77,225.27,245.70,265.07,30.79,15.87,38.64,84.13,35.72,45.48,9.76,9.76
2019,NV,Mathematics,4,All,235.63,216.10,237.15,256.49,30.55,22.88,42.82,77.12,28.74,34.30,5.56,5.56
2019,NH,Mathematics,4,All,244.56,226.65,246.03,264.96,29.72,14.30,39.89,85.70,36.82,45.82,9.00,9.00
2019,NJ,Mathematics,4,All,245.93,226.71,247.68,267.66,31.07,14.76,37.08,85.24,36.56,48.16,11.59,11.59
2019,NM,Mathematics,4,All,231.11,211.39,232.50,252.17,31.09,27.70,43.58,72.30,24.32,28.72,4.40,4.40
2019,NY,Mathematics,4,All,236.73,215.65,238.60,259.21,33.27,23.52,39.54,76.48,29.08,36.94,7.86,7.86
2019,NC,Mathematics,4,All,241.41,221.87,242.67,262.34,30.47,17.89,40.74,82.11,32.93,41.37,8.44,8.44
2019,ND,Mathematics,4,All,242.93,224.71,245.00,263.08,28.83,15.78,39.88,84.22,37.00,44.34,7.34,7.34
2019,OH,Mathematics,4,All,241.14,221.78,242.60,261.43,29.90,18.09,40.78,81.91,33.29,41.13,7.84,7.84
2019,OK,Mathematics,4,All,237.20,219.39,238.36,256.34,27.78,19.70,45.80,80.30,29.98,34.50,4.52,4.52
2019,OR,Mathematics,4,All,236.35,214.41,238.07,260.64,34.34,24.60,38.15,75.40,28.67,37.25,8.57,8.57
2019,PA,Mathematics,4,All,243.94,222.57,246.78,267.56,34.13,18.68,34.01,81.32,34.91,47.31,12.40,12.40
2019,RI,Mathematics,4,All,239.34,220.74,241.96,260.55,30.66,19.44,40.10,80.56,33.85,40.47,6.62,6.62
2019,SC,Mathematics,4,All,236.75,215.79,237.88,258.98,31.62,23.35,40.31,76.65,29.18,36.33,7.15,7.15
2019,SD,Mathematics,4,All,241.30,223.62,244.17,261.98,30.28,17.09,39.87,82.91,36.17,43.03,6.86,6.86
2019,TN,Mathematics,4,All,239.70,218.92,241.00,261.70,31.88,20.56,39.54,79.44,31.34,39.89,8.55,8.55
2019,TX,Mathematics,4,All,243.62,224.25,244.50,263.74,29.65,15.61,40.71,84.39,34.44,43.67,9.23,9.23
2019,UT,Mathematics,4,All,243.79,223.25,246.14,266.10,32.07,17.58,36.07,82.42,35.57,46.34,10.77,10.77
2019,VT,Mathematics,4,All,238.90,220.59,240.69,260.15,30.89,18.97,42.23,81.03,31.93,38.80,6.87,6.87
2019,VA,Mathematics,4,All,246.89,227.95,247.47,266.66,30.24,13.02,39.07,86.98,36.08,47.91,11.83,11.83
2019,WA,Mathematics,4,All,239.51,218.41,240.84,261.52,32.76,21.20,39.53,78.80,29.85,39.28,9.43,9.43
2019,WV,Mathematics,4,All,231.50,213.01,234.36,252.73,31.01,25.88,44.47,74.12,26.20,29.65,3.44,3.44
2019,WI,Mathematics,4,All,241.67,220.44,244.58,265.50,34.37,20.08,35.17,79.92,34.18,44.76,10.58,10.58
2019,WY,Mathematics,4,All,245.84,228.35,247.46,265.33,28.13,12.90,39.30,87.10,38.89,47.80,8.91,8.91
2019,AL,Mathematics,4,White,238.68,222.02,241.31,258.66,29.44,17.46,44.12,82.54,33.42,38.43,5.01,5.01
2019,AK,Mathematics,4,White,246.83,230.60,248.24,265.24,27.46,11.56,39.69,88.44,39.78,48.75,8.97,8.97
2019,AZ,Mathematics,4,White,249.96,232.49,251.51,269.32,28.67,10.64,35.78,89.36,41.46,53.58,12.12,12.12
2019,AR,Mathematics,4,White,240.23,222.93,242.91,260.97,30.38,17.35,41.41,82.65,35.00,41.24,6.24,6.24
2019,CA,Mathematics,4,White,249.77,231.51,251.94,269.62,29.26,11.21,34.80,88.79,41.28,53.99,12.71,12.71
2019,CO,Mathematics,4,White,251.74,233.65,254.19,272.57,30.64,10.45,32.45,89.55,42.23,57.09,14.87,14.87
2019,CT,Mathematics,4,White,252.00,234.75,253.21,270.40,27.62,8.72,34.79,91.28,42.90,56.49,13.58,13.58
2019,DE,Mathematics,4,White,249.72,231.76,250.89,270.34,30.22,11.08,36.07,88.92,39.03,52.86,13.82,13.82
2019,DC,Mathematics,4,White,272.79,257.04,274.45,290.25,25.87,2.54,13.57,97.46,46.56,83.89,37.33,37.33
2019,FL,Mathematics,4,White,253.86,236.94,254.82,271.39,25.82,6.36,34.65,93.64,45.69,58.99,13.30,13.30
2019,GA,Mathematics,4,White,249.37,231.14,250.91,268.70,28.57,10.38,37.19,89.62,40.58,52.43,11.85,11.85
2019,HI,Mathematics,4,White,252.12,234.66,254.59,271.98,28.96,9.53,32.78,90.47,43.30,57.68,14.39,14.39
2019,ID,Mathematics,4,White,246.39,227.96,248.25,266.74,29.23,13.70,37.40,86.30,38.69,48.90,10.21,10.21
2019,IL,Mathematics,4,White,246.49,228.29,249.72,267.98,31.07,14.47,34.57,85.53,40.19,50.96,10.77,10.77
2019,IN,Mathematics,4,White,250.41,232.55,251.74,269.67,29.06,10.00,35.89,90.00,41.22,54.11,12.89,12.89
2019,IA,Mathematics,4,White,245.63,227.88,248.01,265.86,29.80,13.90,37.41,86.10,39.06,48.68,9.63,9.63
2019,KS,Mathematics,4,White,246.56,227.89,248.33,266.92,29.37,13.46,37.44,86.54,38.57,49.11,10.53,10.53
2019,KY,Mathematics,4,White,242.33,224.85,244.54,263.06,30.60,16.03,40.30,83.97,35.69,43.67,7.98,7.98
2019,LA,Mathematics,4,White,243.60,227.82,244.83,261.10,25.89,12.19,44.40,87.81,37.75,43.41,5.65,5.65
2019,ME,Mathematics,4,White,242.35,223.58,244.21,263.32,30.40,16.76,39.84,83.24,34.88,43.39,8.51,8.51
2019,MD,Mathematics,4,White,251.39,230.86,252.21,273.64,31.49,11.78,34.29,88.22,36.72,53.93,17.22,17.22
2019,MA,Mathematics,4,White,253.69,235.77,255.73,273.81,29.28,9.04,31.66,90.96,43.06,59.30,16.24,16.24
2019,MI,Mathematics,4,White,243.10,224.80,244.49,262.95,28.75,15.46,40.61,84.54,36.16,43.92,7.77,7.77
2019,MN,Mathematics,4,White,257.62,240.99,259.23,276.63,27.90,6.19,29.15,93.81,46.11,64.66,18.55,18.55
2019,MS,Mathematics,4,White,251.06,235.85,251.99,267.69,24.50,6.76,37.92,93.24,45.89,55.32,9.42,9.42
2019,MO,Mathematics,4,White,243.50,225.73,245.37,263.58,29.16,14.37,40.79,85.63,36.95,44.85,7.90,7.90
2019,MT,Mathematics,4,White,244.90,228.15,247.11,264.18,28.58,13.50,39.33,86.50,38.97,47.17,8.20,8.20
2019,NE,Mathematics,4,White,250.81,233.62,252.18,270.23,28.43,9.21,35.94,90.79,42.04,54.85,12.81,12.81
2019,NV,Mathematics,4,White,246.72,230.29,248.40,265.13,27.83,11.62,39.22,88.38,40.19,49.16,8.97,8.97
2019,NH,Mathematics,4,White,245.68,228.44,246.79,265.08,28.39,12.61,40.56,87.39,37.99,46.83,8.84,8.84
2019,NJ,Mathematics,4,White,254.13,238.61,256.20,272.73,27.06,7.81,31.15,92.19,46.86,61.04,14.18,14.18
2019,NM,Mathematics,4,White,243.25,224.94,244.55,263.54,30.67,15.41,40.97,84.59,34.15,43.62,9.48,9.48
2019,NY,Mathematics,4,White,245.17,227.38,246.80,264.66,29.29,13.86,39.35,86.14,37.51,46.79,9.28,9.28
2019,NC,Mathematics,4,White,251.72,234.76,253.40,271.03,28.23,9.36,34.17,90.64,43.36,56.47,13.11,13.11
2019,ND,Mathematics,4,White,246.77,229.56,248.68,265.59,27.26,11.83,38.68,88.17,41.03,49.49,8.46,8.46
2019,OH,Mathematics,4,White,246.39,229.09,247.97,264.94,28.05,12.57,38.96,87.43,39.33,48.47,9.14,9.14
2019,OK,Mathematics,4,White,243.05,227.00,244.21,261.23,26.38,13.04,44.69,86.96,36.33,42.27,5.95,5.95
2019,OR,Mathematics,4,White,243.08,223.09,244.85,265.69,31.83,17.37,37.97,82.63,34.12,44.66,10.54,10.54
2019,PA,Mathematics,4,White,252.41,234.19,254.59,272.83,30.03,10.09,32.33,89.91,42.02,57.58,15.56,15.56
2019,RI,Mathematics,4,White,246.85,229.73,249.60,266.13,28.08,12.08,37.11,87.92,41.78,50.81,9.03,9.03
2019,SC,Mathematics,4,White,249.26,231.02,250.94,269.30,28.54,11.16,36.15,88.84,40.64,52.69,12.04,12.04
2019,SD,Mathematics,4,White,247.97,232.28,249.70,265.82,26.79,9.83,39.02,90.17,42.55,51.15,8.60,8.60
2019,TN,Mathematics,4,White,246.57,226.88,248.21,267.79,30.30,14.58,36.51,85.42,37.36,48.90,11.54,11.54
2019,TX,Mathematics,4,White,254.05,236.60,255.51,273.68,28.09,8.21,32.85,91.79,43.15,58.94,15.80,15.80
2019,UT,Mathematics,4,White,248.72,230.01,250.65,269.38,29.89,12.39,35.26,87.61,39.82,52.35,12.53,12.53
2019,VT,Mathematics,4,White,239.81,221.44,241.36,260.74,30.34,18.09,42.23,81.91,32.55,39.68,7.12,7.12
2019,VA,Mathematics,4,White,253.05,235.84,253.68,271.10,27.44,7.71,34.93,92.29,43.25,57.36,14.12,14.12
2019,WA,Mathematics,4,White,245.77,227.39,247.13,266.37,29.94,13.84,38.96,86.16,36.44,47.20,10.76,10.76
2019,WV,Mathematics,4,White,232.47,214.50,235.37,253.36,30.73,24.50,44.83,75.50,27.13,30.68,3.55,3.55
2019,WI,Mathematics,4,White,249.18,230.39,251.46,269.96,31.39,12.25,34.49,87.75,39.86,53.26,13.39,13.39
2019,WY,Mathematics,4,White,248.86,231.96,250.31,267.82,26.94,10.28,37.77,89.72,41.86,51.95,10.09,10.09
2019,AL,Mathematics,4,Black,215.31,197.75,216.69,234.76,29.34,46.32,41.96,53.68,11.10,11.72,0.62,0.62
2019,AK,Mathematics,4,Black,226.72,208.81,230.35,246.61,30.31,28.11,49.70,71.89,19.90,22.19,2.29,2.29
2019,AZ,Mathematics,4,Black,223.22,202.55,225.22,244.19,31.18,37.65,42.77,62.35,17.39,19.58,2.19,2.19
2019,AR,Mathematics,4,Black,215.31,196.31,218.37,237.69,31.40,44.70,42.09,55.30,12.67,13.21,0.54,0.54
2019,CA,Mathematics,4,Black,224.24,205.15,226.97,243.59,29.71,33.31,47.47,66.69,17.24,19.22,1.98,1.98
2019,CO,Mathematics,4,Black,223.54,201.36,224.31,248.14,33.39,38.15,37.27,61.85,22.18,24.58,2.41,2.41
2019,CT,Mathematics,4,Black,226.51,207.84,226.44,244.87,28.38,33.11,46.12,66.89,18.38,20.77,2.39,2.39
2019,DE,Mathematics,4,Black,224.58,205.22,225.68,244.53,29.58,35.09,44.58,64.91,18.05,20.33,2.28,2.28
2019,DC,Mathematics,4,Black,225.63,206.43,227.76,246.54,30.59,32.95,44.85,67.05,19.80,22.20,2.40,2.40
2019,FL,Mathematics,4,Black,232.96,215.97,233.48,251.04,26.35,22.77,49.62,77.23,24.81,27.61,2.80,2.80
2019,GA,Mathematics,4,Black,223.68,204.22,223.81,243.14,28.84,36.90,44.10,63.10,16.73,18.99,2.27,2.27
2019,HI,Mathematics,4,Black,999.00,999.00,999.00,999.00,999.00,999.00,999.00,999.00,999.00,999.00,999.00,999.00
2019,ID,Mathematics,4,Black,999.00,999.00,999.00,999.00,999.00,999.00,999.00,999.00,999.00,999.00,999.00,999.00
2019,IL,Mathematics,4,Black,216.84,198.93,219.32,238.79,31.94,42.91,42.62,57.09,13.49,14.47,0.97,0.97
2019,IN,Mathematics,4,Black,223.05,202.80,222.65,243.18,30.20,38.54,41.96,61.46,16.48,19.50,3.02,3.02
2019,IA,Mathematics,4,Black,214.54,193.59,215.52,236.61,30.02,48.27,38.69,51.73,12.45,13.05,0.60,0.60
2019,KS,Mathematics,4,Black,216.32,198.26,217.28,235.41,30.89,44.90,41.36,55.10,12.24,13.74,1.50,1.50
2019,KY,Mathematics,4,Black,223.04,203.15,224.03,244.26,31.34,36.86,42.76,63.14,17.85,20.39,2.54,2.54
2019,LA,Mathematics,4,Black,218.63,199.93,220.13,238.25,27.88,41.32,45.27,58.68,12.80,13.41,0.61,0.61
2019,ME,Mathematics,4,Black,218.61,195.22,219.73,243.09,33.34,43.65,36.67,56.35,18.06,19.68,1.62,1.62
2019,MD,Mathematics,4,Black,224.42,202.34,225.24,246.88,32.14,36.89,40.38,63.11,19.33,22.74,3.40,3.40
2019,MA,Mathematics,4,Black,232.09,213.49,232.84,251.80,28.93,25.38,46.64,74.62,24.17,27.98,3.81,3.81
2019,MI,Mathematics,4,Black,212.85,193.43,213.23,232.26,28.63,51.20,38.52,48.80,9.32,10.28,0.96,0.96
2019,MN,Mathematics,4,Black,226.42,204.66,226.69,249.59,32.53,34.66,39.79,65.34,21.81,25.55,3.74,3.74
2019,MS,Mathematics,4,Black,229.69,213.80,230.38,246.41,24.48,25.34,53.09,74.66,20.21,21.57,1.36,1.36
2019,MO,Mathematics,4,Black,215.63,195.24,216.52,237.16,32.30,46.61,38.53,53.39,13.27,14.85,1.58,1.58
2019,MT,Mathematics,4,Black,999.00,999.00,999.00,999.00,999.00,999.00,999.00,999.00,999.00,999.00,999.00,999.00
2019,NE,Mathematics,4,Black,219.82,201.85,221.47,240.52,28.53,39.73,44.19,60.27,15.76,16.08,999.00,999.00
2019,NV,Mathematics,4,Black,218.94,200.18,219.41,238.30,28.08,42.26,42.82,57.74,14.07,14.92,0.85,0.85
2019,NH,Mathematics,4,Black,228.05,206.11,228.63,252.58,32.66,32.69,38.39,67.31,25.56,28.93,3.37,3.37
2019,NJ,Mathematics,4,Black,229.68,213.08,231.36,248.70,27.83,25.99,49.60,74.01,22.72,24.42,1.70,1.70
2019,NM,Mathematics,4,Black,999.00,999.00,999.00,999.00,999.00,999.00,999.00,999.00,999.00,999.00,999.00,999.00
2019,NY,Mathematics,4,Black,218.39,197.78,220.06,240.99,31.26,42.85,40.28,57.15,15.83,16.86,1.03,1.03
2019,NC,Mathematics,4,Black,226.88,209.41,228.70,246.35,28.07,30.22,47.94,69.78,20.29,21.85,1.55,1.55
2019,ND,Mathematics,4,Black,229.56,211.55,229.36,248.18,29.92,28.02,48.01,71.98,19.76,23.97,4.21,4.21
2019,OH,Mathematics,4,Black,221.32,204.12,222.03,238.93,26.48,37.96,47.66,62.04,13.49,14.38,0.89,0.89
2019,OK,Mathematics,4,Black,222.87,203.71,224.64,243.14,28.55,36.58,45.07,63.42,17.21,18.35,1.14,1.14
2019,OR,Mathematics,4,Black,999.00,999.00,999.00,999.00,999.00,999.00,999.00,999.00,999.00,999.00,999.00,999.00
2019,PA,Mathematics,4,Black,221.22,198.99,223.04,244.82,32.99,40.04,39.01,59.96,18.58,20.96,2.37,2.37
2019,RI,Mathematics,4,Black,227.39,208.49,229.96,248.33,29.22,30.44,45.84,69.56,22.17,23.72,1.55,1.55
2019,SC,Mathematics,4,Black,220.37,202.45,222.01,239.80,27.91,39.08,46.22,60.92,14.03,14.70,0.67,0.67
2019,SD,Mathematics,4,Black,221.79,199.76,223.40,244.03,32.23,40.19,40.03,59.81,17.24,19.77,2.53,2.53
2019,TN,Mathematics,4,Black,227.02,208.78,227.82,246.95,29.03,31.30,46.09,68.70,20.27,22.61,2.34,2.34
2019,TX,Mathematics,4,Black,233.33,214.65,235.32,254.43,28.81,24.44,44.02,75.56,28.38,31.54,3.16,3.16
2019,UT,Mathematics,4,Black,999.00,999.00,999.00,999.00,999.00,999.00,999.00,999.00,999.00,999.00,999.00,999.00
2019,VT,Mathematics,4,Black,999.00,999.00,999.00,999.00,999.00,999.00,999.00,999.00,999.00,999.00,999.00,999.00
2019,VA,Mathematics,4,Black,231.73,215.01,233.88,249.72,26.73,23.85,50.12,76.15,23.83,26.03,2.20,2.20
2019,WA,Mathematics,4,Black,223.47,203.46,224.99,245.66,32.57,36.95,41.72,63.05,18.36,21.34,2.97,2.97
2019,WV,Mathematics,4,Black,218.22,197.34,219.23,240.41,30.90,43.59,40.03,56.41,15.42,16.37,0.96,0.96
2019,WI,Mathematics,4,Black,212.03,188.31,211.68,235.25,33.77,52.94,32.99,47.06,12.06,14.07,2.01,2.01
2019,WY,Mathematics,4,Black,999.00,999.00,999.00,999.00,999.00,999.00,999.00,999.00,999.00,999.00,999.00,999.00
2019,AL,Mathematics,4,Hispanic,219.81,203.03,223.27,241.18,31.68,37.28,46.50,62.72,15.88,16.22,999.00,999.00
2019,AK,Mathematics,4,Hispanic,227.17,206.36,230.08,250.39,34.62,31.73,41.54,68.27,22.67,26.72,4.06,4.06
2019,AZ,Mathematics,4,Hispanic,227.42,208.37,229.09,247.73,29.69,30.99,45.40,69.01,21.29,23.61,2.32,2.32
2019,AR,Mathematics,4,Hispanic,228.11,210.19,231.57,249.35,30.63,28.56,45.77,71.44,23.78,25.66,1.88,1.88
2019,CA,Mathematics,4,Hispanic,224.70,204.90,226.86,244.97,29.79,34.26,45.24,65.74,18.41,20.50,2.09,2.09
2019,CO,Mathematics,4,Hispanic,226.98,205.95,228.57,249.08,32.42,33.07,41.71,66.93,21.26,25.22,3.96,3.96
2019,CT,Mathematics,4,Hispanic,228.41,209.03,228.71,249.81,30.02,30.72,43.34,69.28,23.14,25.93,2.79,2.79
2019,DE,Mathematics,4,Hispanic,231.99,213.38,232.91,251.94,29.18,25.55,46.10,74.45,24.52,28.35,3.83,3.83
2019,DC,Mathematics,4,Hispanic,233.09,212.37,235.53,255.65,30.95,26.50,40.77,73.50,28.78,32.73,3.95,3.95
2019,FL,Mathematics,4,Hispanic,242.30,225.11,243.90,261.37,27.57,15.02,42.24,84.98,36.52,42.74,6.22,6.22
2019,GA,Mathematics,4,Hispanic,229.96,212.88,231.79,248.69,28.40,26.12,49.14,73.88,22.34,24.74,2.41,2.41
2019,HI,Mathematics,4,Hispanic,235.01,215.84,236.19,256.85,30.56,23.31,43.08,76.69,28.79,33.60,4.82,4.82
2019,ID,Mathematics,4,Hispanic,227.48,208.08,228.24,248.29,30.66,31.85,43.83,68.15,21.58,24.32,2.74,2.74
2019,IL,Mathematics,4,Hispanic,231.47,213.41,233.79,251.83,31.47,25.54,46.06,74.46,23.94,28.40,4.46,4.46
2019,IN,Mathematics,4,Hispanic,234.94,214.31,234.93,257.80,31.65,24.71,41.52,75.29,27.32,33.77,6.45,6.45
2019,IA,Mathematics,4,Hispanic,226.83,208.99,226.30,244.31,28.14,31.64,47.80,68.36,17.57,20.56,2.98,2.98
2019,KS,Mathematics,4,Hispanic,225.93,206.42,227.43,246.52,28.77,33.40,44.32,66.60,20.63,22.28,1.65,1.65
2019,KY,Mathematics,4,Hispanic,227.75,207.00,229.97,250.60,32.70,32.05,41.28,67.95,22.78,26.67,3.89,3.89
2019,LA,Mathematics,4,Hispanic,223.53,203.56,228.12,245.12,31.72,34.23,45.44,65.77,18.89,20.33,1.44,1.44
2019,ME,Mathematics,4,Hispanic,999.00,999.00,999.00,999.00,999.00,999.00,999.00,999.00,999.00,999.00,999.00,999.00
2019,MD,Mathematics,4,Hispanic,229.35,208.56,231.03,251.04,31.46,30.72,41.92,69.28,23.11,27.36,4.25,4.25
2019,MA,Mathematics,4,Hispanic,231.71,211.52,233.90,253.13,29.92,27.34,42.47,72.66,26.71,30.19,3.48,3.48
2019,MI,Mathematics,4,Hispanic,226.39,207.07,226.33,245.43,31.00,33.25,45.47,66.75,17.35,21.28,3.93,3.93
2019,MN,Mathematics,4,Hispanic,224.05,203.25,225.07,245.59,30.57,36.39,42.38,63.61,18.90,21.24,2.33,2.33
2019,MS,Mathematics,4,Hispanic,243.88,227.90,244.43,259.19,24.00,9.76,47.93,90.24,36.67,42.30,5.63,5.63
2019,MO,Mathematics,4,Hispanic,234.35,215.91,237.36,256.96,32.96,23.28,42.05,76.72,29.79,34.67,4.88,4.88
2019,MT,Mathematics,4,Hispanic,235.84,216.33,238.02,254.70,28.00,22.70,44.59,77.30,28.96,32.71,3.75,3.75
2019,NE,Mathematics,4,Hispanic,231.38,212.59,233.39,251.60,28.46,26.39,45.38,73.61,25.73,28.23,2.49,2.49
2019,NV,Mathematics,4,Hispanic,229.53,211.15,230.53,249.22,29.01,28.10,46.61,71.90,22.30,25.29,2.98,2.98
2019,NH,Mathematics,4,Hispanic,226.99,205.41,229.15,250.14,34.08,32.23,41.41,67.77,22.81,26.36,3.55,3.55
2019,NJ,Mathematics,4,Hispanic,232.98,215.44,235.19,252.62,28.94,23.63,46.69,76.37,26.17,29.67,3.50,3.50
2019,NM,Mathematics,4,Hispanic,227.47,209.10,228.91,247.95,29.34,30.57,45.80,69.43,21.27,23.63,2.37,2.37
2019,NY,Mathematics,4,Hispanic,225.03,206.26,226.40,245.63,30.63,33.27,45.48,66.73,18.80,21.24,2.45,2.45
2019,NC,Mathematics,4,Hispanic,235.30,217.45,236.44,254.26,27.24,21.21,47.02,78.79,28.42,31.78,3.36,3.36
2019,ND,Mathematics,4,Hispanic,227.40,204.21,230.37,251.18,31.94,34.26,37.72,65.74,25.41,28.02,2.61,2.61
2019,OH,Mathematics,4,Hispanic,229.81,212.77,231.12,248.62,28.81,25.95,49.81,74.05,20.74,24.23,3.49,3.49
2019,OK,Mathematics,4,Hispanic,228.65,210.96,228.37,245.46,26.99,29.22,49.30,70.78,18.66,21.47,2.81,2.81
2019,OR,Mathematics,4,Hispanic,219.20,196.27,220.55,242.69,34.04,42.40,38.40,57.60,16.42,19.21,2.78,2.78
2019,PA,Mathematics,4,Hispanic,223.54,201.93,224.86,246.78,30.67,37.72,39.81,62.28,20.79,22.47,1.69,1.69
2019,RI,Mathematics,4,Hispanic,226.34,205.92,229.58,248.07,31.11,32.49,43.65,67.51,21.57,23.87,2.30,2.30
2019,SC,Mathematics,4,Hispanic,230.09,210.68,230.92,250.70,28.60,28.81,44.05,71.19,24.02,27.14,3.12,3.12
2019,SD,Mathematics,4,Hispanic,227.22,208.76,229.94,248.10,31.39,30.66,45.51,69.34,20.89,23.83,2.94,2.94
2019,TN,Mathematics,4,Hispanic,223.92,204.85,226.28,244.16,31.16,34.59,45.50,65.41,17.48,19.91,2.43,2.43
2019,TX,Mathematics,4,Hispanic,237.60,219.81,238.70,256.33,27.04,18.83,46.28,81.17,30.68,34.89,4.20,4.20
2019,UT,Mathematics,4,Hispanic,225.47,203.36,226.08,248.96,31.70,36.41,38.60,63.59,21.94,24.99,3.05,3.05
2019,VT,Mathematics,4,Hispanic,999.00,999.00,999.00,999.00,999.00,999.00,999.00,999.00,999.00,999.00,999.00,999.00
2019,VA,Mathematics,4,Hispanic,237.94,220.67,239.00,256.99,29.27,18.75,45.49,81.25,29.93,35.75,5.82,5.82
2019,WA,Mathematics,4,Hispanic,227.03,206.75,227.55,247.65,30.38,33.65,42.61,66.35,20.42,23.74,3.32,3.32
2019,WV,Mathematics,4,Hispanic,999.00,999.00,999.00,999.00,999.00,999.00,999.00,999.00,999.00,999.00,999.00,999.00
2019,WI,Mathematics,4,Hispanic,227.55,203.54,228.95,251.27,32.88,34.65,38.20,65.35,22.65,27.15,4.50,4.50
2019,WY,Mathematics,4,Hispanic,237.71,220.67,239.97,256.69,27.82,18.46,45.06,81.54,32.28,36.48,4.20,4.20
2019,AL,Mathematics,4,Asian,999.00,999.00,999.00,999.00,999.00,999.00,999.00,999.00,999.00,999.00,999.00,999.00
2019,AK,Mathematics,4,Asian,225.15,208.03,228.11,245.92,31.47,30.97,47.63,69.03,19.86,21.40,1.54,1.54
2019,AZ,Mathematics,4,Asian,264.67,246.20,266.20,285.31,29.57,6.61,20.99,93.39,43.65,72.40,28.75,28.75
2019,AR,Mathematics,4,Asian,999.00,999.00,999.00,999.00,999.00,999.00,999.00,999.00,999.00,999.00,999.00,999.00
2019,CA,Mathematics,4,Asian,257.37,238.14,259.35,278.48,31.63,8.79,27.82,91.21,42.35,63.38,21.04,21.04
2019,CO,Mathematics,4,Asian,254.08,235.82,256.72,274.86,28.30,9.17,32.01,90.83,41.91,58.82,16.91,16.91
2019,CT,Mathematics,4,Asian,264.20,246.88,266.79,283.47,29.04,5.48,22.12,94.52,45.74,72.39,26.65,26.65
2019,DE,Mathematics,4,Asian,271.24,253.49,274.84,294.55,34.36,7.54,13.57,92.46,38.00,78.89,40.89,40.89
2019,DC,Mathematics,4,Asian,999.00,999.00,999.00,999.00,999.00,999.00,999.00,999.00,999.00,999.00,999.00,999.00
2019,FL,Mathematics,4,Asian,266.75,250.21,267.07,285.37,24.83,1.50,21.60,98.50,48.01,76.90,28.89,28.89
2019,GA,Mathematics,4,Asian,272.65,255.76,275.37,291.11,27.29,2.85,14.82,97.15,42.54,82.33,39.79,39.79
2019,HI,Mathematics,4,Asian,234.88,213.00,236.70,257.72,32.90,25.84,38.99,74.16,28.38,35.16,6.79,6.79
2019,ID,Mathematics,4,Asian,999.00,999.00,999.00,999.00,999.00,999.00,999.00,999.00,999.00,999.00,999.00,999.00
2019,IL,Mathematics,4,Asian,258.58,237.66,262.95,281.40,33.70,11.66,23.43,88.34,40.19,64.92,24.72,24.72
2019,IN,Mathematics,4,Asian,257.62,238.39,258.81,279.07,30.67,9.82,26.77,90.18,41.90,63.41,21.51,21.51
2019,IA,Mathematics,4,Asian,246.84,220.47,247.55,274.62,40.17,20.06,31.17,79.94,28.15,48.77,20.62,20.62
2019,KS,Mathematics,4,Asian,253.24,235.27,253.88,273.10,31.33,9.67,33.77,90.33,40.16,56.57,16.40,16.40
2019,KY,Mathematics,4,Asian,260.03,237.46,259.86,279.90,29.22,4.43,33.33,95.57,39.47,62.25,22.78,22.78
2019,LA,Mathematics,4,Asian,999.00,999.00,999.00,999.00,999.00,999.00,999.00,999.00,999.00,999.00,999.00,999.00
2019,ME,Mathematics,4,Asian,999.00,999.00,999.00,999.00,999.00,999.00,999.00,999.00,999.00,999.00,999.00,999.00
2019,MD,Mathematics,4,Asian,272.30,254.65,274.60,293.47,31.06,4.99,15.29,95.01,39.73,79.72,39.99,39.99
2019,MA,Mathematics,4,Asian,272.00,252.01,273.73,292.84,30.48,3.18,19.59,96.82,38.42,77.23,38.81,38.81
2019,MI,Mathematics,4,Asian,258.42,236.26,257.32,280.08,30.80,8.10,32.34,91.90,37.15,59.56,22.40,22.40
2019,MN,Mathematics,4,Asian,252.46,230.71,254.09,275.45,32.84,11.80,32.06,88.20,37.16,56.15,18.98,18.98
2019,MS,Mathematics,4,Asian,999.00,999.00,999.00,999.00,999.00,999.00,999.00,999.00,999.00,999.00,999.00,999.00
2019,MO,Mathematics,4,Asian,252.18,231.52,255.11,279.08,37.92,17.21,25.09,82.79,35.85,57.70,21.84,21.84
2019,MT,Mathematics,4,Asian,999.00,999.00,999.00,999.00,999.00,999.00,999.00,999.00,999.00,999.00,999.00,999.00
2019,NE,Mathematics,4,Asian,243.02,220.33,240.57,270.32,35.96,20.69,37.84,79.31,25.24,41.48,16.24,16.24
2019,NV,Mathematics,4,Asian,248.54,230.35,252.25,270.89,34.05,13.04,33.25,86.96,39.86,53.71,13.85,13.85
2019,NH,Mathematics,4,Asian,262.76,240.73,266.94,284.61,30.51,6.79,25.24,93.21,39.75,67.96,28.21,28.21
2019,NJ,Mathematics,4,Asian,270.52,254.79,273.11,288.94,27.98,3.06,16.33,96.94,45.11,80.61,35.51,35.51
2019,NM,Mathematics,4,Asian,999.00,999.00,999.00,999.00,999.00,999.00,999.00,999.00,999.00,999.00,999.00,999.00
2019,NY,Mathematics,4,Asian,260.87,242.51,263.38,282.87,31.71,7.78,23.33,92.22,42.78,68.89,26.11,26.11
2019,NC,Mathematics,4,Asian,270.31,252.05,273.87,291.67,28.75,4.17,18.54,95.83,39.13,77.29,38.16,38.16
2019,ND,Mathematics,4,Asian,999.00,999.00,999.00,999.00,999.00,999.00,999.00,999.00,999.00,999.00,999.00,999.00
2019,OH,Mathematics,4,Asian,262.37,237.53,265.05,288.80,33.81,8.85,25.91,91.15,32.70,65.24,32.54,32.54
2019,OK,Mathematics,4,Asian,249.21,233.00,251.49,267.08,28.07,11.38,35.00,88.62,43.70,53.62,9.92,9.92
2019,OR,Mathematics,4,Asian,250.99,229.51,254.44,278.97,37.74,14.84,30.29,85.16,33.18,54.87,21.69,21.69
2019,PA,Mathematics,4,Asian,259.86,237.62,263.40,286.75,37.49,10.42,25.05,89.58,34.32,64.53,30.20,30.20
2019,RI,Mathematics,4,Asian,249.75,232.25,249.18,267.98,28.23,9.56,39.69,90.44,38.09,50.74,12.65,12.65
2019,SC,Mathematics,4,Asian,999.00,999.00,999.00,999.00,999.00,999.00,999.00,999.00,999.00,999.00,999.00,999.00
2019,SD,Mathematics,4,Asian,999.00,999.00,999.00,999.00,999.00,999.00,999.00,999.00,999.00,999.00,999.00,999.00
2019,TN,Mathematics,4,Asian,999.00,999.00,999.00,999.00,999.00,999.00,999.00,999.00,999.00,999.00,999.00,999.00
2019,TX,Mathematics,4,Asian,274.90,256.41,277.59,297.13,32.71,4.31,13.72,95.69,37.40,81.97,44.56,44.56
2019,UT,Mathematics,4,Asian,244.81,217.08,241.32,274.69,41.96,22.04,36.30,77.96,20.93,41.66,20.73,20.73
2019,VT,Mathematics,4,Asian,999.00,999.00,999.00,999.00,999.00,999.00,999.00,999.00,999.00,999.00,999.00,999.00
2019,VA,Mathematics,4,Asian,268.42,247.32,272.03,293.01,34.78,6.41,19.56,93.59,36.34,74.04,37.69,37.69
2019,WA,Mathematics,4,Asian,256.15,233.72,257.19,283.55,38.08,12.32,29.05,87.68,32.11,58.63,26.52,26.52
2019,WV,Mathematics,4,Asian,999.00,999.00,999.00,999.00,999.00,999.00,999.00,999.00,999.00,999.00,999.00,999.00
2019,WI,Mathematics,4,Asian,241.69,219.44,240.93,264.80,31.71,19.44,38.23,80.56,33.14,42.33,9.19,9.19
2019,WY,Mathematics,4,Asian,999.00,999.00,999.00,999.00,999.00,999.00,999.00,999.00,999.00,999.00,999.00,999.00
2019,AL,Mathematics,4,American Indian or Alaskan Native,999.00,999.00,999.00,999.00,999.00,999.00,999.00,999.00,999.00,999.00,999.00,999.00
2019,AK,Mathematics,4,American Indian or Alaskan Native,208.89,185.14,208.82,232.38,34.58,56.00,31.32,44.00,11.03,12.68,1.65,1.65
2019,AZ,Mathematics,4,American Indian or Alaskan Native,216.89,199.22,217.56,235.39,27.27,45.12,43.80,54.88,10.26,11.08,0.82,0.82
2019,AR,Mathematics,4,American Indian or Alaskan Native,999.00,999.00,999.00,999.00,999.00,999.00,999.00,999.00,999.00,999.00,999.00,999.00
2019,CA,Mathematics,4,American Indian or Alaskan Native,999.00,999.00,999.00,999.00,999.00,999.00,999.00,999.00,999.00,999.00,999.00,999.00
2019,CO,Mathematics,4,American Indian or Alaskan Native,999.00,999.00,999.00,999.00,999.00,999.00,999.00,999.00,999.00,999.00,999.00,999.00
2019,CT,Mathematics,4,American Indian or Alaskan Native,999.00,999.00,999.00,999.00,999.00,999.00,999.00,999.00,999.00,999.00,999.00,999.00
2019,DE,Mathematics,4,American Indian or Alaskan Native,999.00,999.00,999.00,999.00,999.00,999.00,999.00,999.00,999.00,999.00,999.00,999.00
2019,DC,Mathematics,4,American Indian or Alaskan Native,999.00,999.00,999.00,999.00,999.00,999.00,999.00,999.00,999.00,999.00,999.00,999.00
2019,FL,Mathematics,4,American Indian or Alaskan Native,999.00,999.00,999.00,999.00,999.00,999.00,999.00,999.00,999.00,999.00,999.00,999.00
2019,GA,Mathematics,4,American Indian or Alaskan Native,999.00,999.00,999.00,999.00,999.00,999.00,999.00,999.00,999.00,999.00,999.00,999.00
2019,HI,Mathematics,4,American Indian or Alaskan Native,999.00,999.00,999.00,999.00,999.00,999.00,999.00,999.00,999.00,999.00,999.00,999.00
2019,ID,Mathematics,4,American Indian or Alaskan Native,999.00,999.00,999.00,999.00,999.00,999.00,999.00,999.00,999.00,999.00,999.00,999.00
2019,IL,Mathematics,4,American Indian or Alaskan Native,999.00,999.00,999.00,999.00,999.00,999.00,999.00,999.00,999.00,999.00,999.00,999.00
2019,IN,Mathematics,4,American Indian or Alaskan Native,999.00,999.00,999.00,999.00,999.00,999.00,999.00,999.00,999.00,999.00,999.00,999.00
2019,IA,Mathematics,4,American Indian or Alaskan Native,999.00,999.00,999.00,999.00,999.00,999.00,999.00,999.00,999.00,999.00,999.00,999.00
2019,KS,Mathematics,4,American Indian or Alaskan Native,999.00,999.00,999.00,999.00,999.00,999.00,999.00,999.00,999.00,999.00,999.00,999.00
2019,KY,Mathematics,4,American Indian or Alaskan Native,999.00,999.00,999.00,999.00,999.00,999.00,999.00,999.00,999.00,999.00,999.00,999.00
2019,LA,Mathematics,4,American Indian or Alaskan Native,999.00,999.00,999.00,999.00,999.00,999.00,999.00,999.00,999.00,999.00,999.00,999.00
2019,ME,Mathematics,4,American Indian or Alaskan Native,999.00,999.00,999.00,999.00,999.00,999.00,999.00,999.00,999.00,999.00,999.00,999.00
2019,MD,Mathematics,4,American Indian or Alaskan Native,999.00,999.00,999.00,999.00,999.00,999.00,999.00,999.00,999.00,999.00,999.00,999.00
2019,MA,Mathematics,4,American Indian or Alaskan Native,999.00,999.00,999.00,999.00,999.00,999.00,999.00,999.00,999.00,999.00,999.00,999.00
2019,MI,Mathematics,4,American Indian or Alaskan Native,999.00,999.00,999.00,999.00,999.00,999.00,999.00,999.00,999.00,999.00,999.00,999.00
2019,MN,Mathematics,4,American Indian or Alaskan Native,222.16,197.99,223.02,244.63,32.83,40.71,39.11,59.29,16.10,20.18,4.08,4.08
2019,MS,Mathematics,4,American Indian or Alaskan Native,999.00,999.00,999.00,999.00,999.00,999.00,999.00,999.00,999.00,999.00,999.00,999.00
2019,MO,Mathematics,4,American Indian or Alaskan Native,999.00,999.00,999.00,999.00,999.00,999.00,999.00,999.00,999.00,999.00,999.00,999.00
2019,MT,Mathematics,4,American Indian or Alaskan Native,215.88,197.41,217.00,236.32,30.64,45.95,40.08,54.05,13.03,13.97,0.94,0.94
2019,NE,Mathematics,4,American Indian or Alaskan Native,220.75,200.81,221.93,242.28,31.51,38.92,43.60,61.08,14.72,17.49,2.77,2.77
2019,NV,Mathematics,4,American Indian or Alaskan Native,999.00,999.00,999.00,999.00,999.00,999.00,999.00,999.00,999.00,999.00,999.00,999.00
2019,NH,Mathematics,4,American Indian or Alaskan Native,999.00,999.00,999.00,999.00,999.00,999.00,999.00,999.00,999.00,999.00,999.00,999.00
2019,NJ,Mathematics,4,American Indian or Alaskan Native,999.00,999.00,999.00,999.00,999.00,999.00,999.00,999.00,999.00,999.00,999.00,999.00
2019,NM,Mathematics,4,American Indian or Alaskan Native,219.32,198.69,219.60,240.48,29.61,43.11,40.14,56.89,15.61,16.75,1.14,1.14
2019,NY,Mathematics,4,American Indian or Alaskan Native,999.00,999.00,999.00,999.00,999.00,999.00,999.00,999.00,999.00,999.00,999.00,999.00
2019,NC,Mathematics,4,American Indian or Alaskan Native,222.48,200.01,222.33,245.71,32.71,39.90,38.40,60.10,17.66,21.70,4.04,4.04
2019,ND,Mathematics,4,American Indian or Alaskan Native,228.30,210.51,228.57,247.24,27.09,28.96,47.99,71.04,21.37,23.06,1.68,1.68
2019,OH,Mathematics,4,American Indian or Alaskan Native,999.00,999.00,999.00,999.00,999.00,999.00,999.00,999.00,999.00,999.00,999.00,999.00
2019,OK,Mathematics,4,American Indian or Alaskan Native,236.59,219.79,237.67,254.88,26.33,19.07,47.54,80.93,29.72,33.39,3.67,3.67
2019,OR,Mathematics,4,American Indian or Alaskan Native,218.97,194.97,216.64,245.10,32.00,45.74,33.81,54.26,19.44,20.45,1.01,1.01
2019,PA,Mathematics,4,American Indian or Alaskan Native,999.00,999.00,999.00,999.00,999.00,999.00,999.00,999.00,999.00,999.00,999.00,999.00
2019,RI,Mathematics,4,American Indian or Alaskan Native,999.00,999.00,999.00,999.00,999.00,999.00,999.00,999.00,999.00,999.00,999.00,999.00
2019,SC,Mathematics,4,American Indian or Alaskan Native,999.00,999.00,999.00,999.00,999.00,999.00,999.00,999.00,999.00,999.00,999.00,999.00
2019,SD,Mathematics,4,American Indian or Alaskan Native,214.52,195.32,216.49,236.15,30.50,46.96,40.67,53.04,11.80,12.36,0.57,0.57
2019,TN,Mathematics,4,American Indian or Alaskan Native,999.00,999.00,999.00,999.00,999.00,999.00,999.00,999.00,999.00,999.00,999.00,999.00
2019,TX,Mathematics,4,American Indian or Alaskan Native,999.00,999.00,999.00,999.00,999.00,999.00,999.00,999.00,999.00,999.00,999.00,999.00
2019,UT,Mathematics,4,American Indian or Alaskan Native,999.00,999.00,999.00,999.00,999.00,999.00,999.00,999.00,999.00,999.00,999.00,999.00
2019,VT,Mathematics,4,American Indian or Alaskan Native,999.00,999.00,999.00,999.00,999.00,999.00,999.00,999.00,999.00,999.00,999.00,999.00
2019,VA,Mathematics,4,American Indian or Alaskan Native,999.00,999.00,999.00,999.00,999.00,999.00,999.00,999.00,999.00,999.00,999.00,999.00
2019,WA,Mathematics,4,American Indian or Alaskan Native,222.97,197.87,223.82,246.89,33.85,41.02,35.24,58.98,18.77,23.74,4.97,4.97
2019,WV,Mathematics,4,American Indian or Alaskan Native,999.00,999.00,999.00,999.00,999.00,999.00,999.00,999.00,999.00,999.00,999.00,999.00
2019,WI,Mathematics,4,American Indian or Alaskan Native,229.52,209.69,228.86,249.04,28.73,30.61,44.20,69.39,21.46,25.19,3.73,3.73
2019,WY,Mathematics,4,American Indian or Alaskan Native,219.29,203.19,221.23,236.03,25.70,39.76,49.27,60.24,9.82,10.97,1.15,1.15
2019,AL,Mathematics,4,Hawaiian,999.00,999.00,999.00,999.00,999.00,999.00,999.00,999.00,999.00,999.00,999.00,999.00
2019,AK,Mathematics,4,Hawaiian,234.72,217.18,236.10,253.86,28.07,21.62,47.05,78.38,27.94,31.33,3.40,3.40
2019,AZ,Mathematics,4,Hawaiian,246.03,229.75,248.89,265.63,29.62,15.52,34.70,84.48,39.22,49.78,10.56,10.56
2019,AR,Mathematics,4,Hawaiian,999.00,999.00,999.00,999.00,999.00,999.00,999.00,999.00,999.00,999.00,999.00,999.00
2019,CA,Mathematics,4,Hawaiian,251.41,231.42,252.14,272.58,29.97,9.83,35.99,90.17,39.50,54.19,14.68,14.68
2019,CO,Mathematics,4,Hawaiian,244.02,225.65,245.91,265.56,30.60,16.27,37.46,83.73,36.98,46.27,9.29,9.29
2019,CT,Mathematics,4,Hawaiian,248.64,227.16,252.20,270.11,31.68,15.61,29.55,84.39,41.60,54.83,13.23,13.23
2019,DE,Mathematics,4,Hawaiian,242.84,225.22,246.96,265.84,31.81,16.59,36.44,83.41,39.23,46.97,7.74,7.74
2019,DC,Mathematics,4,Hawaiian,999.00,999.00,999.00,999.00,999.00,999.00,999.00,999.00,999.00,999.00,999.00,999.00
2019,FL,Mathematics,4,Hawaiian,246.14,224.44,248.05,267.56,28.19,13.66,37.35,86.34,39.37,48.99,9.62,9.62
2019,GA,Mathematics,4,Hawaiian,250.07,231.11,246.79,270.52,29.90,10.73,42.47,89.27,30.12,46.80,16.68,16.68
2019,HI,Mathematics,4,Hawaiian,242.47,223.68,245.60,264.65,32.24,17.43,37.04,82.57,36.58,45.52,8.94,8.94
2019,ID,Mathematics,4,Hawaiian,238.53,219.87,239.49,254.27,27.10,17.54,48.95,82.46,27.87,33.52,5.64,5.64
2019,IL,Mathematics,4,Hawaiian,238.36,215.12,240.56,263.45,37.34,24.32,36.06,75.68,27.40,39.62,12.21,12.21
2019,IN,Mathematics,4,Hawaiian,243.48,224.39,246.16,267.99,32.21,17.43,36.36,82.57,36.39,46.21,9.81,9.81
2019,IA,Mathematics,4,Hawaiian,235.63,218.96,237.79,254.65,28.74,20.82,47.60,79.18,26.90,31.58,4.68,4.68
2019,KS,Mathematics,4,Hawaiian,233.33,210.51,236.31,260.45,34.55,28.40,33.91,71.60,32.76,37.69,4.93,4.93
2019,KY,Mathematics,4,Hawaiian,239.05,222.05,240.41,258.29,27.50,17.30,44.82,82.70,32.30,37.88,5.58,5.58
2019,LA,Mathematics,4,Hawaiian,238.46,219.89,239.76,257.54,28.54,19.21,43.45,80.79,31.63,37.34,5.71,5.71
2019,ME,Mathematics,4,Hawaiian,235.12,216.90,238.15,256.88,31.29,22.01,42.66,77.99,31.37,35.33,3.96,3.96
2019,MD,Mathematics,4,Hawaiian,239.91,219.34,242.25,264.04,33.98,20.34,37.59,79.66,33.59,42.06,8.47,8.47
2019,MA,Mathematics,4,Hawaiian,245.11,222.38,247.90,267.76,33.60,18.01,33.38,81.99,35.61,48.61,13.00,13.00
2019,MI,Mathematics,4,Hawaiian,232.39,210.71,231.59,252.46,31.94,28.95,42.48,71.05,21.65,28.56,6.91,6.91
2019,MN,Mathematics,4,Hawaiian,244.72,223.44,248.65,269.29,33.58,18.44,32.11,81.56,38.11,49.45,11.34,11.34
2019,MS,Mathematics,4,Hawaiian,248.66,229.13,248.27,269.52,26.88,10.57,40.52,89.43,37.02,48.91,11.88,11.88
2019,MO,Mathematics,4,Hawaiian,239.24,222.14,240.50,257.91,26.13,15.62,46.17,84.38,33.94,38.21,4.27,4.27
2019,MT,Mathematics,4,Hawaiian,237.51,220.39,239.73,257.80,27.38,19.28,43.72,80.72,34.17,37.00,2.83,2.83
2019,NE,Mathematics,4,Hawaiian,243.06,225.45,245.24,265.40,32.11,16.81,38.52,83.19,33.64,44.66,11.02,11.02
2019,NV,Mathematics,4,Hawaiian,241.27,223.73,241.87,259.76,28.22,16.10,44.65,83.90,31.88,39.25,7.37,7.37
2019,NH,Mathematics,4,Hawaiian,999.00,999.00,999.00,999.00,999.00,999.00,999.00,999.00,999.00,999.00,999.00,999.00
2019,NJ,Mathematics,4,Hawaiian,999.00,999.00,999.00,999.00,999.00,999.00,999.00,999.00,999.00,999.00,999.00,999.00
2019,NM,Mathematics,4,Hawaiian,999.00,999.00,999.00,999.00,999.00,999.00,999.00,999.00,999.00,999.00,999.00,999.00
2019,NY,Mathematics,4,Hawaiian,245.22,227.50,244.45,264.19,30.53,14.92,41.61,85.08,30.98,43.47,12.50,12.50
2019,NC,Mathematics,4,Hawaiian,233.17,217.38,233.15,247.92,25.15,20.66,55.70,79.34,20.37,23.64,3.27,3.27
2019,ND,Mathematics,4,Hawaiian,999.00,999.00,999.00,999.00,999.00,999.00,999.00,999.00,999.00,999.00,999.00,999.00
2019,OH,Mathematics,4,Hawaiian,240.45,220.41,241.34,260.46,28.11,18.92,41.84,81.08,32.60,39.24,6.65,6.65
2019,OK,Mathematics,4,Hawaiian,235.56,217.17,236.32,254.16,27.22,21.81,46.08,78.19,28.47,32.12,3.65,3.65
2019,OR,Mathematics,4,Hawaiian,230.60,211.16,231.55,250.92,31.04,28.39,44.71,71.61,22.45,26.90,4.45,4.45
2019,PA,Mathematics,4,Hawaiian,245.22,222.66,247.36,268.81,35.04,19.74,32.68,80.26,33.05,47.58,14.53,14.53
2019,RI,Mathematics,4,Hawaiian,233.05,213.97,233.42,252.64,29.65,25.63,44.88,74.37,24.38,29.49,5.11,5.11
2019,SC,Mathematics,4,Hawaiian,233.53,212.08,236.67,254.98,30.89,26.38,40.28,73.62,29.02,33.34,4.32,4.32
2019,SD,Mathematics,4,Hawaiian,232.09,212.55,233.84,254.77,30.19,26.60,41.15,73.40,29.38,32.25,2.87,2.87
2019,TN,Mathematics,4,Hawaiian,244.36,228.55,245.26,263.26,28.78,13.07,41.73,86.93,37.22,45.20,7.98,7.98
2019,TX,Mathematics,4,Hawaiian,248.66,232.57,249.24,267.62,26.56,8.65,40.21,91.35,42.00,51.13,9.14,9.14
2019,UT,Mathematics,4,Hawaiian,244.78,226.55,247.80,266.06,29.45,13.21,38.94,86.79,39.66,47.85,8.19,8.19
2019,VT,Mathematics,4,Hawaiian,235.40,217.23,236.81,255.65,29.84,21.97,44.93,78.03,28.45,33.10,4.65,4.65
2019,VA,Mathematics,4,Hawaiian,249.28,230.05,249.76,268.83,29.33,10.36,38.80,89.64,37.82,50.83,13.02,13.02
2019,WA,Mathematics,4,Hawaiian,241.38,221.21,242.03,262.83,32.46,18.64,41.40,81.36,28.91,39.96,11.05,11.05
2019,WV,Mathematics,4,Hawaiian,228.24,207.86,231.13,250.24,33.38,30.78,42.68,69.22,22.82,26.53,3.72,3.72
2019,WI,Mathematics,4,Hawaiian,235.73,214.90,238.97,261.48,36.39,23.75,36.58,76.25,32.81,39.68,6.86,6.86
2019,WY,Mathematics,4,Hawaiian,999.00,999.00,999.00,999.00,999.00,999.00,999.00,999.00,999.00,999.00,999.00,999.00
2019,AL,Mathematics,4,Multiracial,N/A,N/A,N/A,N/A,N/A,N/A,N/A,N/A,N/A,N/A,N/A,N/A
2019,AK,Mathematics,4,Multiracial,N/A,N/A,N/A,N/A,N/A,N/A,N/A,N/A,N/A,N/A,N/A,N/A
2019,AZ,Mathematics,4,Multiracial,N/A,N/A,N/A,N/A,N/A,N/A,N/A,N/A,N/A,N/A,N/A,N/A
2019,AR,Mathematics,4,Multiracial,N/A,N/A,N/A,N/A,N/A,N/A,N/A,N/A,N/A,N/A,N/A,N/A
2019,CA,Mathematics,4,Multiracial,N/A,N/A,N/A,N/A,N/A,N/A,N/A,N/A,N/A,N/A,N/A,N/A
2019,CO,Mathematics,4,Multiracial,N/A,N/A,N/A,N/A,N/A,N/A,N/A,N/A,N/A,N/A,N/A,N/A
2019,CT,Mathematics,4,Multiracial,N/A,N/A,N/A,N/A,N/A,N/A,N/A,N/A,N/A,N/A,N/A,N/A
2019,DE,Mathematics,4,Multiracial,N/A,N/A,N/A,N/A,N/A,N/A,N/A,N/A,N/A,N/A,N/A,N/A
2019,DC,Mathematics,4,Multiracial,N/A,N/A,N/A,N/A,N/A,N/A,N/A,N/A,N/A,N/A,N/A,N/A
2019,FL,Mathematics,4,Multiracial,N/A,N/A,N/A,N/A,N/A,N/A,N/A,N/A,N/A,N/A,N/A,N/A
2019,GA,Mathematics,4,Multiracial,N/A,N/A,N/A,N/A,N/A,N/A,N/A,N/A,N/A,N/A,N/A,N/A
2019,HI,Mathematics,4,Multiracial,N/A,N/A,N/A,N/A,N/A,N/A,N/A,N/A,N/A,N/A,N/A,N/A
2019,ID,Mathematics,4,Multiracial,N/A,N/A,N/A,N/A,N/A,N/A,N/A,N/A,N/A,N/A,N/A,N/A
2019,IL,Mathematics,4,Multiracial,N/A,N/A,N/A,N/A,N/A,N/A,N/A,N/A,N/A,N/A,N/A,N/A
2019,IN,Mathematics,4,Multiracial,N/A,N/A,N/A,N/A,N/A,N/A,N/A,N/A,N/A,N/A,N/A,N/A
2019,IA,Mathematics,4,Multiracial,N/A,N/A,N/A,N/A,N/A,N/A,N/A,N/A,N/A,N/A,N/A,N/A
2019,KS,Mathematics,4,Multiracial,N/A,N/A,N/A,N/A,N/A,N/A,N/A,N/A,N/A,N/A,N/A,N/A
2019,KY,Mathematics,4,Multiracial,N/A,N/A,N/A,N/A,N/A,N/A,N/A,N/A,N/A,N/A,N/A,N/A
2019,LA,Mathematics,4,Multiracial,N/A,N/A,N/A,N/A,N/A,N/A,N/A,N/A,N/A,N/A,N/A,N/A
2019,ME,Mathematics,4,Multiracial,N/A,N/A,N/A,N/A,N/A,N/A,N/A,N/A,N/A,N/A,N/A,N/A
2019,MD,Mathematics,4,Multiracial,N/A,N/A,N/A,N/A,N/A,N/A,N/A,N/A,N/A,N/A,N/A,N/A
2019,MA,Mathematics,4,Multiracial,N/A,N/A,N/A,N/A,N/A,N/A,N/A,N/A,N/A,N/A,N/A,N/A
2019,MI,Mathematics,4,Multiracial,N/A,N/A,N/A,N/A,N/A,N/A,N/A,N/A,N/A,N/A,N/A,N/A
2019,MN,Mathematics,4,Multiracial,N/A,N/A,N/A,N/A,N/A,N/A,N/A,N/A,N/A,N/A,N/A,N/A
2019,MS,Mathematics,4,Multiracial,N/A,N/A,N/A,N/A,N/A,N/A,N/A,N/A,N/A,N/A,N/A,N/A
2019,MO,Mathematics,4,Multiracial,N/A,N/A,N/A,N/A,N/A,N/A,N/A,N/A,N/A,N/A,N/A,N/A
2019,MT,Mathematics,4,Multiracial,N/A,N/A,N/A,N/A,N/A,N/A,N/A,N/A,N/A,N/A,N/A,N/A
2019,NE,Mathematics,4,Multiracial,N/A,N/A,N/A,N/A,N/A,N/A,N/A,N/A,N/A,N/A,N/A,N/A
2019,NV,Mathematics,4,Multiracial,N/A,N/A,N/A,N/A,N/A,N/A,N/A,N/A,N/A,N/A,N/A,N/A
2019,NH,Mathematics,4,Multiracial,N/A,N/A,N/A,N/A,N/A,N/A,N/A,N/A,N/A,N/A,N/A,N/A
2019,NJ,Mathematics,4,Multiracial,N/A,N/A,N/A,N/A,N/A,N/A,N/A,N/A,N/A,N/A,N/A,N/A
2019,NM,Mathematics,4,Multiracial,N/A,N/A,N/A,N/A,N/A,N/A,N/A,N/A,N/A,N/A,N/A,N/A
2019,NY,Mathematics,4,Multiracial,N/A,N/A,N/A,N/A,N/A,N/A,N/A,N/A,N/A,N/A,N/A,N/A
2019,NC,Mathematics,4,Multiracial,N/A,N/A,N/A,N/A,N/A,N/A,N/A,N/A,N/A,N/A,N/A,N/A
2019,ND,Mathematics,4,Multiracial,N/A,N/A,N/A,N/A,N/A,N/A,N/A,N/A,N/A,N/A,N/A,N/A
2019,OH,Mathematics,4,Multiracial,N/A,N/A,N/A,N/A,N/A,N/A,N/A,N/A,N/A,N/A,N/A,N/A
2019,OK,Mathematics,4,Multiracial,N/A,N/A,N/A,N/A,N/A,N/A,N/A,N/A,N/A,N/A,N/A,N/A
2019,OR,Mathematics,4,Multiracial,N/A,N/A,N/A,N/A,N/A,N/A,N/A,N/A,N/A,N/A,N/A,N/A
2019,PA,Mathematics,4,Multiracial,N/A,N/A,N/A,N/A,N/A,N/A,N/A,N/A,N/A,N/A,N/A,N/A
2019,RI,Mathematics,4,Multiracial,N/A,N/A,N/A,N/A,N/A,N/A,N/A,N/A,N/A,N/A,N/A,N/A
2019,SC,Mathematics,4,Multiracial,N/A,N/A,N/A,N/A,N/A,N/A,N/A,N/A,N/A,N/A,N/A,N/A
2019,SD,Mathematics,4,Multiracial,N/A,N/A,N/A,N/A,N/A,N/A,N/A,N/A,N/A,N/A,N/A,N/A
2019,TN,Mathematics,4,Multiracial,N/A,N/A,N/A,N/A,N/A,N/A,N/A,N/A,N/A,N/A,N/A,N/A
2019,TX,Mathematics,4,Multiracial,N/A,N/A,N/A,N/A,N/A,N/A,N/A,N/A,N/A,N/A,N/A,N/A
2019,UT,Mathematics,4,Multiracial,N/A,N/A,N/A,N/A,N/A,N/A,N/A,N/A,N/A,N/A,N/A,N/A
2019,VT,Mathematics,4,Multiracial,N/A,N/A,N/A,N/A,N/A,N/A,N/A,N/A,N/A,N/A,N/A,N/A
2019,VA,Mathematics,4,Multiracial,N/A,N/A,N/A,N/A,N/A,N/A,N/A,N/A,N/A,N/A,N/A,N/A
2019,WA,Mathematics,4,Multiracial,N/A,N/A,N/A,N/A,N/A,N/A,N/A,N/A,N/A,N/A,N/A,N/A
2019,WV,Mathematics,4,Multiracial,N/A,N/A,N/A,N/A,N/A,N/A,N/A,N/A,N/A,N/A,N/A,N/A
2019,WI,Mathematics,4,Multiracial,N/A,N/A,N/A,N/A,N/A,N/A,N/A,N/A,N/A,N/A,N/A,N/A
2019,WY,Mathematics,4,Multiracial,N/A,N/A,N/A,N/A,N/A,N/A,N/A,N/A,N/A,N/A,N/A,N/A
2019,AL,Mathematics,8,All,268.70,244.00,268.58,294.33,37.39,42.78,35.94,57.22,17.35,21.28,3.93,3.93
2019,AK,Mathematics,8,All,274.34,247.25,276.21,303.79,42.32,36.92,34.04,63.08,21.95,29.04,7.09,7.09
2019,AZ,Mathematics,8,All,279.93,253.66,279.93,305.99,39.09,32.28,36.71,67.72,22.23,31.01,8.78,8.78
2019,AR,Mathematics,8,All,274.36,248.08,275.46,301.65,38.80,36.96,35.73,63.04,21.37,27.31,5.94,5.94
2019,CA,Mathematics,8,All,275.61,245.93,273.60,304.01,41.92,39.04,32.45,60.96,18.96,28.51,9.55,9.55
2019,CO,Mathematics,8,All,284.67,258.92,286.08,311.87,39.76,27.48,35.59,72.52,26.20,36.94,10.74,10.74
2019,CT,Mathematics,8,All,286.16,257.42,287.13,315.82,42.03,28.26,32.51,71.74,25.80,39.23,13.42,13.42
2019,DE,Mathematics,8,All,276.70,250.34,277.46,303.93,38.82,34.77,36.00,65.23,22.01,29.22,7.21,7.21
2019,DC,Mathematics,8,All,269.18,240.01,267.35,296.00,41.92,44.65,32.33,55.35,15.22,23.02,7.80,7.80
2019,FL,Mathematics,8,All,278.52,251.15,278.18,306.02,39.53,34.27,35.09,65.73,22.11,30.64,8.53,8.53
2019,GA,Mathematics,8,All,279.49,252.72,279.09,306.66,39.19,33.13,35.73,66.87,22.23,31.14,8.91,8.91
2019,HI,Mathematics,8,All,275.33,250.78,276.22,302.17,38.16,35.42,36.92,64.58,21.65,27.66,6.01,6.01
2019,ID,Mathematics,8,All,285.94,260.70,286.68,311.99,37.36,26.05,36.61,73.95,26.81,37.34,10.53,10.53
2019,IL,Mathematics,8,All,282.56,255.70,282.04,309.40,39.72,30.54,35.62,69.46,23.68,33.84,10.16,10.16
2019,IN,Mathematics,8,All,285.65,259.99,286.71,312.20,37.50,26.62,35.99,73.38,27.01,37.40,10.38,10.38
2019,IA,Mathematics,8,All,281.67,257.99,283.25,306.83,36.48,28.40,39.05,71.60,25.41,32.55,7.13,7.13
2019,KS,Mathematics,8,All,282.21,257.01,282.14,308.04,37.66,29.44,37.68,70.56,23.68,32.88,9.20,9.20
2019,KY,Mathematics,8,All,278.10,253.59,278.40,303.43,37.25,32.69,38.29,67.31,22.12,29.01,6.90,6.90
2019,LA,Mathematics,8,All,271.64,246.37,272.22,296.85,36.73,39.24,37.68,60.76,18.69,23.07,4.38,4.38
2019,ME,Mathematics,8,All,282.37,257.34,283.22,308.79,38.40,28.91,37.49,71.09,24.52,33.60,9.08,9.08
2019,MD,Mathematics,8,All,280.15,249.81,278.85,309.49,42.85,34.98,32.43,65.02,20.79,32.59,11.81,11.81
2019,MA,Mathematics,8,All,294.47,266.89,296.21,323.32,41.55,21.54,31.05,78.46,29.64,47.41,17.77,17.77
2019,MI,Mathematics,8,All,280.28,254.22,279.77,305.91,37.55,31.93,37.08,68.07,22.47,30.99,8.52,8.52
2019,MN,Mathematics,8,All,290.79,264.79,292.94,319.32,40.02,22.93,32.91,77.07,30.11,44.16,14.05,14.05
2019,MS,Mathematics,8,All,273.73,249.16,273.23,298.25,35.70,37.81,37.86,62.19,19.32,24.33,5.01,5.01
2019,MO,Mathematics,8,All,280.76,255.84,281.31,306.07,36.75,30.41,38.01,69.59,24.14,31.58,7.44,7.44
2019,MT,Mathematics,8,All,283.96,259.48,285.09,310.20,37.82,27.07,37.26,72.93,26.46,35.67,9.20,9.20
2019,NE,Mathematics,8,All,285.01,260.92,287.08,310.62,36.95,25.85,37.29,74.15,27.78,36.87,9.09,9.09
2019,NV,Mathematics,8,All,273.79,247.11,273.67,299.84,38.79,38.50,35.81,61.50,18.99,25.70,6.71,6.71
2019,NH,Mathematics,8,All,287.22,263.80,288.56,311.94,36.36,23.49,38.03,76.51,28.84,38.48,9.65,9.65
2019,NJ,Mathematics,8,All,291.82,263.29,292.45,321.58,43.98,24.13,31.79,75.87,26.81,44.09,17.28,17.28
2019,NM,Mathematics,8,All,268.77,243.59,268.01,293.70,36.59,43.81,35.44,56.19,16.51,20.74,4.23,4.23
2019,NY,Mathematics,8,All,280.41,250.50,280.07,310.07,42.06,34.11,32.37,65.89,22.27,33.52,11.25,11.25
2019,NC,Mathematics,8,All,283.66,256.50,284.97,311.91,40.53,29.31,34.19,70.69,25.35,36.51,11.16,11.16
2019,ND,Mathematics,8,All,285.56,262.55,287.56,310.60,36.14,24.63,38.02,75.37,28.70,37.35,8.65,8.65
2019,OH,Mathematics,8,All,285.71,259.89,286.70,312.94,39.22,26.69,35.79,73.31,26.16,37.52,11.36,11.36
2019,OK,Mathematics,8,All,276.47,253.19,276.27,299.61,34.70,33.77,40.72,66.23,20.23,25.51,5.28,5.28
2019,OR,Mathematics,8,All,279.50,252.80,279.02,307.09,40.26,33.05,35.56,66.95,21.80,31.39,9.59,9.59
2019,PA,Mathematics,8,All,285.02,256.04,286.37,314.92,42.01,29.51,31.89,70.49,25.87,38.61,12.74,12.74
2019,RI,Mathematics,8,All,275.67,248.12,277.07,304.61,40.93,36.18,34.33,63.82,21.60,29.49,7.89,7.89
2019,SC,Mathematics,8,All,276.35,249.57,275.86,303.76,39.95,36.31,34.80,63.69,20.62,28.90,8.27,8.27
2019,SD,Mathematics,8,All,287.09,263.64,289.45,312.99,37.55,23.73,36.83,76.27,29.45,39.44,9.99,9.99
2019,TN,Mathematics,8,All,280.08,253.94,279.60,306.30,38.21,32.16,36.69,67.84,22.55,31.15,8.60,8.60
2019,TX,Mathematics,8,All,279.65,254.70,278.75,304.23,36.31,32.04,38.41,67.96,22.09,29.55,7.46,7.46
2019,UT,Mathematics,8,All,284.93,258.61,286.52,312.54,39.11,27.60,35.06,72.40,26.45,37.34,10.89,10.89
2019,VT,Mathematics,8,All,286.60,261.42,287.68,313.33,37.90,25.35,36.32,74.65,27.35,38.33,10.98,10.98
2019,VA,Mathematics,8,All,287.06,261.33,287.39,312.84,37.72,25.47,36.72,74.53,26.60,37.80,11.21,11.21
2019,WA,Mathematics,8,All,285.81,257.16,287.93,316.03,41.85,28.45,31.51,71.55,26.97,40.03,13.06,13.06
2019,WV,Mathematics,8,All,272.35,247.74,272.76,297.87,37.34,38.48,37.39,61.52,19.28,24.13,4.85,4.85
2019,WI,Mathematics,8,All,288.66,262.57,290.54,315.79,38.97,24.50,34.20,75.50,28.84,41.31,12.47,12.47
2019,WY,Mathematics,8,All,286.31,263.75,287.49,310.52,35.24,23.58,39.28,76.42,28.65,37.14,8.49,8.49
2019,AL,Mathematics,8,White,279.39,256.74,279.92,303.68,34.39,29.97,40.51,70.03,24.16,29.52,5.36,5.36
2019,AK,Mathematics,8,White,289.48,265.22,290.90,314.45,36.58,22.45,36.51,77.55,30.32,41.04,10.72,10.72
2019,AZ,Mathematics,8,White,294.66,271.69,294.67,319.41,35.94,17.89,36.72,82.11,31.17,45.40,14.23,14.23
2019,AR,Mathematics,8,White,283.90,260.34,285.08,308.81,36.27,26.30,38.96,73.70,26.54,34.74,8.20,8.20
2019,CA,Mathematics,8,White,293.80,269.11,295.85,319.87,37.29,19.61,33.60,80.39,32.70,46.79,14.08,14.08
2019,CO,Mathematics,8,White,294.97,271.08,296.61,320.34,37.09,18.12,34.25,81.88,32.85,47.64,14.78,14.78
2019,CT,Mathematics,8,White,298.53,275.11,299.33,323.63,35.95,15.09,34.52,84.91,33.52,50.38,16.86,16.86
2019,DE,Mathematics,8,White,289.22,266.44,291.06,314.49,35.93,21.49,37.27,78.51,30.65,41.25,10.60,10.60
2019,DC,Mathematics,8,White,323.24,301.34,325.52,347.32,33.82,3.94,19.29,96.06,35.53,76.77,41.24,41.24
2019,FL,Mathematics,8,White,289.38,264.59,290.85,315.45,37.48,22.99,35.14,77.01,30.56,41.87,11.31,11.31
2019,GA,Mathematics,8,White,291.56,267.81,292.62,317.98,36.80,20.49,36.16,79.51,30.29,43.35,13.06,13.06
2019,HI,Mathematics,8,White,287.72,264.20,289.54,311.47,34.75,23.17,38.17,76.83,29.65,38.65,9.01,9.01
2019,ID,Mathematics,8,White,291.81,267.83,293.08,316.66,36.07,20.53,35.96,79.47,30.85,43.51,12.67,12.67
2019,IL,Mathematics,8,White,290.61,266.39,291.46,315.81,37.63,21.60,36.77,78.40,29.16,41.63,12.47,12.47
2019,IN,Mathematics,8,White,291.57,267.72,292.59,316.63,35.87,20.34,36.79,79.66,30.41,42.86,12.45,12.45
2019,IA,Mathematics,8,White,286.34,263.80,287.98,310.10,34.58,23.41,39.77,76.59,28.63,36.82,8.18,8.18
2019,KS,Mathematics,8,White,288.44,264.69,288.26,313.48,35.68,22.62,38.54,77.38,27.85,38.84,10.99,10.99
2019,KY,Mathematics,8,White,281.54,257.65,282.00,306.26,36.11,28.98,39.10,71.02,24.44,31.92,7.48,7.48
2019,LA,Mathematics,8,White,285.19,263.87,285.45,307.72,33.69,23.28,42.64,76.72,27.03,34.08,7.05,7.05
2019,ME,Mathematics,8,White,283.67,259.11,284.18,309.51,37.77,27.46,38.10,72.54,25.11,34.44,9.33,9.33
2019,MD,Mathematics,8,White,299.50,274.88,299.42,325.49,36.96,15.27,34.31,84.73,31.59,50.42,18.83,18.83
2019,MA,Mathematics,8,White,301.69,278.45,303.23,326.77,36.21,13.70,31.61,86.30,34.95,54.69,19.74,19.74
2019,MI,Mathematics,8,White,286.98,262.51,286.50,311.58,36.17,24.50,38.71,75.50,26.15,36.79,10.64,10.64
2019,MN,Mathematics,8,White,300.00,276.70,301.81,324.82,35.17,14.06,32.89,85.94,35.82,53.06,17.24,17.24
2019,MS,Mathematics,8,White,288.40,266.17,288.78,310.95,32.48,20.97,40.93,79.03,29.69,38.10,8.41,8.41
2019,MO,Mathematics,8,White,285.73,262.54,286.61,309.30,34.96,24.50,39.67,75.50,27.36,35.82,8.46,8.46
2019,MT,Mathematics,8,White,288.32,264.93,289.34,313.32,36.40,22.59,37.83,77.41,29.10,39.59,10.49,10.49
2019,NE,Mathematics,8,White,293.65,272.17,295.30,316.80,33.73,17.23,37.35,82.77,33.68,45.42,11.74,11.74
2019,NV,Mathematics,8,White,285.69,260.19,286.58,312.60,38.14,26.40,36.38,73.60,26.45,37.23,10.78,10.78
2019,NH,Mathematics,8,White,288.26,265.72,289.36,311.98,35.04,21.80,39.23,78.20,29.65,38.97,9.31,9.31
2019,NJ,Mathematics,8,White,303.67,279.41,304.47,329.28,37.16,12.80,31.49,87.20,33.96,55.71,21.75,21.75
2019,NM,Mathematics,8,White,285.34,261.05,287.05,309.90,36.18,25.84,37.39,74.16,27.68,36.77,9.10,9.10
2019,NY,Mathematics,8,White,292.04,265.19,292.92,319.65,38.33,22.53,33.26,77.47,29.45,44.21,14.76,14.76
2019,NC,Mathematics,8,White,294.88,270.67,296.16,320.79,36.42,18.44,34.60,81.56,31.59,46.97,15.37,15.37
2019,ND,Mathematics,8,White,291.72,270.64,293.33,314.59,33.75,17.78,38.94,82.22,32.90,43.27,10.37,10.37
2019,OH,Mathematics,8,White,292.98,269.26,293.97,318.53,37.01,19.57,35.87,80.43,30.81,44.57,13.75,13.75
2019,OK,Mathematics,8,White,282.41,260.04,281.88,304.93,33.43,26.77,42.49,73.23,24.17,30.75,6.58,6.58
2019,OR,Mathematics,8,White,287.05,262.46,287.06,312.58,36.88,24.51,37.96,75.49,26.54,37.53,10.99,10.99
2019,PA,Mathematics,8,White,294.67,270.42,296.38,320.58,37.55,18.97,33.87,81.03,32.03,47.16,15.12,15.12
2019,RI,Mathematics,8,White,286.75,262.17,288.63,313.26,37.17,24.81,36.46,75.19,28.17,38.73,10.55,10.55
2019,SC,Mathematics,8,White,289.13,263.93,289.41,315.55,37.40,23.34,36.09,76.66,28.00,40.57,12.57,12.57
2019,SD,Mathematics,8,White,294.41,273.41,296.78,318.19,34.80,16.38,36.41,83.62,34.98,47.21,12.23,12.23
2019,TN,Mathematics,8,White,287.27,263.22,287.19,312.58,36.47,23.96,38.20,76.04,27.30,37.84,10.54,10.54
2019,TX,Mathematics,8,White,292.63,267.84,292.59,317.47,35.12,20.44,35.95,79.56,30.56,43.62,13.06,13.06
2019,UT,Mathematics,8,White,291.10,267.07,292.64,317.26,37.43,21.25,35.59,78.75,30.02,43.16,13.14,13.14
2019,VT,Mathematics,8,White,287.62,262.90,288.90,314.01,37.47,24.27,36.51,75.73,28.09,39.22,11.13,11.13
2019,VA,Mathematics,8,White,293.94,271.39,295.18,318.69,35.75,18.00,36.38,82.00,32.08,45.62,13.54,13.54
2019,WA,Mathematics,8,White,291.78,266.23,294.72,319.39,38.95,21.87,32.62,78.13,31.23,45.51,14.28,14.28
2019,WV,Mathematics,8,White,272.97,248.64,273.60,298.62,37.07,37.52,37.78,62.48,19.97,24.70,4.73,4.73
2019,WI,Mathematics,8,White,296.93,273.81,297.82,320.46,34.62,15.88,35.49,84.12,33.78,48.62,14.85,14.85
2019,WY,Mathematics,8,White,290.95,269.46,291.63,313.66,33.36,18.66,39.87,81.34,31.68,41.46,9.78,9.78
2019,AL,Mathematics,8,Black,248.89,226.28,249.22,271.65,33.59,65.29,27.63,34.71,6.67,7.08,999.00,999.00
2019,AK,Mathematics,8,Black,253.59,230.15,255.03,280.14,34.05,58.69,32.34,41.31,8.82,8.97,999.00,999.00
2019,AZ,Mathematics,8,Black,266.87,241.60,265.06,292.06,37.78,46.49,33.52,53.51,16.00,19.99,3.99,3.99
2019,AR,Mathematics,8,Black,248.83,226.72,248.00,270.93,33.78,66.43,26.12,33.57,7.02,7.45,999.00,999.00
2019,CA,Mathematics,8,Black,252.33,226.18,251.24,278.21,37.12,61.08,28.66,38.92,8.15,10.26,2.11,2.11
2019,CO,Mathematics,8,Black,261.02,235.60,262.34,290.45,38.80,49.48,32.76,50.52,16.38,17.76,1.38,1.38
2019,CT,Mathematics,8,Black,256.45,230.31,255.70,281.39,36.47,56.96,28.94,43.04,12.46,14.09,1.64,1.64
2019,DE,Mathematics,8,Black,260.02,235.99,260.20,283.89,35.20,51.96,35.12,48.04,10.77,12.92,2.16,2.16
2019,DC,Mathematics,8,Black,260.12,234.43,259.98,284.49,37.35,52.25,33.04,47.75,11.57,14.71,3.14,3.14
2019,FL,Mathematics,8,Black,259.50,235.57,258.39,283.42,35.79,54.07,32.94,45.93,10.66,12.99,2.33,2.33
2019,GA,Mathematics,8,Black,262.04,239.15,261.89,285.06,34.09,50.17,35.56,49.83,12.57,14.27,1.70,1.70
2019,HI,Mathematics,8,Black,999.00,999.00,999.00,999.00,999.00,999.00,999.00,999.00,999.00,999.00,999.00,999.00
2019,ID,Mathematics,8,Black,999.00,999.00,999.00,999.00,999.00,999.00,999.00,999.00,999.00,999.00,999.00,999.00
2019,IL,Mathematics,8,Black,261.70,238.28,261.06,284.06,34.62,51.18,34.58,48.82,11.89,14.24,2.35,2.35
2019,IN,Mathematics,8,Black,261.84,237.31,260.48,286.42,34.10,51.66,32.90,48.34,13.63,15.44,1.81,1.81
2019,IA,Mathematics,8,Black,248.86,223.77,248.40,270.74,36.19,64.97,26.39,35.03,7.32,8.64,1.31,1.31
2019,KS,Mathematics,8,Black,256.91,233.58,255.07,278.76,36.80,58.31,28.10,41.69,11.19,13.59,2.40,2.40
2019,KY,Mathematics,8,Black,255.74,232.89,255.96,278.45,34.75,57.45,32.01,42.55,8.89,10.54,1.65,1.65
2019,LA,Mathematics,8,Black,255.06,233.11,254.42,277.16,32.71,58.96,31.87,41.04,8.28,9.17,0.89,0.89
2019,ME,Mathematics,8,Black,254.65,225.67,251.24,280.48,39.21,59.90,27.48,40.10,8.86,12.62,3.76,3.76
2019,MD,Mathematics,8,Black,260.70,236.97,259.05,283.21,34.98,53.55,32.41,46.45,11.34,14.04,2.70,2.70
2019,MA,Mathematics,8,Black,266.94,243.36,266.12,292.84,37.07,45.50,33.83,54.50,17.24,20.67,3.43,3.43
2019,MI,Mathematics,8,Black,252.67,229.74,250.71,272.75,32.90,63.80,26.85,36.20,8.08,9.35,1.27,1.27
2019,MN,Mathematics,8,Black,254.73,228.11,253.40,281.69,40.29,58.28,27.99,41.72,11.10,13.73,2.63,2.63
2019,MS,Mathematics,8,Black,258.44,236.62,257.81,280.04,32.17,55.11,34.44,44.89,9.23,10.45,1.22,1.22
2019,MO,Mathematics,8,Black,257.54,234.71,257.50,279.81,33.67,55.24,33.58,44.76,9.85,11.18,1.32,1.32
2019,MT,Mathematics,8,Black,999.00,999.00,999.00,999.00,999.00,999.00,999.00,999.00,999.00,999.00,999.00,999.00
2019,NE,Mathematics,8,Black,251.64,226.88,249.17,274.45,34.71,62.51,28.14,37.49,7.71,9.34,1.63,1.63
2019,NV,Mathematics,8,Black,253.55,229.02,251.81,276.87,37.14,61.73,27.34,38.27,8.32,10.93,2.62,2.62
2019,NH,Mathematics,8,Black,267.49,239.73,267.26,292.53,39.90,45.17,34.42,54.83,13.71,20.41,6.69,6.69
2019,NJ,Mathematics,8,Black,265.72,240.27,265.58,290.72,39.17,45.88,35.09,54.12,14.78,19.04,4.26,4.26
2019,NM,Mathematics,8,Black,999.00,999.00,999.00,999.00,999.00,999.00,999.00,999.00,999.00,999.00,999.00,999.00
2019,NY,Mathematics,8,Black,258.23,231.55,256.52,284.03,38.06,55.12,30.23,44.88,11.63,14.66,3.03,3.03
2019,NC,Mathematics,8,Black,264.06,239.17,264.01,290.77,39.02,47.95,33.51,52.05,14.91,18.53,3.62,3.62
2019,ND,Mathematics,8,Black,253.94,233.71,254.52,275.79,34.41,59.97,31.20,40.03,7.63,8.83,1.20,1.20
2019,OH,Mathematics,8,Black,258.60,234.90,259.72,282.35,35.62,52.83,34.64,47.17,10.33,12.53,2.20,2.20
2019,OK,Mathematics,8,Black,252.64,230.92,254.14,273.96,32.26,61.17,31.51,38.83,6.90,7.32,999.00,999.00
2019,OR,Mathematics,8,Black,999.00,999.00,999.00,999.00,999.00,999.00,999.00,999.00,999.00,999.00,999.00,999.00
2019,PA,Mathematics,8,Black,255.06,231.49,254.00,275.85,35.57,60.04,29.35,39.96,7.81,10.62,2.80,2.80
2019,RI,Mathematics,8,Black,258.28,231.60,256.70,283.10,39.56,56.29,28.44,43.71,11.40,15.26,3.86,3.86
2019,SC,Mathematics,8,Black,255.52,233.43,255.62,278.95,34.42,57.25,32.78,42.75,8.87,9.97,1.10,1.10
2019,SD,Mathematics,8,Black,999.00,999.00,999.00,999.00,999.00,999.00,999.00,999.00,999.00,999.00,999.00,999.00
2019,TN,Mathematics,8,Black,260.24,237.84,260.37,282.85,32.71,52.06,36.16,47.94,10.74,11.78,1.04,1.04
2019,TX,Mathematics,8,Black,264.98,241.36,263.86,288.01,32.78,47.88,36.14,52.12,13.92,15.98,2.06,2.06
2019,UT,Mathematics,8,Black,999.00,999.00,999.00,999.00,999.00,999.00,999.00,999.00,999.00,999.00,999.00,999.00
2019,VT,Mathematics,8,Black,999.00,999.00,999.00,999.00,999.00,999.00,999.00,999.00,999.00,999.00,999.00,999.00
2019,VA,Mathematics,8,Black,267.56,245.08,266.71,288.80,32.78,44.18,39.45,55.82,13.56,16.37,2.82,2.82
2019,WA,Mathematics,8,Black,258.74,229.47,258.99,293.81,41.42,52.66,26.33,47.34,19.58,21.01,1.43,1.43
2019,WV,Mathematics,8,Black,261.21,236.92,260.49,282.13,37.89,51.73,33.82,48.27,9.61,14.45,4.84,4.84
2019,WI,Mathematics,8,Black,249.67,222.95,246.22,274.88,38.47,64.94,22.97,35.06,10.40,12.09,1.69,1.69
2019,WY,Mathematics,8,Black,999.00,999.00,999.00,999.00,999.00,999.00,999.00,999.00,999.00,999.00,999.00,999.00
2019,AL,Mathematics,8,Hispanic,262.10,243.14,262.22,281.29,30.93,49.83,39.38,50.17,9.04,10.79,1.74,1.74
2019,AK,Mathematics,8,Hispanic,274.06,249.79,274.18,300.39,36.15,37.08,36.47,62.92,22.32,26.45,4.13,4.13
2019,AZ,Mathematics,8,Hispanic,269.04,245.17,269.05,293.03,35.60,41.92,38.17,58.08,16.21,19.91,3.70,3.70
2019,AR,Mathematics,8,Hispanic,268.79,242.64,271.68,296.64,37.29,41.48,35.83,58.52,19.82,22.69,2.87,2.87
2019,CA,Mathematics,8,Hispanic,262.01,238.52,261.03,285.35,35.15,51.10,34.16,48.90,12.23,14.74,2.50,2.50
2019,CO,Mathematics,8,Hispanic,268.09,244.68,269.61,292.91,36.61,41.53,39.04,58.47,16.11,19.43,3.32,3.32
2019,CT,Mathematics,8,Hispanic,262.52,235.75,261.76,288.19,38.54,50.37,32.17,49.63,13.52,17.45,3.94,3.94
2019,DE,Mathematics,8,Hispanic,266.49,243.06,267.04,291.29,35.72,43.82,37.65,56.18,15.99,18.53,2.54,2.54
2019,DC,Mathematics,8,Hispanic,266.99,242.93,267.63,290.60,36.04,43.46,38.98,56.54,13.92,17.55,3.63,3.63
2019,FL,Mathematics,8,Hispanic,275.61,250.33,274.80,300.22,37.62,35.92,38.16,64.08,19.04,25.93,6.89,6.89
2019,GA,Mathematics,8,Hispanic,275.29,250.77,275.24,299.28,36.17,35.52,39.23,64.48,19.39,25.24,5.86,5.86
2019,HI,Mathematics,8,Hispanic,275.37,252.80,275.91,299.43,35.07,34.37,40.31,65.63,20.91,25.31,4.40,4.40
2019,ID,Mathematics,8,Hispanic,265.61,244.21,266.33,286.57,32.93,44.62,41.01,55.38,11.93,14.38,2.44,2.44
2019,IL,Mathematics,8,Hispanic,273.23,249.34,272.82,297.61,35.46,38.12,38.04,61.88,19.07,23.84,4.77,4.77
2019,IN,Mathematics,8,Hispanic,273.52,250.89,273.11,298.24,34.36,37.21,38.41,62.79,20.54,24.38,3.84,3.84
2019,IA,Mathematics,8,Hispanic,268.76,247.29,270.62,290.94,33.68,39.46,43.21,60.54,15.35,17.33,1.98,1.98
2019,KS,Mathematics,8,Hispanic,268.40,245.42,268.52,292.40,35.83,42.83,37.88,57.17,15.99,19.29,3.30,3.30
2019,KY,Mathematics,8,Hispanic,269.85,245.21,270.63,293.27,36.20,39.19,40.79,60.81,15.72,20.02,4.30,4.30
2019,LA,Mathematics,8,Hispanic,267.65,238.45,268.00,295.60,38.93,44.06,33.72,55.94,17.47,22.22,4.75,4.75
2019,ME,Mathematics,8,Hispanic,999.00,999.00,999.00,999.00,999.00,999.00,999.00,999.00,999.00,999.00,999.00,999.00
2019,MD,Mathematics,8,Hispanic,260.69,233.23,259.88,288.53,40.36,51.88,30.59,48.12,13.49,17.53,4.04,4.04
2019,MA,Mathematics,8,Hispanic,269.00,240.55,269.35,297.78,40.53,43.07,33.02,56.93,18.83,23.91,5.07,5.07
2019,MI,Mathematics,8,Hispanic,268.50,247.58,269.66,289.60,30.41,41.33,42.66,58.67,14.42,16.01,1.59,1.59
2019,MN,Mathematics,8,Hispanic,267.84,242.06,266.53,294.48,37.48,44.99,34.06,55.01,16.83,20.95,4.12,4.12
2019,MS,Mathematics,8,Hispanic,276.60,253.66,274.22,296.81,34.94,34.16,42.51,65.84,18.38,23.33,4.95,4.95
2019,MO,Mathematics,8,Hispanic,268.26,241.90,266.45,294.76,36.40,45.71,32.64,54.29,17.69,21.65,3.96,3.96
2019,MT,Mathematics,8,Hispanic,280.68,259.34,280.64,302.93,31.97,27.74,43.47,72.26,23.91,28.79,4.88,4.88
2019,NE,Mathematics,8,Hispanic,267.53,244.28,270.13,290.53,34.57,40.93,42.03,59.07,14.59,17.04,2.45,2.45
2019,NV,Mathematics,8,Hispanic,265.64,241.42,265.64,289.51,34.90,45.73,37.11,54.27,14.33,17.16,2.83,2.83
2019,NH,Mathematics,8,Hispanic,266.96,236.60,267.90,295.18,37.22,44.76,33.20,55.24,19.26,22.04,2.78,2.78
2019,NJ,Mathematics,8,Hispanic,268.65,243.61,271.73,296.16,38.58,40.45,36.90,59.55,19.37,22.65,3.28,3.28
2019,NM,Mathematics,8,Hispanic,263.77,240.52,263.34,287.35,34.49,48.55,35.79,51.45,13.46,15.67,2.21,2.21
2019,NY,Mathematics,8,Hispanic,263.27,238.06,263.32,287.66,36.59,48.64,34.71,51.36,13.63,16.65,3.02,3.02
2019,NC,Mathematics,8,Hispanic,272.52,247.52,273.76,300.22,38.72,37.66,36.22,62.34,21.29,26.12,4.84,4.84
2019,ND,Mathematics,8,Hispanic,275.96,251.97,277.83,300.31,39.76,33.36,40.68,66.64,19.05,25.97,6.92,6.92
2019,OH,Mathematics,8,Hispanic,274.28,247.25,273.80,299.21,38.28,38.89,35.54,61.11,18.81,25.58,6.77,6.77
2019,OK,Mathematics,8,Hispanic,271.10,249.38,271.00,292.96,32.60,39.10,41.51,60.90,16.67,19.39,2.72,2.72
2019,OR,Mathematics,8,Hispanic,258.25,233.65,257.67,281.23,36.49,55.31,31.46,44.69,10.53,13.23,2.70,2.70
2019,PA,Mathematics,8,Hispanic,257.59,229.88,255.91,284.82,40.08,56.23,27.14,43.77,13.14,16.63,3.49,3.49
2019,RI,Mathematics,8,Hispanic,254.76,227.90,255.56,281.54,39.88,56.41,30.91,43.59,10.22,12.68,2.46,2.46
2019,SC,Mathematics,8,Hispanic,269.65,243.97,269.26,295.83,39.98,42.22,35.69,57.78,16.16,22.09,5.93,5.93
2019,SD,Mathematics,8,Hispanic,270.03,247.57,271.56,294.29,34.97,38.53,41.19,61.47,17.78,20.27,2.49,2.49
2019,TN,Mathematics,8,Hispanic,267.45,243.87,266.18,291.16,34.90,45.23,35.57,54.77,15.99,19.20,3.21,3.21
2019,TX,Mathematics,8,Hispanic,272.31,250.80,272.65,294.70,32.84,37.03,41.98,62.97,18.07,20.99,2.91,2.91
2019,UT,Mathematics,8,Hispanic,262.55,239.28,262.14,285.43,35.18,49.75,35.08,50.25,12.90,15.17,2.27,2.27
2019,VT,Mathematics,8,Hispanic,999.00,999.00,999.00,999.00,999.00,999.00,999.00,999.00,999.00,999.00,999.00,999.00
2019,VA,Mathematics,8,Hispanic,278.23,253.19,280.23,304.38,35.77,32.69,37.35,67.31,24.47,29.95,5.49,5.49
2019,WA,Mathematics,8,Hispanic,267.42,241.51,267.42,293.56,38.05,43.99,35.30,56.01,16.15,20.71,4.56,4.56
2019,WV,Mathematics,8,Hispanic,999.00,999.00,999.00,999.00,999.00,999.00,999.00,999.00,999.00,999.00,999.00,999.00
2019,WI,Mathematics,8,Hispanic,273.48,246.99,272.75,300.75,37.86,39.05,34.52,60.95,20.84,26.44,5.60,5.60
2019,WY,Mathematics,8,Hispanic,273.66,248.77,275.64,298.99,36.32,36.15,38.70,63.85,20.81,25.15,4.34,4.34
2019,AL,Mathematics,8,Asian,999.00,999.00,999.00,999.00,999.00,999.00,999.00,999.00,999.00,999.00,999.00,999.00
2019,AK,Mathematics,8,Asian,268.56,238.95,268.94,298.75,42.84,44.33,31.02,55.67,17.58,24.65,7.07,7.07
2019,AZ,Mathematics,8,Asian,312.32,283.99,312.90,342.95,43.26,12.50,22.95,87.50,33.75,64.55,30.79,30.79
2019,AR,Mathematics,8,Asian,275.67,247.31,276.03,304.38,46.12,37.91,32.71,62.09,18.83,29.38,10.56,10.56
2019,CA,Mathematics,8,Asian,309.09,280.13,312.46,341.77,43.96,15.09,23.98,84.91,28.32,60.94,32.62,32.62
2019,CO,Mathematics,8,Asian,310.79,285.18,310.55,334.70,37.09,8.68,28.86,91.32,35.91,62.46,26.55,26.55
2019,CT,Mathematics,8,Asian,327.34,302.25,330.44,354.41,38.07,5.71,16.29,94.29,30.48,78.00,47.52,47.52
2019,DE,Mathematics,8,Asian,311.65,292.63,317.23,336.82,38.09,11.46,19.30,88.54,40.38,69.24,28.86,28.86
2019,DC,Mathematics,8,Asian,999.00,999.00,999.00,999.00,999.00,999.00,999.00,999.00,999.00,999.00,999.00,999.00
2019,FL,Mathematics,8,Asian,310.44,286.85,316.61,340.33,41.00,12.29,21.71,87.71,34.15,66.00,31.86,31.86
2019,GA,Mathematics,8,Asian,323.87,301.09,326.30,353.44,39.95,6.89,16.47,93.11,32.98,76.63,43.65,43.65
2019,HI,Mathematics,8,Asian,272.33,246.80,272.71,300.00,39.02,38.90,35.32,61.10,20.32,25.78,5.46,5.46
2019,ID,Mathematics,8,Asian,999.00,999.00,999.00,999.00,999.00,999.00,999.00,999.00,999.00,999.00,999.00,999.00
2019,IL,Mathematics,8,Asian,320.05,296.66,319.77,346.04,39.90,8.13,19.29,91.87,36.77,72.58,35.81,35.81
2019,IN,Mathematics,8,Asian,999.00,999.00,999.00,999.00,999.00,999.00,999.00,999.00,999.00,999.00,999.00,999.00
2019,IA,Mathematics,8,Asian,999.00,999.00,999.00,999.00,999.00,999.00,999.00,999.00,999.00,999.00,999.00,999.00
2019,KS,Mathematics,8,Asian,999.00,999.00,999.00,999.00,999.00,999.00,999.00,999.00,999.00,999.00,999.00,999.00
2019,KY,Mathematics,8,Asian,297.93,274.48,302.94,333.46,49.62,18.43,27.87,81.57,28.05,53.70,25.65,25.65
2019,LA,Mathematics,8,Asian,999.00,999.00,999.00,999.00,999.00,999.00,999.00,999.00,999.00,999.00,999.00,999.00
2019,ME,Mathematics,8,Asian,999.00,999.00,999.00,999.00,999.00,999.00,999.00,999.00,999.00,999.00,999.00,999.00
2019,MD,Mathematics,8,Asian,314.16,281.78,314.82,345.97,42.98,11.92,26.45,88.08,26.78,61.63,34.85,34.85
2019,MA,Mathematics,8,Asian,330.77,302.36,332.91,361.13,41.09,4.94,17.32,95.06,27.98,77.74,49.76,49.76
2019,MI,Mathematics,8,Asian,301.79,275.01,301.01,327.49,36.59,13.94,33.93,86.06,31.26,52.13,20.87,20.87
2019,MN,Mathematics,8,Asian,297.46,271.60,295.61,324.94,43.01,18.34,35.39,81.66,25.89,46.27,20.38,20.38
2019,MS,Mathematics,8,Asian,999.00,999.00,999.00,999.00,999.00,999.00,999.00,999.00,999.00,999.00,999.00,999.00
2019,MO,Mathematics,8,Asian,999.00,999.00,999.00,999.00,999.00,999.00,999.00,999.00,999.00,999.00,999.00,999.00
2019,MT,Mathematics,8,Asian,999.00,999.00,999.00,999.00,999.00,999.00,999.00,999.00,999.00,999.00,999.00,999.00
2019,NE,Mathematics,8,Asian,290.14,260.31,293.60,320.11,43.28,25.71,29.51,74.29,29.42,44.78,15.36,15.36
2019,NV,Mathematics,8,Asian,295.70,268.98,295.38,320.98,38.12,20.15,33.78,79.85,28.90,46.06,17.16,17.16
2019,NH,Mathematics,8,Asian,308.57,284.47,312.53,335.83,38.56,12.32,24.62,87.68,35.98,63.06,27.08,27.08
2019,NJ,Mathematics,8,Asian,327.42,299.69,328.54,356.08,41.19,6.34,17.77,93.66,30.14,75.89,45.74,45.74
2019,NM,Mathematics,8,Asian,999.00,999.00,999.00,999.00,999.00,999.00,999.00,999.00,999.00,999.00,999.00,999.00
2019,NY,Mathematics,8,Asian,309.07,280.62,311.68,340.22,42.33,14.70,25.09,85.30,29.00,60.21,31.21,31.21
2019,NC,Mathematics,8,Asian,320.62,292.34,324.18,353.22,41.85,8.55,21.62,91.45,28.25,69.82,41.57,41.57
2019,ND,Mathematics,8,Asian,999.00,999.00,999.00,999.00,999.00,999.00,999.00,999.00,999.00,999.00,999.00,999.00
2019,OH,Mathematics,8,Asian,307.72,276.90,311.20,337.99,37.99,11.73,31.37,88.27,25.87,56.91,31.04,31.04
2019,OK,Mathematics,8,Asian,999.00,999.00,999.00,999.00,999.00,999.00,999.00,999.00,999.00,999.00,999.00,999.00
2019,OR,Mathematics,8,Asian,296.16,263.46,296.02,333.18,51.55,23.92,28.15,76.08,22.82,47.93,25.11,25.11
2019,PA,Mathematics,8,Asian,311.53,283.14,315.75,341.71,43.56,14.99,20.33,85.01,32.64,64.69,32.05,32.05
2019,RI,Mathematics,8,Asian,999.00,999.00,999.00,999.00,999.00,999.00,999.00,999.00,999.00,999.00,999.00,999.00
2019,SC,Mathematics,8,Asian,999.00,999.00,999.00,999.00,999.00,999.00,999.00,999.00,999.00,999.00,999.00,999.00
2019,SD,Mathematics,8,Asian,999.00,999.00,999.00,999.00,999.00,999.00,999.00,999.00,999.00,999.00,999.00,999.00
2019,TN,Mathematics,8,Asian,317.09,287.43,324.62,349.53,43.65,12.15,19.03,87.85,28.31,68.82,40.51,40.51
2019,TX,Mathematics,8,Asian,316.11,289.61,319.69,343.17,37.61,9.94,21.04,90.06,34.32,69.02,34.70,34.70
2019,UT,Mathematics,8,Asian,282.28,246.25,283.48,315.66,45.52,35.66,27.66,64.34,23.42,36.68,13.26,13.26
2019,VT,Mathematics,8,Asian,999.00,999.00,999.00,999.00,999.00,999.00,999.00,999.00,999.00,999.00,999.00,999.00
2019,VA,Mathematics,8,Asian,314.59,287.39,314.98,343.09,40.77,10.98,23.90,89.02,31.82,65.12,33.30,33.30
2019,WA,Mathematics,8,Asian,305.87,277.40,314.19,339.02,46.73,18.67,18.71,81.33,32.00,62.61,30.61,30.61
2019,WV,Mathematics,8,Asian,999.00,999.00,999.00,999.00,999.00,999.00,999.00,999.00,999.00,999.00,999.00,999.00
2019,WI,Mathematics,8,Asian,294.09,266.09,291.05,325.42,45.30,21.38,35.93,78.62,22.19,42.69,20.50,20.50
2019,WY,Mathematics,8,Asian,999.00,999.00,999.00,999.00,999.00,999.00,999.00,999.00,999.00,999.00,999.00,999.00
2019,AL,Mathematics,8,American Indian or Alaskan Native,999.00,999.00,999.00,999.00,999.00,999.00,999.00,999.00,999.00,999.00,999.00,999.00
2019,AK,Mathematics,8,American Indian or Alaskan Native,248.42,219.51,250.83,277.96,42.25,60.36,28.60,39.64,9.77,11.04,1.27,1.27
2019,AZ,Mathematics,8,American Indian or Alaskan Native,259.36,235.59,261.34,283.46,36.93,50.81,37.18,49.19,9.38,12.00,2.63,2.63
2019,AR,Mathematics,8,American Indian or Alaskan Native,999.00,999.00,999.00,999.00,999.00,999.00,999.00,999.00,999.00,999.00,999.00,999.00
2019,CA,Mathematics,8,American Indian or Alaskan Native,999.00,999.00,999.00,999.00,999.00,999.00,999.00,999.00,999.00,999.00,999.00,999.00
2019,CO,Mathematics,8,American Indian or Alaskan Native,999.00,999.00,999.00,999.00,999.00,999.00,999.00,999.00,999.00,999.00,999.00,999.00
2019,CT,Mathematics,8,American Indian or Alaskan Native,999.00,999.00,999.00,999.00,999.00,999.00,999.00,999.00,999.00,999.00,999.00,999.00
2019,DE,Mathematics,8,American Indian or Alaskan Native,999.00,999.00,999.00,999.00,999.00,999.00,999.00,999.00,999.00,999.00,999.00,999.00
2019,DC,Mathematics,8,American Indian or Alaskan Native,999.00,999.00,999.00,999.00,999.00,999.00,999.00,999.00,999.00,999.00,999.00,999.00
2019,FL,Mathematics,8,American Indian or Alaskan Native,999.00,999.00,999.00,999.00,999.00,999.00,999.00,999.00,999.00,999.00,999.00,999.00
2019,GA,Mathematics,8,American Indian or Alaskan Native,999.00,999.00,999.00,999.00,999.00,999.00,999.00,999.00,999.00,999.00,999.00,999.00
2019,HI,Mathematics,8,American Indian or Alaskan Native,999.00,999.00,999.00,999.00,999.00,999.00,999.00,999.00,999.00,999.00,999.00,999.00
2019,ID,Mathematics,8,American Indian or Alaskan Native,999.00,999.00,999.00,999.00,999.00,999.00,999.00,999.00,999.00,999.00,999.00,999.00
2019,IL,Mathematics,8,American Indian or Alaskan Native,999.00,999.00,999.00,999.00,999.00,999.00,999.00,999.00,999.00,999.00,999.00,999.00
2019,IN,Mathematics,8,American Indian or Alaskan Native,999.00,999.00,999.00,999.00,999.00,999.00,999.00,999.00,999.00,999.00,999.00,999.00
2019,IA,Mathematics,8,American Indian or Alaskan Native,999.00,999.00,999.00,999.00,999.00,999.00,999.00,999.00,999.00,999.00,999.00,999.00
2019,KS,Mathematics,8,American Indian or Alaskan Native,999.00,999.00,999.00,999.00,999.00,999.00,999.00,999.00,999.00,999.00,999.00,999.00
2019,KY,Mathematics,8,American Indian or Alaskan Native,999.00,999.00,999.00,999.00,999.00,999.00,999.00,999.00,999.00,999.00,999.00,999.00
2019,LA,Mathematics,8,American Indian or Alaskan Native,999.00,999.00,999.00,999.00,999.00,999.00,999.00,999.00,999.00,999.00,999.00,999.00
2019,ME,Mathematics,8,American Indian or Alaskan Native,999.00,999.00,999.00,999.00,999.00,999.00,999.00,999.00,999.00,999.00,999.00,999.00
2019,MD,Mathematics,8,American Indian or Alaskan Native,999.00,999.00,999.00,999.00,999.00,999.00,999.00,999.00,999.00,999.00,999.00,999.00
2019,MA,Mathematics,8,American Indian or Alaskan Native,999.00,999.00,999.00,999.00,999.00,999.00,999.00,999.00,999.00,999.00,999.00,999.00
2019,MI,Mathematics,8,American Indian or Alaskan Native,999.00,999.00,999.00,999.00,999.00,999.00,999.00,999.00,999.00,999.00,999.00,999.00
2019,MN,Mathematics,8,American Indian or Alaskan Native,268.12,249.87,268.30,289.70,30.74,39.37,44.45,60.63,14.91,16.18,1.28,1.28
2019,MS,Mathematics,8,American Indian or Alaskan Native,999.00,999.00,999.00,999.00,999.00,999.00,999.00,999.00,999.00,999.00,999.00,999.00
2019,MO,Mathematics,8,American Indian or Alaskan Native,999.00,999.00,999.00,999.00,999.00,999.00,999.00,999.00,999.00,999.00,999.00,999.00
2019,MT,Mathematics,8,American Indian or Alaskan Native,253.95,227.01,252.43,279.60,37.60,59.34,28.30,40.66,10.47,12.36,1.89,1.89
2019,NE,Mathematics,8,American Indian or Alaskan Native,999.00,999.00,999.00,999.00,999.00,999.00,999.00,999.00,999.00,999.00,999.00,999.00
2019,NV,Mathematics,8,American Indian or Alaskan Native,999.00,999.00,999.00,999.00,999.00,999.00,999.00,999.00,999.00,999.00,999.00,999.00
2019,NH,Mathematics,8,American Indian or Alaskan Native,999.00,999.00,999.00,999.00,999.00,999.00,999.00,999.00,999.00,999.00,999.00,999.00
2019,NJ,Mathematics,8,American Indian or Alaskan Native,999.00,999.00,999.00,999.00,999.00,999.00,999.00,999.00,999.00,999.00,999.00,999.00
2019,NM,Mathematics,8,American Indian or Alaskan Native,254.15,233.81,252.80,272.61,30.73,62.85,29.44,37.15,6.48,7.71,1.24,1.24
2019,NY,Mathematics,8,American Indian or Alaskan Native,999.00,999.00,999.00,999.00,999.00,999.00,999.00,999.00,999.00,999.00,999.00,999.00
2019,NC,Mathematics,8,American Indian or Alaskan Native,262.17,238.08,260.44,286.77,34.76,51.88,31.79,48.12,14.33,16.33,2.00,2.00
2019,ND,Mathematics,8,American Indian or Alaskan Native,264.08,240.54,262.32,285.91,33.45,49.60,34.28,50.40,14.08,16.12,2.04,2.04
2019,OH,Mathematics,8,American Indian or Alaskan Native,999.00,999.00,999.00,999.00,999.00,999.00,999.00,999.00,999.00,999.00,999.00,999.00
2019,OK,Mathematics,8,American Indian or Alaskan Native,270.10,246.63,270.05,292.67,33.93,40.70,39.54,59.30,16.17,19.76,3.58,3.58
2019,OR,Mathematics,8,American Indian or Alaskan Native,264.36,247.61,267.18,284.30,36.33,40.47,46.61,59.53,8.57,12.91,4.34,4.34
2019,PA,Mathematics,8,American Indian or Alaskan Native,999.00,999.00,999.00,999.00,999.00,999.00,999.00,999.00,999.00,999.00,999.00,999.00
2019,RI,Mathematics,8,American Indian or Alaskan Native,999.00,999.00,999.00,999.00,999.00,999.00,999.00,999.00,999.00,999.00,999.00,999.00
2019,SC,Mathematics,8,American Indian or Alaskan Native,999.00,999.00,999.00,999.00,999.00,999.00,999.00,999.00,999.00,999.00,999.00,999.00
2019,SD,Mathematics,8,American Indian or Alaskan Native,257.00,237.46,258.50,279.09,33.59,55.25,35.30,44.75,8.73,9.46,0.72,0.72
2019,TN,Mathematics,8,American Indian or Alaskan Native,999.00,999.00,999.00,999.00,999.00,999.00,999.00,999.00,999.00,999.00,999.00,999.00
2019,TX,Mathematics,8,American Indian or Alaskan Native,999.00,999.00,999.00,999.00,999.00,999.00,999.00,999.00,999.00,999.00,999.00,999.00
2019,UT,Mathematics,8,American Indian or Alaskan Native,256.67,235.84,254.26,275.40,31.40,59.73,30.77,40.27,8.01,9.50,1.49,1.49
2019,VT,Mathematics,8,American Indian or Alaskan Native,999.00,999.00,999.00,999.00,999.00,999.00,999.00,999.00,999.00,999.00,999.00,999.00
2019,VA,Mathematics,8,American Indian or Alaskan Native,999.00,999.00,999.00,999.00,999.00,999.00,999.00,999.00,999.00,999.00,999.00,999.00
2019,WA,Mathematics,8,American Indian or Alaskan Native,259.32,235.59,257.58,282.01,33.53,54.43,30.84,45.57,13.91,14.73,0.82,0.82
2019,WV,Mathematics,8,American Indian or Alaskan Native,999.00,999.00,999.00,999.00,999.00,999.00,999.00,999.00,999.00,999.00,999.00,999.00
2019,WI,Mathematics,8,American Indian or Alaskan Native,266.77,240.38,265.27,295.99,37.60,46.56,31.07,53.44,18.58,22.37,3.79,3.79
2019,WY,Mathematics,8,American Indian or Alaskan Native,258.28,235.39,256.50,277.55,35.14,56.69,31.76,43.31,8.14,11.55,3.41,3.41
2019,AL,Mathematics,8,Hawaiian,999.00,999.00,999.00,999.00,999.00,999.00,999.00,999.00,999.00,999.00,999.00,999.00
2019,AK,Mathematics,8,Hawaiian,281.40,255.46,279.56,307.22,38.25,30.76,37.89,69.24,22.40,31.34,8.95,8.95
2019,AZ,Mathematics,8,Hawaiian,999.00,999.00,999.00,999.00,999.00,999.00,999.00,999.00,999.00,999.00,999.00,999.00
2019,AR,Mathematics,8,Hawaiian,999.00,999.00,999.00,999.00,999.00,999.00,999.00,999.00,999.00,999.00,999.00,999.00
2019,CA,Mathematics,8,Hawaiian,291.35,269.45,294.26,321.08,41.06,20.53,36.03,79.47,27.48,43.44,15.96,15.96
2019,CO,Mathematics,8,Hawaiian,285.93,256.90,284.52,312.70,41.26,30.61,32.06,69.39,23.47,37.32,13.85,13.85
2019,CT,Mathematics,8,Hawaiian,283.87,258.54,281.74,306.59,39.66,28.91,39.37,71.09,20.48,31.71,11.24,11.24
2019,DE,Mathematics,8,Hawaiian,281.67,257.53,282.07,308.69,39.48,27.82,38.06,72.18,24.31,34.12,9.81,9.81
2019,DC,Mathematics,8,Hawaiian,999.00,999.00,999.00,999.00,999.00,999.00,999.00,999.00,999.00,999.00,999.00,999.00
2019,FL,Mathematics,8,Hawaiian,278.77,247.21,279.10,307.67,41.96,36.42,31.41,63.58,20.42,32.18,11.76,11.76
2019,GA,Mathematics,8,Hawaiian,283.24,260.59,284.79,307.49,33.23,26.56,39.47,73.44,28.17,33.97,5.79,5.79
2019,HI,Mathematics,8,Hawaiian,282.48,260.61,282.15,305.38,34.35,26.18,42.86,73.82,23.37,30.95,7.58,7.58
2019,ID,Mathematics,8,Hawaiian,286.72,265.13,288.19,309.71,35.22,22.65,39.00,77.35,29.61,38.35,8.74,8.74
2019,IL,Mathematics,8,Hawaiian,286.37,256.77,283.88,317.98,44.68,28.83,33.46,71.17,21.12,37.71,16.59,16.59
2019,IN,Mathematics,8,Hawaiian,278.02,247.09,276.40,310.00,41.13,38.36,28.42,61.64,23.20,33.22,10.02,10.02
2019,IA,Mathematics,8,Hawaiian,273.34,251.95,272.91,295.89,35.51,37.03,41.14,62.97,17.99,21.83,3.84,3.84
2019,KS,Mathematics,8,Hawaiian,288.92,265.13,287.85,309.36,34.77,22.69,41.74,77.31,23.47,35.57,12.10,12.10
2019,KY,Mathematics,8,Hawaiian,266.71,244.81,267.39,289.36,33.50,43.38,39.50,56.62,15.01,17.12,2.11,2.11
2019,LA,Mathematics,8,Hawaiian,999.00,999.00,999.00,999.00,999.00,999.00,999.00,999.00,999.00,999.00,999.00,999.00
2019,ME,Mathematics,8,Hawaiian,999.00,999.00,999.00,999.00,999.00,999.00,999.00,999.00,999.00,999.00,999.00,999.00
2019,MD,Mathematics,8,Hawaiian,288.49,259.09,287.65,316.35,41.68,27.04,33.57,72.96,24.28,39.40,15.12,15.12
2019,MA,Mathematics,8,Hawaiian,299.32,272.95,299.94,326.97,37.38,17.51,32.00,82.49,29.01,50.49,21.48,21.48
2019,MI,Mathematics,8,Hawaiian,272.99,249.67,270.79,297.99,34.91,38.65,37.18,61.35,20.13,24.17,4.04,4.04
2019,MN,Mathematics,8,Hawaiian,288.47,263.37,291.92,315.55,39.12,23.65,33.97,76.35,31.01,42.38,11.37,11.37
2019,MS,Mathematics,8,Hawaiian,999.00,999.00,999.00,999.00,999.00,999.00,999.00,999.00,999.00,999.00,999.00,999.00
2019,MO,Mathematics,8,Hawaiian,280.69,253.86,280.50,305.10,36.17,31.99,37.20,68.01,24.85,30.82,5.97,5.97
2019,MT,Mathematics,8,Hawaiian,280.64,257.68,277.88,302.97,35.07,29.95,42.02,70.05,20.14,28.03,7.89,7.89
2019,NE,Mathematics,8,Hawaiian,278.58,255.26,277.13,302.94,33.33,31.98,39.13,68.02,24.29,28.89,4.60,4.60
2019,NV,Mathematics,8,Hawaiian,279.13,254.50,279.33,303.28,39.66,32.01,39.61,67.99,20.12,28.38,8.27,8.27
2019,NH,Mathematics,8,Hawaiian,999.00,999.00,999.00,999.00,999.00,999.00,999.00,999.00,999.00,999.00,999.00,999.00
2019,NJ,Mathematics,8,Hawaiian,999.00,999.00,999.00,999.00,999.00,999.00,999.00,999.00,999.00,999.00,999.00,999.00
2019,NM,Mathematics,8,Hawaiian,999.00,999.00,999.00,999.00,999.00,999.00,999.00,999.00,999.00,999.00,999.00,999.00
2019,NY,Mathematics,8,Hawaiian,999.00,999.00,999.00,999.00,999.00,999.00,999.00,999.00,999.00,999.00,999.00,999.00
2019,NC,Mathematics,8,Hawaiian,286.21,257.94,286.76,311.88,36.60,27.03,34.80,72.97,28.26,38.16,9.90,9.90
2019,ND,Mathematics,8,Hawaiian,999.00,999.00,999.00,999.00,999.00,999.00,999.00,999.00,999.00,999.00,999.00,999.00
2019,OH,Mathematics,8,Hawaiian,274.83,252.24,274.05,296.73,33.22,35.64,41.83,64.36,19.02,22.53,3.51,3.51
2019,OK,Mathematics,8,Hawaiian,280.11,257.19,279.25,303.56,32.49,30.55,40.28,69.45,23.72,29.17,5.45,5.45
2019,OR,Mathematics,8,Hawaiian,289.30,262.76,290.47,318.43,41.20,24.20,35.23,75.80,25.46,40.57,15.11,15.11
2019,PA,Mathematics,8,Hawaiian,283.87,251.89,283.87,310.54,46.48,31.60,34.40,68.40,19.07,34.01,14.94,14.94
2019,RI,Mathematics,8,Hawaiian,273.45,249.04,274.86,297.89,35.69,38.19,37.41,61.81,22.08,24.40,2.32,2.32
2019,SC,Mathematics,8,Hawaiian,277.76,251.59,279.10,301.50,35.00,35.26,36.08,64.74,22.63,28.65,6.02,6.02
2019,SD,Mathematics,8,Hawaiian,286.03,263.87,287.46,308.93,36.05,23.43,41.44,76.57,24.46,35.13,10.67,10.67
2019,TN,Mathematics,8,Hawaiian,279.15,246.96,280.13,311.42,42.48,38.30,25.95,61.70,24.23,35.75,11.52,11.52
2019,TX,Mathematics,8,Hawaiian,287.12,261.79,290.06,315.73,39.63,25.08,33.57,74.92,29.96,41.35,11.39,11.39
2019,UT,Mathematics,8,Hawaiian,294.18,271.85,296.92,315.89,33.57,17.37,34.82,82.63,37.15,47.81,10.67,10.67
2019,VT,Mathematics,8,Hawaiian,282.25,257.48,282.07,305.78,36.92,28.47,40.32,71.53,21.48,31.21,9.73,9.73
2019,VA,Mathematics,8,Hawaiian,292.72,272.93,291.97,314.41,33.11,16.75,42.67,83.25,28.49,40.58,12.09,12.09
2019,WA,Mathematics,8,Hawaiian,291.82,264.12,293.96,320.09,39.06,23.53,31.70,76.47,29.38,44.77,15.39,15.39
2019,WV,Mathematics,8,Hawaiian,999.00,999.00,999.00,999.00,999.00,999.00,999.00,999.00,999.00,999.00,999.00,999.00
2019,WI,Mathematics,8,Hawaiian,275.83,249.89,270.68,303.43,37.56,39.77,33.23,60.23,17.45,27.00,9.55,9.55
2019,WY,Mathematics,8,Hawaiian,273.59,246.19,275.91,302.30,36.95,38.07,33.65,61.93,24.31,28.28,3.97,3.97
2019,AL,Mathematics,8,Multiracial,N/A,N/A,N/A,N/A,N/A,N/A,N/A,N/A,N/A,N/A,N/A,N/A
2019,AK,Mathematics,8,Multiracial,N/A,N/A,N/A,N/A,N/A,N/A,N/A,N/A,N/A,N/A,N/A,N/A
2019,AZ,Mathematics,8,Multiracial,N/A,N/A,N/A,N/A,N/A,N/A,N/A,N/A,N/A,N/A,N/A,N/A
2019,AR,Mathematics,8,Multiracial,N/A,N/A,N/A,N/A,N/A,N/A,N/A,N/A,N/A,N/A,N/A,N/A
2019,CA,Mathematics,8,Multiracial,N/A,N/A,N/A,N/A,N/A,N/A,N/A,N/A,N/A,N/A,N/A,N/A
2019,CO,Mathematics,8,Multiracial,N/A,N/A,N/A,N/A,N/A,N/A,N/A,N/A,N/A,N/A,N/A,N/A
2019,CT,Mathematics,8,Multiracial,N/A,N/A,N/A,N/A,N/A,N/A,N/A,N/A,N/A,N/A,N/A,N/A
2019,DE,Mathematics,8,Multiracial,N/A,N/A,N/A,N/A,N/A,N/A,N/A,N/A,N/A,N/A,N/A,N/A
2019,DC,Mathematics,8,Multiracial,N/A,N/A,N/A,N/A,N/A,N/A,N/A,N/A,N/A,N/A,N/A,N/A
2019,FL,Mathematics,8,Multiracial,N/A,N/A,N/A,N/A,N/A,N/A,N/A,N/A,N/A,N/A,N/A,N/A
2019,GA,Mathematics,8,Multiracial,N/A,N/A,N/A,N/A,N/A,N/A,N/A,N/A,N/A,N/A,N/A,N/A
2019,HI,Mathematics,8,Multiracial,N/A,N/A,N/A,N/A,N/A,N/A,N/A,N/A,N/A,N/A,N/A,N/A
2019,ID,Mathematics,8,Multiracial,N/A,N/A,N/A,N/A,N/A,N/A,N/A,N/A,N/A,N/A,N/A,N/A
2019,IL,Mathematics,8,Multiracial,N/A,N/A,N/A,N/A,N/A,N/A,N/A,N/A,N/A,N/A,N/A,N/A
2019,IN,Mathematics,8,Multiracial,N/A,N/A,N/A,N/A,N/A,N/A,N/A,N/A,N/A,N/A,N/A,N/A
2019,IA,Mathematics,8,Multiracial,N/A,N/A,N/A,N/A,N/A,N/A,N/A,N/A,N/A,N/A,N/A,N/A
2019,KS,Mathematics,8,Multiracial,N/A,N/A,N/A,N/A,N/A,N/A,N/A,N/A,N/A,N/A,N/A,N/A
2019,KY,Mathematics,8,Multiracial,N/A,N/A,N/A,N/A,N/A,N/A,N/A,N/A,N/A,N/A,N/A,N/A
2019,LA,Mathematics,8,Multiracial,N/A,N/A,N/A,N/A,N/A,N/A,N/A,N/A,N/A,N/A,N/A,N/A
2019,ME,Mathematics,8,Multiracial,N/A,N/A,N/A,N/A,N/A,N/A,N/A,N/A,N/A,N/A,N/A,N/A
2019,MD,Mathematics,8,Multiracial,N/A,N/A,N/A,N/A,N/A,N/A,N/A,N/A,N/A,N/A,N/A,N/A
2019,MA,Mathematics,8,Multiracial,N/A,N/A,N/A,N/A,N/A,N/A,N/A,N/A,N/A,N/A,N/A,N/A
2019,MI,Mathematics,8,Multiracial,N/A,N/A,N/A,N/A,N/A,N/A,N/A,N/A,N/A,N/A,N/A,N/A
2019,MN,Mathematics,8,Multiracial,N/A,N/A,N/A,N/A,N/A,N/A,N/A,N/A,N/A,N/A,N/A,N/A
2019,MS,Mathematics,8,Multiracial,N/A,N/A,N/A,N/A,N/A,N/A,N/A,N/A,N/A,N/A,N/A,N/A
2019,MO,Mathematics,8,Multiracial,N/A,N/A,N/A,N/A,N/A,N/A,N/A,N/A,N/A,N/A,N/A,N/A
2019,MT,Mathematics,8,Multiracial,N/A,N/A,N/A,N/A,N/A,N/A,N/A,N/A,N/A,N/A,N/A,N/A
2019,NE,Mathematics,8,Multiracial,N/A,N/A,N/A,N/A,N/A,N/A,N/A,N/A,N/A,N/A,N/A,N/A
2019,NV,Mathematics,8,Multiracial,N/A,N/A,N/A,N/A,N/A,N/A,N/A,N/A,N/A,N/A,N/A,N/A
2019,NH,Mathematics,8,Multiracial,N/A,N/A,N/A,N/A,N/A,N/A,N/A,N/A,N/A,N/A,N/A,N/A
2019,NJ,Mathematics,8,Multiracial,N/A,N/A,N/A,N/A,N/A,N/A,N/A,N/A,N/A,N/A,N/A,N/A
2019,NM,Mathematics,8,Multiracial,N/A,N/A,N/A,N/A,N/A,N/A,N/A,N/A,N/A,N/A,N/A,N/A
2019,NY,Mathematics,8,Multiracial,N/A,N/A,N/A,N/A,N/A,N/A,N/A,N/A,N/A,N/A,N/A,N/A
2019,NC,Mathematics,8,Multiracial,N/A,N/A,N/A,N/A,N/A,N/A,N/A,N/A,N/A,N/A,N/A,N/A
2019,ND,Mathematics,8,Multiracial,N/A,N/A,N/A,N/A,N/A,N/A,N/A,N/A,N/A,N/A,N/A,N/A
2019,OH,Mathematics,8,Multiracial,N/A,N/A,N/A,N/A,N/A,N/A,N/A,N/A,N/A,N/A,N/A,N/A
2019,OK,Mathematics,8,Multiracial,N/A,N/A,N/A,N/A,N/A,N/A,N/A,N/A,N/A,N/A,N/A,N/A
2019,OR,Mathematics,8,Multiracial,N/A,N/A,N/A,N/A,N/A,N/A,N/A,N/A,N/A,N/A,N/A,N/A
2019,PA,Mathematics,8,Multiracial,N/A,N/A,N/A,N/A,N/A,N/A,N/A,N/A,N/A,N/A,N/A,N/A
2019,RI,Mathematics,8,Multiracial,N/A,N/A,N/A,N/A,N/A,N/A,N/A,N/A,N/A,N/A,N/A,N/A
2019,SC,Mathematics,8,Multiracial,N/A,N/A,N/A,N/A,N/A,N/A,N/A,N/A,N/A,N/A,N/A,N/A
2019,SD,Mathematics,8,Multiracial,N/A,N/A,N/A,N/A,N/A,N/A,N/A,N/A,N/A,N/A,N/A,N/A
2019,TN,Mathematics,8,Multiracial,N/A,N/A,N/A,N/A,N/A,N/A,N/A,N/A,N/A,N/A,N/A,N/A
2019,TX,Mathematics,8,Multiracial,N/A,N/A,N/A,N/A,N/A,N/A,N/A,N/A,N/A,N/A,N/A,N/A
2019,UT,Mathematics,8,Multiracial,N/A,N/A,N/A,N/A,N/A,N/A,N/A,N/A,N/A,N/A,N/A,N/A
2019,VT,Mathematics,8,Multiracial,N/A,N/A,N/A,N/A,N/A,N/A,N/A,N/A,N/A,N/A,N/A,N/A
2019,VA,Mathematics,8,Multiracial,N/A,N/A,N/A,N/A,N/A,N/A,N/A,N/A,N/A,N/A,N/A,N/A
2019,WA,Mathematics,8,Multiracial,N/A,N/A,N/A,N/A,N/A,N/A,N/A,N/A,N/A,N/A,N/A,N/A
2019,WV,Mathematics,8,Multiracial,N/A,N/A,N/A,N/A,N/A,N/A,N/A,N/A,N/A,N/A,N/A,N/A
2019,WI,Mathematics,8,Multiracial,N/A,N/A,N/A,N/A,N/A,N/A,N/A,N/A,N/A,N/A,N/A,N/A
2019,WY,Mathematics,8,Multiracial,N/A,N/A,N/A,N/A,N/A,N/A,N/A,N/A,N/A,N/A,N/A,N/A
2019,AL,Reading,4,All,211.73,186.58,216.06,241.33,40.47,42.27,29.57,57.73,22.52,28.16,5.63,5.63
2019,AK,Reading,4,All,204.37,175.86,211.79,238.05,46.75,46.75,28.20,53.25,19.75,25.05,5.30,5.30
2019,AZ,Reading,4,All,215.84,190.95,220.15,244.17,39.36,38.65,29.97,61.35,24.21,31.38,7.18,7.18
2019,AR,Reading,4,All,215.05,190.94,220.47,244.18,40.98,37.88,30.93,62.12,24.16,31.19,7.03,7.03
2019,CA,Reading,4,All,216.48,191.37,220.70,245.44,40.69,37.45,30.40,62.55,23.70,32.15,8.44,8.44
2019,CO,Reading,4,All,224.86,202.55,228.96,251.05,37.77,29.20,31.13,70.80,28.79,39.67,10.88,10.88
2019,CT,Reading,4,All,224.35,201.08,229.20,251.95,39.09,29.97,29.91,70.03,28.58,40.12,11.54,11.54
2019,DE,Reading,4,All,217.69,192.28,221.38,245.85,39.52,37.58,29.91,62.42,23.80,32.51,8.71,8.71
2019,DC,Reading,4,All,214.28,186.02,215.79,244.02,41.77,42.84,27.01,57.16,20.52,30.15,9.62,9.62
2019,FL,Reading,4,All,224.71,202.45,227.70,249.19,35.22,29.72,32.61,70.28,28.20,37.67,9.47,9.47
2019,GA,Reading,4,All,217.98,193.28,221.38,245.65,39.68,36.66,31.11,63.34,23.20,32.22,9.03,9.03
2019,HI,Reading,4,All,217.53,191.80,221.93,246.46,39.92,37.45,28.77,62.55,25.34,33.79,8.44,8.44
2019,ID,Reading,4,All,222.51,200.66,227.25,248.89,38.05,30.81,31.74,69.19,28.29,37.44,9.15,9.15
2019,IL,Reading,4,All,218.17,194.10,223.26,246.77,40.42,35.59,30.04,64.41,25.86,34.37,8.51,8.51
2019,IN,Reading,4,All,221.81,198.56,226.04,249.06,38.57,32.67,30.38,67.33,27.24,36.96,9.72,9.72
2019,IA,Reading,4,All,220.50,199.08,225.45,247.09,38.20,32.35,32.56,67.65,27.06,35.09,8.03,8.03
2019,KS,Reading,4,All,219.13,197.38,223.89,246.16,37.99,33.62,32.56,66.38,26.67,33.82,7.15,7.15
2019,KY,Reading,4,All,220.93,198.18,224.52,247.33,37.81,33.21,31.71,66.79,26.40,35.08,8.68,8.68
2019,LA,Reading,4,All,209.87,183.64,212.68,238.80,40.13,45.32,28.96,54.68,19.83,25.72,5.89,5.89
2019,ME,Reading,4,All,221.24,197.83,225.38,248.39,38.12,32.79,31.20,67.21,26.83,36.01,9.19,9.19
2019,MD,Reading,4,All,219.84,193.56,223.33,248.81,41.07,35.78,29.13,64.22,24.04,35.09,11.05,11.05
2019,MA,Reading,4,All,231.09,209.15,234.01,256.34,36.01,24.00,30.61,76.00,31.01,45.39,14.38,14.38
2019,MI,Reading,4,All,218.27,195.09,221.90,244.25,37.01,35.76,32.59,64.24,24.25,31.65,7.39,7.39
2019,MN,Reading,4,All,222.39,200.30,227.74,249.51,38.61,30.71,31.23,69.29,28.62,38.06,9.45,9.45
2019,MS,Reading,4,All,219.34,197.47,221.98,243.90,34.39,34.60,33.88,65.40,25.41,31.52,6.11,6.11
2019,MO,Reading,4,All,218.00,193.80,223.19,246.73,39.58,36.05,29.78,63.95,26.43,34.17,7.74,7.74
2019,MT,Reading,4,All,221.68,200.10,226.70,247.78,37.42,31.17,32.47,68.83,28.33,36.35,8.03,8.03
2019,NE,Reading,4,All,222.36,200.56,226.50,248.62,36.96,31.11,32.08,68.89,28.15,36.81,8.66,8.66
2019,NV,Reading,4,All,217.62,195.05,221.49,243.70,37.21,35.79,33.28,64.21,24.14,30.92,6.78,6.78
2019,NH,Reading,4,All,224.26,202.55,228.09,249.86,36.76,29.13,32.72,70.87,28.39,38.15,9.76,9.76
2019,NJ,Reading,4,All,227.19,204.23,230.82,253.23,36.68,28.01,30.09,71.99,29.73,41.90,12.17,12.17
2019,NM,Reading,4,All,207.56,181.72,211.01,236.50,39.91,46.95,29.32,53.05,19.07,23.72,4.65,4.65
2019,NY,Reading,4,All,219.60,196.01,223.83,246.66,37.77,34.47,31.27,65.53,26.25,34.26,8.00,8.00
2019,NC,Reading,4,All,221.28,197.87,225.22,248.09,37.70,33.16,30.85,66.84,27.04,35.99,8.96,8.96
2019,ND,Reading,4,All,221.18,200.47,224.98,245.81,35.15,31.44,34.21,68.56,27.46,34.35,6.88,6.88
2019,OH,Reading,4,All,221.97,199.73,225.94,247.83,36.77,31.65,32.30,68.35,27.58,36.06,8.48,8.48
2019,OK,Reading,4,All,216.35,195.07,220.13,241.19,35.15,36.68,34.80,63.32,23.72,28.52,4.80,4.80
2019,OR,Reading,4,All,217.72,193.40,222.84,246.77,41.59,36.11,30.13,63.89,24.72,33.76,9.04,9.04
2019,PA,Reading,4,All,223.21,198.81,227.92,252.04,40.05,31.60,28.69,68.40,28.28,39.71,11.43,11.43
2019,RI,Reading,4,All,220.19,196.79,224.15,247.97,39.72,33.95,30.63,66.05,25.97,35.42,9.45,9.45
2019,SC,Reading,4,All,215.98,190.33,219.41,244.88,40.70,38.88,29.33,61.12,23.34,31.79,8.45,8.45
2019,SD,Reading,4,All,222.00,200.72,226.20,247.50,36.53,31.15,32.88,68.85,28.27,35.97,7.70,7.70
2019,TN,Reading,4,All,219.06,195.87,224.31,246.83,39.33,34.35,31.08,65.65,26.32,34.57,8.25,8.25
2019,TX,Reading,4,All,216.04,191.64,219.44,242.96,37.47,38.75,30.98,61.25,23.68,30.27,6.59,6.59
2019,UT,Reading,4,All,225.15,203.48,229.78,250.58,36.80,28.25,31.71,71.75,30.07,40.03,9.96,9.96
2019,VT,Reading,4,All,221.83,199.31,226.66,249.07,38.82,31.51,31.35,68.49,27.70,37.14,9.44,9.44
2019,VA,Reading,4,All,223.64,200.18,227.50,249.77,36.73,31.03,30.70,68.97,28.51,38.27,9.76,9.76
2019,WA,Reading,4,All,219.69,195.35,223.75,247.65,39.70,34.97,29.95,65.03,25.63,35.09,9.46,9.46
2019,WV,Reading,4,All,213.18,188.58,218.96,242.97,41.69,39.86,29.83,60.14,23.82,30.32,6.49,6.49
2019,WI,Reading,4,All,219.70,195.83,224.59,247.95,39.61,34.43,30.05,65.57,26.49,35.52,9.03,9.03
2019,WY,Reading,4,All,226.69,206.07,230.58,250.71,34.84,26.66,32.79,73.34,30.76,40.55,9.80,9.80
2019,AL,Reading,4,White,223.14,202.22,227.85,249.01,36.66,29.57,32.31,70.43,30.05,38.11,8.06,8.06
2019,AK,Reading,4,White,220.62,200.12,226.33,247.28,39.43,30.77,33.70,69.23,27.29,35.53,8.24,8.24
2019,AZ,Reading,4,White,228.32,207.08,233.04,253.65,35.93,25.64,30.32,74.36,32.56,44.05,11.49,11.49
2019,AR,Reading,4,White,222.43,202.86,227.70,248.96,39.15,29.12,33.40,70.88,28.61,37.48,8.87,8.87
2019,CA,Reading,4,White,233.98,214.85,237.48,257.79,34.92,19.21,31.52,80.79,34.23,49.27,15.04,15.04
2019,CO,Reading,4,White,235.46,216.43,238.19,257.83,33.01,18.35,31.33,81.65,35.18,50.32,15.14,15.14
2019,CT,Reading,4,White,236.86,218.55,240.18,259.08,32.61,17.30,29.86,82.70,36.87,52.84,15.97,15.97
2019,DE,Reading,4,White,229.73,208.50,234.85,256.44,37.73,24.64,29.09,75.36,32.60,46.26,13.66,13.66
2019,DC,Reading,4,White,258.10,241.72,259.75,277.71,30.47,5.34,15.48,94.66,41.13,79.19,38.05,38.05
2019,FL,Reading,4,White,233.12,213.67,235.35,254.90,32.29,20.29,33.32,79.71,33.72,46.39,12.67,12.67
2019,GA,Reading,4,White,231.84,210.41,236.64,257.24,36.88,23.16,28.56,76.84,33.47,48.28,14.82,14.82
2019,HI,Reading,4,White,236.84,217.95,242.29,261.26,35.99,18.81,25.45,81.19,37.85,55.73,17.88,17.88
2019,ID,Reading,4,White,227.36,207.06,232.08,252.59,36.99,25.75,31.43,74.25,31.85,42.82,10.97,10.97
2019,IL,Reading,4,White,228.22,207.40,233.72,254.43,38.10,25.50,29.57,74.50,32.45,44.93,12.49,12.49
2019,IN,Reading,4,White,227.83,206.79,232.10,253.37,36.49,25.98,31.14,74.02,31.26,42.88,11.62,11.62
2019,IA,Reading,4,White,225.50,205.93,229.72,249.95,35.83,26.78,33.64,73.22,30.29,39.58,9.30,9.30
2019,KS,Reading,4,White,224.54,204.09,229.33,250.37,36.58,28.19,32.18,71.81,30.54,39.62,9.08,9.08
2019,KY,Reading,4,White,225.22,204.06,228.50,249.80,35.61,28.30,32.90,71.70,29.33,38.80,9.47,9.47
2019,LA,Reading,4,White,223.15,200.27,225.61,249.23,36.89,31.60,31.52,68.40,27.15,36.88,9.73,9.73
2019,ME,Reading,4,White,222.09,199.35,226.23,248.87,37.66,31.70,31.59,68.30,27.42,36.71,9.29,9.29
2019,MD,Reading,4,White,233.65,210.95,236.49,259.08,36.12,22.75,28.92,77.25,31.51,48.32,16.81,16.81
2019,MA,Reading,4,White,238.68,219.80,241.37,261.01,32.52,15.99,29.89,84.01,36.79,54.12,17.33,17.33
2019,MI,Reading,4,White,224.23,203.27,227.86,248.57,35.36,28.90,33.88,71.10,27.99,37.22,9.23,9.23
2019,MN,Reading,4,White,230.80,211.88,234.62,254.09,33.89,22.03,32.45,77.97,33.90,45.52,11.62,11.62
2019,MS,Reading,4,White,229.74,210.71,232.63,251.70,31.93,22.61,34.50,77.39,33.32,42.89,9.57,9.57
2019,MO,Reading,4,White,221.43,198.72,226.91,249.14,38.39,32.11,30.32,67.89,29.10,37.58,8.48,8.48
2019,MT,Reading,4,White,225.96,206.35,230.54,250.49,35.63,26.38,33.21,73.62,31.25,40.41,9.16,9.16
2019,NE,Reading,4,White,230.28,210.77,234.16,254.28,34.38,22.71,32.38,77.29,33.22,44.91,11.69,11.69
2019,NV,Reading,4,White,229.13,209.91,232.81,252.40,34.31,23.36,33.61,76.64,31.81,43.03,11.22,11.22
2019,NH,Reading,4,White,225.59,204.46,228.89,250.24,35.63,27.67,33.45,72.33,29.01,38.87,9.86,9.86
2019,NJ,Reading,4,White,237.80,219.47,240.44,259.64,32.25,16.45,30.16,83.55,37.04,53.39,16.35,16.35
2019,NM,Reading,4,White,224.06,201.73,229.35,252.11,38.87,29.80,29.35,70.20,30.03,40.85,10.82,10.82
2019,NY,Reading,4,White,228.71,209.07,233.59,252.87,34.91,24.11,31.86,75.89,33.43,44.03,10.60,10.60
2019,NC,Reading,4,White,232.18,211.73,237.38,257.29,36.43,22.28,28.46,77.72,34.85,49.27,14.41,14.41
2019,ND,Reading,4,White,225.58,206.06,228.78,248.67,33.40,26.67,35.15,73.33,29.94,38.18,8.24,8.24
2019,OH,Reading,4,White,228.34,208.91,232.13,252.03,34.43,24.23,33.25,75.77,32.25,42.52,10.27,10.27
2019,OK,Reading,4,White,223.06,203.61,226.35,246.00,32.65,29.09,36.23,70.91,28.59,34.67,6.08,6.08
2019,OR,Reading,4,White,223.90,201.14,227.78,250.29,37.84,30.70,31.10,69.30,27.51,38.20,10.69,10.69
2019,PA,Reading,4,White,232.34,211.70,236.57,257.20,35.75,22.24,29.48,77.76,33.95,48.29,14.34,14.34
2019,RI,Reading,4,White,230.07,208.31,234.21,255.40,36.67,24.67,29.78,75.33,32.20,45.55,13.34,13.34
2019,SC,Reading,4,White,229.27,208.20,233.25,255.03,37.83,24.79,30.60,75.21,31.26,44.61,13.35,13.35
2019,SD,Reading,4,White,228.18,208.86,231.62,250.90,33.29,24.32,34.25,75.68,32.15,41.43,9.28,9.28
2019,TN,Reading,4,White,227.45,206.98,232.28,252.66,36.32,25.72,31.57,74.28,31.75,42.71,10.96,10.96
2019,TX,Reading,4,White,231.83,212.43,236.73,255.23,34.22,21.55,30.20,78.45,36.15,48.24,12.09,12.09
2019,UT,Reading,4,White,230.43,211.34,234.74,253.95,34.96,22.56,31.65,77.44,34.09,45.79,11.69,11.69
2019,VT,Reading,4,White,222.11,200.04,226.85,249.08,38.63,31.07,31.68,68.93,27.87,37.25,9.38,9.38
2019,VA,Reading,4,White,231.48,211.30,234.94,254.35,33.40,22.37,31.39,77.63,34.02,46.24,12.22,12.22
2019,WA,Reading,4,White,228.32,206.69,232.00,253.29,36.16,26.04,30.88,73.96,30.75,43.08,12.33,12.33
2019,WV,Reading,4,White,214.01,189.75,220.06,243.64,41.62,38.79,30.09,61.21,24.48,31.12,6.65,6.65
2019,WI,Reading,4,White,226.77,205.83,231.14,252.27,36.34,26.70,31.57,73.30,31.11,41.73,10.63,10.63
2019,WY,Reading,4,White,229.67,209.69,233.28,252.79,33.75,23.67,32.57,76.33,32.87,43.77,10.90,10.90
2019,AL,Reading,4,Black,195.33,171.73,198.04,223.20,38.88,60.14,26.99,39.86,11.45,12.87,1.42,1.42
2019,AK,Reading,4,Black,999.00,999.00,999.00,999.00,999.00,999.00,999.00,999.00,999.00,999.00,999.00,999.00
2019,AZ,Reading,4,Black,205.52,181.38,208.69,233.41,40.57,49.28,29.33,50.72,16.87,21.39,4.52,4.52
2019,AR,Reading,4,Black,196.54,169.39,198.77,225.97,39.05,58.98,25.80,41.02,13.24,15.22,1.98,1.98
2019,CA,Reading,4,Black,196.63,170.19,198.88,229.05,41.43,57.76,24.45,42.24,16.26,17.79,1.54,1.54
2019,CO,Reading,4,Black,211.93,188.84,216.21,237.82,36.30,41.55,33.64,58.45,20.88,24.81,3.93,3.93
2019,CT,Reading,4,Black,204.05,182.04,207.85,228.81,36.00,50.09,33.03,49.91,14.98,16.88,1.90,1.90
2019,DE,Reading,4,Black,202.82,180.92,205.19,228.21,36.06,53.07,31.17,46.93,13.56,15.76,2.21,2.21
2019,DC,Reading,4,Black,203.94,178.69,205.93,231.04,37.69,52.09,28.65,47.91,16.05,19.26,3.21,3.21
2019,FL,Reading,4,Black,210.54,188.53,212.75,235.84,35.37,44.73,32.27,55.27,19.50,23.01,3.50,3.50
2019,GA,Reading,4,Black,204.58,181.76,207.85,229.78,36.43,50.19,32.94,49.81,14.04,16.87,2.83,2.83
2019,HI,Reading,4,Black,999.00,999.00,999.00,999.00,999.00,999.00,999.00,999.00,999.00,999.00,999.00,999.00
2019,ID,Reading,4,Black,999.00,999.00,999.00,999.00,999.00,999.00,999.00,999.00,999.00,999.00,999.00,999.00
2019,IL,Reading,4,Black,200.31,175.93,204.30,229.70,40.44,53.65,29.04,46.35,14.90,17.31,2.41,2.41
2019,IN,Reading,4,Black,199.83,174.17,201.35,228.05,38.91,56.83,26.14,43.17,14.16,17.03,2.87,2.87
2019,IA,Reading,4,Black,191.58,165.19,196.63,221.17,41.36,61.75,27.57,38.25,8.86,10.68,1.82,1.82
2019,KS,Reading,4,Black,198.90,173.96,203.70,227.33,39.01,54.33,30.98,45.67,12.77,14.69,1.92,1.92
2019,KY,Reading,4,Black,199.02,174.65,201.63,224.63,37.94,57.11,28.73,42.89,11.38,14.16,2.78,2.78
2019,LA,Reading,4,Black,195.11,169.77,196.96,222.50,37.95,61.06,26.17,38.94,11.17,12.77,1.60,1.60
2019,ME,Reading,4,Black,203.46,176.89,207.30,231.66,38.61,50.08,31.04,49.92,15.20,18.88,3.68,3.68
2019,MD,Reading,4,Black,206.45,180.11,209.09,234.66,39.56,48.91,28.70,51.09,17.96,22.39,4.42,4.42
2019,MA,Reading,4,Black,213.34,190.67,215.23,237.32,33.70,41.96,33.69,58.04,19.85,24.35,4.50,4.50
2019,MI,Reading,4,Black,198.90,173.48,200.78,225.61,36.38,57.63,27.39,42.37,13.29,14.98,1.69,1.69
2019,MN,Reading,4,Black,200.98,172.74,204.24,230.97,39.74,53.46,27.25,46.54,16.66,19.29,2.63,2.63
2019,MS,Reading,4,Black,208.61,187.53,210.81,232.34,33.14,46.66,33.93,53.34,17.17,19.41,2.24,2.24
2019,MO,Reading,4,Black,199.98,175.16,202.70,228.43,41.48,55.42,26.82,44.58,14.27,17.76,3.49,3.49
2019,MT,Reading,4,Black,999.00,999.00,999.00,999.00,999.00,999.00,999.00,999.00,999.00,999.00,999.00,999.00
2019,NE,Reading,4,Black,198.83,175.67,202.98,226.31,39.18,55.17,29.81,44.83,13.07,15.02,1.94,1.94
2019,NV,Reading,4,Black,199.53,173.46,200.85,227.06,37.94,57.00,27.23,43.00,13.39,15.76,2.37,2.37
2019,NH,Reading,4,Black,999.00,999.00,999.00,999.00,999.00,999.00,999.00,999.00,999.00,999.00,999.00,999.00
2019,NJ,Reading,4,Black,210.99,187.25,211.46,236.33,35.05,45.87,30.67,54.13,19.02,23.45,4.44,4.44
2019,NM,Reading,4,Black,999.00,999.00,999.00,999.00,999.00,999.00,999.00,999.00,999.00,999.00,999.00,999.00
2019,NY,Reading,4,Black,202.97,179.64,205.74,228.10,35.20,52.62,31.40,47.38,14.13,15.98,1.85,1.85
2019,NC,Reading,4,Black,207.64,185.21,210.85,232.71,34.80,47.00,32.91,53.00,17.91,20.09,2.19,2.19
2019,ND,Reading,4,Black,209.28,186.72,213.88,236.66,37.19,43.16,33.20,56.84,21.00,23.64,2.65,2.65
2019,OH,Reading,4,Black,200.27,177.66,201.66,225.86,35.90,56.95,28.23,43.05,13.09,14.82,1.74,1.74
2019,OK,Reading,4,Black,198.57,174.71,200.88,224.65,35.84,57.64,29.04,42.36,11.99,13.31,1.33,1.33
2019,OR,Reading,4,Black,999.00,999.00,999.00,999.00,999.00,999.00,999.00,999.00,999.00,999.00,999.00,999.00
2019,PA,Reading,4,Black,199.02,172.71,201.17,227.28,39.22,56.64,26.79,43.36,13.74,16.57,2.84,2.84
2019,RI,Reading,4,Black,202.02,177.90,209.18,228.20,37.77,48.78,36.49,51.22,12.85,14.73,1.88,1.88
2019,SC,Reading,4,Black,198.51,174.60,201.39,225.46,38.16,56.81,28.56,43.19,12.60,14.63,2.03,2.03
2019,SD,Reading,4,Black,204.75,179.66,207.11,232.78,40.41,51.07,27.58,48.93,16.95,21.35,4.40,4.40
2019,TN,Reading,4,Black,203.86,180.64,207.24,230.16,37.16,50.78,31.64,49.22,14.86,17.58,2.72,2.72
2019,TX,Reading,4,Black,204.70,182.63,206.33,227.93,33.53,51.88,32.39,48.12,13.54,15.72,2.18,2.18
2019,UT,Reading,4,Black,999.00,999.00,999.00,999.00,999.00,999.00,999.00,999.00,999.00,999.00,999.00,999.00
2019,VT,Reading,4,Black,999.00,999.00,999.00,999.00,999.00,999.00,999.00,999.00,999.00,999.00,999.00,999.00
2019,VA,Reading,4,Black,207.33,184.19,208.76,232.20,35.05,49.16,31.42,50.84,16.20,19.42,3.22,3.22
2019,WA,Reading,4,Black,209.16,190.68,212.64,234.37,36.09,44.66,34.36,55.34,18.55,20.97,2.42,2.42
2019,WV,Reading,4,Black,199.90,175.24,202.69,226.13,39.30,55.06,28.99,44.94,12.88,15.95,3.07,3.07
2019,WI,Reading,4,Black,187.68,161.25,188.17,214.94,39.12,69.07,20.20,30.93,9.55,10.73,1.18,1.18
2019,WY,Reading,4,Black,999.00,999.00,999.00,999.00,999.00,999.00,999.00,999.00,999.00,999.00,999.00,999.00
2019,AL,Reading,4,Hispanic,198.38,169.07,200.94,232.00,43.73,56.44,23.32,43.56,16.49,20.24,3.74,3.74
2019,AK,Reading,4,Hispanic,205.98,182.55,210.12,233.83,40.02,47.73,30.84,52.27,17.96,21.43,3.47,3.47
2019,AZ,Reading,4,Hispanic,205.04,181.10,208.71,232.68,38.23,49.34,30.85,50.66,16.97,19.81,2.84,2.84
2019,AR,Reading,4,Hispanic,210.79,185.58,214.13,240.18,41.41,43.90,29.36,56.10,20.51,26.74,6.24,6.24
2019,CA,Reading,4,Hispanic,206.76,182.26,211.04,234.38,38.97,46.82,31.48,53.18,18.02,21.69,3.67,3.67
2019,CO,Reading,4,Hispanic,208.42,183.97,212.10,235.78,38.36,45.66,31.37,54.34,18.90,22.97,4.07,4.07
2019,CT,Reading,4,Hispanic,203.82,177.62,207.77,232.28,40.11,49.98,29.99,50.02,16.30,20.03,3.73,3.73
2019,DE,Reading,4,Hispanic,208.89,184.81,211.86,235.42,36.17,46.38,31.23,53.62,18.97,22.39,3.42,3.42
2019,DC,Reading,4,Hispanic,212.76,187.67,214.78,240.42,39.61,42.92,30.22,57.08,19.65,26.86,7.21,7.21
2019,FL,Reading,4,Hispanic,221.31,198.31,223.80,246.26,34.97,33.81,32.31,66.19,26.08,33.88,7.80,7.80
2019,GA,Reading,4,Hispanic,208.88,185.20,213.66,235.54,38.77,44.03,33.38,55.97,18.35,22.59,4.24,4.24
2019,HI,Reading,4,Hispanic,213.17,188.53,216.86,239.93,37.86,41.47,31.37,58.53,21.39,27.17,5.78,5.78
2019,ID,Reading,4,Hispanic,205.03,182.73,207.71,230.43,36.71,50.30,31.75,49.70,14.81,17.95,3.14,3.14
2019,IL,Reading,4,Hispanic,207.86,183.56,212.70,235.59,38.89,45.32,32.02,54.68,19.07,22.67,3.59,3.59
2019,IN,Reading,4,Hispanic,210.68,188.48,213.75,237.44,37.89,43.75,31.87,56.25,19.80,24.37,4.57,4.57
2019,IA,Reading,4,Hispanic,206.40,183.74,210.33,233.30,37.81,47.38,32.21,52.62,18.14,20.41,2.27,2.27
2019,KS,Reading,4,Hispanic,208.10,186.19,212.37,234.08,37.96,45.18,33.83,54.82,17.64,20.99,3.35,3.35
2019,KY,Reading,4,Hispanic,206.29,178.62,209.92,237.19,43.32,48.31,27.19,51.69,18.63,24.50,5.88,5.88
2019,LA,Reading,4,Hispanic,206.28,176.80,210.18,236.74,41.93,47.34,28.87,52.66,18.52,23.79,5.28,5.28
2019,ME,Reading,4,Hispanic,999.00,999.00,999.00,999.00,999.00,999.00,999.00,999.00,999.00,999.00,999.00,999.00
2019,MD,Reading,4,Hispanic,206.53,178.94,211.13,234.90,40.81,46.99,30.93,53.01,16.77,22.08,5.31,5.31
2019,MA,Reading,4,Hispanic,212.47,189.47,215.13,237.76,36.31,41.98,33.19,58.02,20.00,24.83,4.83,4.83
2019,MI,Reading,4,Hispanic,207.21,185.48,208.08,230.14,33.07,49.89,31.86,50.11,15.87,18.25,2.38,2.38
2019,MN,Reading,4,Hispanic,202.15,176.61,207.86,231.27,41.44,50.07,30.55,49.93,16.00,19.38,3.38,3.38
2019,MS,Reading,4,Hispanic,220.54,196.47,222.68,246.31,36.38,34.26,32.15,65.74,25.11,33.59,8.48,8.48
2019,MO,Reading,4,Hispanic,212.93,188.17,215.61,240.36,37.86,42.95,29.47,57.05,21.86,27.58,5.72,5.72
2019,MT,Reading,4,Hispanic,213.67,190.57,218.72,239.16,36.73,39.52,34.09,60.48,21.79,26.39,4.60,4.60
2019,NE,Reading,4,Hispanic,210.06,187.71,213.37,235.71,34.26,44.05,33.39,55.95,20.03,22.56,2.52,2.52
2019,NV,Reading,4,Hispanic,211.75,190.06,215.61,237.01,36.47,41.63,34.33,58.37,20.00,24.03,4.04,4.04
2019,NH,Reading,4,Hispanic,207.99,177.02,211.27,239.32,43.79,46.82,27.16,53.18,18.14,26.02,7.88,7.88
2019,NJ,Reading,4,Hispanic,212.56,189.26,215.71,239.20,36.61,42.04,31.89,57.96,21.42,26.07,4.65,4.65
2019,NM,Reading,4,Hispanic,203.15,178.73,207.02,230.92,38.48,51.02,30.25,48.98,16.25,18.73,2.48,2.48
2019,NY,Reading,4,Hispanic,208.86,185.44,212.26,235.34,36.92,45.26,32.46,54.74,18.67,22.29,3.62,3.62
2019,NC,Reading,4,Hispanic,210.75,188.14,214.09,236.14,35.74,43.15,33.90,56.85,19.66,22.96,3.30,3.30
2019,ND,Reading,4,Hispanic,209.00,183.84,213.19,237.01,35.68,43.71,32.09,56.29,22.25,24.20,1.95,1.95
2019,OH,Reading,4,Hispanic,210.99,190.15,214.19,235.25,34.11,43.17,34.68,56.83,18.89,22.15,3.25,3.25
2019,OK,Reading,4,Hispanic,206.01,184.52,209.44,231.45,35.82,48.41,33.02,51.59,16.30,18.57,2.27,2.27
2019,OR,Reading,4,Hispanic,198.50,171.65,205.43,229.65,44.34,52.49,30.10,47.51,14.46,17.40,2.95,2.95
2019,PA,Reading,4,Hispanic,201.04,175.02,204.83,230.30,40.70,53.20,28.35,46.80,15.37,18.45,3.08,3.08
2019,RI,Reading,4,Hispanic,204.64,180.86,208.01,232.88,40.10,49.83,29.78,50.17,16.47,20.39,3.91,3.91
2019,SC,Reading,4,Hispanic,210.58,184.24,211.97,239.80,38.39,46.06,27.05,53.94,21.18,26.89,5.70,5.70
2019,SD,Reading,4,Hispanic,202.34,177.88,205.06,231.02,41.18,52.96,27.44,47.04,15.92,19.60,3.68,3.68
2019,TN,Reading,4,Hispanic,201.92,173.28,207.23,233.71,43.01,50.79,28.18,49.21,16.97,21.03,4.05,4.05
2019,TX,Reading,4,Hispanic,207.57,184.13,210.35,234.15,36.49,47.54,31.35,52.46,17.83,21.11,3.28,3.28
2019,UT,Reading,4,Hispanic,206.92,183.76,210.91,232.45,36.11,46.77,33.46,53.23,17.04,19.77,2.73,2.73
2019,VT,Reading,4,Hispanic,999.00,999.00,999.00,999.00,999.00,999.00,999.00,999.00,999.00,999.00,999.00,999.00
2019,VA,Reading,4,Hispanic,210.62,186.24,215.40,238.63,37.94,42.59,31.87,57.41,21.61,25.54,3.93,3.93
2019,WA,Reading,4,Hispanic,201.71,175.39,204.48,231.44,40.71,53.33,27.28,46.67,15.75,19.40,3.65,3.65
2019,WV,Reading,4,Hispanic,999.00,999.00,999.00,999.00,999.00,999.00,999.00,999.00,999.00,999.00,999.00,999.00
2019,WI,Reading,4,Hispanic,207.51,183.50,210.12,235.35,39.70,47.37,29.94,52.63,17.81,22.69,4.87,4.87
2019,WY,Reading,4,Hispanic,217.59,196.65,222.19,242.34,36.36,34.58,35.15,65.42,24.38,30.27,5.89,5.89
2019,AL,Reading,4,Asian,999.00,999.00,999.00,999.00,999.00,999.00,999.00,999.00,999.00,999.00,999.00,999.00
2019,AK,Reading,4,Asian,201.56,172.15,205.52,233.78,44.70,52.01,27.01,47.99,15.74,20.98,5.23,5.23
2019,AZ,Reading,4,Asian,235.09,210.78,240.39,262.40,39.83,23.37,23.50,76.63,33.48,53.13,19.65,19.65
2019,AR,Reading,4,Asian,218.59,193.64,227.07,249.57,44.19,34.07,28.02,65.93,27.38,37.91,10.53,10.53
2019,CA,Reading,4,Asian,237.49,216.96,244.16,265.09,40.14,19.94,23.77,80.06,34.06,56.29,22.23,22.23
2019,CO,Reading,4,Asian,228.98,203.16,233.11,255.77,40.17,28.11,26.81,71.89,29.35,45.09,15.73,15.73
2019,CT,Reading,4,Asian,247.70,228.24,249.35,270.21,31.04,10.58,24.93,89.42,37.71,64.50,26.79,26.79
2019,DE,Reading,4,Asian,250.87,232.83,253.22,275.13,37.95,9.95,20.15,90.05,37.16,69.91,32.74,32.74
2019,DC,Reading,4,Asian,999.00,999.00,999.00,999.00,999.00,999.00,999.00,999.00,999.00,999.00,999.00,999.00
2019,FL,Reading,4,Asian,248.59,231.35,251.82,272.50,35.24,11.73,19.14,88.27,39.68,69.13,29.45,29.45
2019,GA,Reading,4,Asian,245.99,223.81,249.81,272.25,37.49,12.93,25.15,87.07,32.74,61.92,29.18,29.18
2019,HI,Reading,4,Asian,211.92,185.27,215.74,241.67,40.62,43.14,28.13,56.86,22.21,28.73,6.52,6.52
2019,ID,Reading,4,Asian,999.00,999.00,999.00,999.00,999.00,999.00,999.00,999.00,999.00,999.00,999.00,999.00
2019,IL,Reading,4,Asian,238.08,218.53,243.29,262.66,34.96,17.80,25.60,82.20,38.08,56.60,18.52,18.52
2019,IN,Reading,4,Asian,232.68,209.15,236.59,259.50,37.32,23.72,27.92,76.28,30.62,48.36,17.75,17.75
2019,IA,Reading,4,Asian,220.29,192.55,224.60,250.39,40.61,36.23,25.80,63.77,27.48,37.96,10.48,10.48
2019,KS,Reading,4,Asian,224.82,211.63,234.68,251.60,40.10,23.75,31.07,76.25,37.20,45.18,7.99,7.99
2019,KY,Reading,4,Asian,234.51,205.94,236.48,265.35,41.60,26.23,24.39,73.77,27.43,49.38,21.95,21.95
2019,LA,Reading,4,Asian,999.00,999.00,999.00,999.00,999.00,999.00,999.00,999.00,999.00,999.00,999.00,999.00
2019,ME,Reading,4,Asian,999.00,999.00,999.00,999.00,999.00,999.00,999.00,999.00,999.00,999.00,999.00,999.00
2019,MD,Reading,4,Asian,246.58,227.03,248.29,269.29,34.46,11.30,25.59,88.70,36.24,63.11,26.87,26.87
2019,MA,Reading,4,Asian,244.95,225.42,247.27,267.89,31.12,11.42,27.26,88.58,36.34,61.32,24.98,24.98
2019,MI,Reading,4,Asian,233.62,216.77,234.30,253.07,32.97,17.67,38.26,82.33,29.54,44.07,14.53,14.53
2019,MN,Reading,4,Asian,223.46,200.23,226.93,253.28,40.43,31.55,30.04,68.45,25.39,38.41,13.02,13.02
2019,MS,Reading,4,Asian,999.00,999.00,999.00,999.00,999.00,999.00,999.00,999.00,999.00,999.00,999.00,999.00
2019,MO,Reading,4,Asian,999.00,999.00,999.00,999.00,999.00,999.00,999.00,999.00,999.00,999.00,999.00,999.00
2019,MT,Reading,4,Asian,999.00,999.00,999.00,999.00,999.00,999.00,999.00,999.00,999.00,999.00,999.00,999.00
2019,NE,Reading,4,Asian,999.00,999.00,999.00,999.00,999.00,999.00,999.00,999.00,999.00,999.00,999.00,999.00
2019,NV,Reading,4,Asian,229.83,210.76,233.04,254.31,35.70,23.03,33.10,76.97,31.98,43.87,11.89,11.89
2019,NH,Reading,4,Asian,231.77,211.08,235.79,257.35,35.65,22.74,29.77,77.26,32.17,47.48,15.31,15.31
2019,NJ,Reading,4,Asian,247.02,226.90,249.41,268.53,29.85,10.55,25.84,89.45,37.83,63.61,25.78,25.78
2019,NM,Reading,4,Asian,999.00,999.00,999.00,999.00,999.00,999.00,999.00,999.00,999.00,999.00,999.00,999.00
2019,NY,Reading,4,Asian,234.74,213.20,239.12,259.83,36.18,21.44,27.36,78.56,34.35,51.19,16.84,16.84
2019,NC,Reading,4,Asian,240.76,220.61,244.31,263.95,33.45,16.03,26.86,83.97,36.01,57.11,21.10,21.10
2019,ND,Reading,4,Asian,213.22,186.73,215.98,245.57,41.23,43.04,23.76,56.96,26.37,33.21,6.83,6.83
2019,OH,Reading,4,Asian,244.08,224.80,247.74,267.35,31.75,14.20,24.87,85.80,36.66,60.92,24.27,24.27
2019,OK,Reading,4,Asian,999.00,999.00,999.00,999.00,999.00,999.00,999.00,999.00,999.00,999.00,999.00,999.00
2019,OR,Reading,4,Asian,221.04,193.43,226.07,253.33,45.10,34.91,25.83,65.09,25.35,39.25,13.91,13.91
2019,PA,Reading,4,Asian,245.86,226.91,251.36,269.44,34.55,12.94,21.97,87.06,38.12,65.08,26.97,26.97
2019,RI,Reading,4,Asian,223.11,203.94,226.94,251.35,40.78,28.84,32.20,71.16,27.82,38.96,11.13,11.13
2019,SC,Reading,4,Asian,999.00,999.00,999.00,999.00,999.00,999.00,999.00,999.00,999.00,999.00,999.00,999.00
2019,SD,Reading,4,Asian,999.00,999.00,999.00,999.00,999.00,999.00,999.00,999.00,999.00,999.00,999.00,999.00
2019,TN,Reading,4,Asian,999.00,999.00,999.00,999.00,999.00,999.00,999.00,999.00,999.00,999.00,999.00,999.00
2019,TX,Reading,4,Asian,245.02,226.87,247.46,266.94,31.75,12.34,24.82,87.66,38.99,62.83,23.84,23.84
2019,UT,Reading,4,Asian,228.27,201.80,231.28,254.70,36.74,29.61,28.27,70.39,27.36,42.12,14.76,14.76
2019,VT,Reading,4,Asian,999.00,999.00,999.00,999.00,999.00,999.00,999.00,999.00,999.00,999.00,999.00,999.00
2019,VA,Reading,4,Asian,243.97,225.13,249.01,267.73,33.98,14.43,22.57,85.57,37.96,63.00,25.04,25.04
2019,WA,Reading,4,Asian,228.32,204.38,231.91,255.45,40.40,27.43,29.25,72.57,28.06,43.33,15.26,15.26
2019,WV,Reading,4,Asian,999.00,999.00,999.00,999.00,999.00,999.00,999.00,999.00,999.00,999.00,999.00,999.00
2019,WI,Reading,4,Asian,222.77,196.51,222.02,249.86,39.17,35.70,29.19,64.30,20.80,35.11,14.31,14.31
2019,WY,Reading,4,Asian,999.00,999.00,999.00,999.00,999.00,999.00,999.00,999.00,999.00,999.00,999.00,999.00
2019,AL,Reading,4,American Indian or Alaskan Native,999.00,999.00,999.00,999.00,999.00,999.00,999.00,999.00,999.00,999.00,999.00,999.00
2019,AK,Reading,4,American Indian or Alaskan Native,172.98,141.27,175.23,208.00,49.16,75.05,16.03,24.95,7.51,8.92,1.41,1.41
2019,AZ,Reading,4,American Indian or Alaskan Native,196.09,170.17,194.18,224.34,37.75,62.43,21.88,37.57,13.76,15.69,1.94,1.94
2019,AR,Reading,4,American Indian or Alaskan Native,999.00,999.00,999.00,999.00,999.00,999.00,999.00,999.00,999.00,999.00,999.00,999.00
2019,CA,Reading,4,American Indian or Alaskan Native,999.00,999.00,999.00,999.00,999.00,999.00,999.00,999.00,999.00,999.00,999.00,999.00
2019,CO,Reading,4,American Indian or Alaskan Native,999.00,999.00,999.00,999.00,999.00,999.00,999.00,999.00,999.00,999.00,999.00,999.00
2019,CT,Reading,4,American Indian or Alaskan Native,999.00,999.00,999.00,999.00,999.00,999.00,999.00,999.00,999.00,999.00,999.00,999.00
2019,DE,Reading,4,American Indian or Alaskan Native,999.00,999.00,999.00,999.00,999.00,999.00,999.00,999.00,999.00,999.00,999.00,999.00
2019,DC,Reading,4,American Indian or Alaskan Native,999.00,999.00,999.00,999.00,999.00,999.00,999.00,999.00,999.00,999.00,999.00,999.00
2019,FL,Reading,4,American Indian or Alaskan Native,999.00,999.00,999.00,999.00,999.00,999.00,999.00,999.00,999.00,999.00,999.00,999.00
2019,GA,Reading,4,American Indian or Alaskan Native,999.00,999.00,999.00,999.00,999.00,999.00,999.00,999.00,999.00,999.00,999.00,999.00
2019,HI,Reading,4,American Indian or Alaskan Native,999.00,999.00,999.00,999.00,999.00,999.00,999.00,999.00,999.00,999.00,999.00,999.00
2019,ID,Reading,4,American Indian or Alaskan Native,999.00,999.00,999.00,999.00,999.00,999.00,999.00,999.00,999.00,999.00,999.00,999.00
2019,IL,Reading,4,American Indian or Alaskan Native,999.00,999.00,999.00,999.00,999.00,999.00,999.00,999.00,999.00,999.00,999.00,999.00
2019,IN,Reading,4,American Indian or Alaskan Native,999.00,999.00,999.00,999.00,999.00,999.00,999.00,999.00,999.00,999.00,999.00,999.00
2019,IA,Reading,4,American Indian or Alaskan Native,999.00,999.00,999.00,999.00,999.00,999.00,999.00,999.00,999.00,999.00,999.00,999.00
2019,KS,Reading,4,American Indian or Alaskan Native,999.00,999.00,999.00,999.00,999.00,999.00,999.00,999.00,999.00,999.00,999.00,999.00
2019,KY,Reading,4,American Indian or Alaskan Native,999.00,999.00,999.00,999.00,999.00,999.00,999.00,999.00,999.00,999.00,999.00,999.00
2019,LA,Reading,4,American Indian or Alaskan Native,999.00,999.00,999.00,999.00,999.00,999.00,999.00,999.00,999.00,999.00,999.00,999.00
2019,ME,Reading,4,American Indian or Alaskan Native,999.00,999.00,999.00,999.00,999.00,999.00,999.00,999.00,999.00,999.00,999.00,999.00
2019,MD,Reading,4,American Indian or Alaskan Native,999.00,999.00,999.00,999.00,999.00,999.00,999.00,999.00,999.00,999.00,999.00,999.00
2019,MA,Reading,4,American Indian or Alaskan Native,999.00,999.00,999.00,999.00,999.00,999.00,999.00,999.00,999.00,999.00,999.00,999.00
2019,MI,Reading,4,American Indian or Alaskan Native,999.00,999.00,999.00,999.00,999.00,999.00,999.00,999.00,999.00,999.00,999.00,999.00
2019,MN,Reading,4,American Indian or Alaskan Native,194.37,167.66,194.71,219.62,38.21,64.47,21.46,35.53,11.59,14.07,2.48,2.48
2019,MS,Reading,4,American Indian or Alaskan Native,999.00,999.00,999.00,999.00,999.00,999.00,999.00,999.00,999.00,999.00,999.00,999.00
2019,MO,Reading,4,American Indian or Alaskan Native,999.00,999.00,999.00,999.00,999.00,999.00,999.00,999.00,999.00,999.00,999.00,999.00
2019,MT,Reading,4,American Indian or Alaskan Native,193.80,166.80,194.81,222.65,38.43,62.72,24.48,37.28,11.20,12.79,1.59,1.59
2019,NE,Reading,4,American Indian or Alaskan Native,186.38,159.85,184.94,213.35,39.68,71.81,16.49,28.19,10.24,11.70,1.46,1.46
2019,NV,Reading,4,American Indian or Alaskan Native,999.00,999.00,999.00,999.00,999.00,999.00,999.00,999.00,999.00,999.00,999.00,999.00
2019,NH,Reading,4,American Indian or Alaskan Native,999.00,999.00,999.00,999.00,999.00,999.00,999.00,999.00,999.00,999.00,999.00,999.00
2019,NJ,Reading,4,American Indian or Alaskan Native,999.00,999.00,999.00,999.00,999.00,999.00,999.00,999.00,999.00,999.00,999.00,999.00
2019,NM,Reading,4,American Indian or Alaskan Native,192.97,168.99,193.01,217.25,35.74,65.82,23.55,34.18,9.28,10.63,1.34,1.34
2019,NY,Reading,4,American Indian or Alaskan Native,999.00,999.00,999.00,999.00,999.00,999.00,999.00,999.00,999.00,999.00,999.00,999.00
2019,NC,Reading,4,American Indian or Alaskan Native,199.95,173.56,203.47,229.39,40.42,53.66,30.82,46.34,13.22,15.52,2.31,2.31
2019,ND,Reading,4,American Indian or Alaskan Native,201.56,177.76,204.26,227.83,34.65,53.48,31.08,46.52,14.32,15.45,1.13,1.13
2019,OH,Reading,4,American Indian or Alaskan Native,999.00,999.00,999.00,999.00,999.00,999.00,999.00,999.00,999.00,999.00,999.00,999.00
2019,OK,Reading,4,American Indian or Alaskan Native,215.66,194.88,219.75,239.43,33.49,36.79,36.26,63.21,23.15,26.95,3.80,3.80
2019,OR,Reading,4,American Indian or Alaskan Native,198.53,167.69,203.31,229.49,44.91,54.87,25.32,45.13,15.33,19.81,4.48,4.48
2019,PA,Reading,4,American Indian or Alaskan Native,999.00,999.00,999.00,999.00,999.00,999.00,999.00,999.00,999.00,999.00,999.00,999.00
2019,RI,Reading,4,American Indian or Alaskan Native,999.00,999.00,999.00,999.00,999.00,999.00,999.00,999.00,999.00,999.00,999.00,999.00
2019,SC,Reading,4,American Indian or Alaskan Native,999.00,999.00,999.00,999.00,999.00,999.00,999.00,999.00,999.00,999.00,999.00,999.00
2019,SD,Reading,4,American Indian or Alaskan Native,197.50,173.07,199.31,224.46,38.04,58.74,27.02,41.26,12.57,14.24,1.66,1.66
2019,TN,Reading,4,American Indian or Alaskan Native,999.00,999.00,999.00,999.00,999.00,999.00,999.00,999.00,999.00,999.00,999.00,999.00
2019,TX,Reading,4,American Indian or Alaskan Native,999.00,999.00,999.00,999.00,999.00,999.00,999.00,999.00,999.00,999.00,999.00,999.00
2019,UT,Reading,4,American Indian or Alaskan Native,190.55,165.28,192.42,215.05,35.92,68.31,24.48,31.69,4.51,7.21,2.70,2.70
2019,VT,Reading,4,American Indian or Alaskan Native,999.00,999.00,999.00,999.00,999.00,999.00,999.00,999.00,999.00,999.00,999.00,999.00
2019,VA,Reading,4,American Indian or Alaskan Native,999.00,999.00,999.00,999.00,999.00,999.00,999.00,999.00,999.00,999.00,999.00,999.00
2019,WA,Reading,4,American Indian or Alaskan Native,203.54,181.70,207.81,231.74,41.46,50.48,29.06,49.52,16.39,20.46,4.07,4.07
2019,WV,Reading,4,American Indian or Alaskan Native,999.00,999.00,999.00,999.00,999.00,999.00,999.00,999.00,999.00,999.00,999.00,999.00
2019,WI,Reading,4,American Indian or Alaskan Native,198.30,171.09,201.68,231.52,42.10,55.91,25.32,44.09,16.05,18.76,2.71,2.71
2019,WY,Reading,4,American Indian or Alaskan Native,201.55,177.17,203.60,226.92,34.85,54.28,30.98,45.72,12.93,14.74,1.81,1.81
2019,AL,Reading,4,Hawaiian,999.00,999.00,999.00,999.00,999.00,999.00,999.00,999.00,999.00,999.00,999.00,999.00
2019,AK,Reading,4,Hawaiian,209.84,185.79,216.03,239.45,41.26,42.81,30.54,57.19,22.14,26.65,4.51,4.51
2019,AZ,Reading,4,Hawaiian,226.77,206.61,230.65,252.19,34.00,25.98,32.79,74.02,32.00,41.23,9.24,9.24
2019,AR,Reading,4,Hawaiian,999.00,999.00,999.00,999.00,999.00,999.00,999.00,999.00,999.00,999.00,999.00,999.00
2019,CA,Reading,4,Hawaiian,232.56,213.64,234.74,255.45,33.21,20.46,33.52,79.54,31.76,46.02,14.26,14.26
2019,CO,Reading,4,Hawaiian,232.13,211.05,237.67,257.17,37.27,22.72,28.24,77.28,34.98,49.05,14.06,14.06
2019,CT,Reading,4,Hawaiian,231.34,208.51,236.08,257.53,38.02,24.32,27.91,75.68,32.36,47.77,15.41,15.41
2019,DE,Reading,4,Hawaiian,215.21,192.99,218.02,241.75,39.14,38.69,33.38,61.31,20.33,27.93,7.60,7.60
2019,DC,Reading,4,Hawaiian,250.20,230.06,255.63,274.91,34.54,10.21,21.42,89.79,35.31,68.36,33.05,33.05
2019,FL,Reading,4,Hawaiian,221.90,201.50,224.30,246.01,33.97,29.34,37.40,70.66,26.18,33.26,7.08,7.08
2019,GA,Reading,4,Hawaiian,224.95,204.89,228.14,248.27,37.35,27.27,35.47,72.73,27.28,37.26,9.99,9.99
2019,HI,Reading,4,Hawaiian,223.03,199.30,227.97,249.93,38.10,31.52,29.95,68.48,28.74,38.53,9.79,9.79
2019,ID,Reading,4,Hawaiian,224.36,208.83,228.32,248.56,35.18,24.79,37.95,75.21,29.59,37.27,7.68,7.68
2019,IL,Reading,4,Hawaiian,228.81,206.64,231.67,252.32,34.87,25.87,31.10,74.13,31.00,43.03,12.03,12.03
2019,IN,Reading,4,Hawaiian,218.66,193.38,220.81,247.04,39.20,37.43,29.34,62.57,24.54,33.23,8.69,8.69
2019,IA,Reading,4,Hawaiian,221.12,195.86,223.68,248.88,38.59,35.05,29.80,64.95,25.66,35.14,9.48,9.48
2019,KS,Reading,4,Hawaiian,220.09,199.32,224.14,245.75,35.48,32.35,33.60,67.65,28.30,34.05,5.74,5.74
2019,KY,Reading,4,Hawaiian,219.60,194.65,222.09,247.19,36.92,36.58,30.04,63.42,24.54,33.38,8.83,8.83
2019,LA,Reading,4,Hawaiian,220.75,197.61,226.53,248.14,37.56,31.86,31.17,68.14,29.27,36.97,7.70,7.70
2019,ME,Reading,4,Hawaiian,218.50,193.02,222.02,246.47,40.65,36.31,29.97,63.69,25.22,33.72,8.51,8.51
2019,MD,Reading,4,Hawaiian,232.91,209.07,233.82,259.81,39.31,24.32,30.54,75.68,26.99,45.14,18.15,18.15
2019,MA,Reading,4,Hawaiian,252.58,228.78,256.74,278.04,35.91,10.67,22.07,89.33,30.28,67.26,36.98,36.98
2019,MI,Reading,4,Hawaiian,220.12,197.95,224.66,248.23,39.22,33.12,32.11,66.88,26.52,34.77,8.25,8.25
2019,MN,Reading,4,Hawaiian,221.41,200.56,229.84,250.17,40.47,30.03,30.92,69.97,29.65,39.05,9.41,9.41
2019,MS,Reading,4,Hawaiian,999.00,999.00,999.00,999.00,999.00,999.00,999.00,999.00,999.00,999.00,999.00,999.00
2019,MO,Reading,4,Hawaiian,221.66,198.85,226.81,246.75,36.27,32.23,32.39,67.77,27.62,35.38,7.75,7.75
2019,MT,Reading,4,Hawaiian,221.41,201.44,225.50,245.64,37.10,30.72,35.36,69.28,27.24,33.92,6.68,6.68
2019,NE,Reading,4,Hawaiian,212.51,191.38,219.30,239.80,38.37,37.95,34.82,62.05,23.75,27.23,3.48,3.48
2019,NV,Reading,4,Hawaiian,224.49,204.68,226.94,247.38,32.11,28.04,36.65,71.96,28.07,35.31,7.23,7.23
2019,NH,Reading,4,Hawaiian,999.00,999.00,999.00,999.00,999.00,999.00,999.00,999.00,999.00,999.00,999.00,999.00
2019,NJ,Reading,4,Hawaiian,999.00,999.00,999.00,999.00,999.00,999.00,999.00,999.00,999.00,999.00,999.00,999.00
2019,NM,Reading,4,Hawaiian,999.00,999.00,999.00,999.00,999.00,999.00,999.00,999.00,999.00,999.00,999.00,999.00
2019,NY,Reading,4,Hawaiian,232.28,209.52,241.06,262.08,42.97,24.15,22.52,75.85,35.34,53.33,17.98,17.98
2019,NC,Reading,4,Hawaiian,227.22,206.75,231.08,250.35,33.64,26.52,33.59,73.48,29.83,39.89,10.06,10.06
2019,ND,Reading,4,Hawaiian,999.00,999.00,999.00,999.00,999.00,999.00,999.00,999.00,999.00,999.00,999.00,999.00
2019,OH,Reading,4,Hawaiian,214.32,192.63,219.84,239.74,38.57,37.65,35.10,62.35,21.30,27.25,5.95,5.95
2019,OK,Reading,4,Hawaiian,219.77,200.48,224.05,243.42,34.29,31.46,37.01,68.54,26.33,31.53,5.20,5.20
2019,OR,Reading,4,Hawaiian,227.91,205.70,236.12,255.57,40.73,26.25,26.57,73.75,34.33,47.18,12.85,12.85
2019,PA,Reading,4,Hawaiian,218.27,194.55,222.69,246.75,40.30,34.67,30.77,65.33,26.08,34.56,8.48,8.48
2019,RI,Reading,4,Hawaiian,219.70,198.30,224.53,244.11,35.27,32.94,34.36,67.06,26.45,32.70,6.25,6.25
2019,SC,Reading,4,Hawaiian,212.52,183.47,215.45,242.83,39.46,43.11,26.78,56.89,22.94,30.11,7.17,7.17
2019,SD,Reading,4,Hawaiian,218.85,199.11,223.85,244.10,35.29,32.88,34.87,67.12,27.30,32.24,4.94,4.94
2019,TN,Reading,4,Hawaiian,226.15,203.74,230.61,250.71,36.90,29.24,30.45,70.76,30.17,40.31,10.14,10.14
2019,TX,Reading,4,Hawaiian,225.38,207.20,227.33,246.44,30.21,25.98,36.27,74.02,32.11,37.75,5.64,5.64
2019,UT,Reading,4,Hawaiian,226.49,204.50,232.54,251.69,38.32,27.22,29.65,72.78,30.59,43.13,12.54,12.54
2019,VT,Reading,4,Hawaiian,228.93,204.37,230.84,255.38,35.69,27.93,29.05,72.07,29.02,43.02,14.00,14.00
2019,VA,Reading,4,Hawaiian,227.55,203.77,233.69,252.20,35.50,27.49,28.53,72.51,33.50,43.98,10.48,10.48
2019,WA,Reading,4,Hawaiian,227.03,204.38,230.95,251.65,36.19,27.84,30.67,72.16,30.35,41.49,11.15,11.15
2019,WV,Reading,4,Hawaiian,203.06,179.88,206.99,233.40,41.42,51.23,27.74,48.77,18.77,21.04,2.26,2.26
2019,WI,Reading,4,Hawaiian,219.43,196.03,225.82,247.76,41.56,32.63,31.75,67.37,26.37,35.62,9.25,9.25
2019,WY,Reading,4,Hawaiian,999.00,999.00,999.00,999.00,999.00,999.00,999.00,999.00,999.00,999.00,999.00,999.00
2019,AL,Reading,4,Multiracial,N/A,N/A,N/A,N/A,N/A,N/A,N/A,N/A,N/A,N/A,N/A,N/A
2019,AK,Reading,4,Multiracial,N/A,N/A,N/A,N/A,N/A,N/A,N/A,N/A,N/A,N/A,N/A,N/A
2019,AZ,Reading,4,Multiracial,N/A,N/A,N/A,N/A,N/A,N/A,N/A,N/A,N/A,N/A,N/A,N/A
2019,AR,Reading,4,Multiracial,N/A,N/A,N/A,N/A,N/A,N/A,N/A,N/A,N/A,N/A,N/A,N/A
2019,CA,Reading,4,Multiracial,N/A,N/A,N/A,N/A,N/A,N/A,N/A,N/A,N/A,N/A,N/A,N/A
2019,CO,Reading,4,Multiracial,N/A,N/A,N/A,N/A,N/A,N/A,N/A,N/A,N/A,N/A,N/A,N/A
2019,CT,Reading,4,Multiracial,N/A,N/A,N/A,N/A,N/A,N/A,N/A,N/A,N/A,N/A,N/A,N/A
2019,DE,Reading,4,Multiracial,N/A,N/A,N/A,N/A,N/A,N/A,N/A,N/A,N/A,N/A,N/A,N/A
2019,DC,Reading,4,Multiracial,N/A,N/A,N/A,N/A,N/A,N/A,N/A,N/A,N/A,N/A,N/A,N/A
2019,FL,Reading,4,Multiracial,N/A,N/A,N/A,N/A,N/A,N/A,N/A,N/A,N/A,N/A,N/A,N/A
2019,GA,Reading,4,Multiracial,N/A,N/A,N/A,N/A,N/A,N/A,N/A,N/A,N/A,N/A,N/A,N/A
2019,HI,Reading,4,Multiracial,N/A,N/A,N/A,N/A,N/A,N/A,N/A,N/A,N/A,N/A,N/A,N/A
2019,ID,Reading,4,Multiracial,N/A,N/A,N/A,N/A,N/A,N/A,N/A,N/A,N/A,N/A,N/A,N/A
2019,IL,Reading,4,Multiracial,N/A,N/A,N/A,N/A,N/A,N/A,N/A,N/A,N/A,N/A,N/A,N/A
2019,IN,Reading,4,Multiracial,N/A,N/A,N/A,N/A,N/A,N/A,N/A,N/A,N/A,N/A,N/A,N/A
2019,IA,Reading,4,Multiracial,N/A,N/A,N/A,N/A,N/A,N/A,N/A,N/A,N/A,N/A,N/A,N/A
2019,KS,Reading,4,Multiracial,N/A,N/A,N/A,N/A,N/A,N/A,N/A,N/A,N/A,N/A,N/A,N/A
2019,KY,Reading,4,Multiracial,N/A,N/A,N/A,N/A,N/A,N/A,N/A,N/A,N/A,N/A,N/A,N/A
2019,LA,Reading,4,Multiracial,N/A,N/A,N/A,N/A,N/A,N/A,N/A,N/A,N/A,N/A,N/A,N/A
2019,ME,Reading,4,Multiracial,N/A,N/A,N/A,N/A,N/A,N/A,N/A,N/A,N/A,N/A,N/A,N/A
2019,MD,Reading,4,Multiracial,N/A,N/A,N/A,N/A,N/A,N/A,N/A,N/A,N/A,N/A,N/A,N/A
2019,MA,Reading,4,Multiracial,N/A,N/A,N/A,N/A,N/A,N/A,N/A,N/A,N/A,N/A,N/A,N/A
2019,MI,Reading,4,Multiracial,N/A,N/A,N/A,N/A,N/A,N/A,N/A,N/A,N/A,N/A,N/A,N/A
2019,MN,Reading,4,Multiracial,N/A,N/A,N/A,N/A,N/A,N/A,N/A,N/A,N/A,N/A,N/A,N/A
2019,MS,Reading,4,Multiracial,N/A,N/A,N/A,N/A,N/A,N/A,N/A,N/A,N/A,N/A,N/A,N/A
2019,MO,Reading,4,Multiracial,N/A,N/A,N/A,N/A,N/A,N/A,N/A,N/A,N/A,N/A,N/A,N/A
2019,MT,Reading,4,Multiracial,N/A,N/A,N/A,N/A,N/A,N/A,N/A,N/A,N/A,N/A,N/A,N/A
2019,NE,Reading,4,Multiracial,N/A,N/A,N/A,N/A,N/A,N/A,N/A,N/A,N/A,N/A,N/A,N/A
2019,NV,Reading,4,Multiracial,N/A,N/A,N/A,N/A,N/A,N/A,N/A,N/A,N/A,N/A,N/A,N/A
2019,NH,Reading,4,Multiracial,N/A,N/A,N/A,N/A,N/A,N/A,N/A,N/A,N/A,N/A,N/A,N/A
2019,NJ,Reading,4,Multiracial,N/A,N/A,N/A,N/A,N/A,N/A,N/A,N/A,N/A,N/A,N/A,N/A
2019,NM,Reading,4,Multiracial,N/A,N/A,N/A,N/A,N/A,N/A,N/A,N/A,N/A,N/A,N/A,N/A
2019,NY,Reading,4,Multiracial,N/A,N/A,N/A,N/A,N/A,N/A,N/A,N/A,N/A,N/A,N/A,N/A
2019,NC,Reading,4,Multiracial,N/A,N/A,N/A,N/A,N/A,N/A,N/A,N/A,N/A,N/A,N/A,N/A
2019,ND,Reading,4,Multiracial,N/A,N/A,N/A,N/A,N/A,N/A,N/A,N/A,N/A,N/A,N/A,N/A
2019,OH,Reading,4,Multiracial,N/A,N/A,N/A,N/A,N/A,N/A,N/A,N/A,N/A,N/A,N/A,N/A
2019,OK,Reading,4,Multiracial,N/A,N/A,N/A,N/A,N/A,N/A,N/A,N/A,N/A,N/A,N/A,N/A
2019,OR,Reading,4,Multiracial,N/A,N/A,N/A,N/A,N/A,N/A,N/A,N/A,N/A,N/A,N/A,N/A
2019,PA,Reading,4,Multiracial,N/A,N/A,N/A,N/A,N/A,N/A,N/A,N/A,N/A,N/A,N/A,N/A
2019,RI,Reading,4,Multiracial,N/A,N/A,N/A,N/A,N/A,N/A,N/A,N/A,N/A,N/A,N/A,N/A
2019,SC,Reading,4,Multiracial,N/A,N/A,N/A,N/A,N/A,N/A,N/A,N/A,N/A,N/A,N/A,N/A
2019,SD,Reading,4,Multiracial,N/A,N/A,N/A,N/A,N/A,N/A,N/A,N/A,N/A,N/A,N/A,N/A
2019,TN,Reading,4,Multiracial,N/A,N/A,N/A,N/A,N/A,N/A,N/A,N/A,N/A,N/A,N/A,N/A
2019,TX,Reading,4,Multiracial,N/A,N/A,N/A,N/A,N/A,N/A,N/A,N/A,N/A,N/A,N/A,N/A
2019,UT,Reading,4,Multiracial,N/A,N/A,N/A,N/A,N/A,N/A,N/A,N/A,N/A,N/A,N/A,N/A
2019,VT,Reading,4,Multiracial,N/A,N/A,N/A,N/A,N/A,N/A,N/A,N/A,N/A,N/A,N/A,N/A
2019,VA,Reading,4,Multiracial,N/A,N/A,N/A,N/A,N/A,N/A,N/A,N/A,N/A,N/A,N/A,N/A
2019,WA,Reading,4,Multiracial,N/A,N/A,N/A,N/A,N/A,N/A,N/A,N/A,N/A,N/A,N/A,N/A
2019,WV,Reading,4,Multiracial,N/A,N/A,N/A,N/A,N/A,N/A,N/A,N/A,N/A,N/A,N/A,N/A
2019,WI,Reading,4,Multiracial,N/A,N/A,N/A,N/A,N/A,N/A,N/A,N/A,N/A,N/A,N/A,N/A
2019,WY,Reading,4,Multiracial,N/A,N/A,N/A,N/A,N/A,N/A,N/A,N/A,N/A,N/A,N/A,N/A
2019,AL,Reading,8,All,253.40,230.39,256.30,279.50,37.54,36.10,40.30,63.90,21.75,23.60,1.85,1.85
2019,AK,Reading,8,All,252.39,229.02,255.83,279.23,38.46,36.73,39.98,63.27,21.46,23.29,1.83,1.83
2019,AZ,Reading,8,All,259.48,236.73,261.41,284.40,36.30,30.41,41.20,69.59,25.51,28.39,2.88,2.88
2019,AR,Reading,8,All,258.78,234.56,261.45,285.89,38.92,31.86,38.62,68.14,26.04,29.52,3.48,3.48
2019,CA,Reading,8,All,258.83,233.74,261.40,286.14,39.21,32.19,37.97,67.81,25.83,29.84,4.01,4.01
2019,CO,Reading,8,All,267.31,245.56,270.57,292.48,36.82,23.13,39.22,76.87,33.05,37.66,4.60,4.60
2019,CT,Reading,8,All,269.72,246.27,272.83,296.10,37.09,22.49,36.49,77.51,35.25,41.01,5.76,5.76
2019,DE,Reading,8,All,259.68,235.17,262.72,287.17,39.64,30.97,38.07,69.03,27.01,30.96,3.95,3.95
2019,DC,Reading,8,All,249.81,223.12,251.61,278.44,43.05,41.93,35.09,58.07,18.96,22.98,4.03,4.03
2019,FL,Reading,8,All,263.35,239.31,265.77,289.99,37.97,27.87,38.22,72.13,29.43,33.91,4.48,4.48
2019,GA,Reading,8,All,262.39,239.03,265.14,287.91,36.38,28.35,39.52,71.65,28.63,32.13,3.50,3.50
2019,HI,Reading,8,All,258.16,234.00,260.64,285.38,39.06,32.44,38.40,67.56,25.67,29.16,3.49,3.49
2019,ID,Reading,8,All,266.48,246.16,270.26,291.31,36.29,22.58,40.34,77.42,33.51,37.08,3.57,3.57
2019,IL,Reading,8,All,264.70,241.25,267.90,291.23,38.35,26.33,38.22,73.67,30.80,35.45,4.65,4.65
2019,IN,Reading,8,All,265.95,243.03,269.45,292.23,37.17,24.99,38.01,75.01,32.74,37.00,4.26,4.26
2019,IA,Reading,8,All,262.33,240.72,265.92,287.95,36.39,26.92,40.51,73.08,29.86,32.57,2.71,2.71
2019,KS,Reading,8,All,262.82,241.74,266.25,287.40,35.25,26.00,41.70,74.00,29.77,32.30,2.53,2.53
2019,KY,Reading,8,All,262.96,239.92,266.19,289.19,38.05,27.42,39.15,72.58,29.35,33.43,4.08,4.08
2019,LA,Reading,8,All,257.42,234.46,259.78,283.20,36.88,32.49,40.31,67.51,24.77,27.19,2.42,2.42
2019,ME,Reading,8,All,265.17,243.13,268.62,290.91,37.07,24.93,39.51,75.07,31.56,35.55,4.00,4.00
2019,MD,Reading,8,All,264.39,239.92,267.62,292.03,39.61,27.17,36.84,72.83,30.79,35.99,5.20,5.20
2019,MA,Reading,8,All,273.11,251.59,276.57,298.73,37.48,18.93,36.42,81.07,37.58,44.65,7.06,7.06
2019,MI,Reading,8,All,262.58,240.97,265.20,286.89,34.80,26.68,41.83,73.32,28.94,31.49,2.55,2.55
2019,MN,Reading,8,All,263.81,241.70,267.08,289.77,36.94,26.04,39.80,73.96,30.60,34.16,3.55,3.55
2019,MS,Reading,8,All,256.38,234.06,258.89,281.03,35.55,32.81,42.14,67.19,23.09,25.04,1.95,1.95
2019,MO,Reading,8,All,263.29,241.55,267.00,288.52,36.27,26.08,40.61,73.92,30.23,33.31,3.08,3.08
2019,MT,Reading,8,All,264.83,244.09,268.18,289.37,35.35,24.15,41.52,75.85,31.23,34.33,3.10,3.10
2019,NE,Reading,8,All,263.99,242.03,267.04,289.15,35.50,25.81,40.37,74.19,30.74,33.82,3.08,3.08
2019,NV,Reading,8,All,258.08,234.89,261.75,284.59,37.71,31.28,40.10,68.72,26.08,28.62,2.54,2.54
2019,NH,Reading,8,All,267.95,246.70,270.59,292.45,35.18,21.99,40.35,78.01,33.40,37.67,4.27,4.27
2019,NJ,Reading,8,All,270.36,245.35,273.92,299.41,41.89,23.49,33.64,76.51,34.01,42.87,8.86,8.86
2019,NM,Reading,8,All,251.70,226.08,254.14,279.18,39.26,38.98,37.68,61.02,20.83,23.34,2.51,2.51
2019,NY,Reading,8,All,261.75,237.12,264.47,288.53,38.72,29.58,37.96,70.42,28.09,32.46,4.37,4.37
2019,NC,Reading,8,All,262.53,239.29,265.21,288.84,38.05,27.99,39.08,72.01,28.76,32.93,4.18,4.18
2019,ND,Reading,8,All,263.23,242.78,266.97,286.25,33.09,25.15,43.22,74.85,29.76,31.63,1.87,1.87
2019,OH,Reading,8,All,267.05,243.26,269.86,293.78,37.48,24.78,37.13,75.22,32.86,38.09,5.23,5.23
2019,OK,Reading,8,All,258.20,239.06,261.68,281.57,33.64,28.57,45.79,71.43,24.54,25.64,1.10,1.10
2019,OR,Reading,8,All,263.72,239.97,266.64,290.18,38.09,27.32,38.64,72.68,29.49,34.04,4.55,4.55
2019,PA,Reading,8,All,264.18,240.22,266.87,291.38,38.33,26.98,37.86,73.02,30.43,35.16,4.73,4.73
2019,RI,Reading,8,All,262.15,238.02,266.71,290.92,41.13,28.52,36.46,71.48,30.38,35.02,4.64,4.64
2019,SC,Reading,8,All,258.98,235.64,261.89,285.22,37.44,31.22,39.46,68.78,26.54,29.32,2.78,2.78
2019,SD,Reading,8,All,262.77,241.59,266.01,287.23,35.66,26.22,41.90,73.78,29.06,31.88,2.82,2.82
2019,TN,Reading,8,All,262.46,240.19,264.85,287.36,36.33,27.35,41.10,72.65,27.94,31.55,3.61,3.61
2019,TX,Reading,8,All,255.74,233.57,258.88,281.01,36.33,32.95,42.01,67.05,23.19,25.04,1.85,1.85
2019,UT,Reading,8,All,267.42,246.24,270.93,292.10,36.36,22.62,39.60,77.38,33.37,37.78,4.41,4.41
2019,VT,Reading,8,All,268.48,245.56,272.60,294.66,37.49,23.19,36.59,76.81,34.97,40.23,5.26,5.26
2019,VA,Reading,8,All,261.80,238.02,265.64,289.08,39.01,28.89,37.87,71.11,29.26,33.24,3.98,3.98
2019,WA,Reading,8,All,266.28,242.15,270.16,294.60,40.41,25.63,35.91,74.37,32.48,38.46,5.97,5.97
2019,WV,Reading,8,All,255.62,233.94,259.56,281.35,37.08,32.68,41.98,67.32,23.56,25.34,1.79,1.79
2019,WI,Reading,8,All,267.38,244.93,270.87,293.42,36.70,23.54,37.94,76.46,34.11,38.53,4.41,4.41
2019,WY,Reading,8,All,264.64,243.21,267.27,288.91,34.49,24.81,41.25,75.19,30.94,33.93,2.99,2.99
2019,AL,Reading,8,White,261.09,239.39,263.84,285.72,35.66,28.14,41.73,71.86,27.55,30.12,2.57,2.57
2019,AK,Reading,8,White,264.68,243.84,266.92,287.84,33.47,24.23,42.90,75.77,30.07,32.87,2.80,2.80
2019,AZ,Reading,8,White,272.60,252.58,274.20,294.14,31.76,17.04,41.85,82.96,36.59,41.11,4.52,4.52
2019,AR,Reading,8,White,265.83,243.83,267.99,290.65,35.93,24.37,40.77,75.63,30.64,34.86,4.22,4.22
2019,CA,Reading,8,White,273.97,252.71,277.12,297.25,33.91,17.29,37.79,82.71,38.91,44.92,6.01,6.01
2019,CO,Reading,8,White,277.43,258.27,279.47,299.60,33.02,13.75,38.16,86.25,41.50,48.09,6.59,6.59
2019,CT,Reading,8,White,279.30,258.47,281.94,302.45,32.96,13.86,35.07,86.14,43.33,51.07,7.74,7.74
2019,DE,Reading,8,White,270.60,249.36,274.24,295.33,36.60,20.56,37.67,79.44,36.08,41.77,5.69,5.69
2019,DC,Reading,8,White,299.00,279.33,300.25,321.74,32.26,4.91,21.72,95.09,49.69,73.37,23.68,23.68
2019,FL,Reading,8,White,273.43,252.49,276.44,297.36,34.68,17.76,37.61,82.24,38.97,44.63,5.66,5.66
2019,GA,Reading,8,White,272.43,252.28,276.19,295.54,34.04,18.47,38.34,81.53,38.26,43.19,4.93,4.93
2019,HI,Reading,8,White,270.87,248.00,273.55,296.49,36.77,21.33,36.71,78.67,35.32,41.95,6.64,6.64
2019,ID,Reading,8,White,270.88,251.69,273.99,293.98,33.83,18.23,40.60,81.77,37.21,41.16,3.96,3.96
2019,IL,Reading,8,White,273.98,253.12,277.26,298.10,35.01,18.04,36.72,81.96,39.08,45.24,6.16,6.16
2019,IN,Reading,8,White,270.80,249.61,274.34,295.95,36.07,20.07,37.82,79.93,37.06,42.11,5.05,5.05
2019,IA,Reading,8,White,266.32,245.86,269.51,290.39,34.26,22.70,41.47,77.30,32.88,35.83,2.95,2.95
2019,KS,Reading,8,White,267.64,248.15,270.84,290.70,33.60,20.77,42.37,79.23,33.80,36.86,3.06,3.06
2019,KY,Reading,8,White,266.02,243.58,268.95,291.49,36.80,24.52,39.30,75.48,31.69,36.18,4.49,4.49
2019,LA,Reading,8,White,268.23,247.52,270.31,290.18,32.44,21.03,42.69,78.97,32.85,36.28,3.43,3.43
2019,ME,Reading,8,White,266.57,244.68,269.78,291.58,35.88,23.80,39.54,76.20,32.63,36.66,4.03,4.03
2019,MD,Reading,8,White,277.21,255.75,281.04,302.35,36.10,16.52,33.40,83.48,42.09,50.08,7.99,7.99
2019,MA,Reading,8,White,279.44,259.62,281.90,302.21,33.51,13.43,35.44,86.57,43.01,51.13,8.12,8.12
2019,MI,Reading,8,White,266.88,246.92,269.29,289.61,33.05,21.84,42.98,78.16,32.26,35.18,2.93,2.93
2019,MN,Reading,8,White,271.30,251.35,273.74,294.63,33.76,18.19,40.96,81.81,36.35,40.86,4.51,4.51
2019,MS,Reading,8,White,268.13,248.87,270.91,291.36,33.73,20.20,42.57,79.80,33.92,37.23,3.31,3.31
2019,MO,Reading,8,White,267.38,246.80,270.73,291.56,34.42,22.00,40.77,78.00,33.79,37.23,3.44,3.44
2019,MT,Reading,8,White,269.10,249.42,271.55,291.57,32.71,19.55,42.80,80.45,34.19,37.65,3.46,3.46
2019,NE,Reading,8,White,270.14,250.06,273.07,293.42,33.31,19.36,40.68,80.64,36.14,39.96,3.82,3.82
2019,NV,Reading,8,White,268.77,248.91,272.00,292.30,34.72,20.17,41.06,79.83,34.69,38.77,4.08,4.08
2019,NH,Reading,8,White,269.04,247.91,271.59,293.34,35.01,20.97,40.21,79.03,34.27,38.82,4.55,4.55
2019,NJ,Reading,8,White,281.16,258.94,283.71,306.16,37.02,14.18,32.75,85.82,41.40,53.07,11.67,11.67
2019,NM,Reading,8,White,266.44,242.08,269.58,293.10,38.16,25.70,37.07,74.30,31.72,37.22,5.50,5.50
2019,NY,Reading,8,White,271.61,249.76,273.83,295.20,34.84,19.70,39.12,80.30,35.35,41.18,5.84,5.84
2019,NC,Reading,8,White,272.44,251.63,274.63,296.14,34.42,18.15,39.53,81.85,36.74,42.32,5.58,5.58
2019,ND,Reading,8,White,267.09,248.58,270.84,288.78,31.69,20.70,43.69,79.30,33.44,35.61,2.16,2.16
2019,OH,Reading,8,White,273.94,251.92,276.96,298.54,35.11,18.34,36.48,81.66,38.79,45.18,6.40,6.40
2019,OK,Reading,8,White,264.55,246.20,267.50,286.37,31.29,22.05,46.25,77.95,30.19,31.71,1.52,1.52
2019,OR,Reading,8,White,268.90,246.44,271.47,294.05,36.00,22.35,38.73,77.65,33.70,38.92,5.22,5.22
2019,PA,Reading,8,White,271.67,250.62,274.12,295.97,35.02,19.06,39.11,80.94,36.27,41.83,5.56,5.56
2019,RI,Reading,8,White,274.50,253.72,277.52,298.79,35.21,17.01,37.08,82.99,39.32,45.91,6.60,6.60
2019,SC,Reading,8,White,269.66,249.37,272.69,293.27,34.54,20.16,40.28,79.84,35.31,39.57,4.26,4.26
2019,SD,Reading,8,White,268.07,248.35,271.05,290.98,33.71,20.66,42.38,79.34,33.59,36.96,3.37,3.37
2019,TN,Reading,8,White,268.35,247.18,270.64,292.07,34.45,21.48,41.18,78.52,33.01,37.34,4.33,4.33
2019,TX,Reading,8,White,267.25,248.36,269.42,289.37,32.15,20.36,44.39,79.64,32.61,35.26,2.65,2.65
2019,UT,Reading,8,White,272.57,252.83,275.36,295.40,33.81,17.66,39.72,82.34,37.37,42.61,5.25,5.25
2019,VT,Reading,8,White,269.24,246.72,273.13,295.03,37.05,22.38,36.87,77.62,35.43,40.75,5.33,5.33
2019,VA,Reading,8,White,270.66,249.43,273.53,294.79,34.70,20.06,38.95,79.94,36.23,40.99,4.76,4.76
2019,WA,Reading,8,White,274.75,252.54,277.64,300.77,36.89,18.30,35.62,81.70,38.22,46.08,7.86,7.86
2019,WV,Reading,8,White,256.36,235.11,260.43,281.86,36.94,31.59,42.53,68.41,24.10,25.88,1.78,1.78
2019,WI,Reading,8,White,273.88,253.38,276.73,297.46,33.51,17.01,38.26,82.99,39.54,44.73,5.19,5.19
2019,WY,Reading,8,White,267.66,246.53,270.78,291.37,33.87,21.98,40.51,78.02,34.23,37.51,3.28,3.28
2019,AL,Reading,8,Black,239.32,216.50,241.70,264.47,35.89,51.51,36.94,48.49,11.11,11.55,999.00,999.00
2019,AK,Reading,8,Black,243.09,223.33,247.95,267.59,35.69,44.22,44.08,55.78,11.70,11.70,999.00,999.00
2019,AZ,Reading,8,Black,238.94,211.93,242.01,267.76,40.90,51.26,33.96,48.74,13.64,14.78,1.14,1.14
2019,AR,Reading,8,Black,237.10,212.41,238.60,262.70,36.20,54.77,34.22,45.23,10.63,11.02,999.00,999.00
2019,CA,Reading,8,Black,235.53,211.08,236.50,261.32,35.75,57.13,33.03,42.87,9.28,9.84,0.56,0.56
2019,CO,Reading,8,Black,246.10,221.13,250.47,273.02,38.16,42.48,39.62,57.52,16.75,17.90,1.15,1.15
2019,CT,Reading,8,Black,250.59,227.26,252.17,276.94,37.40,40.51,37.84,59.49,20.12,21.65,1.53,1.53
2019,DE,Reading,8,Black,245.53,222.25,247.89,270.68,36.90,44.74,38.85,55.26,15.30,16.40,1.10,1.10
2019,DC,Reading,8,Black,240.62,217.39,243.40,267.05,38.02,49.52,37.04,50.48,12.76,13.44,0.68,0.68
2019,FL,Reading,8,Black,247.82,225.58,248.90,271.16,35.01,42.56,40.88,57.44,15.02,16.56,1.54,1.54
2019,GA,Reading,8,Black,249.48,226.91,250.79,273.02,34.41,41.12,41.17,58.88,16.52,17.71,1.19,1.19
2019,HI,Reading,8,Black,999.00,999.00,999.00,999.00,999.00,999.00,999.00,999.00,999.00,999.00,999.00,999.00
2019,ID,Reading,8,Black,999.00,999.00,999.00,999.00,999.00,999.00,999.00,999.00,999.00,999.00,999.00,999.00
2019,IL,Reading,8,Black,245.54,224.76,248.11,269.69,35.51,43.51,41.87,56.49,13.86,14.62,0.76,0.76
2019,IN,Reading,8,Black,245.41,221.40,247.65,271.24,36.67,45.00,38.50,55.00,15.59,16.50,0.90,0.90
2019,IA,Reading,8,Black,236.46,208.67,239.86,264.32,40.31,53.03,34.02,46.97,12.40,12.95,0.55,0.55
2019,KS,Reading,8,Black,243.58,221.45,244.79,267.44,32.91,47.29,39.33,52.71,13.15,13.38,999.00,999.00
2019,KY,Reading,8,Black,239.40,213.10,241.60,267.34,39.29,51.35,34.29,48.65,13.62,14.36,0.74,0.74
2019,LA,Reading,8,Black,242.25,219.75,244.30,266.90,36.22,48.28,38.22,51.72,12.83,13.50,0.67,0.67
2019,ME,Reading,8,Black,236.24,210.90,243.44,266.71,43.92,49.66,36.82,50.34,12.60,13.51,0.92,0.92
2019,MD,Reading,8,Black,251.23,229.55,254.93,275.85,35.64,36.78,43.34,63.22,18.89,19.88,1.00,1.00
2019,MA,Reading,8,Black,258.55,238.40,261.06,281.94,35.65,28.88,44.97,71.12,23.73,26.15,2.42,2.42
2019,MI,Reading,8,Black,242.99,221.41,244.28,265.82,33.50,48.08,39.77,51.92,11.72,12.14,999.00,999.00
2019,MN,Reading,8,Black,235.75,211.03,236.99,262.25,36.87,56.14,32.94,43.86,10.50,10.92,999.00,999.00
2019,MS,Reading,8,Black,244.41,223.57,246.69,267.34,32.40,45.37,42.54,54.63,11.81,12.09,999.00,999.00
2019,MO,Reading,8,Black,240.37,217.34,244.55,267.49,37.25,48.55,39.06,51.45,12.11,12.40,999.00,999.00
2019,MT,Reading,8,Black,999.00,999.00,999.00,999.00,999.00,999.00,999.00,999.00,999.00,999.00,999.00,999.00
2019,NE,Reading,8,Black,239.54,215.81,241.42,265.63,35.02,51.77,36.06,48.23,12.08,12.17,999.00,999.00
2019,NV,Reading,8,Black,242.81,220.41,248.35,269.63,38.02,44.40,40.88,55.60,14.28,14.72,999.00,999.00
2019,NH,Reading,8,Black,999.00,999.00,999.00,999.00,999.00,999.00,999.00,999.00,999.00,999.00,999.00,999.00
2019,NJ,Reading,8,Black,249.80,224.68,252.18,276.91,37.72,40.88,37.75,59.12,19.90,21.37,1.47,1.47
2019,NM,Reading,8,Black,999.00,999.00,999.00,999.00,999.00,999.00,999.00,999.00,999.00,999.00,999.00,999.00
2019,NY,Reading,8,Black,247.62,223.52,249.15,273.36,37.07,43.43,38.09,56.57,17.02,18.49,1.47,1.47
2019,NC,Reading,8,Black,243.98,220.53,246.17,268.71,35.37,46.33,39.29,53.67,13.67,14.38,0.71,0.71
2019,ND,Reading,8,Black,246.42,220.96,246.33,272.27,34.07,47.01,36.36,52.99,16.21,16.64,999.00,999.00
2019,OH,Reading,8,Black,240.76,218.90,243.10,264.92,35.17,49.82,38.57,50.18,10.96,11.61,0.65,0.65
2019,OK,Reading,8,Black,244.39,222.61,247.82,269.07,34.40,44.30,42.43,55.70,12.73,13.28,0.55,0.55
2019,OR,Reading,8,Black,999.00,999.00,999.00,999.00,999.00,999.00,999.00,999.00,999.00,999.00,999.00,999.00
2019,PA,Reading,8,Black,241.97,218.57,243.65,266.72,36.11,49.37,37.32,50.63,12.15,13.31,1.16,1.16
2019,RI,Reading,8,Black,246.57,222.08,250.32,276.13,41.99,42.43,37.21,57.57,18.69,20.36,1.67,1.67
2019,SC,Reading,8,Black,242.05,219.78,243.49,266.85,35.06,49.39,37.75,50.61,12.33,12.87,0.54,0.54
2019,SD,Reading,8,Black,999.00,999.00,999.00,999.00,999.00,999.00,999.00,999.00,999.00,999.00,999.00,999.00
2019,TN,Reading,8,Black,245.54,223.00,247.80,269.69,34.99,44.47,40.29,55.53,14.47,15.24,0.77,0.77
2019,TX,Reading,8,Black,237.79,215.54,240.07,263.71,35.62,53.19,36.25,46.81,10.47,10.56,999.00,999.00
2019,UT,Reading,8,Black,999.00,999.00,999.00,999.00,999.00,999.00,999.00,999.00,999.00,999.00,999.00,999.00
2019,VT,Reading,8,Black,999.00,999.00,999.00,999.00,999.00,999.00,999.00,999.00,999.00,999.00,999.00,999.00
2019,VA,Reading,8,Black,242.92,218.61,245.34,269.68,37.21,47.54,37.49,52.46,14.26,14.97,0.70,0.70
2019,WA,Reading,8,Black,235.72,206.06,241.46,266.00,41.79,51.12,35.10,48.88,13.58,13.78,999.00,999.00
2019,WV,Reading,8,Black,238.71,213.78,240.56,265.68,35.39,51.84,36.16,48.16,11.96,12.00,999.00,999.00
2019,WI,Reading,8,Black,234.71,210.20,236.92,260.34,37.47,56.79,32.98,43.21,9.63,10.23,0.60,0.60
2019,WY,Reading,8,Black,999.00,999.00,999.00,999.00,999.00,999.00,999.00,999.00,999.00,999.00,999.00,999.00
2019,AL,Reading,8,Hispanic,246.20,223.57,251.16,273.39,38.32,40.86,42.26,59.14,16.32,16.88,0.56,0.56
2019,AK,Reading,8,Hispanic,250.97,230.99,255.05,274.69,34.76,36.60,45.02,63.40,17.52,18.38,0.86,0.86
2019,AZ,Reading,8,Hispanic,251.17,229.79,253.20,274.55,33.98,38.36,42.61,61.64,18.01,19.03,1.02,1.02
2019,AR,Reading,8,Hispanic,255.63,231.67,260.78,285.15,40.85,33.01,38.05,66.99,26.65,28.94,2.29,2.29
2019,CA,Reading,8,Hispanic,249.17,225.75,252.43,275.16,36.47,40.12,40.50,59.88,18.34,19.38,1.05,1.05
2019,CO,Reading,8,Hispanic,251.45,230.11,254.35,276.16,35.71,37.31,42.50,62.69,19.01,20.19,1.18,1.18
2019,CT,Reading,8,Hispanic,253.12,231.13,256.43,278.86,36.39,35.69,41.26,64.31,21.89,23.06,1.17,1.17
2019,DE,Reading,8,Hispanic,248.62,224.51,253.24,275.82,39.89,39.24,40.54,60.76,18.83,20.22,1.39,1.39
2019,DC,Reading,8,Hispanic,250.00,224.89,254.88,280.03,44.32,39.46,36.43,60.54,20.97,24.11,3.14,3.14
2019,FL,Reading,8,Hispanic,258.79,234.26,261.95,286.36,38.95,32.45,37.58,67.55,26.38,29.97,3.59,3.59
2019,GA,Reading,8,Hispanic,256.05,234.60,259.27,281.34,35.68,32.77,41.92,67.23,23.81,25.31,1.50,1.50
2019,HI,Reading,8,Hispanic,255.34,232.61,257.11,283.22,38.75,34.24,38.56,65.76,25.09,27.21,2.12,2.12
2019,ID,Reading,8,Hispanic,249.39,226.32,253.19,275.96,38.87,39.15,40.23,60.85,19.12,20.62,1.50,1.50
2019,IL,Reading,8,Hispanic,255.18,233.56,258.66,281.11,38.55,33.54,41.33,66.46,23.03,25.13,2.10,2.10
2019,IN,Reading,8,Hispanic,258.78,235.46,261.54,282.81,33.10,31.57,41.02,68.43,25.85,27.40,1.56,1.56
2019,IA,Reading,8,Hispanic,249.55,227.14,252.45,275.46,35.81,39.69,40.91,60.31,18.73,19.40,0.67,0.67
2019,KS,Reading,8,Hispanic,254.87,233.74,258.03,279.64,35.31,33.74,42.59,66.26,22.47,23.67,1.20,1.20
2019,KY,Reading,8,Hispanic,257.76,235.67,261.60,282.50,36.72,30.63,42.56,69.37,24.59,26.80,2.21,2.21
2019,LA,Reading,8,Hispanic,257.55,233.93,262.25,286.81,39.82,31.68,37.12,68.32,28.37,31.20,2.83,2.83
2019,ME,Reading,8,Hispanic,999.00,999.00,999.00,999.00,999.00,999.00,999.00,999.00,999.00,999.00,999.00,999.00
2019,MD,Reading,8,Hispanic,247.60,220.16,252.09,276.49,39.55,41.73,37.28,58.27,19.81,20.98,1.17,1.17
2019,MA,Reading,8,Hispanic,250.78,228.50,255.53,277.72,39.25,36.95,41.44,63.05,20.24,21.61,1.37,1.37
2019,MI,Reading,8,Hispanic,253.40,232.68,255.70,278.90,34.90,35.55,41.95,64.45,21.58,22.50,0.92,0.92
2019,MN,Reading,8,Hispanic,246.89,221.88,249.02,272.90,37.49,43.42,38.27,56.58,17.04,18.31,1.27,1.27
2019,MS,Reading,8,Hispanic,258.56,233.52,263.30,285.18,37.26,31.32,38.50,68.68,28.12,30.19,2.06,2.06
2019,MO,Reading,8,Hispanic,257.67,233.28,262.26,283.71,37.99,32.23,40.03,67.77,25.09,27.73,2.64,2.64
2019,MT,Reading,8,Hispanic,256.64,234.37,260.61,280.82,34.50,32.10,43.01,67.90,23.37,24.89,1.52,1.52
2019,NE,Reading,8,Hispanic,250.29,229.38,252.88,273.81,33.19,38.81,43.33,61.19,17.47,17.86,999.00,999.00
2019,NV,Reading,8,Hispanic,251.24,227.56,254.33,277.65,37.17,38.61,39.55,61.39,20.51,21.84,1.33,1.33
2019,NH,Reading,8,Hispanic,251.43,229.26,254.17,276.70,34.78,36.83,42.74,63.17,19.61,20.43,0.82,0.82
2019,NJ,Reading,8,Hispanic,251.43,227.37,256.76,280.93,41.79,37.29,37.73,62.71,22.86,24.98,2.12,2.12
2019,NM,Reading,8,Hispanic,247.80,223.64,250.52,274.61,37.87,41.94,38.97,58.06,17.73,19.09,1.36,1.36
2019,NY,Reading,8,Hispanic,248.84,223.55,251.52,276.24,38.56,41.36,37.68,58.64,19.32,20.96,1.64,1.64
2019,NC,Reading,8,Hispanic,255.94,231.91,259.14,284.52,40.73,34.02,37.54,65.98,25.30,28.44,3.14,3.14
2019,ND,Reading,8,Hispanic,249.81,228.36,251.06,271.58,31.62,39.84,43.76,60.16,15.88,16.40,0.52,0.52
2019,OH,Reading,8,Hispanic,259.15,231.42,258.00,287.77,38.35,34.26,35.47,65.74,25.65,30.27,4.62,4.62
2019,OK,Reading,8,Hispanic,246.05,224.01,251.13,271.74,37.54,40.71,43.13,59.29,15.67,16.16,999.00,999.00
2019,OR,Reading,8,Hispanic,250.02,225.99,253.11,276.03,37.71,39.84,39.91,60.16,18.67,20.25,1.58,1.58
2019,PA,Reading,8,Hispanic,243.23,216.57,245.74,271.01,40.36,47.11,35.18,52.89,16.09,17.72,1.62,1.62
2019,RI,Reading,8,Hispanic,240.89,214.61,245.01,271.03,42.50,48.11,34.93,51.89,15.62,16.96,1.34,1.34
2019,SC,Reading,8,Hispanic,252.65,230.87,256.64,280.28,39.23,35.89,40.03,64.11,22.67,24.08,1.41,1.41
2019,SD,Reading,8,Hispanic,251.91,229.67,253.79,276.96,36.26,38.51,40.00,61.49,19.80,21.49,1.69,1.69
2019,TN,Reading,8,Hispanic,253.22,232.87,257.39,277.97,36.26,33.96,44.40,66.04,20.38,21.65,1.27,1.27
2019,TX,Reading,8,Hispanic,250.41,228.46,253.52,275.32,35.44,38.01,42.68,61.99,18.33,19.31,0.98,0.98
2019,UT,Reading,8,Hispanic,250.72,228.29,254.47,277.10,38.19,37.55,41.18,62.45,19.88,21.27,1.39,1.39
2019,VT,Reading,8,Hispanic,999.00,999.00,999.00,999.00,999.00,999.00,999.00,999.00,999.00,999.00,999.00,999.00
2019,VA,Reading,8,Hispanic,247.03,220.80,252.79,277.37,41.14,41.36,36.91,58.64,20.70,21.73,1.03,1.03
2019,WA,Reading,8,Hispanic,248.17,221.83,251.50,277.31,41.06,41.78,36.38,58.22,19.92,21.84,1.93,1.93
2019,WV,Reading,8,Hispanic,999.00,999.00,999.00,999.00,999.00,999.00,999.00,999.00,999.00,999.00,999.00,999.00
2019,WI,Reading,8,Hispanic,251.48,228.82,254.80,276.24,35.76,37.08,42.29,62.92,19.54,20.63,1.09,1.09
2019,WY,Reading,8,Hispanic,254.40,234.83,256.78,277.03,33.87,32.69,45.81,67.31,20.27,21.51,1.24,1.24
2019,AL,Reading,8,Asian,999.00,999.00,999.00,999.00,999.00,999.00,999.00,999.00,999.00,999.00,999.00,999.00
2019,AK,Reading,8,Asian,249.40,226.13,253.62,276.10,38.03,39.72,40.23,60.28,18.92,20.06,1.14,1.14
2019,AZ,Reading,8,Asian,999.00,999.00,999.00,999.00,999.00,999.00,999.00,999.00,999.00,999.00,999.00,999.00
2019,AR,Reading,8,Asian,999.00,999.00,999.00,999.00,999.00,999.00,999.00,999.00,999.00,999.00,999.00,999.00
2019,CA,Reading,8,Asian,282.61,259.34,286.60,309.21,37.93,14.47,30.08,85.53,42.18,55.46,13.28,13.28
2019,CO,Reading,8,Asian,278.78,254.64,283.45,305.40,37.21,17.36,29.78,82.64,42.94,52.86,9.93,9.93
2019,CT,Reading,8,Asian,286.28,264.31,291.16,311.87,37.26,13.08,26.70,86.92,45.04,60.21,15.18,15.18
2019,DE,Reading,8,Asian,289.45,267.04,293.92,315.66,37.84,10.29,25.47,89.71,47.14,64.24,17.11,17.11
2019,DC,Reading,8,Asian,999.00,999.00,999.00,999.00,999.00,999.00,999.00,999.00,999.00,999.00,999.00,999.00
2019,FL,Reading,8,Asian,282.34,258.32,284.38,310.34,39.32,14.69,32.42,85.31,37.93,52.90,14.97,14.97
2019,GA,Reading,8,Asian,284.83,262.53,288.32,309.60,36.89,12.23,29.70,87.77,43.71,58.07,14.36,14.36
2019,HI,Reading,8,Asian,255.24,230.63,257.82,282.88,39.64,35.35,37.93,64.65,23.71,26.73,3.02,3.02
2019,ID,Reading,8,Asian,999.00,999.00,999.00,999.00,999.00,999.00,999.00,999.00,999.00,999.00,999.00,999.00
2019,IL,Reading,8,Asian,289.67,270.69,294.52,313.43,35.20,9.72,24.38,90.28,50.76,65.90,15.14,15.14
2019,IN,Reading,8,Asian,999.00,999.00,999.00,999.00,999.00,999.00,999.00,999.00,999.00,999.00,999.00,999.00
2019,IA,Reading,8,Asian,264.85,232.42,272.14,299.23,46.62,30.40,27.72,69.60,33.76,41.88,8.12,8.12
2019,KS,Reading,8,Asian,999.00,999.00,999.00,999.00,999.00,999.00,999.00,999.00,999.00,999.00,999.00,999.00
2019,KY,Reading,8,Asian,266.32,246.74,270.59,293.64,44.68,22.59,40.84,77.41,28.21,36.56,8.35,8.35
2019,LA,Reading,8,Asian,999.00,999.00,999.00,999.00,999.00,999.00,999.00,999.00,999.00,999.00,999.00,999.00
2019,ME,Reading,8,Asian,999.00,999.00,999.00,999.00,999.00,999.00,999.00,999.00,999.00,999.00,999.00,999.00
2019,MD,Reading,8,Asian,293.63,273.48,296.78,317.22,34.96,7.31,24.88,92.69,48.97,67.81,18.84,18.84
2019,MA,Reading,8,Asian,291.67,273.98,294.44,314.07,34.75,7.48,25.44,92.52,51.04,67.09,16.04,16.04
2019,MI,Reading,8,Asian,280.00,257.61,286.03,304.26,33.08,13.66,30.78,86.34,49.55,55.56,6.00,6.00
2019,MN,Reading,8,Asian,267.73,245.28,269.58,292.17,34.66,23.12,40.35,76.88,32.43,36.53,4.10,4.10
2019,MS,Reading,8,Asian,999.00,999.00,999.00,999.00,999.00,999.00,999.00,999.00,999.00,999.00,999.00,999.00
2019,MO,Reading,8,Asian,999.00,999.00,999.00,999.00,999.00,999.00,999.00,999.00,999.00,999.00,999.00,999.00
2019,MT,Reading,8,Asian,999.00,999.00,999.00,999.00,999.00,999.00,999.00,999.00,999.00,999.00,999.00,999.00
2019,NE,Reading,8,Asian,277.68,253.83,281.74,304.92,38.68,19.26,29.73,80.74,39.69,51.01,11.31,11.31
2019,NV,Reading,8,Asian,269.25,249.20,273.21,295.05,37.75,21.42,37.69,78.58,35.69,40.89,5.19,5.19
2019,NH,Reading,8,Asian,277.51,257.05,280.46,300.24,31.99,13.91,36.72,86.09,43.73,49.37,5.64,5.64
2019,NJ,Reading,8,Asian,296.25,274.92,300.13,320.65,35.39,7.51,22.61,92.49,47.40,69.88,22.47,22.47
2019,NM,Reading,8,Asian,999.00,999.00,999.00,999.00,999.00,999.00,999.00,999.00,999.00,999.00,999.00,999.00
2019,NY,Reading,8,Asian,274.29,249.79,276.72,302.65,41.09,20.49,33.45,79.51,36.20,46.07,9.86,9.86
2019,NC,Reading,8,Asian,284.50,264.65,288.13,310.57,39.08,13.40,26.62,86.60,45.42,59.98,14.57,14.57
2019,ND,Reading,8,Asian,999.00,999.00,999.00,999.00,999.00,999.00,999.00,999.00,999.00,999.00,999.00,999.00
2019,OH,Reading,8,Asian,274.68,255.13,278.87,298.54,35.92,19.03,33.23,80.97,40.34,47.73,7.40,7.40
2019,OK,Reading,8,Asian,999.00,999.00,999.00,999.00,999.00,999.00,999.00,999.00,999.00,999.00,999.00,999.00
2019,OR,Reading,8,Asian,275.13,252.96,278.82,303.15,41.17,19.20,32.71,80.80,37.74,48.10,10.35,10.35
2019,PA,Reading,8,Asian,285.75,262.60,292.16,311.74,37.41,13.64,24.33,86.36,47.98,62.03,14.05,14.05
2019,RI,Reading,8,Asian,260.94,237.73,263.15,289.18,39.61,29.98,37.42,70.02,28.75,32.59,3.84,3.84
2019,SC,Reading,8,Asian,999.00,999.00,999.00,999.00,999.00,999.00,999.00,999.00,999.00,999.00,999.00,999.00
2019,SD,Reading,8,Asian,999.00,999.00,999.00,999.00,999.00,999.00,999.00,999.00,999.00,999.00,999.00,999.00
2019,TN,Reading,8,Asian,288.33,265.18,288.52,312.40,32.90,8.58,34.65,91.42,40.25,56.77,16.52,16.52
2019,TX,Reading,8,Asian,285.69,266.27,288.04,307.70,31.98,8.35,32.98,91.65,48.12,58.66,10.54,10.54
2019,UT,Reading,8,Asian,263.35,237.82,264.12,293.98,41.43,28.93,36.99,71.07,28.17,34.07,5.90,5.90
2019,VT,Reading,8,Asian,999.00,999.00,999.00,999.00,999.00,999.00,999.00,999.00,999.00,999.00,999.00,999.00
2019,VA,Reading,8,Asian,284.17,263.75,287.98,310.06,37.90,12.82,29.59,87.18,43.71,57.59,13.87,13.87
2019,WA,Reading,8,Asian,281.38,260.33,285.78,307.29,37.42,15.07,29.04,84.93,44.99,55.89,10.90,10.90
2019,WV,Reading,8,Asian,999.00,999.00,999.00,999.00,999.00,999.00,999.00,999.00,999.00,999.00,999.00,999.00
2019,WI,Reading,8,Asian,276.63,253.39,280.02,303.12,38.75,17.19,33.79,82.81,39.07,49.02,9.95,9.95
2019,WY,Reading,8,Asian,999.00,999.00,999.00,999.00,999.00,999.00,999.00,999.00,999.00,999.00,999.00,999.00
2019,AL,Reading,8,American Indian or Alaskan Native,999.00,999.00,999.00,999.00,999.00,999.00,999.00,999.00,999.00,999.00,999.00,999.00
2019,AK,Reading,8,American Indian or Alaskan Native,228.75,201.92,230.19,256.57,39.73,62.01,29.21,37.99,8.20,8.78,0.58,0.58
2019,AZ,Reading,8,American Indian or Alaskan Native,240.13,219.51,244.29,263.23,33.49,48.67,41.79,51.33,9.38,9.55,999.00,999.00
2019,AR,Reading,8,American Indian or Alaskan Native,999.00,999.00,999.00,999.00,999.00,999.00,999.00,999.00,999.00,999.00,999.00,999.00
2019,CA,Reading,8,American Indian or Alaskan Native,999.00,999.00,999.00,999.00,999.00,999.00,999.00,999.00,999.00,999.00,999.00,999.00
2019,CO,Reading,8,American Indian or Alaskan Native,999.00,999.00,999.00,999.00,999.00,999.00,999.00,999.00,999.00,999.00,999.00,999.00
2019,CT,Reading,8,American Indian or Alaskan Native,999.00,999.00,999.00,999.00,999.00,999.00,999.00,999.00,999.00,999.00,999.00,999.00
2019,DE,Reading,8,American Indian or Alaskan Native,999.00,999.00,999.00,999.00,999.00,999.00,999.00,999.00,999.00,999.00,999.00,999.00
2019,DC,Reading,8,American Indian or Alaskan Native,999.00,999.00,999.00,999.00,999.00,999.00,999.00,999.00,999.00,999.00,999.00,999.00
2019,FL,Reading,8,American Indian or Alaskan Native,999.00,999.00,999.00,999.00,999.00,999.00,999.00,999.00,999.00,999.00,999.00,999.00
2019,GA,Reading,8,American Indian or Alaskan Native,999.00,999.00,999.00,999.00,999.00,999.00,999.00,999.00,999.00,999.00,999.00,999.00
2019,HI,Reading,8,American Indian or Alaskan Native,999.00,999.00,999.00,999.00,999.00,999.00,999.00,999.00,999.00,999.00,999.00,999.00
2019,ID,Reading,8,American Indian or Alaskan Native,999.00,999.00,999.00,999.00,999.00,999.00,999.00,999.00,999.00,999.00,999.00,999.00
2019,IL,Reading,8,American Indian or Alaskan Native,999.00,999.00,999.00,999.00,999.00,999.00,999.00,999.00,999.00,999.00,999.00,999.00
2019,IN,Reading,8,American Indian or Alaskan Native,999.00,999.00,999.00,999.00,999.00,999.00,999.00,999.00,999.00,999.00,999.00,999.00
2019,IA,Reading,8,American Indian or Alaskan Native,999.00,999.00,999.00,999.00,999.00,999.00,999.00,999.00,999.00,999.00,999.00,999.00
2019,KS,Reading,8,American Indian or Alaskan Native,999.00,999.00,999.00,999.00,999.00,999.00,999.00,999.00,999.00,999.00,999.00,999.00
2019,KY,Reading,8,American Indian or Alaskan Native,999.00,999.00,999.00,999.00,999.00,999.00,999.00,999.00,999.00,999.00,999.00,999.00
2019,LA,Reading,8,American Indian or Alaskan Native,999.00,999.00,999.00,999.00,999.00,999.00,999.00,999.00,999.00,999.00,999.00,999.00
2019,ME,Reading,8,American Indian or Alaskan Native,999.00,999.00,999.00,999.00,999.00,999.00,999.00,999.00,999.00,999.00,999.00,999.00
2019,MD,Reading,8,American Indian or Alaskan Native,999.00,999.00,999.00,999.00,999.00,999.00,999.00,999.00,999.00,999.00,999.00,999.00
2019,MA,Reading,8,American Indian or Alaskan Native,999.00,999.00,999.00,999.00,999.00,999.00,999.00,999.00,999.00,999.00,999.00,999.00
2019,MI,Reading,8,American Indian or Alaskan Native,999.00,999.00,999.00,999.00,999.00,999.00,999.00,999.00,999.00,999.00,999.00,999.00
2019,MN,Reading,8,American Indian or Alaskan Native,237.01,211.17,240.77,265.01,37.82,52.52,35.44,47.48,11.82,12.04,999.00,999.00
2019,MS,Reading,8,American Indian or Alaskan Native,999.00,999.00,999.00,999.00,999.00,999.00,999.00,999.00,999.00,999.00,999.00,999.00
2019,MO,Reading,8,American Indian or Alaskan Native,999.00,999.00,999.00,999.00,999.00,999.00,999.00,999.00,999.00,999.00,999.00,999.00
2019,MT,Reading,8,American Indian or Alaskan Native,239.32,212.57,241.52,267.34,39.96,51.40,33.27,48.60,14.36,15.34,0.97,0.97
2019,NE,Reading,8,American Indian or Alaskan Native,237.34,213.26,238.26,271.31,45.33,53.85,28.33,46.15,16.86,17.82,0.96,0.96
2019,NV,Reading,8,American Indian or Alaskan Native,999.00,999.00,999.00,999.00,999.00,999.00,999.00,999.00,999.00,999.00,999.00,999.00
2019,NH,Reading,8,American Indian or Alaskan Native,999.00,999.00,999.00,999.00,999.00,999.00,999.00,999.00,999.00,999.00,999.00,999.00
2019,NJ,Reading,8,American Indian or Alaskan Native,999.00,999.00,999.00,999.00,999.00,999.00,999.00,999.00,999.00,999.00,999.00,999.00
2019,NM,Reading,8,American Indian or Alaskan Native,237.40,211.45,238.88,263.32,37.34,54.40,33.90,45.60,10.74,11.70,0.97,0.97
2019,NY,Reading,8,American Indian or Alaskan Native,999.00,999.00,999.00,999.00,999.00,999.00,999.00,999.00,999.00,999.00,999.00,999.00
2019,NC,Reading,8,American Indian or Alaskan Native,248.56,223.65,250.36,272.95,35.55,42.39,40.10,57.61,15.98,17.52,1.53,1.53
2019,ND,Reading,8,American Indian or Alaskan Native,248.90,228.23,250.96,271.18,32.43,40.09,44.58,59.91,14.91,15.33,999.00,999.00
2019,OH,Reading,8,American Indian or Alaskan Native,999.00,999.00,999.00,999.00,999.00,999.00,999.00,999.00,999.00,999.00,999.00,999.00
2019,OK,Reading,8,American Indian or Alaskan Native,253.61,235.71,255.71,274.18,29.85,32.95,48.88,67.05,17.99,18.17,999.00,999.00
2019,OR,Reading,8,American Indian or Alaskan Native,257.10,230.15,263.84,286.81,37.15,32.97,36.69,67.03,29.53,30.34,0.80,0.80
2019,PA,Reading,8,American Indian or Alaskan Native,999.00,999.00,999.00,999.00,999.00,999.00,999.00,999.00,999.00,999.00,999.00,999.00
2019,RI,Reading,8,American Indian or Alaskan Native,999.00,999.00,999.00,999.00,999.00,999.00,999.00,999.00,999.00,999.00,999.00,999.00
2019,SC,Reading,8,American Indian or Alaskan Native,999.00,999.00,999.00,999.00,999.00,999.00,999.00,999.00,999.00,999.00,999.00,999.00
2019,SD,Reading,8,American Indian or Alaskan Native,241.21,221.19,243.68,265.34,35.16,49.07,39.53,50.93,11.08,11.40,999.00,999.00
2019,TN,Reading,8,American Indian or Alaskan Native,999.00,999.00,999.00,999.00,999.00,999.00,999.00,999.00,999.00,999.00,999.00,999.00
2019,TX,Reading,8,American Indian or Alaskan Native,999.00,999.00,999.00,999.00,999.00,999.00,999.00,999.00,999.00,999.00,999.00,999.00
2019,UT,Reading,8,American Indian or Alaskan Native,231.99,205.63,229.80,256.18,39.17,63.26,23.94,36.74,12.20,12.80,0.60,0.60
2019,VT,Reading,8,American Indian or Alaskan Native,999.00,999.00,999.00,999.00,999.00,999.00,999.00,999.00,999.00,999.00,999.00,999.00
2019,VA,Reading,8,American Indian or Alaskan Native,999.00,999.00,999.00,999.00,999.00,999.00,999.00,999.00,999.00,999.00,999.00,999.00
2019,WA,Reading,8,American Indian or Alaskan Native,236.97,207.43,242.55,268.33,44.11,51.03,33.48,48.97,14.58,15.49,0.91,0.91
2019,WV,Reading,8,American Indian or Alaskan Native,999.00,999.00,999.00,999.00,999.00,999.00,999.00,999.00,999.00,999.00,999.00,999.00
2019,WI,Reading,8,American Indian or Alaskan Native,253.09,229.70,253.90,279.30,34.55,38.61,38.37,61.39,21.86,23.02,1.16,1.16
2019,WY,Reading,8,American Indian or Alaskan Native,242.80,222.58,243.98,263.55,30.63,48.90,40.43,51.10,10.52,10.67,999.00,999.00
2019,AL,Reading,8,Hawaiian,999.00,999.00,999.00,999.00,999.00,999.00,999.00,999.00,999.00,999.00,999.00,999.00
2019,AK,Reading,8,Hawaiian,259.97,240.10,260.45,281.30,32.40,27.91,46.90,72.09,22.82,25.19,2.37,2.37
2019,AZ,Reading,8,Hawaiian,999.00,999.00,999.00,999.00,999.00,999.00,999.00,999.00,999.00,999.00,999.00,999.00
2019,AR,Reading,8,Hawaiian,999.00,999.00,999.00,999.00,999.00,999.00,999.00,999.00,999.00,999.00,999.00,999.00
2019,CA,Reading,8,Hawaiian,267.69,244.15,272.26,298.27,43.92,24.12,36.13,75.88,31.16,39.75,8.59,8.59
2019,CO,Reading,8,Hawaiian,274.90,256.50,280.15,299.16,35.06,16.95,34.47,83.05,43.46,48.58,5.12,5.12
2019,CT,Reading,8,Hawaiian,999.00,999.00,999.00,999.00,999.00,999.00,999.00,999.00,999.00,999.00,999.00,999.00
2019,DE,Reading,8,Hawaiian,266.82,243.20,268.03,294.42,39.10,24.55,37.99,75.45,32.10,37.45,5.35,5.35
2019,DC,Reading,8,Hawaiian,999.00,999.00,999.00,999.00,999.00,999.00,999.00,999.00,999.00,999.00,999.00,999.00
2019,FL,Reading,8,Hawaiian,276.65,255.84,277.27,300.43,35.62,14.97,38.99,85.03,37.14,46.04,8.90,8.90
2019,GA,Reading,8,Hawaiian,277.09,258.28,280.81,298.08,30.66,14.09,37.30,85.91,42.74,48.61,5.87,5.87
2019,HI,Reading,8,Hawaiian,266.99,244.32,268.30,290.43,34.57,23.83,40.98,76.17,30.48,35.20,4.71,4.71
2019,ID,Reading,8,Hawaiian,999.00,999.00,999.00,999.00,999.00,999.00,999.00,999.00,999.00,999.00,999.00,999.00
2019,IL,Reading,8,Hawaiian,262.69,240.50,264.64,287.19,37.43,27.60,40.57,72.40,26.80,31.82,5.02,5.02
2019,IN,Reading,8,Hawaiian,257.25,229.91,258.99,287.35,39.52,35.60,34.05,64.40,27.07,30.36,3.28,3.28
2019,IA,Reading,8,Hawaiian,258.59,234.95,261.76,286.08,38.10,31.64,38.03,68.36,27.20,30.33,3.13,3.13
2019,KS,Reading,8,Hawaiian,255.84,232.41,260.75,283.00,37.92,32.97,39.93,67.03,25.53,27.09,1.56,1.56
2019,KY,Reading,8,Hawaiian,268.53,247.60,271.17,291.79,35.09,22.12,41.57,77.88,31.04,36.31,5.27,5.27
2019,LA,Reading,8,Hawaiian,999.00,999.00,999.00,999.00,999.00,999.00,999.00,999.00,999.00,999.00,999.00,999.00
2019,ME,Reading,8,Hawaiian,999.00,999.00,999.00,999.00,999.00,999.00,999.00,999.00,999.00,999.00,999.00,999.00
2019,MD,Reading,8,Hawaiian,273.54,253.51,277.69,298.19,34.96,18.40,36.03,81.60,40.07,45.56,5.49,5.49
2019,MA,Reading,8,Hawaiian,276.75,249.20,281.85,307.26,42.14,20.73,28.14,79.27,39.82,51.12,11.30,11.30
2019,MI,Reading,8,Hawaiian,266.88,245.81,271.15,294.39,38.85,22.82,36.83,77.18,35.65,40.35,4.70,4.70
2019,MN,Reading,8,Hawaiian,261.42,239.96,264.99,285.64,34.34,26.87,43.08,73.13,27.60,30.06,2.45,2.45
2019,MS,Reading,8,Hawaiian,999.00,999.00,999.00,999.00,999.00,999.00,999.00,999.00,999.00,999.00,999.00,999.00
2019,MO,Reading,8,Hawaiian,268.11,248.69,267.86,289.28,33.32,21.42,44.86,78.58,28.34,33.72,5.38,5.38
2019,MT,Reading,8,Hawaiian,262.46,239.88,266.60,288.37,36.86,27.34,40.03,72.66,30.55,32.63,2.08,2.08
2019,NE,Reading,8,Hawaiian,263.34,241.13,265.22,289.30,34.90,26.21,41.15,73.79,30.08,32.64,2.56,2.56
2019,NV,Reading,8,Hawaiian,261.63,237.69,264.35,287.50,36.55,28.63,39.33,71.37,29.09,32.05,2.96,2.96
2019,NH,Reading,8,Hawaiian,999.00,999.00,999.00,999.00,999.00,999.00,999.00,999.00,999.00,999.00,999.00,999.00
2019,NJ,Reading,8,Hawaiian,999.00,999.00,999.00,999.00,999.00,999.00,999.00,999.00,999.00,999.00,999.00,999.00
2019,NM,Reading,8,Hawaiian,999.00,999.00,999.00,999.00,999.00,999.00,999.00,999.00,999.00,999.00,999.00,999.00
2019,NY,Reading,8,Hawaiian,999.00,999.00,999.00,999.00,999.00,999.00,999.00,999.00,999.00,999.00,999.00,999.00
2019,NC,Reading,8,Hawaiian,263.56,244.18,262.63,283.62,32.35,23.53,48.69,76.47,23.95,27.78,3.83,3.83
2019,ND,Reading,8,Hawaiian,999.00,999.00,999.00,999.00,999.00,999.00,999.00,999.00,999.00,999.00,999.00,999.00
2019,OH,Reading,8,Hawaiian,258.78,238.71,260.29,282.70,35.99,28.46,44.91,71.54,23.26,26.62,3.37,3.37
2019,OK,Reading,8,Hawaiian,264.00,246.86,266.22,283.29,28.55,21.34,49.93,78.66,27.73,28.72,0.99,0.99
2019,OR,Reading,8,Hawaiian,271.78,249.85,274.01,296.08,37.42,19.90,38.50,80.10,33.73,41.61,7.88,7.88
2019,PA,Reading,8,Hawaiian,253.83,231.33,255.83,278.66,34.37,36.16,42.09,63.84,20.04,21.75,1.71,1.71
2019,RI,Reading,8,Hawaiian,262.10,236.22,262.90,290.08,39.33,30.62,36.81,69.38,26.76,32.57,5.81,5.81
2019,SC,Reading,8,Hawaiian,258.72,236.57,261.04,283.22,34.24,30.66,41.34,69.34,26.97,28.00,1.04,1.04
2019,SD,Reading,8,Hawaiian,261.21,240.69,261.97,284.55,35.03,27.31,43.79,72.69,26.09,28.90,2.81,2.81
2019,TN,Reading,8,Hawaiian,267.63,245.00,269.27,293.48,36.69,22.91,39.87,77.09,31.50,37.23,5.73,5.73
2019,TX,Reading,8,Hawaiian,258.09,242.63,265.33,280.57,35.25,25.72,48.96,74.28,24.26,25.32,1.06,1.06
2019,UT,Reading,8,Hawaiian,999.00,999.00,999.00,999.00,999.00,999.00,999.00,999.00,999.00,999.00,999.00,999.00
2019,VT,Reading,8,Hawaiian,270.10,242.72,274.49,297.14,37.76,25.05,32.17,74.95,35.66,42.78,7.12,7.12
2019,VA,Reading,8,Hawaiian,269.19,247.73,269.52,292.39,33.92,20.56,42.10,79.44,31.77,37.34,5.58,5.58
2019,WA,Reading,8,Hawaiian,262.86,244.21,266.24,284.43,33.20,24.24,46.67,75.76,26.78,29.09,2.32,2.32
2019,WV,Reading,8,Hawaiian,248.52,225.74,250.10,273.90,36.49,42.13,38.55,57.87,17.89,19.31,1.43,1.43
2019,WI,Reading,8,Hawaiian,267.51,239.33,271.79,293.78,35.73,27.37,32.35,72.63,35.85,40.28,4.43,4.43
2019,WY,Reading,8,Hawaiian,999.00,999.00,999.00,999.00,999.00,999.00,999.00,999.00,999.00,999.00,999.00,999.00
2019,AL,Reading,8,Multiracial,N/A,N/A,N/A,N/A,N/A,N/A,N/A,N/A,N/A,N/A,N/A,N/A
2019,AK,Reading,8,Multiracial,N/A,N/A,N/A,N/A,N/A,N/A,N/A,N/A,N/A,N/A,N/A,N/A
2019,AZ,Reading,8,Multiracial,N/A,N/A,N/A,N/A,N/A,N/A,N/A,N/A,N/A,N/A,N/A,N/A
2019,AR,Reading,8,Multiracial,N/A,N/A,N/A,N/A,N/A,N/A,N/A,N/A,N/A,N/A,N/A,N/A
2019,CA,Reading,8,Multiracial,N/A,N/A,N/A,N/A,N/A,N/A,N/A,N/A,N/A,N/A,N/A,N/A
2019,CO,Reading,8,Multiracial,N/A,N/A,N/A,N/A,N/A,N/A,N/A,N/A,N/A,N/A,N/A,N/A
2019,CT,Reading,8,Multiracial,N/A,N/A,N/A,N/A,N/A,N/A,N/A,N/A,N/A,N/A,N/A,N/A
2019,DE,Reading,8,Multiracial,N/A,N/A,N/A,N/A,N/A,N/A,N/A,N/A,N/A,N/A,N/A,N/A
2019,DC,Reading,8,Multiracial,N/A,N/A,N/A,N/A,N/A,N/A,N/A,N/A,N/A,N/A,N/A,N/A
2019,FL,Reading,8,Multiracial,N/A,N/A,N/A,N/A,N/A,N/A,N/A,N/A,N/A,N/A,N/A,N/A
2019,GA,Reading,8,Multiracial,N/A,N/A,N/A,N/A,N/A,N/A,N/A,N/A,N/A,N/A,N/A,N/A
2019,HI,Reading,8,Multiracial,N/A,N/A,N/A,N/A,N/A,N/A,N/A,N/A,N/A,N/A,N/A,N/A
2019,ID,Reading,8,Multiracial,N/A,N/A,N/A,N/A,N/A,N/A,N/A,N/A,N/A,N/A,N/A,N/A
2019,IL,Reading,8,Multiracial,N/A,N/A,N/A,N/A,N/A,N/A,N/A,N/A,N/A,N/A,N/A,N/A
2019,IN,Reading,8,Multiracial,N/A,N/A,N/A,N/A,N/A,N/A,N/A,N/A,N/A,N/A,N/A,N/A
2019,IA,Reading,8,Multiracial,N/A,N/A,N/A,N/A,N/A,N/A,N/A,N/A,N/A,N/A,N/A,N/A
2019,KS,Reading,8,Multiracial,N/A,N/A,N/A,N/A,N/A,N/A,N/A,N/A,N/A,N/A,N/A,N/A
2019,KY,Reading,8,Multiracial,N/A,N/A,N/A,N/A,N/A,N/A,N/A,N/A,N/A,N/A,N/A,N/A
2019,LA,Reading,8,Multiracial,N/A,N/A,N/A,N/A,N/A,N/A,N/A,N/A,N/A,N/A,N/A,N/A
2019,ME,Reading,8,Multiracial,N/A,N/A,N/A,N/A,N/A,N/A,N/A,N/A,N/A,N/A,N/A,N/A
2019,MD,Reading,8,Multiracial,N/A,N/A,N/A,N/A,N/A,N/A,N/A,N/A,N/A,N/A,N/A,N/A
2019,MA,Reading,8,Multiracial,N/A,N/A,N/A,N/A,N/A,N/A,N/A,N/A,N/A,N/A,N/A,N/A
2019,MI,Reading,8,Multiracial,N/A,N/A,N/A,N/A,N/A,N/A,N/A,N/A,N/A,N/A,N/A,N/A
2019,MN,Reading,8,Multiracial,N/A,N/A,N/A,N/A,N/A,N/A,N/A,N/A,N/A,N/A,N/A,N/A
2019,MS,Reading,8,Multiracial,N/A,N/A,N/A,N/A,N/A,N/A,N/A,N/A,N/A,N/A,N/A,N/A
2019,MO,Reading,8,Multiracial,N/A,N/A,N/A,N/A,N/A,N/A,N/A,N/A,N/A,N/A,N/A,N/A
2019,MT,Reading,8,Multiracial,N/A,N/A,N/A,N/A,N/A,N/A,N/A,N/A,N/A,N/A,N/A,N/A
2019,NE,Reading,8,Multiracial,N/A,N/A,N/A,N/A,N/A,N/A,N/A,N/A,N/A,N/A,N/A,N/A
2019,NV,Reading,8,Multiracial,N/A,N/A,N/A,N/A,N/A,N/A,N/A,N/A,N/A,N/A,N/A,N/A
2019,NH,Reading,8,Multiracial,N/A,N/A,N/A,N/A,N/A,N/A,N/A,N/A,N/A,N/A,N/A,N/A
2019,NJ,Reading,8,Multiracial,N/A,N/A,N/A,N/A,N/A,N/A,N/A,N/A,N/A,N/A,N/A,N/A
2019,NM,Reading,8,Multiracial,N/A,N/A,N/A,N/A,N/A,N/A,N/A,N/A,N/A,N/A,N/A,N/A
2019,NY,Reading,8,Multiracial,N/A,N/A,N/A,N/A,N/A,N/A,N/A,N/A,N/A,N/A,N/A,N/A
2019,NC,Reading,8,Multiracial,N/A,N/A,N/A,N/A,N/A,N/A,N/A,N/A,N/A,N/A,N/A,N/A
2019,ND,Reading,8,Multiracial,N/A,N/A,N/A,N/A,N/A,N/A,N/A,N/A,N/A,N/A,N/A,N/A
2019,OH,Reading,8,Multiracial,N/A,N/A,N/A,N/A,N/A,N/A,N/A,N/A,N/A,N/A,N/A,N/A
2019,OK,Reading,8,Multiracial,N/A,N/A,N/A,N/A,N/A,N/A,N/A,N/A,N/A,N/A,N/A,N/A
2019,OR,Reading,8,Multiracial,N/A,N/A,N/A,N/A,N/A,N/A,N/A,N/A,N/A,N/A,N/A,N/A
2019,PA,Reading,8,Multiracial,N/A,N/A,N/A,N/A,N/A,N/A,N/A,N/A,N/A,N/A,N/A,N/A
2019,RI,Reading,8,Multiracial,N/A,N/A,N/A,N/A,N/A,N/A,N/A,N/A,N/A,N/A,N/A,N/A
2019,SC,Reading,8,Multiracial,N/A,N/A,N/A,N/A,N/A,N/A,N/A,N/A,N/A,N/A,N/A,N/A
2019,SD,Reading,8,Multiracial,N/A,N/A,N/A,N/A,N/A,N/A,N/A,N/A,N/A,N/A,N/A,N/A
2019,TN,Reading,8,Multiracial,N/A,N/A,N/A,N/A,N/A,N/A,N/A,N/A,N/A,N/A,N/A,N/A
2019,TX,Reading,8,Multiracial,N/A,N/A,N/A,N/A,N/A,N/A,N/A,N/A,N/A,N/A,N/A,N/A
2019,UT,Reading,8,Multiracial,N/A,N/A,N/A,N/A,N/A,N/A,N/A,N/A,N/A,N/A,N/A,N/A
2019,VT,Reading,8,Multiracial,N/A,N/A,N/A,N/A,N/A,N/A,N/A,N/A,N/A,N/A,N/A,N/A
2019,VA,Reading,8,Multiracial,N/A,N/A,N/A,N/A,N/A,N/A,N/A,N/A,N/A,N/A,N/A,N/A
2019,WA,Reading,8,Multiracial,N/A,N/A,N/A,N/A,N/A,N/A,N/A,N/A,N/A,N/A,N/A,N/A
2019,WV,Reading,8,Multiracial,N/A,N/A,N/A,N/A,N/A,N/A,N/A,N/A,N/A,N/A,N/A,N/A
2019,WI,Reading,8,Multiracial,N/A,N/A,N/A,N/A,N/A,N/A,N/A,N/A,N/A,N/A,N/A,N/A
2019,WY,Reading,8,Multiracial,N/A,N/A,N/A,N/A,N/A,N/A,N/A,N/A,N/A,N/A,N/A,N/A
