Year,Jurisdiction,Subject,Grade,Subgroup,Mean,25th Percentile,50th Percentile,75th Percentile,Standard Deviation,Cumulative achievement level - Below Basic,Discrete achievement level - At Basic,Cumulative achievement level - At or above Basic,Discrete achievement level - At Proficient,Cumulative achievement level - At or above Proficient,Discrete achievement level - At Advanced,Cumulative achievement level - At Advanced
2017,AL,Mathematics,4,All,232.17,212.32,233.99,253.81,30.12,26.66,42.14,73.34,27.64,31.20,3.56,3.56
2017,AK,Mathematics,4,All,230.46,209.13,233.51,255.27,34.79,29.07,39.28,70.93,26.43,31.66,5.22,5.22
2017,AZ,Mathematics,4,All,234.44,212.25,235.03,257.41,32.71,26.70,39.42,73.30,26.89,33.88,6.99,6.99
2017,AR,Mathematics,4,All,233.85,213.99,235.52,255.49,30.90,25.00,42.27,75.00,27.80,32.73,4.93,4.93
2017,CA,Mathematics,4,All,232.26,209.74,233.12,254.82,32.91,28.98,39.80,71.02,24.97,31.22,6.25,6.25
2017,CO,Mathematics,4,All,240.70,220.02,242.86,263.30,32.09,19.87,37.75,80.13,33.62,42.38,8.77,8.77
2017,CT,Mathematics,4,All,239.24,219.00,240.98,261.27,31.43,20.67,39.41,79.33,32.26,39.92,7.67,7.67
2017,DE,Mathematics,4,All,236.13,215.82,237.81,258.26,32.48,23.29,40.78,76.71,29.06,35.92,6.86,6.86
2017,DC,Mathematics,4,All,231.32,207.16,231.85,255.72,35.53,31.43,37.06,68.57,23.99,31.51,7.53,7.53
2017,FL,Mathematics,4,All,246.37,228.33,247.28,265.52,27.39,11.94,40.53,88.06,38.25,47.53,9.28,9.28
2017,GA,Mathematics,4,All,236.38,215.66,237.45,257.90,31.19,23.37,41.21,76.63,28.93,35.43,6.50,6.50
2017,HI,Mathematics,4,All,237.92,217.93,239.94,259.47,30.40,21.47,40.42,78.53,31.78,38.11,6.33,6.33
2017,ID,Mathematics,4,All,239.97,220.75,241.87,260.52,29.45,18.71,41.10,81.29,33.45,40.19,6.74,6.74
2017,IL,Mathematics,4,All,238.12,215.41,239.28,261.83,33.38,23.76,37.64,76.24,29.56,38.60,9.04,9.04
2017,IN,Mathematics,4,All,246.51,226.76,247.53,267.90,31.29,14.40,37.59,85.60,35.87,48.01,12.14,12.14
2017,IA,Mathematics,4,All,243.11,223.47,245.58,265.19,31.45,17.24,37.03,82.76,36.45,45.73,9.28,9.28
2017,KS,Mathematics,4,All,241.21,222.34,242.92,261.77,29.50,17.76,40.42,82.24,34.54,41.82,7.28,7.28
2017,KY,Mathematics,4,All,239.18,219.63,241.35,260.56,30.50,19.91,40.31,80.09,33.27,39.78,6.51,6.51
2017,LA,Mathematics,4,All,228.97,209.50,230.77,250.47,30.61,29.38,43.86,70.62,23.94,26.77,2.82,2.82
2017,ME,Mathematics,4,All,239.90,221.33,242.10,260.62,30.25,18.63,41.13,81.37,33.38,40.24,6.86,6.86
2017,MD,Mathematics,4,All,240.60,217.65,242.33,264.90,34.30,21.83,35.83,78.17,31.29,42.34,11.05,11.05
2017,MA,Mathematics,4,All,249.10,229.11,251.30,270.53,30.23,12.89,34.20,87.11,39.63,52.91,13.28,13.28
2017,MI,Mathematics,4,All,235.56,213.56,236.94,258.51,32.64,25.39,39.10,74.61,28.25,35.51,7.26,7.26
2017,MN,Mathematics,4,All,248.80,229.04,251.04,271.27,32.21,14.01,33.43,85.99,38.13,52.57,14.44,14.44
2017,MS,Mathematics,4,All,234.69,216.11,235.45,254.15,27.76,22.76,45.83,77.24,27.48,31.41,3.93,3.93
2017,MO,Mathematics,4,All,239.50,218.87,241.59,261.56,31.11,20.88,38.78,79.12,32.84,40.34,7.50,7.50
2017,MT,Mathematics,4,All,240.72,222.73,242.77,261.43,29.13,17.14,41.54,82.86,35.33,41.32,5.99,5.99
2017,NE,Mathematics,4,All,245.59,226.96,248.07,266.46,29.72,14.59,36.79,85.41,38.85,48.63,9.78,9.78
2017,NV,Mathematics,4,All,231.69,211.71,234.03,253.86,31.43,27.13,42.14,72.87,27.01,30.73,3.72,3.72
2017,NH,Mathematics,4,All,245.32,226.61,247.21,266.19,29.49,14.70,37.59,85.30,37.89,47.71,9.82,9.82
2017,NJ,Mathematics,4,All,247.86,228.69,248.96,268.55,30.04,12.57,37.50,87.43,37.60,49.93,12.33,12.33
2017,NM,Mathematics,4,All,229.70,208.59,230.15,251.04,30.49,30.66,42.16,69.34,23.07,27.18,4.12,4.12
2017,NY,Mathematics,4,All,235.55,215.19,237.90,257.32,30.99,23.89,40.64,76.11,30.03,35.47,5.44,5.44
2017,NC,Mathematics,4,All,240.95,220.70,242.81,262.70,31.10,19.28,38.70,80.72,33.42,42.01,8.60,8.60
2017,ND,Mathematics,4,All,244.24,226.18,246.16,264.04,28.38,14.58,39.62,85.42,37.80,45.80,8.00,8.00
2017,OH,Mathematics,4,All,240.93,220.81,242.40,261.50,30.51,18.84,40.01,81.16,32.87,41.15,8.28,8.28
2017,OK,Mathematics,4,All,237.33,219.64,239.07,256.65,28.02,19.52,45.29,80.48,30.80,35.18,4.38,4.38
2017,OR,Mathematics,4,All,233.13,211.53,234.75,256.72,33.67,27.18,39.56,72.82,26.71,33.26,6.55,6.55
2017,PA,Mathematics,4,All,241.67,220.26,243.77,264.87,32.75,19.65,36.72,80.35,33.51,43.63,10.12,10.12
2017,RI,Mathematics,4,All,237.55,218.13,240.39,260.05,32.20,21.45,39.91,78.55,31.97,38.64,6.67,6.67
2017,SC,Mathematics,4,All,234.04,213.80,234.88,255.26,30.88,25.21,42.89,74.79,26.35,31.90,5.56,5.56
2017,SD,Mathematics,4,All,241.59,223.24,243.85,261.71,29.03,16.93,40.23,83.07,35.98,42.84,6.86,6.86
2017,TN,Mathematics,4,All,236.69,216.22,237.99,258.54,31.08,22.80,41.22,77.20,29.47,35.98,6.51,6.51
2017,TX,Mathematics,4,All,240.94,221.10,242.06,262.65,30.80,18.45,40.37,81.55,32.86,41.18,8.32,8.32
2017,UT,Mathematics,4,All,242.48,222.31,245.46,264.75,32.07,18.61,36.05,81.39,35.89,45.34,9.45,9.45
2017,VT,Mathematics,4,All,240.89,221.12,242.73,263.42,31.99,19.05,38.74,80.95,33.51,42.21,8.70,8.70
2017,VA,Mathematics,4,All,248.04,228.31,249.19,269.09,29.84,13.31,36.46,86.69,37.75,50.23,12.48,12.48
2017,WA,Mathematics,4,All,241.70,220.44,242.93,264.00,32.68,19.51,38.07,80.49,31.91,42.42,10.50,10.50
2017,WV,Mathematics,4,All,236.06,217.76,238.26,256.59,30.08,21.52,43.53,78.48,29.77,34.96,5.18,5.18
2017,WI,Mathematics,4,All,240.39,219.52,242.58,263.31,32.15,20.50,37.66,79.50,32.95,41.83,8.89,8.89
2017,WY,Mathematics,4,All,247.82,230.30,249.56,267.14,27.98,11.38,37.83,88.62,40.78,50.78,10.00,10.00
2017,AL,Mathematics,4,White,241.84,225.01,244.34,260.91,27.46,14.87,42.21,85.13,37.50,42.92,5.42,5.42
2017,AK,Mathematics,4,White,243.72,226.41,245.58,264.11,29.74,13.94,40.87,86.06,36.45,45.19,8.73,8.73
2017,AZ,Mathematics,4,White,247.17,226.88,248.64,268.70,30.68,14.48,36.00,85.52,37.17,49.51,12.34,12.34
2017,AR,Mathematics,4,White,240.28,221.92,241.91,260.66,29.23,17.53,42.18,82.47,33.75,40.29,6.54,6.54
2017,CA,Mathematics,4,White,245.35,226.99,247.17,265.72,30.22,15.29,37.42,84.71,37.27,47.29,10.03,10.03
2017,CO,Mathematics,4,White,250.27,232.19,252.37,270.26,29.09,10.74,34.56,89.26,42.09,54.70,12.62,12.62
2017,CT,Mathematics,4,White,248.64,231.79,250.17,267.23,27.08,10.62,37.57,89.38,41.77,51.81,10.03,10.03
2017,DE,Mathematics,4,White,246.23,227.93,248.54,266.96,30.78,14.07,36.50,85.93,38.33,49.42,11.09,11.09
2017,DC,Mathematics,4,White,271.92,253.49,272.63,291.15,27.79,2.79,17.50,97.21,42.60,79.71,37.11,37.11
2017,FL,Mathematics,4,White,255.11,238.59,256.29,272.20,24.65,5.43,33.17,94.57,47.63,61.40,13.77,13.77
2017,GA,Mathematics,4,White,247.01,229.39,248.94,266.26,28.48,12.32,37.81,87.68,40.13,49.88,9.74,9.74
2017,HI,Mathematics,4,White,248.14,231.45,249.76,267.01,27.79,11.60,37.42,88.40,40.73,50.98,10.25,10.25
2017,ID,Mathematics,4,White,244.35,226.75,246.05,263.26,27.49,13.62,40.83,86.38,37.85,45.54,7.70,7.70
2017,IL,Mathematics,4,White,249.03,229.63,250.81,270.50,30.82,12.83,34.70,87.17,39.18,52.47,13.30,13.30
2017,IN,Mathematics,4,White,251.23,232.84,252.08,271.31,29.49,9.79,35.84,90.21,40.10,54.37,14.27,14.27
2017,IA,Mathematics,4,White,247.39,229.26,249.88,267.70,29.41,12.64,36.10,87.36,40.89,51.26,10.37,10.37
2017,KS,Mathematics,4,White,245.64,227.86,247.20,264.99,28.11,12.86,39.66,87.14,38.72,47.48,8.76,8.76
2017,KY,Mathematics,4,White,242.84,224.73,245.22,263.24,29.17,15.65,39.72,84.35,37.40,44.63,7.23,7.23
2017,LA,Mathematics,4,White,242.28,226.38,243.83,260.02,26.03,12.82,45.66,87.18,36.64,41.51,4.88,4.88
2017,ME,Mathematics,4,White,241.21,223.16,243.34,261.37,29.61,17.13,41.10,82.87,34.72,41.78,7.06,7.06
2017,MD,Mathematics,4,White,254.27,236.22,257.00,275.58,30.70,9.84,29.87,90.16,42.45,60.28,17.83,17.83
2017,MA,Mathematics,4,White,255.11,238.01,257.62,274.51,27.81,8.19,29.54,91.81,46.09,62.27,16.18,16.18
2017,MI,Mathematics,4,White,241.66,223.18,243.31,261.69,29.31,17.09,41.06,82.91,34.22,41.85,7.63,7.63
2017,MN,Mathematics,4,White,256.07,238.43,257.78,275.66,28.42,7.33,30.38,92.67,44.60,62.30,17.70,17.70
2017,MS,Mathematics,4,White,246.35,230.07,247.85,264.02,25.95,10.86,40.88,89.14,40.70,48.26,7.56,7.56
2017,MO,Mathematics,4,White,245.02,226.69,246.82,265.23,29.01,14.43,38.61,85.57,37.99,46.95,8.97,8.97
2017,MT,Mathematics,4,White,245.09,227.69,246.75,264.34,26.98,12.73,40.53,87.27,39.66,46.74,7.08,7.08
2017,NE,Mathematics,4,White,252.15,236.20,254.35,270.61,26.68,8.32,33.70,91.68,46.05,57.98,11.93,11.93
2017,NV,Mathematics,4,White,241.08,223.44,243.55,261.48,28.50,16.48,41.39,83.52,37.05,42.13,5.08,5.08
2017,NH,Mathematics,4,White,246.14,227.96,248.11,266.34,28.56,13.44,37.69,86.56,39.40,48.87,9.47,9.47
2017,NJ,Mathematics,4,White,255.37,239.12,256.41,273.35,26.15,6.15,32.75,93.85,45.99,61.10,15.11,15.11
2017,NM,Mathematics,4,White,244.50,225.13,246.12,264.97,29.45,15.04,38.63,84.96,36.83,46.33,9.49,9.49
2017,NY,Mathematics,4,White,243.72,226.65,245.77,263.01,28.14,14.48,40.34,85.52,37.83,45.18,7.34,7.34
2017,NC,Mathematics,4,White,250.72,233.39,252.56,270.35,28.64,10.69,33.89,89.31,42.36,55.43,13.07,13.07
2017,ND,Mathematics,4,White,248.08,231.38,250.23,266.94,27.58,11.25,36.97,88.75,42.26,51.78,9.52,9.52
2017,OH,Mathematics,4,White,246.24,228.36,247.63,264.88,28.04,13.13,39.01,86.87,38.28,47.87,9.59,9.59
2017,OK,Mathematics,4,White,243.64,227.46,245.13,261.86,26.70,12.97,43.27,87.03,37.53,43.76,6.23,6.23
2017,OR,Mathematics,4,White,238.78,218.79,240.13,260.54,31.63,20.47,40.84,79.53,30.77,38.70,7.93,7.93
2017,PA,Mathematics,4,White,250.05,232.05,251.67,269.56,28.60,10.61,35.38,89.39,41.69,54.01,12.31,12.31
2017,RI,Mathematics,4,White,244.86,227.48,247.65,265.49,29.67,14.63,37.15,85.37,39.44,48.22,8.78,8.78
2017,SC,Mathematics,4,White,244.78,226.81,245.88,264.45,28.18,13.92,40.73,86.08,36.66,45.35,8.69,8.69
2017,SD,Mathematics,4,White,247.40,231.18,248.93,265.21,26.28,10.47,39.61,89.53,41.34,49.92,8.58,8.58
2017,TN,Mathematics,4,White,243.54,224.73,245.16,264.31,29.61,15.48,39.90,84.52,35.89,44.63,8.74,8.74
2017,TX,Mathematics,4,White,252.65,236.19,255.04,271.58,28.02,8.81,32.24,91.19,45.70,58.95,13.26,13.26
2017,UT,Mathematics,4,White,246.93,228.44,249.62,267.59,30.37,14.04,35.05,85.96,39.89,50.91,11.03,11.03
2017,VT,Mathematics,4,White,241.32,221.79,243.21,263.66,31.68,18.52,38.77,81.48,34.10,42.71,8.61,8.61
2017,VA,Mathematics,4,White,257.64,241.00,259.56,275.63,26.35,5.87,28.71,94.13,48.40,65.42,17.02,17.02
2017,WA,Mathematics,4,White,247.83,229.00,248.97,268.10,29.79,12.80,37.22,87.20,37.78,49.97,12.20,12.20
2017,WV,Mathematics,4,White,236.58,218.56,238.71,256.88,29.78,20.74,43.87,79.26,30.20,35.39,5.18,5.18
2017,WI,Mathematics,4,White,246.81,228.23,248.57,267.69,29.46,13.45,37.10,86.55,38.56,49.45,10.89,10.89
2017,WY,Mathematics,4,White,250.40,233.48,251.84,268.82,26.59,9.02,36.72,90.98,43.30,54.26,10.96,10.96
2017,AL,Mathematics,4,Black,218.72,200.39,219.10,238.53,27.65,42.98,42.49,57.02,13.88,14.53,0.65,0.65
2017,AK,Mathematics,4,Black,222.58,202.42,220.02,239.73,30.21,40.38,41.37,59.62,13.83,18.25,4.41,4.41
2017,AZ,Mathematics,4,Black,215.95,195.09,218.16,237.19,30.62,45.52,40.99,54.48,12.35,13.50,1.15,1.15
2017,AR,Mathematics,4,Black,214.30,195.51,215.30,234.49,28.12,48.12,41.23,51.88,10.23,10.64,999.00,999.00
2017,CA,Mathematics,4,Black,217.53,197.43,216.61,239.04,28.63,46.74,38.43,53.26,14.13,14.84,0.71,0.71
2017,CO,Mathematics,4,Black,222.68,199.81,224.97,247.23,33.33,39.01,38.19,60.99,20.21,22.80,2.60,2.60
2017,CT,Mathematics,4,Black,222.16,203.63,224.07,242.18,29.79,36.10,46.89,63.90,15.03,17.00,1.97,1.97
2017,DE,Mathematics,4,Black,222.39,203.55,224.66,243.49,30.39,36.45,44.85,63.55,17.31,18.70,1.39,1.39
2017,DC,Mathematics,4,Black,223.58,201.82,224.89,246.93,32.38,37.59,39.61,62.41,20.28,22.80,2.52,2.52
2017,FL,Mathematics,4,Black,233.34,216.22,233.40,251.16,26.56,22.53,50.20,77.47,23.88,27.28,3.39,3.39
2017,GA,Mathematics,4,Black,223.29,205.36,224.22,242.39,27.80,35.34,47.05,64.66,16.52,17.61,1.09,1.09
2017,HI,Mathematics,4,Black,999.00,999.00,999.00,999.00,999.00,999.00,999.00,999.00,999.00,999.00,999.00,999.00
2017,ID,Mathematics,4,Black,999.00,999.00,999.00,999.00,999.00,999.00,999.00,999.00,999.00,999.00,999.00,999.00
2017,IL,Mathematics,4,Black,217.02,196.24,217.18,238.16,30.07,45.95,39.18,54.05,13.85,14.87,1.02,1.02
2017,IN,Mathematics,4,Black,225.81,206.99,227.14,245.53,28.78,32.60,46.27,67.40,19.30,21.13,1.83,1.83
2017,IA,Mathematics,4,Black,214.91,193.07,214.18,237.68,31.65,49.65,34.53,50.35,14.95,15.82,0.87,0.87
2017,KS,Mathematics,4,Black,222.54,200.39,222.21,244.89,30.31,40.18,38.86,59.82,18.50,20.97,2.46,2.46
2017,KY,Mathematics,4,Black,217.53,197.32,217.67,239.03,29.33,45.18,39.85,54.82,14.17,14.97,0.80,0.80
2017,LA,Mathematics,4,Black,215.84,197.21,217.43,235.96,28.87,45.25,42.51,54.75,11.80,12.24,999.00,999.00
2017,ME,Mathematics,4,Black,216.28,193.91,215.70,240.70,34.19,48.35,32.07,51.65,17.19,19.58,2.39,2.39
2017,MD,Mathematics,4,Black,226.38,205.88,227.29,248.31,31.10,33.55,42.18,66.45,21.36,24.27,2.90,2.90
2017,MA,Mathematics,4,Black,229.14,210.53,230.81,248.91,27.70,28.53,46.77,71.47,23.03,24.71,1.68,1.68
2017,MI,Mathematics,4,Black,211.10,191.25,210.49,230.97,29.20,54.69,35.62,45.31,9.00,9.69,0.69,0.69
2017,MN,Mathematics,4,Black,222.46,200.00,224.65,245.25,32.80,39.01,39.66,60.99,18.70,21.33,2.63,2.63
2017,MS,Mathematics,4,Black,224.21,207.40,224.66,241.52,25.36,33.84,49.69,66.16,15.51,16.47,0.96,0.96
2017,MO,Mathematics,4,Black,216.17,196.13,215.48,236.45,28.92,47.85,38.58,52.15,12.66,13.58,0.92,0.92
2017,MT,Mathematics,4,Black,999.00,999.00,999.00,999.00,999.00,999.00,999.00,999.00,999.00,999.00,999.00,999.00
2017,NE,Mathematics,4,Black,219.92,199.82,218.87,241.32,30.80,43.07,38.97,56.93,15.34,17.96,2.62,2.62
2017,NV,Mathematics,4,Black,216.14,195.47,215.87,237.74,29.49,47.78,37.88,52.22,13.69,14.34,0.65,0.65
2017,NH,Mathematics,4,Black,999.00,999.00,999.00,999.00,999.00,999.00,999.00,999.00,999.00,999.00,999.00,999.00
2017,NJ,Mathematics,4,Black,228.14,210.27,230.92,249.06,30.48,28.72,46.08,71.28,23.41,25.20,1.79,1.79
2017,NM,Mathematics,4,Black,999.00,999.00,999.00,999.00,999.00,999.00,999.00,999.00,999.00,999.00,999.00,999.00
2017,NY,Mathematics,4,Black,224.47,203.69,225.04,246.55,30.04,36.03,41.54,63.97,20.64,22.43,1.80,1.80
2017,NC,Mathematics,4,Black,224.43,205.37,226.04,244.73,28.73,34.67,45.23,65.33,18.80,20.10,1.29,1.29
2017,ND,Mathematics,4,Black,229.42,209.84,231.07,248.40,27.31,29.65,46.11,70.35,21.68,24.25,2.56,2.56
2017,OH,Mathematics,4,Black,219.84,201.01,220.52,239.28,28.44,40.63,43.89,59.37,14.61,15.48,0.87,0.87
2017,OK,Mathematics,4,Black,217.54,199.81,217.55,234.52,26.39,44.20,44.98,55.80,9.98,10.81,0.83,0.83
2017,OR,Mathematics,4,Black,999.00,999.00,999.00,999.00,999.00,999.00,999.00,999.00,999.00,999.00,999.00,999.00
2017,PA,Mathematics,4,Black,216.08,196.99,216.88,236.52,29.78,46.02,40.72,53.98,12.23,13.26,1.03,1.03
2017,RI,Mathematics,4,Black,225.09,208.78,227.12,244.12,27.81,31.14,49.26,68.86,18.53,19.61,1.08,1.08
2017,SC,Mathematics,4,Black,219.20,201.62,220.29,237.88,28.55,40.74,45.86,59.26,12.18,13.40,1.22,1.22
2017,SD,Mathematics,4,Black,218.99,200.80,221.23,239.49,29.23,39.86,45.71,60.14,13.99,14.43,999.00,999.00
2017,TN,Mathematics,4,Black,221.67,202.72,222.03,241.53,28.16,38.73,44.42,61.27,15.41,16.84,1.43,1.43
2017,TX,Mathematics,4,Black,228.55,209.31,228.36,248.37,28.42,29.81,45.90,70.19,21.67,24.29,2.62,2.62
2017,UT,Mathematics,4,Black,999.00,999.00,999.00,999.00,999.00,999.00,999.00,999.00,999.00,999.00,999.00,999.00
2017,VT,Mathematics,4,Black,226.19,201.83,227.20,250.97,34.47,34.97,38.24,65.03,22.63,26.79,4.15,4.15
2017,VA,Mathematics,4,Black,230.99,214.55,232.03,248.12,25.36,24.37,51.98,75.63,22.01,23.65,1.64,1.64
2017,WA,Mathematics,4,Black,227.81,207.76,227.81,250.08,29.46,32.05,41.68,67.95,24.33,26.27,1.94,1.94
2017,WV,Mathematics,4,Black,226.08,203.90,228.72,249.18,33.91,34.07,40.89,65.93,20.37,25.04,4.67,4.67
2017,WI,Mathematics,4,Black,210.96,189.67,209.90,231.23,30.50,55.55,33.84,44.45,8.75,10.60,1.86,1.86
2017,WY,Mathematics,4,Black,999.00,999.00,999.00,999.00,999.00,999.00,999.00,999.00,999.00,999.00,999.00,999.00
2017,AL,Mathematics,4,Hispanic,217.79,198.74,219.02,238.45,29.74,43.54,41.64,56.46,14.21,14.81,0.60,0.60
2017,AK,Mathematics,4,Hispanic,224.39,204.90,225.66,245.87,29.29,35.11,43.63,64.89,19.66,21.25,1.60,1.60
2017,AZ,Mathematics,4,Hispanic,225.91,205.66,227.04,247.12,30.18,34.11,42.92,65.89,20.31,22.97,2.67,2.67
2017,AR,Mathematics,4,Hispanic,230.35,211.61,232.76,250.86,29.13,27.32,45.36,72.68,24.67,27.32,2.66,2.66
2017,CA,Mathematics,4,Hispanic,222.52,202.78,223.53,243.22,29.80,37.69,43.31,62.31,17.22,19.00,1.78,1.78
2017,CO,Mathematics,4,Hispanic,226.24,205.90,227.65,247.65,30.46,33.37,42.93,66.63,21.17,23.70,2.53,2.53
2017,CT,Mathematics,4,Hispanic,222.92,203.41,222.85,244.33,30.59,38.04,41.33,61.96,18.53,20.62,2.09,2.09
2017,DE,Mathematics,4,Hispanic,228.81,211.72,230.90,248.62,29.00,27.33,48.12,72.67,22.44,24.55,2.11,2.11
2017,DC,Mathematics,4,Hispanic,230.18,208.54,231.26,251.82,31.86,30.32,41.21,69.68,23.66,28.46,4.81,4.81
2017,FL,Mathematics,4,Hispanic,241.56,224.92,242.51,259.63,26.06,14.33,45.27,85.67,35.10,40.39,5.29,5.29
2017,GA,Mathematics,4,Hispanic,228.45,208.45,229.24,249.35,28.74,30.69,44.11,69.31,22.69,25.20,2.52,2.52
2017,HI,Mathematics,4,Hispanic,232.45,212.18,234.14,253.59,29.14,26.90,42.19,73.10,28.04,30.90,2.86,2.86
2017,ID,Mathematics,4,Hispanic,221.53,202.32,221.98,241.58,29.01,38.79,43.78,61.21,16.15,17.43,1.28,1.28
2017,IL,Mathematics,4,Hispanic,226.64,206.65,227.12,246.93,29.33,33.16,44.14,66.84,20.07,22.71,2.64,2.64
2017,IN,Mathematics,4,Hispanic,233.88,213.78,234.24,255.65,30.25,25.37,42.22,74.63,28.08,32.41,4.33,4.33
2017,IA,Mathematics,4,Hispanic,231.29,211.91,231.85,250.07,29.47,27.27,46.26,72.73,22.19,26.47,4.28,4.28
2017,KS,Mathematics,4,Hispanic,232.65,213.68,233.99,252.13,27.56,25.25,45.80,74.75,26.48,28.95,2.47,2.47
2017,KY,Mathematics,4,Hispanic,229.58,211.95,230.70,247.50,26.78,27.68,49.26,72.32,20.82,23.06,2.24,2.24
2017,LA,Mathematics,4,Hispanic,223.72,204.47,224.04,242.48,28.64,36.01,45.38,63.99,16.46,18.61,2.15,2.15
2017,ME,Mathematics,4,Hispanic,999.00,999.00,999.00,999.00,999.00,999.00,999.00,999.00,999.00,999.00,999.00,999.00
2017,MD,Mathematics,4,Hispanic,228.88,208.13,229.99,251.21,31.56,31.10,41.22,68.90,23.86,27.68,3.82,3.82
2017,MA,Mathematics,4,Hispanic,234.16,215.63,235.00,253.65,27.86,22.95,46.20,77.05,27.06,30.85,3.78,3.78
2017,MI,Mathematics,4,Hispanic,222.84,202.68,221.42,240.59,30.29,38.59,42.55,61.41,15.26,18.85,3.59,3.59
2017,MN,Mathematics,4,Hispanic,228.85,208.51,229.72,249.71,28.76,30.64,43.36,69.36,23.68,26.00,2.32,2.32
2017,MS,Mathematics,4,Hispanic,238.64,222.06,238.41,255.94,23.61,15.26,50.86,84.74,31.42,33.88,2.46,2.46
2017,MO,Mathematics,4,Hispanic,227.48,205.28,228.35,248.52,31.12,33.78,41.63,66.22,21.10,24.59,3.48,3.48
2017,MT,Mathematics,4,Hispanic,229.98,214.60,232.55,249.05,28.78,24.53,50.58,75.47,22.86,24.89,2.03,2.03
2017,NE,Mathematics,4,Hispanic,233.34,214.70,234.21,253.16,27.95,24.11,45.69,75.89,26.83,30.20,3.37,3.37
2017,NV,Mathematics,4,Hispanic,225.26,206.66,227.85,246.18,30.08,32.59,45.85,67.41,19.69,21.56,1.87,1.87
2017,NH,Mathematics,4,Hispanic,226.98,205.37,227.21,248.31,31.18,34.11,41.68,65.89,20.17,24.22,4.05,4.05
2017,NJ,Mathematics,4,Hispanic,235.61,218.34,235.48,253.16,26.83,19.64,50.11,80.36,25.75,30.26,4.51,4.51
2017,NM,Mathematics,4,Hispanic,225.72,205.50,226.49,246.02,29.11,34.40,43.72,65.60,19.54,21.88,2.34,2.34
2017,NY,Mathematics,4,Hispanic,223.43,203.32,225.31,244.28,29.75,36.39,43.75,63.61,18.05,19.86,1.81,1.81
2017,NC,Mathematics,4,Hispanic,234.82,215.79,235.86,255.15,29.06,23.06,44.17,76.94,28.09,32.76,4.67,4.67
2017,ND,Mathematics,4,Hispanic,230.52,212.74,229.49,247.84,26.65,26.51,50.10,73.49,20.59,23.39,2.79,2.79
2017,OH,Mathematics,4,Hispanic,229.10,210.71,229.50,247.94,30.26,28.78,47.09,71.22,20.97,24.13,3.17,3.17
2017,OK,Mathematics,4,Hispanic,229.73,211.53,231.49,249.06,27.78,27.68,47.24,72.32,23.24,25.09,1.85,1.85
2017,OR,Mathematics,4,Hispanic,218.47,194.23,219.52,242.93,33.93,44.03,36.21,55.97,17.44,19.76,2.32,2.32
2017,PA,Mathematics,4,Hispanic,220.85,201.28,221.90,240.77,29.32,39.45,43.58,60.55,15.63,16.97,1.34,1.34
2017,RI,Mathematics,4,Hispanic,224.24,204.53,227.39,246.42,32.37,33.90,43.79,66.10,20.17,22.31,2.14,2.14
2017,SC,Mathematics,4,Hispanic,230.26,210.69,230.90,249.65,28.61,28.74,45.51,71.26,21.90,25.75,3.84,3.84
2017,SD,Mathematics,4,Hispanic,228.91,207.49,231.51,251.96,30.47,30.58,41.20,69.42,26.08,28.22,2.14,2.14
2017,TN,Mathematics,4,Hispanic,225.55,205.55,227.11,245.84,30.80,33.81,44.43,66.19,19.11,21.76,2.65,2.65
2017,TX,Mathematics,4,Hispanic,235.84,217.67,236.52,256.15,29.18,21.39,45.14,78.61,28.67,33.47,4.79,4.79
2017,UT,Mathematics,4,Hispanic,226.17,204.03,226.97,248.98,31.61,35.21,39.87,64.79,21.95,24.92,2.98,2.98
2017,VT,Mathematics,4,Hispanic,999.00,999.00,999.00,999.00,999.00,999.00,999.00,999.00,999.00,999.00,999.00,999.00
2017,VA,Mathematics,4,Hispanic,234.96,215.95,235.80,254.00,28.61,23.05,46.44,76.95,25.64,30.51,4.88,4.88
2017,WA,Mathematics,4,Hispanic,226.03,204.77,226.74,247.08,31.78,34.81,42.09,65.19,19.34,23.10,3.76,3.76
2017,WV,Mathematics,4,Hispanic,999.00,999.00,999.00,999.00,999.00,999.00,999.00,999.00,999.00,999.00,999.00,999.00
2017,WI,Mathematics,4,Hispanic,225.04,202.78,226.61,248.16,31.05,36.28,39.68,63.72,21.68,24.04,2.36,2.36
2017,WY,Mathematics,4,Hispanic,237.28,218.92,239.49,257.51,29.08,19.87,44.20,80.13,31.41,35.93,4.53,4.53
2017,AL,Mathematics,4,Asian,999.00,999.00,999.00,999.00,999.00,999.00,999.00,999.00,999.00,999.00,999.00,999.00
2017,AK,Mathematics,4,Asian,227.03,205.61,229.09,249.61,31.63,33.21,41.43,66.79,22.36,25.36,3.00,3.00
2017,AZ,Mathematics,4,Asian,252.98,225.94,257.86,277.42,36.59,17.78,21.51,82.22,39.54,60.71,21.17,21.17
2017,AR,Mathematics,4,Asian,235.86,208.44,236.86,262.18,37.77,29.84,33.10,70.16,26.02,37.06,11.04,11.04
2017,CA,Mathematics,4,Asian,258.01,238.20,259.76,278.96,30.15,8.05,28.07,91.95,42.01,63.88,21.87,21.87
2017,CO,Mathematics,4,Asian,250.45,229.36,249.24,275.52,32.38,12.67,37.07,87.33,31.79,50.26,18.47,18.47
2017,CT,Mathematics,4,Asian,258.21,240.00,258.01,277.34,28.40,6.43,30.44,93.57,42.41,63.13,20.72,20.72
2017,DE,Mathematics,4,Asian,266.20,250.40,268.59,283.43,27.93,4.25,19.22,95.75,49.71,76.52,26.81,26.81
2017,DC,Mathematics,4,Asian,999.00,999.00,999.00,999.00,999.00,999.00,999.00,999.00,999.00,999.00,999.00,999.00
2017,FL,Mathematics,4,Asian,266.64,246.50,266.03,286.53,29.72,3.63,24.13,96.37,42.70,72.24,29.54,29.54
2017,GA,Mathematics,4,Asian,272.19,254.33,272.75,291.11,28.34,2.94,16.44,97.06,44.03,80.63,36.60,36.60
2017,HI,Mathematics,4,Asian,236.35,216.02,238.10,258.25,30.99,23.19,40.61,76.81,29.84,36.20,6.36,6.36
2017,ID,Mathematics,4,Asian,999.00,999.00,999.00,999.00,999.00,999.00,999.00,999.00,999.00,999.00,999.00,999.00
2017,IL,Mathematics,4,Asian,263.12,244.06,264.53,284.36,30.22,7.56,22.95,92.44,41.78,69.49,27.71,27.71
2017,IN,Mathematics,4,Asian,999.00,999.00,999.00,999.00,999.00,999.00,999.00,999.00,999.00,999.00,999.00,999.00
2017,IA,Mathematics,4,Asian,999.00,999.00,999.00,999.00,999.00,999.00,999.00,999.00,999.00,999.00,999.00,999.00
2017,KS,Mathematics,4,Asian,249.27,225.17,253.72,276.97,35.39,17.34,27.69,82.66,35.03,54.96,19.93,19.93
2017,KY,Mathematics,4,Asian,263.93,240.51,265.43,289.17,34.30,8.87,22.59,91.13,35.93,68.54,32.62,32.62
2017,LA,Mathematics,4,Asian,999.00,999.00,999.00,999.00,999.00,999.00,999.00,999.00,999.00,999.00,999.00,999.00
2017,ME,Mathematics,4,Asian,999.00,999.00,999.00,999.00,999.00,999.00,999.00,999.00,999.00,999.00,999.00,999.00
2017,MD,Mathematics,4,Asian,263.55,240.91,265.93,287.70,32.94,7.99,24.00,92.01,36.63,68.01,31.38,31.38
2017,MA,Mathematics,4,Asian,262.34,241.72,264.57,284.69,32.43,7.07,25.00,92.93,40.21,67.93,27.72,27.72
2017,MI,Mathematics,4,Asian,261.25,243.41,265.39,285.10,33.43,8.99,20.91,91.01,41.61,70.10,28.48,28.48
2017,MN,Mathematics,4,Asian,246.08,222.32,246.19,269.86,37.78,19.14,34.55,80.86,29.53,46.30,16.77,16.77
2017,MS,Mathematics,4,Asian,999.00,999.00,999.00,999.00,999.00,999.00,999.00,999.00,999.00,999.00,999.00,999.00
2017,MO,Mathematics,4,Asian,999.00,999.00,999.00,999.00,999.00,999.00,999.00,999.00,999.00,999.00,999.00,999.00
2017,MT,Mathematics,4,Asian,999.00,999.00,999.00,999.00,999.00,999.00,999.00,999.00,999.00,999.00,999.00,999.00
2017,NE,Mathematics,4,Asian,255.78,235.07,258.26,283.66,36.55,13.32,27.95,86.68,32.09,58.73,26.64,26.64
2017,NV,Mathematics,4,Asian,251.60,235.07,255.51,273.39,32.41,12.17,28.59,87.83,45.08,59.24,14.16,14.16
2017,NH,Mathematics,4,Asian,261.17,242.41,264.42,284.30,32.20,7.00,25.05,93.00,39.82,67.95,28.12,28.12
2017,NJ,Mathematics,4,Asian,271.25,255.73,272.64,289.77,27.23,3.28,14.97,96.72,46.51,81.75,35.24,35.24
2017,NM,Mathematics,4,Asian,999.00,999.00,999.00,999.00,999.00,999.00,999.00,999.00,999.00,999.00,999.00,999.00
2017,NY,Mathematics,4,Asian,251.66,234.25,254.50,271.77,30.63,11.48,30.28,88.52,43.60,58.24,14.64,14.64
2017,NC,Mathematics,4,Asian,258.20,239.13,259.62,278.21,29.17,6.91,29.28,93.09,43.16,63.81,20.65,20.65
2017,ND,Mathematics,4,Asian,999.00,999.00,999.00,999.00,999.00,999.00,999.00,999.00,999.00,999.00,999.00,999.00
2017,OH,Mathematics,4,Asian,262.80,237.80,268.12,289.82,35.18,9.24,22.92,90.76,33.58,67.84,34.26,34.26
2017,OK,Mathematics,4,Asian,999.00,999.00,999.00,999.00,999.00,999.00,999.00,999.00,999.00,999.00,999.00,999.00
2017,OR,Mathematics,4,Asian,245.73,222.08,245.71,270.91,34.21,18.11,35.13,81.89,32.04,46.76,14.72,14.72
2017,PA,Mathematics,4,Asian,266.25,248.68,272.18,288.78,31.66,7.81,17.55,92.19,39.74,74.64,34.90,34.90
2017,RI,Mathematics,4,Asian,254.87,234.94,253.61,279.46,33.89,9.45,33.87,90.55,33.30,56.68,23.38,23.38
2017,SC,Mathematics,4,Asian,999.00,999.00,999.00,999.00,999.00,999.00,999.00,999.00,999.00,999.00,999.00,999.00
2017,SD,Mathematics,4,Asian,999.00,999.00,999.00,999.00,999.00,999.00,999.00,999.00,999.00,999.00,999.00,999.00
2017,TN,Mathematics,4,Asian,999.00,999.00,999.00,999.00,999.00,999.00,999.00,999.00,999.00,999.00,999.00,999.00
2017,TX,Mathematics,4,Asian,264.86,246.71,269.66,288.74,34.48,8.02,18.67,91.98,40.28,73.31,33.03,33.03
2017,UT,Mathematics,4,Asian,231.49,201.84,232.18,258.71,40.63,35.41,30.38,64.59,23.70,34.21,10.51,10.51
2017,VT,Mathematics,4,Asian,999.00,999.00,999.00,999.00,999.00,999.00,999.00,999.00,999.00,999.00,999.00,999.00
2017,VA,Mathematics,4,Asian,263.87,244.45,268.10,285.99,31.60,8.23,19.92,91.77,40.51,71.85,31.34,31.34
2017,WA,Mathematics,4,Asian,253.53,231.09,255.38,279.08,36.48,13.92,28.30,86.08,35.32,57.78,22.46,22.46
2017,WV,Mathematics,4,Asian,999.00,999.00,999.00,999.00,999.00,999.00,999.00,999.00,999.00,999.00,999.00,999.00
2017,WI,Mathematics,4,Asian,242.16,221.27,241.54,263.48,33.29,18.90,40.51,81.10,29.64,40.58,10.95,10.95
2017,WY,Mathematics,4,Asian,999.00,999.00,999.00,999.00,999.00,999.00,999.00,999.00,999.00,999.00,999.00,999.00
2017,AL,Mathematics,4,American Indian or Alaskan Native,999.00,999.00,999.00,999.00,999.00,999.00,999.00,999.00,999.00,999.00,999.00,999.00
2017,AK,Mathematics,4,American Indian or Alaskan Native,207.88,183.66,209.57,233.36,35.53,55.03,32.70,44.97,11.39,12.28,0.89,0.89
2017,AZ,Mathematics,4,American Indian or Alaskan Native,223.46,205.97,223.32,242.40,28.36,35.81,45.46,64.19,17.31,18.73,1.41,1.41
2017,AR,Mathematics,4,American Indian or Alaskan Native,999.00,999.00,999.00,999.00,999.00,999.00,999.00,999.00,999.00,999.00,999.00,999.00
2017,CA,Mathematics,4,American Indian or Alaskan Native,999.00,999.00,999.00,999.00,999.00,999.00,999.00,999.00,999.00,999.00,999.00,999.00
2017,CO,Mathematics,4,American Indian or Alaskan Native,999.00,999.00,999.00,999.00,999.00,999.00,999.00,999.00,999.00,999.00,999.00,999.00
2017,CT,Mathematics,4,American Indian or Alaskan Native,999.00,999.00,999.00,999.00,999.00,999.00,999.00,999.00,999.00,999.00,999.00,999.00
2017,DE,Mathematics,4,American Indian or Alaskan Native,999.00,999.00,999.00,999.00,999.00,999.00,999.00,999.00,999.00,999.00,999.00,999.00
2017,DC,Mathematics,4,American Indian or Alaskan Native,999.00,999.00,999.00,999.00,999.00,999.00,999.00,999.00,999.00,999.00,999.00,999.00
2017,FL,Mathematics,4,American Indian or Alaskan Native,999.00,999.00,999.00,999.00,999.00,999.00,999.00,999.00,999.00,999.00,999.00,999.00
2017,GA,Mathematics,4,American Indian or Alaskan Native,999.00,999.00,999.00,999.00,999.00,999.00,999.00,999.00,999.00,999.00,999.00,999.00
2017,HI,Mathematics,4,American Indian or Alaskan Native,999.00,999.00,999.00,999.00,999.00,999.00,999.00,999.00,999.00,999.00,999.00,999.00
2017,ID,Mathematics,4,American Indian or Alaskan Native,999.00,999.00,999.00,999.00,999.00,999.00,999.00,999.00,999.00,999.00,999.00,999.00
2017,IL,Mathematics,4,American Indian or Alaskan Native,999.00,999.00,999.00,999.00,999.00,999.00,999.00,999.00,999.00,999.00,999.00,999.00
2017,IN,Mathematics,4,American Indian or Alaskan Native,999.00,999.00,999.00,999.00,999.00,999.00,999.00,999.00,999.00,999.00,999.00,999.00
2017,IA,Mathematics,4,American Indian or Alaskan Native,999.00,999.00,999.00,999.00,999.00,999.00,999.00,999.00,999.00,999.00,999.00,999.00
2017,KS,Mathematics,4,American Indian or Alaskan Native,999.00,999.00,999.00,999.00,999.00,999.00,999.00,999.00,999.00,999.00,999.00,999.00
2017,KY,Mathematics,4,American Indian or Alaskan Native,999.00,999.00,999.00,999.00,999.00,999.00,999.00,999.00,999.00,999.00,999.00,999.00
2017,LA,Mathematics,4,American Indian or Alaskan Native,999.00,999.00,999.00,999.00,999.00,999.00,999.00,999.00,999.00,999.00,999.00,999.00
2017,ME,Mathematics,4,American Indian or Alaskan Native,999.00,999.00,999.00,999.00,999.00,999.00,999.00,999.00,999.00,999.00,999.00,999.00
2017,MD,Mathematics,4,American Indian or Alaskan Native,999.00,999.00,999.00,999.00,999.00,999.00,999.00,999.00,999.00,999.00,999.00,999.00
2017,MA,Mathematics,4,American Indian or Alaskan Native,999.00,999.00,999.00,999.00,999.00,999.00,999.00,999.00,999.00,999.00,999.00,999.00
2017,MI,Mathematics,4,American Indian or Alaskan Native,999.00,999.00,999.00,999.00,999.00,999.00,999.00,999.00,999.00,999.00,999.00,999.00
2017,MN,Mathematics,4,American Indian or Alaskan Native,999.00,999.00,999.00,999.00,999.00,999.00,999.00,999.00,999.00,999.00,999.00,999.00
2017,MS,Mathematics,4,American Indian or Alaskan Native,999.00,999.00,999.00,999.00,999.00,999.00,999.00,999.00,999.00,999.00,999.00,999.00
2017,MO,Mathematics,4,American Indian or Alaskan Native,999.00,999.00,999.00,999.00,999.00,999.00,999.00,999.00,999.00,999.00,999.00,999.00
2017,MT,Mathematics,4,American Indian or Alaskan Native,216.41,197.94,219.26,237.11,29.41,43.12,44.45,56.88,12.06,12.42,999.00,999.00
2017,NE,Mathematics,4,American Indian or Alaskan Native,999.00,999.00,999.00,999.00,999.00,999.00,999.00,999.00,999.00,999.00,999.00,999.00
2017,NV,Mathematics,4,American Indian or Alaskan Native,999.00,999.00,999.00,999.00,999.00,999.00,999.00,999.00,999.00,999.00,999.00,999.00
2017,NH,Mathematics,4,American Indian or Alaskan Native,999.00,999.00,999.00,999.00,999.00,999.00,999.00,999.00,999.00,999.00,999.00,999.00
2017,NJ,Mathematics,4,American Indian or Alaskan Native,999.00,999.00,999.00,999.00,999.00,999.00,999.00,999.00,999.00,999.00,999.00,999.00
2017,NM,Mathematics,4,American Indian or Alaskan Native,217.52,198.20,217.20,236.29,27.19,45.67,41.25,54.33,12.21,13.08,0.87,0.87
2017,NY,Mathematics,4,American Indian or Alaskan Native,999.00,999.00,999.00,999.00,999.00,999.00,999.00,999.00,999.00,999.00,999.00,999.00
2017,NC,Mathematics,4,American Indian or Alaskan Native,999.00,999.00,999.00,999.00,999.00,999.00,999.00,999.00,999.00,999.00,999.00,999.00
2017,ND,Mathematics,4,American Indian or Alaskan Native,224.84,208.08,225.86,241.36,25.94,32.06,51.75,67.94,14.66,16.19,1.53,1.53
2017,OH,Mathematics,4,American Indian or Alaskan Native,999.00,999.00,999.00,999.00,999.00,999.00,999.00,999.00,999.00,999.00,999.00,999.00
2017,OK,Mathematics,4,American Indian or Alaskan Native,233.01,216.44,234.86,251.54,26.46,22.04,49.44,77.96,26.61,28.52,1.91,1.91
2017,OR,Mathematics,4,American Indian or Alaskan Native,999.00,999.00,999.00,999.00,999.00,999.00,999.00,999.00,999.00,999.00,999.00,999.00
2017,PA,Mathematics,4,American Indian or Alaskan Native,999.00,999.00,999.00,999.00,999.00,999.00,999.00,999.00,999.00,999.00,999.00,999.00
2017,RI,Mathematics,4,American Indian or Alaskan Native,999.00,999.00,999.00,999.00,999.00,999.00,999.00,999.00,999.00,999.00,999.00,999.00
2017,SC,Mathematics,4,American Indian or Alaskan Native,999.00,999.00,999.00,999.00,999.00,999.00,999.00,999.00,999.00,999.00,999.00,999.00
2017,SD,Mathematics,4,American Indian or Alaskan Native,220.11,201.49,220.43,240.11,28.62,41.15,42.13,58.85,15.93,16.71,0.78,0.78
2017,TN,Mathematics,4,American Indian or Alaskan Native,999.00,999.00,999.00,999.00,999.00,999.00,999.00,999.00,999.00,999.00,999.00,999.00
2017,TX,Mathematics,4,American Indian or Alaskan Native,999.00,999.00,999.00,999.00,999.00,999.00,999.00,999.00,999.00,999.00,999.00,999.00
2017,UT,Mathematics,4,American Indian or Alaskan Native,999.00,999.00,999.00,999.00,999.00,999.00,999.00,999.00,999.00,999.00,999.00,999.00
2017,VT,Mathematics,4,American Indian or Alaskan Native,999.00,999.00,999.00,999.00,999.00,999.00,999.00,999.00,999.00,999.00,999.00,999.00
2017,VA,Mathematics,4,American Indian or Alaskan Native,999.00,999.00,999.00,999.00,999.00,999.00,999.00,999.00,999.00,999.00,999.00,999.00
2017,WA,Mathematics,4,American Indian or Alaskan Native,999.00,999.00,999.00,999.00,999.00,999.00,999.00,999.00,999.00,999.00,999.00,999.00
2017,WV,Mathematics,4,American Indian or Alaskan Native,999.00,999.00,999.00,999.00,999.00,999.00,999.00,999.00,999.00,999.00,999.00,999.00
2017,WI,Mathematics,4,American Indian or Alaskan Native,999.00,999.00,999.00,999.00,999.00,999.00,999.00,999.00,999.00,999.00,999.00,999.00
2017,WY,Mathematics,4,American Indian or Alaskan Native,220.88,203.81,224.79,240.45,27.73,34.73,50.55,65.27,14.52,14.72,999.00,999.00
2017,AL,Mathematics,4,Hawaiian,999.00,999.00,999.00,999.00,999.00,999.00,999.00,999.00,999.00,999.00,999.00,999.00
2017,AK,Mathematics,4,Hawaiian,233.72,214.15,236.00,256.20,31.74,24.69,42.02,75.31,28.78,33.29,4.51,4.51
2017,AZ,Mathematics,4,Hawaiian,999.00,999.00,999.00,999.00,999.00,999.00,999.00,999.00,999.00,999.00,999.00,999.00
2017,AR,Mathematics,4,Hawaiian,999.00,999.00,999.00,999.00,999.00,999.00,999.00,999.00,999.00,999.00,999.00,999.00
2017,CA,Mathematics,4,Hawaiian,246.69,227.99,247.01,265.67,28.33,11.74,42.06,88.26,36.01,46.21,10.20,10.20
2017,CO,Mathematics,4,Hawaiian,248.54,230.22,251.85,267.93,28.65,12.37,33.76,87.63,43.47,53.87,10.40,10.40
2017,CT,Mathematics,4,Hawaiian,252.17,230.26,252.41,271.57,29.60,9.89,36.74,90.11,37.48,53.36,15.88,15.88
2017,DE,Mathematics,4,Hawaiian,236.79,218.33,238.95,256.45,28.13,21.02,43.57,78.98,30.70,35.41,4.70,4.70
2017,DC,Mathematics,4,Hawaiian,999.00,999.00,999.00,999.00,999.00,999.00,999.00,999.00,999.00,999.00,999.00,999.00
2017,FL,Mathematics,4,Hawaiian,258.56,240.23,259.86,276.49,25.80,4.49,30.26,95.51,46.51,65.25,18.74,18.74
2017,GA,Mathematics,4,Hawaiian,241.38,221.59,245.24,262.31,28.73,18.69,38.07,81.31,36.57,43.24,6.67,6.67
2017,HI,Mathematics,4,Hawaiian,241.22,221.04,243.44,262.99,30.12,18.41,39.16,81.59,34.71,42.44,7.73,7.73
2017,ID,Mathematics,4,Hawaiian,999.00,999.00,999.00,999.00,999.00,999.00,999.00,999.00,999.00,999.00,999.00,999.00
2017,IL,Mathematics,4,Hawaiian,242.68,220.16,239.38,264.28,28.36,16.39,43.66,83.61,28.80,39.95,11.15,11.15
2017,IN,Mathematics,4,Hawaiian,243.73,222.84,243.84,263.42,32.37,18.19,40.81,81.81,28.83,41.00,12.17,12.17
2017,IA,Mathematics,4,Hawaiian,234.42,212.33,236.21,257.55,31.51,26.38,38.70,73.62,29.39,34.92,5.53,5.53
2017,KS,Mathematics,4,Hawaiian,240.24,221.76,242.70,261.94,29.99,19.09,39.84,80.91,34.34,41.07,6.73,6.73
2017,KY,Mathematics,4,Hawaiian,233.28,212.92,234.89,254.62,31.41,25.92,42.93,74.08,26.07,31.15,5.08,5.08
2017,LA,Mathematics,4,Hawaiian,999.00,999.00,999.00,999.00,999.00,999.00,999.00,999.00,999.00,999.00,999.00,999.00
2017,ME,Mathematics,4,Hawaiian,238.68,217.24,238.47,258.62,30.03,21.55,43.09,78.45,27.05,35.36,8.31,8.31
2017,MD,Mathematics,4,Hawaiian,243.81,220.90,245.15,267.21,33.79,19.18,35.41,80.82,31.88,45.40,13.52,13.52
2017,MA,Mathematics,4,Hawaiian,257.70,237.98,257.13,276.77,27.85,5.85,31.91,94.15,43.34,62.25,18.90,18.90
2017,MI,Mathematics,4,Hawaiian,239.37,214.41,238.28,262.43,34.16,24.48,37.25,75.52,26.27,38.27,12.00,12.00
2017,MN,Mathematics,4,Hawaiian,248.65,229.63,247.55,269.72,31.51,12.37,39.63,87.63,32.48,48.00,15.52,15.52
2017,MS,Mathematics,4,Hawaiian,999.00,999.00,999.00,999.00,999.00,999.00,999.00,999.00,999.00,999.00,999.00,999.00
2017,MO,Mathematics,4,Hawaiian,238.97,217.29,237.85,258.53,30.29,21.96,42.20,78.04,26.82,35.84,9.02,9.02
2017,MT,Mathematics,4,Hawaiian,239.34,223.04,240.48,258.53,27.86,17.96,45.01,82.04,31.39,37.03,5.64,5.64
2017,NE,Mathematics,4,Hawaiian,236.07,218.26,237.38,257.49,30.84,21.06,44.92,78.94,28.66,34.02,5.36,5.36
2017,NV,Mathematics,4,Hawaiian,237.39,218.15,239.80,260.09,30.65,21.34,40.16,78.66,33.76,38.50,4.74,4.74
2017,NH,Mathematics,4,Hawaiian,999.00,999.00,999.00,999.00,999.00,999.00,999.00,999.00,999.00,999.00,999.00,999.00
2017,NJ,Mathematics,4,Hawaiian,999.00,999.00,999.00,999.00,999.00,999.00,999.00,999.00,999.00,999.00,999.00,999.00
2017,NM,Mathematics,4,Hawaiian,999.00,999.00,999.00,999.00,999.00,999.00,999.00,999.00,999.00,999.00,999.00,999.00
2017,NY,Mathematics,4,Hawaiian,999.00,999.00,999.00,999.00,999.00,999.00,999.00,999.00,999.00,999.00,999.00,999.00
2017,NC,Mathematics,4,Hawaiian,241.91,223.49,244.24,262.08,30.33,17.34,39.26,82.66,35.29,43.40,8.11,8.11
2017,ND,Mathematics,4,Hawaiian,239.36,223.34,240.44,257.54,24.41,14.84,47.69,85.16,34.86,37.47,2.61,2.61
2017,OH,Mathematics,4,Hawaiian,237.20,219.03,239.70,256.71,27.84,19.52,44.76,80.48,32.02,35.72,3.70,3.70
2017,OK,Mathematics,4,Hawaiian,240.76,225.80,241.56,256.71,24.90,12.94,49.56,87.06,33.11,37.50,4.39,4.39
2017,OR,Mathematics,4,Hawaiian,234.51,216.73,235.61,255.16,31.34,22.30,45.97,77.70,25.84,31.73,5.89,5.89
2017,PA,Mathematics,4,Hawaiian,233.55,212.92,234.48,255.77,33.04,25.60,43.09,74.40,24.79,31.31,6.51,6.51
2017,RI,Mathematics,4,Hawaiian,237.91,220.42,241.52,259.55,31.67,19.85,41.21,80.15,33.21,38.94,5.73,5.73
2017,SC,Mathematics,4,Hawaiian,231.99,211.92,231.79,254.94,30.97,27.45,41.21,72.55,27.21,31.34,4.13,4.13
2017,SD,Mathematics,4,Hawaiian,239.56,218.65,238.80,263.29,29.53,19.29,41.49,80.71,32.45,39.21,6.76,6.76
2017,TN,Mathematics,4,Hawaiian,236.30,216.87,236.07,258.08,28.51,22.19,42.50,77.81,30.59,35.31,4.72,4.72
2017,TX,Mathematics,4,Hawaiian,252.97,232.75,257.75,276.66,30.55,12.57,30.05,87.43,40.62,57.38,16.76,16.76
2017,UT,Mathematics,4,Hawaiian,246.52,228.20,247.33,267.45,31.59,12.17,39.62,87.83,37.84,48.21,10.37,10.37
2017,VT,Mathematics,4,Hawaiian,239.27,218.07,239.20,262.26,31.60,20.65,40.78,79.35,29.51,38.57,9.06,9.06
2017,VA,Mathematics,4,Hawaiian,250.93,233.67,252.32,270.22,28.91,11.31,33.90,88.69,40.79,54.79,14.00,14.00
2017,WA,Mathematics,4,Hawaiian,248.08,227.51,247.49,267.94,30.27,12.66,39.30,87.34,34.16,48.04,13.88,13.88
2017,WV,Mathematics,4,Hawaiian,230.54,210.27,231.25,250.27,28.95,28.22,44.95,71.78,22.63,26.83,4.20,4.20
2017,WI,Mathematics,4,Hawaiian,240.43,221.78,239.50,257.81,28.93,16.91,46.89,83.09,29.20,36.21,7.01,7.01
2017,WY,Mathematics,4,Hawaiian,999.00,999.00,999.00,999.00,999.00,999.00,999.00,999.00,999.00,999.00,999.00,999.00
2017,AL,Mathematics,4,Multiracial,N/A,N/A,N/A,N/A,N/A,N/A,N/A,N/A,N/A,N/A,N/A,N/A
2017,AK,Mathematics,4,Multiracial,N/A,N/A,N/A,N/A,N/A,N/A,N/A,N/A,N/A,N/A,N/A,N/A
2017,AZ,Mathematics,4,Multiracial,N/A,N/A,N/A,N/A,N/A,N/A,N/A,N/A,N/A,N/A,N/A,N/A
2017,AR,Mathematics,4,Multiracial,N/A,N/A,N/A,N/A,N/A,N/A,N/A,N/A,N/A,N/A,N/A,N/A
2017,CA,Mathematics,4,Multiracial,N/A,N/A,N/A,N/A,N/A,N/A,N/A,N/A,N/A,N/A,N/A,N/A
2017,CO,Mathematics,4,Multiracial,N/A,N/A,N/A,N/A,N/A,N/A,N/A,N/A,N/A,N/A,N/A,N/A
2017,CT,Mathematics,4,Multiracial,N/A,N/A,N/A,N/A,N/A,N/A,N/A,N/A,N/A,N/A,N/A,N/A
2017,DE,Mathematics,4,Multiracial,N/A,N/A,N/A,N/A,N/A,N/A,N/A,N/A,N/A,N/A,N/A,N/A
2017,DC,Mathematics,4,Multiracial,N/A,N/A,N/A,N/A,N/A,N/A,N/A,N/A,N/A,N/A,N/A,N/A
2017,FL,Mathematics,4,Multiracial,N/A,N/A,N/A,N/A,N/A,N/A,N/A,N/A,N/A,N/A,N/A,N/A
2017,GA,Mathematics,4,Multiracial,N/A,N/A,N/A,N/A,N/A,N/A,N/A,N/A,N/A,N/A,N/A,N/A
2017,HI,Mathematics,4,Multiracial,N/A,N/A,N/A,N/A,N/A,N/A,N/A,N/A,N/A,N/A,N/A,N/A
2017,ID,Mathematics,4,Multiracial,N/A,N/A,N/A,N/A,N/A,N/A,N/A,N/A,N/A,N/A,N/A,N/A
2017,IL,Mathematics,4,Multiracial,N/A,N/A,N/A,N/A,N/A,N/A,N/A,N/A,N/A,N/A,N/A,N/A
2017,IN,Mathematics,4,Multiracial,N/A,N/A,N/A,N/A,N/A,N/A,N/A,N/A,N/A,N/A,N/A,N/A
2017,IA,Mathematics,4,Multiracial,N/A,N/A,N/A,N/A,N/A,N/A,N/A,N/A,N/A,N/A,N/A,N/A
2017,KS,Mathematics,4,Multiracial,N/A,N/A,N/A,N/A,N/A,N/A,N/A,N/A,N/A,N/A,N/A,N/A
2017,KY,Mathematics,4,Multiracial,N/A,N/A,N/A,N/A,N/A,N/A,N/A,N/A,N/A,N/A,N/A,N/A
2017,LA,Mathematics,4,Multiracial,N/A,N/A,N/A,N/A,N/A,N/A,N/A,N/A,N/A,N/A,N/A,N/A
2017,ME,Mathematics,4,Multiracial,N/A,N/A,N/A,N/A,N/A,N/A,N/A,N/A,N/A,N/A,N/A,N/A
2017,MD,Mathematics,4,Multiracial,N/A,N/A,N/A,N/A,N/A,N/A,N/A,N/A,N/A,N/A,N/A,N/A
2017,MA,Mathematics,4,Multiracial,N/A,N/A,N/A,N/A,N/A,N/A,N/A,N/A,N/A,N/A,N/A,N/A
2017,MI,Mathematics,4,Multiracial,N/A,N/A,N/A,N/A,N/A,N/A,N/A,N/A,N/A,N/A,N/A,N/A
2017,MN,Mathematics,4,Multiracial,N/A,N/A,N/A,N/A,N/A,N/A,N/A,N/A,N/A,N/A,N/A,N/A
2017,MS,Mathematics,4,Multiracial,N/A,N/A,N/A,N/A,N/A,N/A,N/A,N/A,N/A,N/A,N/A,N/A
2017,MO,Mathematics,4,Multiracial,N/A,N/A,N/A,N/A,N/A,N/A,N/A,N/A,N/A,N/A,N/A,N/A
2017,MT,Mathematics,4,Multiracial,N/A,N/A,N/A,N/A,N/A,N/A,N/A,N/A,N/A,N/A,N/A,N/A
2017,NE,Mathematics,4,Multiracial,N/A,N/A,N/A,N/A,N/A,N/A,N/A,N/A,N/A,N/A,N/A,N/A
2017,NV,Mathematics,4,Multiracial,N/A,N/A,N/A,N/A,N/A,N/A,N/A,N/A,N/A,N/A,N/A,N/A
2017,NH,Mathematics,4,Multiracial,N/A,N/A,N/A,N/A,N/A,N/A,N/A,N/A,N/A,N/A,N/A,N/A
2017,NJ,Mathematics,4,Multiracial,N/A,N/A,N/A,N/A,N/A,N/A,N/A,N/A,N/A,N/A,N/A,N/A
2017,NM,Mathematics,4,Multiracial,N/A,N/A,N/A,N/A,N/A,N/A,N/A,N/A,N/A,N/A,N/A,N/A
2017,NY,Mathematics,4,Multiracial,N/A,N/A,N/A,N/A,N/A,N/A,N/A,N/A,N/A,N/A,N/A,N/A
2017,NC,Mathematics,4,Multiracial,N/A,N/A,N/A,N/A,N/A,N/A,N/A,N/A,N/A,N/A,N/A,N/A
2017,ND,Mathematics,4,Multiracial,N/A,N/A,N/A,N/A,N/A,N/A,N/A,N/A,N/A,N/A,N/A,N/A
2017,OH,Mathematics,4,Multiracial,N/A,N/A,N/A,N/A,N/A,N/A,N/A,N/A,N/A,N/A,N/A,N/A
2017,OK,Mathematics,4,Multiracial,N/A,N/A,N/A,N/A,N/A,N/A,N/A,N/A,N/A,N/A,N/A,N/A
2017,OR,Mathematics,4,Multiracial,N/A,N/A,N/A,N/A,N/A,N/A,N/A,N/A,N/A,N/A,N/A,N/A
2017,PA,Mathematics,4,Multiracial,N/A,N/A,N/A,N/A,N/A,N/A,N/A,N/A,N/A,N/A,N/A,N/A
2017,RI,Mathematics,4,Multiracial,N/A,N/A,N/A,N/A,N/A,N/A,N/A,N/A,N/A,N/A,N/A,N/A
2017,SC,Mathematics,4,Multiracial,N/A,N/A,N/A,N/A,N/A,N/A,N/A,N/A,N/A,N/A,N/A,N/A
2017,SD,Mathematics,4,Multiracial,N/A,N/A,N/A,N/A,N/A,N/A,N/A,N/A,N/A,N/A,N/A,N/A
2017,TN,Mathematics,4,Multiracial,N/A,N/A,N/A,N/A,N/A,N/A,N/A,N/A,N/A,N/A,N/A,N/A
2017,TX,Mathematics,4,Multiracial,N/A,N/A,N/A,N/A,N/A,N/A,N/A,N/A,N/A,N/A,N/A,N/A
2017,UT,Mathematics,4,Multiracial,N/A,N/A,N/A,N/A,N/A,N/A,N/A,N/A,N/A,N/A,N/A,N/A
2017,VT,Mathematics,4,Multiracial,N/A,N/A,N/A,N/A,N/A,N/A,N/A,N/A,N/A,N/A,N/A,N/A
2017,VA,Mathematics,4,Multiracial,N/A,N/A,N/A,N/A,N/A,N/A,N/A,N/A,N/A,N/A,N/A,N/A
2017,WA,Mathematics,4,Multiracial,N/A,N/A,N/A,N/A,N/A,N/A,N/A,N/A,N/A,N/A,N/A,N/A
2017,WV,Mathematics,4,Multiracial,N/A,N/A,N/A,N/A,N/A,N/A,N/A,N/A,N/A,N/A,N/A,N/A
2017,WI,Mathematics,4,Multiracial,N/A,N/A,N/A,N/A,N/A,N/A,N/A,N/A,N/A,N/A,N/A,N/A
2017,WY,Mathematics,4,Multiracial,N/A,N/A,N/A,N/A,N/A,N/A,N/A,N/A,N/A,N/A,N/A,N/A
2017,AL,Mathematics,8,All,268.31,242.64,266.53,293.26,37.07,45.32,33.90,54.68,16.24,20.78,4.54,4.54
2017,AK,Mathematics,8,All,277.02,250.89,277.90,304.00,39.74,34.31,36.46,65.69,21.09,29.23,8.13,8.13
2017,AZ,Mathematics,8,All,282.25,256.89,282.86,308.75,38.57,29.39,37.08,70.61,24.33,33.53,9.20,9.20
2017,AR,Mathematics,8,All,273.76,248.88,273.47,299.54,37.01,37.89,36.63,62.11,20.09,25.48,5.39,5.39
2017,CA,Mathematics,8,All,276.64,247.78,275.32,304.38,41.42,37.57,33.29,62.43,19.73,29.14,9.41,9.41
2017,CO,Mathematics,8,All,286.25,260.42,286.91,313.99,39.49,26.18,35.55,73.82,26.67,38.27,11.59,11.59
2017,CT,Mathematics,8,All,284.14,258.35,284.98,311.51,38.87,27.96,35.81,72.04,25.98,36.22,10.25,10.25
2017,DE,Mathematics,8,All,278.02,252.31,276.92,303.42,37.50,33.84,37.71,66.16,20.57,28.45,7.89,7.89
2017,DC,Mathematics,8,All,265.78,236.85,263.37,292.29,42.05,48.62,30.46,51.38,14.07,20.93,6.86,6.86
2017,FL,Mathematics,8,All,279.12,253.71,277.56,304.09,36.18,33.61,37.24,66.39,21.76,29.15,7.39,7.39
2017,GA,Mathematics,8,All,281.04,254.90,280.00,306.69,37.45,31.80,36.80,68.20,22.69,31.40,8.71,8.71
2017,HI,Mathematics,8,All,277.34,253.13,276.70,301.79,36.40,33.69,39.02,66.31,20.64,27.30,6.65,6.65
2017,ID,Mathematics,8,All,284.37,260.32,285.24,310.00,37.71,26.46,38.17,73.54,25.78,35.37,9.59,9.59
2017,IL,Mathematics,8,All,281.62,254.80,280.61,308.02,39.29,31.61,35.93,68.39,22.65,32.46,9.82,9.82
2017,IN,Mathematics,8,All,287.71,261.59,287.17,312.81,36.90,25.35,36.87,74.65,26.19,37.79,11.60,11.60
2017,IA,Mathematics,8,All,286.24,262.82,287.01,311.24,36.19,24.34,38.61,75.66,27.38,37.05,9.67,9.67
2017,KS,Mathematics,8,All,285.28,260.64,284.99,310.32,36.12,26.18,38.44,73.82,25.80,35.37,9.57,9.57
2017,KY,Mathematics,8,All,277.71,251.68,277.29,303.57,37.47,34.60,36.50,65.40,21.81,28.89,7.09,7.09
2017,LA,Mathematics,8,All,266.51,242.12,265.77,291.27,35.72,45.80,35.41,54.20,15.70,18.79,3.09,3.09
2017,ME,Mathematics,8,All,284.00,258.32,284.29,311.17,38.17,28.18,35.83,71.82,26.05,35.99,9.94,9.94
2017,MD,Mathematics,8,All,280.91,252.60,279.27,309.46,40.56,33.67,33.70,66.33,21.90,32.62,10.72,10.72
2017,MA,Mathematics,8,All,297.04,270.97,298.80,324.11,39.33,18.95,31.36,81.05,31.56,49.69,18.13,18.13
2017,MI,Mathematics,8,All,279.51,251.91,279.67,306.23,38.94,33.43,35.33,66.57,22.34,31.24,8.90,8.90
2017,MN,Mathematics,8,All,293.96,269.37,295.73,320.04,37.93,19.86,33.76,80.14,31.45,46.38,14.93,14.93
2017,MS,Mathematics,8,All,270.91,246.78,269.94,294.84,34.81,40.85,37.63,59.15,17.52,21.52,3.99,3.99
2017,MO,Mathematics,8,All,280.60,256.58,280.48,304.89,36.09,30.02,39.73,69.98,22.67,30.25,7.58,7.58
2017,MT,Mathematics,8,All,285.60,263.25,288.24,310.02,35.95,23.96,38.65,76.04,29.45,37.40,7.95,7.95
2017,NE,Mathematics,8,All,288.41,263.63,290.30,314.84,37.46,23.70,35.42,76.30,29.65,40.87,11.22,11.22
2017,NV,Mathematics,8,All,275.37,248.76,274.49,302.16,38.05,37.54,35.01,62.46,20.85,27.44,6.60,6.60
2017,NH,Mathematics,8,All,293.29,269.97,294.80,318.44,35.53,18.96,35.63,81.04,32.31,45.41,13.10,13.10
2017,NJ,Mathematics,8,All,291.70,263.83,292.30,321.34,40.63,23.65,32.59,76.35,27.37,43.76,16.39,16.39
2017,NM,Mathematics,8,All,269.37,244.65,268.97,293.30,36.28,42.61,37.14,57.39,15.73,20.25,4.52,4.52
2017,NY,Mathematics,8,All,281.69,253.97,281.23,309.55,39.95,32.00,34.16,68.00,23.61,33.85,10.23,10.23
2017,NC,Mathematics,8,All,281.93,253.27,282.27,310.80,41.10,31.96,33.16,68.04,23.94,34.88,10.93,10.93
2017,ND,Mathematics,8,All,288.17,265.46,289.86,312.39,35.04,22.13,38.21,77.87,30.44,39.66,9.23,9.23
2017,OH,Mathematics,8,All,287.71,260.41,288.41,316.33,40.29,26.13,33.68,73.87,27.57,40.19,12.62,12.62
2017,OK,Mathematics,8,All,274.69,251.36,274.75,298.09,34.32,35.55,40.30,64.45,19.71,24.15,4.43,4.43
2017,OR,Mathematics,8,All,282.17,255.78,282.36,308.65,37.99,30.38,35.92,69.62,24.40,33.70,9.31,9.31
2017,PA,Mathematics,8,All,286.39,259.29,287.05,314.01,38.80,27.17,34.70,72.83,26.52,38.13,11.61,11.61
2017,RI,Mathematics,8,All,277.18,250.68,278.54,304.75,38.27,34.20,35.58,65.80,23.84,30.23,6.39,6.39
2017,SC,Mathematics,8,All,274.67,249.49,273.97,300.42,37.09,37.51,36.22,62.49,20.51,26.27,5.76,5.76
2017,SD,Mathematics,8,All,286.38,263.33,288.81,311.31,36.66,23.91,37.84,76.09,29.08,38.25,9.17,9.17
2017,TN,Mathematics,8,All,278.78,254.13,279.06,304.35,36.28,32.20,38.11,67.80,23.20,29.69,6.48,6.48
2017,TX,Mathematics,8,All,282.32,256.00,282.03,307.78,37.07,30.24,36.80,69.76,23.82,32.96,9.14,9.14
2017,UT,Mathematics,8,All,286.82,262.17,288.16,313.01,37.04,24.89,36.09,75.11,28.89,39.02,10.13,10.13
2017,VT,Mathematics,8,All,287.62,263.66,289.04,313.76,36.77,23.52,37.12,76.48,29.37,39.37,9.99,9.99
2017,VA,Mathematics,8,All,290.08,263.89,288.95,315.74,37.37,23.39,36.28,76.61,27.41,40.33,12.92,12.92
2017,WA,Mathematics,8,All,289.13,262.11,290.02,317.08,39.33,24.88,33.85,75.12,27.98,41.26,13.29,13.29
2017,WV,Mathematics,8,All,273.42,249.36,272.54,297.48,35.68,38.09,38.06,61.91,19.08,23.85,4.77,4.77
2017,WI,Mathematics,8,All,288.14,263.15,288.59,314.91,37.66,24.07,36.62,75.93,27.61,39.31,11.70,11.70
2017,WY,Mathematics,8,All,288.76,266.56,289.08,311.74,33.22,20.83,40.72,79.17,29.16,38.45,9.29,9.29
2017,AL,Mathematics,8,White,277.35,252.99,277.03,301.24,35.25,33.98,38.83,66.02,21.25,27.19,5.94,5.94
2017,AK,Mathematics,8,White,290.61,267.23,290.89,315.33,36.10,20.54,38.39,79.46,28.59,41.06,12.47,12.47
2017,AZ,Mathematics,8,White,296.38,274.63,297.41,320.12,35.07,15.47,36.36,84.53,33.70,48.17,14.46,14.46
2017,AR,Mathematics,8,White,281.75,258.11,281.36,307.20,35.22,29.14,38.33,70.86,25.48,32.53,7.05,7.05
2017,CA,Mathematics,8,White,293.01,268.76,293.09,319.25,36.73,19.44,36.41,80.56,29.81,44.15,14.34,14.34
2017,CO,Mathematics,8,White,297.89,274.35,299.50,323.00,35.95,15.34,34.10,84.66,34.46,50.56,16.10,16.10
2017,CT,Mathematics,8,White,295.01,272.93,296.51,318.62,34.22,16.26,36.63,83.74,34.13,47.11,12.98,12.98
2017,DE,Mathematics,8,White,288.72,265.02,288.51,314.24,35.50,22.24,38.76,77.76,27.78,39.00,11.23,11.23
2017,DC,Mathematics,8,White,322.69,301.73,327.08,345.43,33.84,4.69,18.39,95.31,34.99,76.92,41.93,41.93
2017,FL,Mathematics,8,White,290.62,266.39,290.08,314.05,34.49,21.20,38.85,78.80,28.64,39.95,11.31,11.31
2017,GA,Mathematics,8,White,293.28,269.86,294.01,316.92,34.38,18.66,37.24,81.34,31.60,44.11,12.51,12.51
2017,HI,Mathematics,8,White,286.35,261.61,286.37,312.77,36.87,25.25,37.31,74.75,26.27,37.44,11.17,11.17
2017,ID,Mathematics,8,White,289.36,266.49,289.89,313.51,35.74,21.05,39.24,78.95,28.66,39.71,11.05,11.05
2017,IL,Mathematics,8,White,291.38,266.70,291.56,317.63,37.93,21.02,36.80,78.98,28.96,42.18,13.22,13.22
2017,IN,Mathematics,8,White,291.55,266.68,291.37,315.78,35.95,21.25,37.24,78.75,28.62,41.51,12.89,12.89
2017,IA,Mathematics,8,White,289.57,266.86,290.24,313.73,34.67,20.74,38.97,79.26,29.74,40.30,10.56,10.56
2017,KS,Mathematics,8,White,293.18,270.64,293.25,316.17,33.86,17.70,38.99,82.30,31.20,43.31,12.11,12.11
2017,KY,Mathematics,8,White,281.88,256.88,281.96,306.96,36.20,29.76,38.02,70.24,24.29,32.21,7.92,7.92
2017,LA,Mathematics,8,White,278.96,256.36,279.80,301.96,32.80,30.53,41.43,69.47,23.77,28.04,4.28,4.28
2017,ME,Mathematics,8,White,284.41,258.85,284.76,311.45,37.83,27.74,35.96,72.26,26.37,36.30,9.93,9.93
2017,MD,Mathematics,8,White,295.45,269.03,295.90,322.21,37.54,19.58,33.33,80.42,30.49,47.09,16.59,16.59
2017,MA,Mathematics,8,White,303.26,280.05,304.67,327.50,35.33,12.54,31.17,87.46,36.04,56.30,20.26,20.26
2017,MI,Mathematics,8,White,285.68,260.94,286.11,310.81,36.14,25.80,38.09,74.20,26.52,36.11,9.60,9.60
2017,MN,Mathematics,8,White,301.91,280.05,303.00,324.99,33.96,11.94,33.41,88.06,36.78,54.65,17.87,17.87
2017,MS,Mathematics,8,White,284.65,262.33,285.42,307.53,32.87,24.55,41.24,75.45,27.34,34.21,6.87,6.87
2017,MO,Mathematics,8,White,286.23,263.82,286.01,309.42,34.38,23.29,41.57,76.71,26.21,35.14,8.93,8.93
2017,MT,Mathematics,8,White,290.46,269.57,292.61,313.11,33.77,18.90,39.29,81.10,32.54,41.81,9.28,9.28
2017,NE,Mathematics,8,White,296.54,274.97,298.50,320.17,34.79,15.27,35.36,84.73,35.34,49.37,14.03,14.03
2017,NV,Mathematics,8,White,289.04,264.25,289.59,314.75,35.18,23.08,36.70,76.92,29.79,40.22,10.43,10.43
2017,NH,Mathematics,8,White,294.87,272.07,295.99,319.34,34.36,17.14,36.18,82.86,33.21,46.67,13.46,13.46
2017,NJ,Mathematics,8,White,302.52,278.39,304.04,328.31,35.77,13.23,31.72,86.77,34.16,55.05,20.89,20.89
2017,NM,Mathematics,8,White,287.00,263.01,287.49,310.49,35.61,24.12,39.50,75.88,26.33,36.38,10.05,10.05
2017,NY,Mathematics,8,White,291.57,266.90,291.71,316.68,36.04,20.78,37.07,79.22,29.47,42.15,12.68,12.68
2017,NC,Mathematics,8,White,295.09,269.47,296.53,322.47,38.22,19.50,33.17,80.50,30.91,47.33,16.42,16.42
2017,ND,Mathematics,8,White,294.04,272.94,295.24,315.98,32.28,16.04,38.52,83.96,34.68,45.44,10.75,10.75
2017,OH,Mathematics,8,White,295.38,270.98,296.19,321.20,36.77,18.15,34.77,81.85,32.27,47.08,14.81,14.81
2017,OK,Mathematics,8,White,281.84,259.71,281.62,304.86,33.55,27.14,42.29,72.86,24.28,30.57,6.29,6.29
2017,OR,Mathematics,8,White,288.33,264.16,289.32,313.02,35.90,23.23,37.48,76.77,28.82,39.29,10.47,10.47
2017,PA,Mathematics,8,White,293.73,269.60,294.71,319.02,35.83,19.23,35.73,80.77,31.58,45.04,13.46,13.46
2017,RI,Mathematics,8,White,286.69,263.87,289.01,311.87,35.36,23.47,37.71,76.53,30.68,38.82,8.14,8.14
2017,SC,Mathematics,8,White,288.07,264.64,288.54,311.97,33.78,22.43,39.28,77.57,29.52,38.29,8.77,8.77
2017,SD,Mathematics,8,White,293.37,272.29,295.24,316.03,33.51,16.67,38.28,83.33,33.87,45.05,11.18,11.18
2017,TN,Mathematics,8,White,285.62,262.81,285.76,309.68,34.33,24.29,40.22,75.71,27.40,35.49,8.09,8.09
2017,TX,Mathematics,8,White,297.48,274.37,299.41,321.95,35.80,16.39,33.01,83.61,34.90,50.60,15.70,15.70
2017,UT,Mathematics,8,White,293.87,271.41,295.77,317.67,34.44,17.62,36.17,82.38,34.00,46.21,12.21,12.21
2017,VT,Mathematics,8,White,288.02,264.24,289.40,314.07,36.46,23.06,37.19,76.94,29.77,39.75,9.98,9.98
2017,VA,Mathematics,8,White,296.72,272.12,296.84,320.96,35.38,16.81,35.37,83.19,32.50,47.82,15.32,15.32
2017,WA,Mathematics,8,White,295.26,271.50,297.18,320.87,36.20,18.35,33.71,81.65,33.12,47.94,14.82,14.82
2017,WV,Mathematics,8,White,274.47,250.45,273.53,298.69,35.20,37.06,38.15,62.94,19.92,24.79,4.87,4.87
2017,WI,Mathematics,8,White,295.77,272.54,295.69,319.97,34.50,15.79,37.95,84.21,32.13,46.26,14.13,14.13
2017,WY,Mathematics,8,White,292.06,270.32,292.33,314.47,32.43,17.58,40.49,82.42,31.32,41.93,10.61,10.61
2017,AL,Mathematics,8,Black,251.56,230.60,250.23,271.63,31.81,65.49,26.61,34.51,7.21,7.90,0.69,0.69
2017,AK,Mathematics,8,Black,254.77,229.88,255.79,278.16,35.15,57.35,33.03,42.65,7.93,9.62,1.69,1.69
2017,AZ,Mathematics,8,Black,272.28,248.87,271.95,294.12,34.81,39.17,40.05,60.83,16.70,20.78,4.09,4.09
2017,AR,Mathematics,8,Black,248.44,227.65,248.37,269.13,32.47,67.54,26.86,32.46,4.78,5.60,0.82,0.82
2017,CA,Mathematics,8,Black,254.55,230.13,255.11,279.73,36.24,57.39,32.70,42.61,7.89,9.91,2.02,2.02
2017,CO,Mathematics,8,Black,262.55,237.52,260.12,286.11,37.52,52.45,30.48,47.55,13.76,17.08,3.32,3.32
2017,CT,Mathematics,8,Black,257.73,235.44,257.09,279.28,33.73,55.71,33.51,44.29,9.01,10.78,1.77,1.77
2017,DE,Mathematics,8,Black,262.52,240.18,262.83,284.71,33.21,48.92,37.88,51.08,11.42,13.20,1.78,1.78
2017,DC,Mathematics,8,Black,256.99,233.03,256.64,280.90,36.10,55.83,31.69,44.17,10.67,12.48,1.81,1.81
2017,FL,Mathematics,8,Black,262.10,240.85,260.69,283.07,31.28,51.70,36.21,48.30,10.67,12.09,1.42,1.42
2017,GA,Mathematics,8,Black,264.03,242.57,262.79,284.22,32.38,48.99,36.69,51.01,12.36,14.32,1.96,1.96
2017,HI,Mathematics,8,Black,999.00,999.00,999.00,999.00,999.00,999.00,999.00,999.00,999.00,999.00,999.00,999.00
2017,ID,Mathematics,8,Black,999.00,999.00,999.00,999.00,999.00,999.00,999.00,999.00,999.00,999.00,999.00,999.00
2017,IL,Mathematics,8,Black,256.71,234.33,255.90,277.85,33.81,57.66,31.07,42.34,9.86,11.27,1.41,1.41
2017,IN,Mathematics,8,Black,270.29,247.56,268.44,290.18,32.99,41.82,39.03,58.18,14.89,19.14,4.25,4.25
2017,IA,Mathematics,8,Black,255.22,229.99,255.79,279.84,35.27,56.41,32.53,43.59,10.26,11.05,0.79,0.79
2017,KS,Mathematics,8,Black,259.31,237.72,259.72,280.32,32.12,52.86,34.99,47.14,11.79,12.15,999.00,999.00
2017,KY,Mathematics,8,Black,252.19,230.12,251.16,274.00,33.50,62.87,27.88,37.13,8.28,9.24,0.97,0.97
2017,LA,Mathematics,8,Black,252.24,231.29,251.77,272.68,31.52,63.14,29.70,36.86,6.38,7.16,0.78,0.78
2017,ME,Mathematics,8,Black,999.00,999.00,999.00,999.00,999.00,999.00,999.00,999.00,999.00,999.00,999.00,999.00
2017,MD,Mathematics,8,Black,261.56,238.77,260.94,284.55,33.75,51.34,35.20,48.66,11.46,13.46,2.00,2.00
2017,MA,Mathematics,8,Black,270.67,245.96,271.48,295.79,36.42,40.72,37.11,59.28,18.79,22.17,3.38,3.38
2017,MI,Mathematics,8,Black,250.15,228.14,248.11,269.81,32.46,67.21,24.21,32.79,7.75,8.58,0.83,0.83
2017,MN,Mathematics,8,Black,259.03,234.95,258.11,282.34,35.99,54.74,32.78,45.26,9.90,12.49,2.58,2.58
2017,MS,Mathematics,8,Black,257.27,236.12,256.68,277.31,30.66,56.87,34.08,43.13,8.13,9.05,0.92,0.92
2017,MO,Mathematics,8,Black,255.95,235.68,255.18,275.83,32.19,59.43,30.82,40.57,9.05,9.75,0.70,0.70
2017,MT,Mathematics,8,Black,999.00,999.00,999.00,999.00,999.00,999.00,999.00,999.00,999.00,999.00,999.00,999.00
2017,NE,Mathematics,8,Black,259.72,237.62,259.57,283.46,33.03,53.19,34.55,46.81,11.19,12.26,1.07,1.07
2017,NV,Mathematics,8,Black,252.69,230.20,251.70,275.20,35.93,62.94,26.88,37.06,8.94,10.19,1.24,1.24
2017,NH,Mathematics,8,Black,999.00,999.00,999.00,999.00,999.00,999.00,999.00,999.00,999.00,999.00,999.00,999.00
2017,NJ,Mathematics,8,Black,268.45,243.86,267.00,291.58,34.57,43.93,36.64,56.07,15.95,19.43,3.48,3.48
2017,NM,Mathematics,8,Black,999.00,999.00,999.00,999.00,999.00,999.00,999.00,999.00,999.00,999.00,999.00,999.00
2017,NY,Mathematics,8,Black,260.50,236.40,259.87,285.15,35.56,52.54,31.88,47.46,13.91,15.58,1.67,1.67
2017,NC,Mathematics,8,Black,258.40,233.17,257.17,282.98,36.79,55.02,30.62,44.98,12.13,14.36,2.22,2.22
2017,ND,Mathematics,8,Black,251.94,228.23,252.03,276.28,33.95,60.16,32.36,39.84,6.64,7.49,0.85,0.85
2017,OH,Mathematics,8,Black,254.17,229.56,253.54,276.74,35.96,59.25,28.66,40.75,10.89,12.09,1.20,1.20
2017,OK,Mathematics,8,Black,256.91,235.84,256.69,277.88,31.57,56.86,32.81,43.14,9.93,10.33,999.00,999.00
2017,OR,Mathematics,8,Black,999.00,999.00,999.00,999.00,999.00,999.00,999.00,999.00,999.00,999.00,999.00,999.00
2017,PA,Mathematics,8,Black,260.54,237.16,261.08,282.67,33.29,51.24,36.51,48.76,10.70,12.25,1.55,1.55
2017,RI,Mathematics,8,Black,260.77,235.50,260.81,285.30,35.46,51.43,33.88,48.57,13.16,14.69,1.53,1.53
2017,SC,Mathematics,8,Black,253.10,232.39,252.37,273.18,31.87,62.62,29.32,37.38,7.34,8.06,0.72,0.72
2017,SD,Mathematics,8,Black,257.73,234.73,260.89,284.49,34.91,52.62,36.05,47.38,10.96,11.33,999.00,999.00
2017,TN,Mathematics,8,Black,258.06,235.08,257.73,281.52,34.39,55.12,33.00,44.88,10.44,11.87,1.43,1.43
2017,TX,Mathematics,8,Black,265.81,244.59,266.73,287.21,30.95,44.41,41.49,55.59,13.03,14.11,1.08,1.08
2017,UT,Mathematics,8,Black,999.00,999.00,999.00,999.00,999.00,999.00,999.00,999.00,999.00,999.00,999.00,999.00
2017,VT,Mathematics,8,Black,999.00,999.00,999.00,999.00,999.00,999.00,999.00,999.00,999.00,999.00,999.00,999.00
2017,VA,Mathematics,8,Black,270.83,248.83,270.83,293.33,32.58,39.82,39.97,60.18,17.90,20.21,2.31,2.31
2017,WA,Mathematics,8,Black,258.55,231.53,258.98,284.65,40.20,52.64,33.04,47.36,10.68,14.31,3.63,3.63
2017,WV,Mathematics,8,Black,253.54,232.70,256.61,278.17,36.12,56.28,34.39,43.72,8.84,9.32,999.00,999.00
2017,WI,Mathematics,8,Black,253.03,227.59,250.52,277.33,37.22,62.31,24.97,37.69,10.80,12.71,1.91,1.91
2017,WY,Mathematics,8,Black,999.00,999.00,999.00,999.00,999.00,999.00,999.00,999.00,999.00,999.00,999.00,999.00
2017,AL,Mathematics,8,Hispanic,256.71,231.19,255.43,280.69,37.57,57.52,29.51,42.48,10.02,12.98,2.95,2.95
2017,AK,Mathematics,8,Hispanic,273.49,254.60,277.66,296.49,34.08,31.89,45.99,68.11,19.47,22.12,2.65,2.65
2017,AZ,Mathematics,8,Hispanic,269.16,246.02,269.56,292.88,35.61,41.22,38.68,58.78,16.71,20.11,3.40,3.40
2017,AR,Mathematics,8,Hispanic,267.02,245.79,268.81,289.07,32.84,41.98,43.21,58.02,12.78,14.81,2.03,2.03
2017,CA,Mathematics,8,Hispanic,262.25,238.82,261.75,286.43,34.91,50.36,34.47,49.64,13.23,15.17,1.94,1.94
2017,CO,Mathematics,8,Hispanic,268.10,244.69,269.40,292.33,36.34,41.78,39.20,58.22,15.79,19.02,3.23,3.23
2017,CT,Mathematics,8,Hispanic,263.00,238.59,263.58,286.37,36.34,48.36,36.05,51.64,12.44,15.59,3.15,3.15
2017,DE,Mathematics,8,Hispanic,267.33,244.26,266.65,289.35,33.23,44.24,38.50,55.76,14.73,17.27,2.54,2.54
2017,DC,Mathematics,8,Hispanic,263.44,234.26,263.15,289.62,40.87,49.03,33.36,50.97,12.46,17.61,5.15,5.15
2017,FL,Mathematics,8,Hispanic,273.14,248.90,270.86,296.90,35.03,39.44,37.06,60.56,18.55,23.50,4.95,4.95
2017,GA,Mathematics,8,Hispanic,274.67,251.42,274.59,297.25,35.44,35.93,40.61,64.07,18.10,23.45,5.35,5.35
2017,HI,Mathematics,8,Hispanic,269.08,248.27,269.31,290.07,32.80,40.56,42.04,59.44,14.54,17.40,2.86,2.86
2017,ID,Mathematics,8,Hispanic,264.73,239.97,265.08,288.93,37.55,46.67,35.99,53.33,14.37,17.34,2.97,2.97
2017,IL,Mathematics,8,Hispanic,271.62,248.47,270.65,293.79,33.16,39.92,39.56,60.08,16.84,20.52,3.67,3.67
2017,IN,Mathematics,8,Hispanic,275.70,250.57,273.83,300.28,35.38,36.55,37.29,63.45,20.22,26.16,5.94,5.94
2017,IA,Mathematics,8,Hispanic,273.48,252.33,275.25,295.81,33.19,34.73,43.41,65.27,19.42,21.86,2.44,2.44
2017,KS,Mathematics,8,Hispanic,269.07,247.97,267.29,288.43,31.98,42.75,40.46,57.25,13.50,16.79,3.30,3.30
2017,KY,Mathematics,8,Hispanic,269.33,245.93,267.09,293.62,32.34,43.76,35.24,56.24,18.77,21.00,2.23,2.23
2017,LA,Mathematics,8,Hispanic,262.56,231.82,264.73,291.82,43.69,47.19,32.15,52.81,15.07,20.66,5.59,5.59
2017,ME,Mathematics,8,Hispanic,999.00,999.00,999.00,999.00,999.00,999.00,999.00,999.00,999.00,999.00,999.00,999.00
2017,MD,Mathematics,8,Hispanic,267.15,244.11,266.50,290.89,37.03,44.89,35.75,55.11,15.85,19.36,3.51,3.51
2017,MA,Mathematics,8,Hispanic,274.31,245.89,274.36,302.83,39.36,39.33,32.09,60.67,21.91,28.58,6.67,6.67
2017,MI,Mathematics,8,Hispanic,264.21,239.63,263.55,287.28,34.75,48.23,36.29,51.77,12.09,15.48,3.39,3.39
2017,MN,Mathematics,8,Hispanic,268.86,245.80,268.65,294.12,33.84,43.07,36.73,56.93,18.34,20.20,1.85,1.85
2017,MS,Mathematics,8,Hispanic,270.81,248.06,270.72,290.90,35.53,39.64,41.95,60.36,14.20,18.41,4.21,4.21
2017,MO,Mathematics,8,Hispanic,272.49,251.46,275.27,293.80,32.13,35.34,45.59,64.66,16.57,19.08,2.51,2.51
2017,MT,Mathematics,8,Hispanic,272.28,250.39,272.49,296.93,35.61,37.07,39.70,62.93,19.74,23.23,3.49,3.49
2017,NE,Mathematics,8,Hispanic,270.47,246.54,270.08,294.46,35.40,40.67,37.79,59.33,17.70,21.54,3.84,3.84
2017,NV,Mathematics,8,Hispanic,266.35,242.18,265.77,290.52,34.77,45.48,36.54,54.52,15.27,17.98,2.71,2.71
2017,NH,Mathematics,8,Hispanic,268.22,239.46,267.67,298.01,39.98,45.33,30.33,54.67,18.62,24.34,5.72,5.72
2017,NJ,Mathematics,8,Hispanic,272.72,248.26,273.76,298.36,37.66,37.75,37.87,62.25,19.12,24.38,5.26,5.26
2017,NM,Mathematics,8,Hispanic,264.02,240.60,263.80,287.52,34.68,47.94,36.81,52.06,12.54,15.25,2.71,2.71
2017,NY,Mathematics,8,Hispanic,265.47,240.03,263.91,290.05,36.87,47.86,33.45,52.14,15.12,18.69,3.57,3.57
2017,NC,Mathematics,8,Hispanic,271.86,246.36,272.74,297.11,37.18,38.95,37.61,61.05,18.64,23.43,4.80,4.80
2017,ND,Mathematics,8,Hispanic,270.07,252.10,272.49,291.13,32.18,35.15,48.47,64.85,14.33,16.38,2.04,2.04
2017,OH,Mathematics,8,Hispanic,278.62,255.36,279.53,302.10,33.26,31.58,39.97,68.42,23.52,28.45,4.94,4.94
2017,OK,Mathematics,8,Hispanic,262.95,240.45,262.04,286.31,32.42,49.89,36.06,50.11,12.80,14.05,1.25,1.25
2017,OR,Mathematics,8,Hispanic,265.70,242.92,265.60,288.06,33.95,45.99,37.51,54.01,13.91,16.50,2.59,2.59
2017,PA,Mathematics,8,Hispanic,261.90,235.75,259.10,285.62,37.42,53.40,29.26,46.60,13.36,17.34,3.98,3.98
2017,RI,Mathematics,8,Hispanic,256.86,232.74,256.36,280.93,36.02,55.80,32.52,44.20,9.60,11.67,2.07,2.07
2017,SC,Mathematics,8,Hispanic,271.76,251.02,273.52,293.01,32.60,36.19,45.01,63.81,15.97,18.80,2.83,2.83
2017,SD,Mathematics,8,Hispanic,268.50,245.10,269.91,293.61,37.88,40.05,40.35,59.95,17.10,19.59,2.49,2.49
2017,TN,Mathematics,8,Hispanic,269.02,245.56,268.56,293.17,32.81,42.43,37.43,57.57,18.19,20.14,1.95,1.95
2017,TX,Mathematics,8,Hispanic,273.53,249.84,272.43,296.72,33.60,37.78,39.21,62.22,18.82,23.01,4.19,4.19
2017,UT,Mathematics,8,Hispanic,262.82,240.74,262.21,283.97,34.53,49.54,36.14,50.46,11.71,14.32,2.62,2.62
2017,VT,Mathematics,8,Hispanic,999.00,999.00,999.00,999.00,999.00,999.00,999.00,999.00,999.00,999.00,999.00,999.00
2017,VA,Mathematics,8,Hispanic,279.99,255.97,278.23,303.54,34.76,31.58,40.17,68.42,20.83,28.25,7.43,7.43
2017,WA,Mathematics,8,Hispanic,270.53,245.84,269.70,296.42,35.84,41.37,35.66,58.63,19.48,22.97,3.48,3.48
2017,WV,Mathematics,8,Hispanic,999.00,999.00,999.00,999.00,999.00,999.00,999.00,999.00,999.00,999.00,999.00,999.00
2017,WI,Mathematics,8,Hispanic,267.12,243.95,265.32,289.16,34.79,45.85,36.63,54.15,13.33,17.52,4.19,4.19
2017,WY,Mathematics,8,Hispanic,275.25,254.89,275.10,296.49,31.44,32.76,44.49,67.24,19.30,22.76,3.46,3.46
2017,AL,Mathematics,8,Asian,999.00,999.00,999.00,999.00,999.00,999.00,999.00,999.00,999.00,999.00,999.00,999.00
2017,AK,Mathematics,8,Asian,274.27,247.48,273.64,298.73,37.56,38.71,36.64,61.29,17.81,24.65,6.85,6.85
2017,AZ,Mathematics,8,Asian,315.51,290.67,319.48,346.00,42.87,11.87,19.83,88.13,31.75,68.30,36.55,36.55
2017,AR,Mathematics,8,Asian,999.00,999.00,999.00,999.00,999.00,999.00,999.00,999.00,999.00,999.00,999.00,999.00
2017,CA,Mathematics,8,Asian,310.70,282.73,312.04,340.80,42.64,13.54,23.23,86.46,32.15,63.23,31.08,31.08
2017,CO,Mathematics,8,Asian,301.13,269.65,302.39,334.70,44.80,21.12,25.51,78.88,26.68,53.37,26.69,26.69
2017,CT,Mathematics,8,Asian,310.55,282.82,305.86,337.89,38.07,8.95,34.78,91.05,27.84,56.27,28.43,28.43
2017,DE,Mathematics,8,Asian,314.42,282.07,319.63,345.73,40.84,12.77,22.04,87.23,27.67,65.20,37.52,37.52
2017,DC,Mathematics,8,Asian,999.00,999.00,999.00,999.00,999.00,999.00,999.00,999.00,999.00,999.00,999.00,999.00
2017,FL,Mathematics,8,Asian,302.59,278.14,304.67,326.38,34.16,13.04,31.13,86.96,36.80,55.83,19.03,19.03
2017,GA,Mathematics,8,Asian,319.56,293.78,317.66,345.50,37.29,6.51,23.47,93.49,34.36,70.01,35.66,35.66
2017,HI,Mathematics,8,Asian,276.28,251.87,275.68,301.00,36.66,34.82,38.56,65.18,20.36,26.62,6.26,6.26
2017,ID,Mathematics,8,Asian,999.00,999.00,999.00,999.00,999.00,999.00,999.00,999.00,999.00,999.00,999.00,999.00
2017,IL,Mathematics,8,Asian,313.40,286.13,311.89,344.61,41.55,13.29,22.17,86.71,31.64,64.54,32.90,32.90
2017,IN,Mathematics,8,Asian,999.00,999.00,999.00,999.00,999.00,999.00,999.00,999.00,999.00,999.00,999.00,999.00
2017,IA,Mathematics,8,Asian,308.21,279.12,312.42,342.44,43.09,13.36,26.58,86.64,29.15,60.05,30.90,30.90
2017,KS,Mathematics,8,Asian,303.66,280.13,308.67,334.37,43.31,15.98,24.74,84.02,33.69,59.28,25.59,25.59
2017,KY,Mathematics,8,Asian,303.68,273.07,301.73,335.57,44.04,18.93,28.85,81.07,25.99,52.21,26.22,26.22
2017,LA,Mathematics,8,Asian,999.00,999.00,999.00,999.00,999.00,999.00,999.00,999.00,999.00,999.00,999.00,999.00
2017,ME,Mathematics,8,Asian,999.00,999.00,999.00,999.00,999.00,999.00,999.00,999.00,999.00,999.00,999.00,999.00
2017,MD,Mathematics,8,Asian,314.76,287.70,317.78,341.14,38.82,9.58,23.59,90.42,34.79,66.83,32.05,32.05
2017,MA,Mathematics,8,Asian,322.89,294.10,326.11,353.02,41.46,7.81,20.31,92.19,28.62,71.88,43.26,43.26
2017,MI,Mathematics,8,Asian,312.46,284.55,321.30,344.63,45.11,12.70,22.70,87.30,26.74,64.60,37.86,37.86
2017,MN,Mathematics,8,Asian,297.44,271.51,297.28,325.91,38.71,17.26,34.14,82.74,29.49,48.60,19.11,19.11
2017,MS,Mathematics,8,Asian,999.00,999.00,999.00,999.00,999.00,999.00,999.00,999.00,999.00,999.00,999.00,999.00
2017,MO,Mathematics,8,Asian,999.00,999.00,999.00,999.00,999.00,999.00,999.00,999.00,999.00,999.00,999.00,999.00
2017,MT,Mathematics,8,Asian,999.00,999.00,999.00,999.00,999.00,999.00,999.00,999.00,999.00,999.00,999.00,999.00
2017,NE,Mathematics,8,Asian,292.60,256.56,297.15,328.24,45.73,27.84,23.85,72.16,27.15,48.31,21.17,21.17
2017,NV,Mathematics,8,Asian,295.75,266.08,296.22,323.23,39.94,21.49,31.29,78.51,29.21,47.22,18.01,18.01
2017,NH,Mathematics,8,Asian,303.77,280.82,304.42,328.01,36.84,12.96,29.98,87.04,35.99,57.05,21.06,21.06
2017,NJ,Mathematics,8,Asian,325.19,303.01,328.63,352.04,37.80,7.15,14.91,92.85,32.76,77.94,45.18,45.18
2017,NM,Mathematics,8,Asian,999.00,999.00,999.00,999.00,999.00,999.00,999.00,999.00,999.00,999.00,999.00,999.00
2017,NY,Mathematics,8,Asian,308.67,280.36,311.67,338.60,40.85,14.03,24.39,85.97,31.76,61.58,29.81,29.81
2017,NC,Mathematics,8,Asian,309.46,279.23,308.30,338.48,42.46,13.26,27.32,86.74,30.24,59.42,29.18,29.18
2017,ND,Mathematics,8,Asian,999.00,999.00,999.00,999.00,999.00,999.00,999.00,999.00,999.00,999.00,999.00,999.00
2017,OH,Mathematics,8,Asian,999.00,999.00,999.00,999.00,999.00,999.00,999.00,999.00,999.00,999.00,999.00,999.00
2017,OK,Mathematics,8,Asian,288.39,257.02,290.44,323.01,44.98,28.44,29.11,71.56,25.04,42.45,17.41,17.41
2017,OR,Mathematics,8,Asian,299.11,267.40,303.67,332.50,40.74,20.55,25.60,79.45,29.64,53.85,24.20,24.20
2017,PA,Mathematics,8,Asian,311.16,274.44,317.65,344.46,42.88,17.30,19.74,82.70,26.46,62.97,36.50,36.50
2017,RI,Mathematics,8,Asian,999.00,999.00,999.00,999.00,999.00,999.00,999.00,999.00,999.00,999.00,999.00,999.00
2017,SC,Mathematics,8,Asian,999.00,999.00,999.00,999.00,999.00,999.00,999.00,999.00,999.00,999.00,999.00,999.00
2017,SD,Mathematics,8,Asian,999.00,999.00,999.00,999.00,999.00,999.00,999.00,999.00,999.00,999.00,999.00,999.00
2017,TN,Mathematics,8,Asian,999.00,999.00,999.00,999.00,999.00,999.00,999.00,999.00,999.00,999.00,999.00,999.00
2017,TX,Mathematics,8,Asian,321.52,300.02,322.90,345.10,33.26,3.50,19.88,96.50,37.08,76.62,39.54,39.54
2017,UT,Mathematics,8,Asian,275.57,251.08,275.90,300.63,37.02,34.41,39.69,65.59,18.88,25.90,7.02,7.02
2017,VT,Mathematics,8,Asian,999.00,999.00,999.00,999.00,999.00,999.00,999.00,999.00,999.00,999.00,999.00,999.00
2017,VA,Mathematics,8,Asian,316.17,291.72,316.83,342.28,36.74,7.33,23.60,92.67,35.88,69.07,33.19,33.19
2017,WA,Mathematics,8,Asian,307.68,275.44,310.22,338.21,42.70,15.62,26.46,84.38,27.76,57.92,30.16,30.16
2017,WV,Mathematics,8,Asian,999.00,999.00,999.00,999.00,999.00,999.00,999.00,999.00,999.00,999.00,999.00,999.00
2017,WI,Mathematics,8,Asian,286.30,257.15,285.50,313.34,39.86,29.93,33.68,70.07,22.83,36.39,13.56,13.56
2017,WY,Mathematics,8,Asian,999.00,999.00,999.00,999.00,999.00,999.00,999.00,999.00,999.00,999.00,999.00,999.00
2017,AL,Mathematics,8,American Indian or Alaskan Native,999.00,999.00,999.00,999.00,999.00,999.00,999.00,999.00,999.00,999.00,999.00,999.00
2017,AK,Mathematics,8,American Indian or Alaskan Native,253.10,227.68,252.32,275.97,37.88,60.76,27.96,39.24,8.51,11.28,2.77,2.77
2017,AZ,Mathematics,8,American Indian or Alaskan Native,262.84,237.57,263.87,286.29,37.00,48.70,34.10,51.30,14.82,17.20,2.38,2.38
2017,AR,Mathematics,8,American Indian or Alaskan Native,999.00,999.00,999.00,999.00,999.00,999.00,999.00,999.00,999.00,999.00,999.00,999.00
2017,CA,Mathematics,8,American Indian or Alaskan Native,999.00,999.00,999.00,999.00,999.00,999.00,999.00,999.00,999.00,999.00,999.00,999.00
2017,CO,Mathematics,8,American Indian or Alaskan Native,999.00,999.00,999.00,999.00,999.00,999.00,999.00,999.00,999.00,999.00,999.00,999.00
2017,CT,Mathematics,8,American Indian or Alaskan Native,999.00,999.00,999.00,999.00,999.00,999.00,999.00,999.00,999.00,999.00,999.00,999.00
2017,DE,Mathematics,8,American Indian or Alaskan Native,999.00,999.00,999.00,999.00,999.00,999.00,999.00,999.00,999.00,999.00,999.00,999.00
2017,DC,Mathematics,8,American Indian or Alaskan Native,999.00,999.00,999.00,999.00,999.00,999.00,999.00,999.00,999.00,999.00,999.00,999.00
2017,FL,Mathematics,8,American Indian or Alaskan Native,999.00,999.00,999.00,999.00,999.00,999.00,999.00,999.00,999.00,999.00,999.00,999.00
2017,GA,Mathematics,8,American Indian or Alaskan Native,999.00,999.00,999.00,999.00,999.00,999.00,999.00,999.00,999.00,999.00,999.00,999.00
2017,HI,Mathematics,8,American Indian or Alaskan Native,999.00,999.00,999.00,999.00,999.00,999.00,999.00,999.00,999.00,999.00,999.00,999.00
2017,ID,Mathematics,8,American Indian or Alaskan Native,999.00,999.00,999.00,999.00,999.00,999.00,999.00,999.00,999.00,999.00,999.00,999.00
2017,IL,Mathematics,8,American Indian or Alaskan Native,999.00,999.00,999.00,999.00,999.00,999.00,999.00,999.00,999.00,999.00,999.00,999.00
2017,IN,Mathematics,8,American Indian or Alaskan Native,999.00,999.00,999.00,999.00,999.00,999.00,999.00,999.00,999.00,999.00,999.00,999.00
2017,IA,Mathematics,8,American Indian or Alaskan Native,999.00,999.00,999.00,999.00,999.00,999.00,999.00,999.00,999.00,999.00,999.00,999.00
2017,KS,Mathematics,8,American Indian or Alaskan Native,999.00,999.00,999.00,999.00,999.00,999.00,999.00,999.00,999.00,999.00,999.00,999.00
2017,KY,Mathematics,8,American Indian or Alaskan Native,999.00,999.00,999.00,999.00,999.00,999.00,999.00,999.00,999.00,999.00,999.00,999.00
2017,LA,Mathematics,8,American Indian or Alaskan Native,999.00,999.00,999.00,999.00,999.00,999.00,999.00,999.00,999.00,999.00,999.00,999.00
2017,ME,Mathematics,8,American Indian or Alaskan Native,999.00,999.00,999.00,999.00,999.00,999.00,999.00,999.00,999.00,999.00,999.00,999.00
2017,MD,Mathematics,8,American Indian or Alaskan Native,999.00,999.00,999.00,999.00,999.00,999.00,999.00,999.00,999.00,999.00,999.00,999.00
2017,MA,Mathematics,8,American Indian or Alaskan Native,999.00,999.00,999.00,999.00,999.00,999.00,999.00,999.00,999.00,999.00,999.00,999.00
2017,MI,Mathematics,8,American Indian or Alaskan Native,999.00,999.00,999.00,999.00,999.00,999.00,999.00,999.00,999.00,999.00,999.00,999.00
2017,MN,Mathematics,8,American Indian or Alaskan Native,999.00,999.00,999.00,999.00,999.00,999.00,999.00,999.00,999.00,999.00,999.00,999.00
2017,MS,Mathematics,8,American Indian or Alaskan Native,999.00,999.00,999.00,999.00,999.00,999.00,999.00,999.00,999.00,999.00,999.00,999.00
2017,MO,Mathematics,8,American Indian or Alaskan Native,999.00,999.00,999.00,999.00,999.00,999.00,999.00,999.00,999.00,999.00,999.00,999.00
2017,MT,Mathematics,8,American Indian or Alaskan Native,258.17,234.16,259.06,285.86,36.26,52.71,33.94,47.29,12.68,13.34,0.66,0.66
2017,NE,Mathematics,8,American Indian or Alaskan Native,999.00,999.00,999.00,999.00,999.00,999.00,999.00,999.00,999.00,999.00,999.00,999.00
2017,NV,Mathematics,8,American Indian or Alaskan Native,999.00,999.00,999.00,999.00,999.00,999.00,999.00,999.00,999.00,999.00,999.00,999.00
2017,NH,Mathematics,8,American Indian or Alaskan Native,999.00,999.00,999.00,999.00,999.00,999.00,999.00,999.00,999.00,999.00,999.00,999.00
2017,NJ,Mathematics,8,American Indian or Alaskan Native,999.00,999.00,999.00,999.00,999.00,999.00,999.00,999.00,999.00,999.00,999.00,999.00
2017,NM,Mathematics,8,American Indian or Alaskan Native,257.12,237.58,257.79,277.08,30.73,55.66,35.53,44.34,8.21,8.81,0.59,0.59
2017,NY,Mathematics,8,American Indian or Alaskan Native,999.00,999.00,999.00,999.00,999.00,999.00,999.00,999.00,999.00,999.00,999.00,999.00
2017,NC,Mathematics,8,American Indian or Alaskan Native,999.00,999.00,999.00,999.00,999.00,999.00,999.00,999.00,999.00,999.00,999.00,999.00
2017,ND,Mathematics,8,American Indian or Alaskan Native,261.89,239.21,261.09,284.30,34.77,51.17,33.84,48.83,12.79,14.98,2.20,2.20
2017,OH,Mathematics,8,American Indian or Alaskan Native,999.00,999.00,999.00,999.00,999.00,999.00,999.00,999.00,999.00,999.00,999.00,999.00
2017,OK,Mathematics,8,American Indian or Alaskan Native,269.45,248.84,269.27,290.01,30.31,40.28,43.31,59.72,14.36,16.41,2.05,2.05
2017,OR,Mathematics,8,American Indian or Alaskan Native,999.00,999.00,999.00,999.00,999.00,999.00,999.00,999.00,999.00,999.00,999.00,999.00
2017,PA,Mathematics,8,American Indian or Alaskan Native,999.00,999.00,999.00,999.00,999.00,999.00,999.00,999.00,999.00,999.00,999.00,999.00
2017,RI,Mathematics,8,American Indian or Alaskan Native,999.00,999.00,999.00,999.00,999.00,999.00,999.00,999.00,999.00,999.00,999.00,999.00
2017,SC,Mathematics,8,American Indian or Alaskan Native,999.00,999.00,999.00,999.00,999.00,999.00,999.00,999.00,999.00,999.00,999.00,999.00
2017,SD,Mathematics,8,American Indian or Alaskan Native,253.76,233.37,254.85,275.44,34.55,59.63,30.81,40.37,8.87,9.57,0.70,0.70
2017,TN,Mathematics,8,American Indian or Alaskan Native,999.00,999.00,999.00,999.00,999.00,999.00,999.00,999.00,999.00,999.00,999.00,999.00
2017,TX,Mathematics,8,American Indian or Alaskan Native,999.00,999.00,999.00,999.00,999.00,999.00,999.00,999.00,999.00,999.00,999.00,999.00
2017,UT,Mathematics,8,American Indian or Alaskan Native,999.00,999.00,999.00,999.00,999.00,999.00,999.00,999.00,999.00,999.00,999.00,999.00
2017,VT,Mathematics,8,American Indian or Alaskan Native,999.00,999.00,999.00,999.00,999.00,999.00,999.00,999.00,999.00,999.00,999.00,999.00
2017,VA,Mathematics,8,American Indian or Alaskan Native,999.00,999.00,999.00,999.00,999.00,999.00,999.00,999.00,999.00,999.00,999.00,999.00
2017,WA,Mathematics,8,American Indian or Alaskan Native,999.00,999.00,999.00,999.00,999.00,999.00,999.00,999.00,999.00,999.00,999.00,999.00
2017,WV,Mathematics,8,American Indian or Alaskan Native,999.00,999.00,999.00,999.00,999.00,999.00,999.00,999.00,999.00,999.00,999.00,999.00
2017,WI,Mathematics,8,American Indian or Alaskan Native,999.00,999.00,999.00,999.00,999.00,999.00,999.00,999.00,999.00,999.00,999.00,999.00
2017,WY,Mathematics,8,American Indian or Alaskan Native,267.71,244.41,267.14,291.42,34.81,45.14,37.29,54.86,13.95,17.57,3.62,3.62
2017,AL,Mathematics,8,Hawaiian,999.00,999.00,999.00,999.00,999.00,999.00,999.00,999.00,999.00,999.00,999.00,999.00
2017,AK,Mathematics,8,Hawaiian,280.03,258.55,281.53,303.80,37.23,28.30,41.53,71.70,23.24,30.17,6.93,6.93
2017,AZ,Mathematics,8,Hawaiian,999.00,999.00,999.00,999.00,999.00,999.00,999.00,999.00,999.00,999.00,999.00,999.00
2017,AR,Mathematics,8,Hawaiian,999.00,999.00,999.00,999.00,999.00,999.00,999.00,999.00,999.00,999.00,999.00,999.00
2017,CA,Mathematics,8,Hawaiian,300.08,269.00,301.47,333.82,38.42,18.55,30.17,81.45,25.56,51.27,25.71,25.71
2017,CO,Mathematics,8,Hawaiian,295.05,270.31,294.19,321.28,37.24,17.39,37.62,82.61,28.25,44.99,16.74,16.74
2017,CT,Mathematics,8,Hawaiian,999.00,999.00,999.00,999.00,999.00,999.00,999.00,999.00,999.00,999.00,999.00,999.00
2017,DE,Mathematics,8,Hawaiian,999.00,999.00,999.00,999.00,999.00,999.00,999.00,999.00,999.00,999.00,999.00,999.00
2017,DC,Mathematics,8,Hawaiian,999.00,999.00,999.00,999.00,999.00,999.00,999.00,999.00,999.00,999.00,999.00,999.00
2017,FL,Mathematics,8,Hawaiian,284.23,257.87,283.05,312.63,37.28,30.43,33.64,69.57,25.79,35.93,10.15,10.15
2017,GA,Mathematics,8,Hawaiian,292.33,260.68,291.63,323.34,40.90,25.95,29.05,74.05,27.38,45.00,17.62,17.62
2017,HI,Mathematics,8,Hawaiian,282.52,258.72,280.82,303.47,35.03,28.53,41.82,71.47,21.19,29.64,8.46,8.46
2017,ID,Mathematics,8,Hawaiian,999.00,999.00,999.00,999.00,999.00,999.00,999.00,999.00,999.00,999.00,999.00,999.00
2017,IL,Mathematics,8,Hawaiian,286.88,251.05,285.35,317.83,46.69,32.48,28.80,67.52,20.14,38.73,18.59,18.59
2017,IN,Mathematics,8,Hawaiian,275.68,248.77,271.35,304.19,39.93,39.81,31.48,60.19,22.42,28.71,6.28,6.28
2017,IA,Mathematics,8,Hawaiian,276.53,252.49,273.00,300.51,35.59,36.89,36.82,63.11,19.42,26.28,6.87,6.87
2017,KS,Mathematics,8,Hawaiian,273.64,249.47,271.41,298.36,35.92,38.20,37.51,61.80,19.10,24.30,5.19,5.19
2017,KY,Mathematics,8,Hawaiian,267.43,242.17,266.84,289.89,40.24,43.98,37.08,56.02,12.77,18.93,6.16,6.16
2017,LA,Mathematics,8,Hawaiian,999.00,999.00,999.00,999.00,999.00,999.00,999.00,999.00,999.00,999.00,999.00,999.00
2017,ME,Mathematics,8,Hawaiian,999.00,999.00,999.00,999.00,999.00,999.00,999.00,999.00,999.00,999.00,999.00,999.00
2017,MD,Mathematics,8,Hawaiian,291.46,262.39,288.99,319.92,38.97,24.99,34.29,75.01,25.22,40.72,15.49,15.49
2017,MA,Mathematics,8,Hawaiian,298.58,274.13,296.46,322.33,33.59,13.60,40.21,86.40,29.14,46.19,17.05,17.05
2017,MI,Mathematics,8,Hawaiian,270.33,240.99,274.40,296.03,39.42,39.65,38.50,60.35,15.82,21.85,6.03,6.03
2017,MN,Mathematics,8,Hawaiian,290.53,264.76,288.72,315.16,36.15,22.99,38.72,77.01,26.83,38.29,11.46,11.46
2017,MS,Mathematics,8,Hawaiian,999.00,999.00,999.00,999.00,999.00,999.00,999.00,999.00,999.00,999.00,999.00,999.00
2017,MO,Mathematics,8,Hawaiian,282.87,260.30,280.41,304.34,35.97,26.65,43.66,73.35,18.91,29.70,10.78,10.78
2017,MT,Mathematics,8,Hawaiian,269.18,246.11,272.89,294.73,39.47,39.81,38.58,60.19,17.71,21.62,3.91,3.91
2017,NE,Mathematics,8,Hawaiian,287.13,260.13,285.42,313.71,35.83,27.06,34.56,72.94,27.89,38.37,10.48,10.48
2017,NV,Mathematics,8,Hawaiian,283.49,255.76,282.88,310.13,36.36,30.41,34.45,69.59,25.50,35.14,9.64,9.64
2017,NH,Mathematics,8,Hawaiian,999.00,999.00,999.00,999.00,999.00,999.00,999.00,999.00,999.00,999.00,999.00,999.00
2017,NJ,Mathematics,8,Hawaiian,999.00,999.00,999.00,999.00,999.00,999.00,999.00,999.00,999.00,999.00,999.00,999.00
2017,NM,Mathematics,8,Hawaiian,999.00,999.00,999.00,999.00,999.00,999.00,999.00,999.00,999.00,999.00,999.00,999.00
2017,NY,Mathematics,8,Hawaiian,999.00,999.00,999.00,999.00,999.00,999.00,999.00,999.00,999.00,999.00,999.00,999.00
2017,NC,Mathematics,8,Hawaiian,284.65,259.48,283.24,308.26,34.48,27.44,37.80,72.56,26.72,34.76,8.04,8.04
2017,ND,Mathematics,8,Hawaiian,999.00,999.00,999.00,999.00,999.00,999.00,999.00,999.00,999.00,999.00,999.00,999.00
2017,OH,Mathematics,8,Hawaiian,274.29,246.29,272.97,298.41,39.60,39.03,36.11,60.97,16.43,24.86,8.43,8.43
2017,OK,Mathematics,8,Hawaiian,276.29,255.36,278.36,299.91,32.79,31.52,42.37,68.48,23.10,26.11,3.01,3.01
2017,OR,Mathematics,8,Hawaiian,287.05,254.17,287.77,319.02,43.00,30.85,27.51,69.15,26.27,41.64,15.37,15.37
2017,PA,Mathematics,8,Hawaiian,279.76,255.93,277.14,302.36,35.82,31.59,39.69,68.41,21.70,28.71,7.01,7.01
2017,RI,Mathematics,8,Hawaiian,272.59,247.42,268.45,302.65,37.22,43.18,29.08,56.82,22.82,27.75,4.92,4.92
2017,SC,Mathematics,8,Hawaiian,278.00,258.42,277.41,300.87,33.44,29.09,44.38,70.91,22.40,26.53,4.13,4.13
2017,SD,Mathematics,8,Hawaiian,282.28,261.38,283.80,302.41,33.42,25.07,45.81,74.93,22.56,29.12,6.57,6.57
2017,TN,Mathematics,8,Hawaiian,999.00,999.00,999.00,999.00,999.00,999.00,999.00,999.00,999.00,999.00,999.00,999.00
2017,TX,Mathematics,8,Hawaiian,284.09,264.56,285.30,303.52,34.85,24.15,43.32,75.85,24.05,32.53,8.48,8.48
2017,UT,Mathematics,8,Hawaiian,999.00,999.00,999.00,999.00,999.00,999.00,999.00,999.00,999.00,999.00,999.00,999.00
2017,VT,Mathematics,8,Hawaiian,999.00,999.00,999.00,999.00,999.00,999.00,999.00,999.00,999.00,999.00,999.00,999.00
2017,VA,Mathematics,8,Hawaiian,294.36,267.37,290.47,319.69,37.48,20.68,38.22,79.32,22.93,41.10,18.17,18.17
2017,WA,Mathematics,8,Hawaiian,290.01,263.53,287.25,317.37,39.05,23.54,38.13,76.46,24.45,38.33,13.89,13.89
2017,WV,Mathematics,8,Hawaiian,999.00,999.00,999.00,999.00,999.00,999.00,999.00,999.00,999.00,999.00,999.00,999.00
2017,WI,Mathematics,8,Hawaiian,279.43,255.25,281.56,303.28,35.14,30.40,39.87,69.60,24.78,29.73,4.95,4.95
2017,WY,Mathematics,8,Hawaiian,999.00,999.00,999.00,999.00,999.00,999.00,999.00,999.00,999.00,999.00,999.00,999.00
2017,AL,Mathematics,8,Multiracial,N/A,N/A,N/A,N/A,N/A,N/A,N/A,N/A,N/A,N/A,N/A,N/A
2017,AK,Mathematics,8,Multiracial,N/A,N/A,N/A,N/A,N/A,N/A,N/A,N/A,N/A,N/A,N/A,N/A
2017,AZ,Mathematics,8,Multiracial,N/A,N/A,N/A,N/A,N/A,N/A,N/A,N/A,N/A,N/A,N/A,N/A
2017,AR,Mathematics,8,Multiracial,N/A,N/A,N/A,N/A,N/A,N/A,N/A,N/A,N/A,N/A,N/A,N/A
2017,CA,Mathematics,8,Multiracial,N/A,N/A,N/A,N/A,N/A,N/A,N/A,N/A,N/A,N/A,N/A,N/A
2017,CO,Mathematics,8,Multiracial,N/A,N/A,N/A,N/A,N/A,N/A,N/A,N/A,N/A,N/A,N/A,N/A
2017,CT,Mathematics,8,Multiracial,N/A,N/A,N/A,N/A,N/A,N/A,N/A,N/A,N/A,N/A,N/A,N/A
2017,DE,Mathematics,8,Multiracial,N/A,N/A,N/A,N/A,N/A,N/A,N/A,N/A,N/A,N/A,N/A,N/A
2017,DC,Mathematics,8,Multiracial,N/A,N/A,N/A,N/A,N/A,N/A,N/A,N/A,N/A,N/A,N/A,N/A
2017,FL,Mathematics,8,Multiracial,N/A,N/A,N/A,N/A,N/A,N/A,N/A,N/A,N/A,N/A,N/A,N/A
2017,GA,Mathematics,8,Multiracial,N/A,N/A,N/A,N/A,N/A,N/A,N/A,N/A,N/A,N/A,N/A,N/A
2017,HI,Mathematics,8,Multiracial,N/A,N/A,N/A,N/A,N/A,N/A,N/A,N/A,N/A,N/A,N/A,N/A
2017,ID,Mathematics,8,Multiracial,N/A,N/A,N/A,N/A,N/A,N/A,N/A,N/A,N/A,N/A,N/A,N/A
2017,IL,Mathematics,8,Multiracial,N/A,N/A,N/A,N/A,N/A,N/A,N/A,N/A,N/A,N/A,N/A,N/A
2017,IN,Mathematics,8,Multiracial,N/A,N/A,N/A,N/A,N/A,N/A,N/A,N/A,N/A,N/A,N/A,N/A
2017,IA,Mathematics,8,Multiracial,N/A,N/A,N/A,N/A,N/A,N/A,N/A,N/A,N/A,N/A,N/A,N/A
2017,KS,Mathematics,8,Multiracial,N/A,N/A,N/A,N/A,N/A,N/A,N/A,N/A,N/A,N/A,N/A,N/A
2017,KY,Mathematics,8,Multiracial,N/A,N/A,N/A,N/A,N/A,N/A,N/A,N/A,N/A,N/A,N/A,N/A
2017,LA,Mathematics,8,Multiracial,N/A,N/A,N/A,N/A,N/A,N/A,N/A,N/A,N/A,N/A,N/A,N/A
2017,ME,Mathematics,8,Multiracial,N/A,N/A,N/A,N/A,N/A,N/A,N/A,N/A,N/A,N/A,N/A,N/A
2017,MD,Mathematics,8,Multiracial,N/A,N/A,N/A,N/A,N/A,N/A,N/A,N/A,N/A,N/A,N/A,N/A
2017,MA,Mathematics,8,Multiracial,N/A,N/A,N/A,N/A,N/A,N/A,N/A,N/A,N/A,N/A,N/A,N/A
2017,MI,Mathematics,8,Multiracial,N/A,N/A,N/A,N/A,N/A,N/A,N/A,N/A,N/A,N/A,N/A,N/A
2017,MN,Mathematics,8,Multiracial,N/A,N/A,N/A,N/A,N/A,N/A,N/A,N/A,N/A,N/A,N/A,N/A
2017,MS,Mathematics,8,Multiracial,N/A,N/A,N/A,N/A,N/A,N/A,N/A,N/A,N/A,N/A,N/A,N/A
2017,MO,Mathematics,8,Multiracial,N/A,N/A,N/A,N/A,N/A,N/A,N/A,N/A,N/A,N/A,N/A,N/A
2017,MT,Mathematics,8,Multiracial,N/A,N/A,N/A,N/A,N/A,N/A,N/A,N/A,N/A,N/A,N/A,N/A
2017,NE,Mathematics,8,Multiracial,N/A,N/A,N/A,N/A,N/A,N/A,N/A,N/A,N/A,N/A,N/A,N/A
2017,NV,Mathematics,8,Multiracial,N/A,N/A,N/A,N/A,N/A,N/A,N/A,N/A,N/A,N/A,N/A,N/A
2017,NH,Mathematics,8,Multiracial,N/A,N/A,N/A,N/A,N/A,N/A,N/A,N/A,N/A,N/A,N/A,N/A
2017,NJ,Mathematics,8,Multiracial,N/A,N/A,N/A,N/A,N/A,N/A,N/A,N/A,N/A,N/A,N/A,N/A
2017,NM,Mathematics,8,Multiracial,N/A,N/A,N/A,N/A,N/A,N/A,N/A,N/A,N/A,N/A,N/A,N/A
2017,NY,Mathematics,8,Multiracial,N/A,N/A,N/A,N/A,N/A,N/A,N/A,N/A,N/A,N/A,N/A,N/A
2017,NC,Mathematics,8,Multiracial,N/A,N/A,N/A,N/A,N/A,N/A,N/A,N/A,N/A,N/A,N/A,N/A
2017,ND,Mathematics,8,Multiracial,N/A,N/A,N/A,N/A,N/A,N/A,N/A,N/A,N/A,N/A,N/A,N/A
2017,OH,Mathematics,8,Multiracial,N/A,N/A,N/A,N/A,N/A,N/A,N/A,N/A,N/A,N/A,N/A,N/A
2017,OK,Mathematics,8,Multiracial,N/A,N/A,N/A,N/A,N/A,N/A,N/A,N/A,N/A,N/A,N/A,N/A
2017,OR,Mathematics,8,Multiracial,N/A,N/A,N/A,N/A,N/A,N/A,N/A,N/A,N/A,N/A,N/A,N/A
2017,PA,Mathematics,8,Multiracial,N/A,N/A,N/A,N/A,N/A,N/A,N/A,N/A,N/A,N/A,N/A,N/A
2017,RI,Mathematics,8,Multiracial,N/A,N/A,N/A,N/A,N/A,N/A,N/A,N/A,N/A,N/A,N/A,N/A
2017,SC,Mathematics,8,Multiracial,N/A,N/A,N/A,N/A,N/A,N/A,N/A,N/A,N/A,N/A,N/A,N/A
2017,SD,Mathematics,8,Multiracial,N/A,N/A,N/A,N/A,N/A,N/A,N/A,N/A,N/A,N/A,N/A,N/A
2017,TN,Mathematics,8,Multiracial,N/A,N/A,N/A,N/A,N/A,N/A,N/A,N/A,N/A,N/A,N/A,N/A
2017,TX,Mathematics,8,Multiracial,N/A,N/A,N/A,N/A,N/A,N/A,N/A,N/A,N/A,N/A,N/A,N/A
2017,UT,Mathematics,8,Multiracial,N/A,N/A,N/A,N/A,N/A,N/A,N/A,N/A,N/A,N/A,N/A,N/A
2017,VT,Mathematics,8,Multiracial,N/A,N/A,N/A,N/A,N/A,N/A,N/A,N/A,N/A,N/A,N/A,N/A
2017,VA,Mathematics,8,Multiracial,N/A,N/A,N/A,N/A,N/A,N/A,N/A,N/A,N/A,N/A,N/A,N/A
2017,WA,Mathematics,8,Multiracial,N/A,N/A,N/A,N/A,N/A,N/A,N/A,N/A,N/A,N/A,N/A,N/A
2017,WV,Mathematics,8,Multiracial,N/A,N/A,N/A,N/A,N/A,N/A,N/A,N/A,N/A,N/A,N/A,N/A
2017,WI,Mathematics,8,Multiracial,N/A,N/A,N/A,N/A,N/A,N/A,N/A,N/A,N/A,N/A,N/A,N/A
2017,WY,Mathematics,8,Multiracial,N/A,N/A,N/A,N/A,N/A,N/A,N/A,N/A,N/A,N/A,N/A,N/A
2017,AL,Reading,4,All,216.42,192.72,221.22,244.01,38.86,36.85,31.71,63.15,24.71,31.44,6.73,6.73
2017,AK,Reading,4,All,207.04,181.38,215.07,241.40,48.07,43.62,28.17,56.38,22.32,28.21,5.89,5.89
2017,AZ,Reading,4,All,215.47,190.36,219.35,243.36,39.43,38.97,30.66,61.03,22.89,30.38,7.49,7.49
2017,AR,Reading,4,All,216.11,192.66,220.49,243.96,38.97,37.14,31.61,62.86,24.52,31.25,6.73,6.73
2017,CA,Reading,4,All,215.42,189.92,219.52,244.28,40.61,39.01,29.85,60.99,23.03,31.13,8.11,8.11
2017,CO,Reading,4,All,224.69,202.41,229.35,251.14,37.83,29.37,30.70,70.63,29.58,39.93,10.35,10.35
2017,CT,Reading,4,All,228.36,206.57,231.88,253.47,36.09,26.15,31.12,73.85,30.62,42.73,12.11,12.11
2017,DE,Reading,4,All,221.48,198.34,225.09,248.14,37.82,32.89,31.30,67.11,26.52,35.82,9.30,9.30
2017,DC,Reading,4,All,213.38,185.83,214.98,242.41,41.26,43.55,27.76,56.45,19.97,28.70,8.73,8.73
2017,FL,Reading,4,All,228.27,207.43,230.62,251.41,33.29,25.46,33.72,74.54,30.11,40.81,10.71,10.71
2017,GA,Reading,4,All,219.68,196.34,224.31,246.88,38.93,34.07,31.29,65.93,26.10,34.64,8.53,8.53
2017,HI,Reading,4,All,216.36,191.96,220.71,244.34,38.82,37.50,30.81,62.50,24.62,31.69,7.07,7.07
2017,ID,Reading,4,All,222.79,201.19,228.07,249.03,37.38,30.20,31.64,69.80,29.63,38.16,8.52,8.52
2017,IL,Reading,4,All,220.37,195.73,224.16,248.31,38.92,34.42,30.41,65.58,25.71,35.17,9.46,9.46
2017,IN,Reading,4,All,226.42,205.18,230.17,251.38,36.07,27.37,31.97,72.63,30.37,40.65,10.28,10.28
2017,IA,Reading,4,All,221.75,200.17,226.79,247.51,36.65,31.25,32.30,68.75,28.87,36.45,7.58,7.58
2017,KS,Reading,4,All,223.27,202.23,227.47,248.60,35.96,29.81,32.94,70.19,29.12,37.25,8.13,8.13
2017,KY,Reading,4,All,224.08,201.56,226.96,249.41,36.05,30.39,32.06,69.61,27.62,37.55,9.93,9.93
2017,LA,Reading,4,All,211.60,186.17,213.86,239.57,38.64,44.10,29.45,55.90,20.66,26.46,5.80,5.80
2017,ME,Reading,4,All,221.39,197.82,225.70,248.35,38.10,32.87,30.76,67.13,27.23,36.37,9.14,9.14
2017,MD,Reading,4,All,225.05,199.99,228.70,252.15,38.54,31.08,28.76,68.92,28.05,40.17,12.12,12.12
2017,MA,Reading,4,All,235.70,214.02,238.70,259.51,34.51,20.30,28.88,79.70,33.88,50.82,16.94,16.94
2017,MI,Reading,4,All,217.75,194.73,222.36,244.13,37.21,35.58,32.61,64.42,25.37,31.81,6.45,6.45
2017,MN,Reading,4,All,224.54,203.61,228.78,249.93,37.24,28.58,32.35,71.42,29.52,39.07,9.55,9.55
2017,MS,Reading,4,All,215.20,192.05,217.50,240.21,35.63,39.64,33.12,60.36,21.56,27.24,5.68,5.68
2017,MO,Reading,4,All,222.68,201.15,226.49,248.08,36.02,30.72,32.75,69.28,28.20,36.52,8.32,8.32
2017,MT,Reading,4,All,222.33,200.82,227.60,248.47,37.56,30.35,32.00,69.65,29.69,37.65,7.96,7.96
2017,NE,Reading,4,All,224.10,203.76,228.76,249.00,36.08,28.43,33.14,71.57,29.66,38.43,8.77,8.77
2017,NV,Reading,4,All,214.84,190.46,218.99,243.55,39.97,39.12,30.31,60.88,23.51,30.56,7.05,7.05
2017,NH,Reading,4,All,228.90,208.58,232.28,252.37,33.56,24.61,32.36,75.39,32.61,43.03,10.42,10.42
2017,NJ,Reading,4,All,232.94,211.37,236.87,258.04,35.84,22.47,28.90,77.53,33.22,48.63,15.41,15.41
2017,NM,Reading,4,All,207.70,181.17,212.01,237.86,41.91,46.15,29.02,53.85,19.35,24.83,5.48,5.48
2017,NY,Reading,4,All,221.88,199.45,225.18,248.22,37.50,32.02,32.02,67.98,26.79,35.96,9.17,9.17
2017,NC,Reading,4,All,223.93,200.78,227.80,250.28,36.85,30.80,30.66,69.20,28.60,38.54,9.95,9.95
2017,ND,Reading,4,All,221.52,201.82,225.92,245.24,33.81,30.29,35.59,69.71,28.47,34.12,5.65,5.65
2017,OH,Reading,4,All,225.26,203.55,228.53,249.80,35.44,28.66,32.66,71.34,29.04,38.67,9.63,9.63
2017,OK,Reading,4,All,216.59,194.75,220.16,241.52,34.96,36.60,34.45,63.40,24.02,28.95,4.93,4.93
2017,OR,Reading,4,All,217.53,192.44,221.69,245.93,39.40,37.04,29.51,62.96,25.54,33.45,7.91,7.91
2017,PA,Reading,4,All,224.92,203.37,229.53,251.33,37.74,28.58,31.24,71.42,29.74,40.18,10.44,10.44
2017,RI,Reading,4,All,223.35,200.16,228.09,250.31,39.35,30.85,30.41,69.15,27.87,38.73,10.86,10.86
2017,SC,Reading,4,All,213.13,188.54,217.54,242.36,40.74,41.09,29.58,58.91,23.03,29.33,6.29,6.29
2017,SD,Reading,4,All,221.75,200.62,226.33,247.09,36.05,31.20,32.88,68.80,28.73,35.92,7.19,7.19
2017,TN,Reading,4,All,218.95,195.68,222.33,245.80,37.34,35.53,31.55,64.47,25.27,32.92,7.65,7.65
2017,TX,Reading,4,All,214.88,191.27,218.11,241.56,36.88,39.50,31.79,60.50,23.25,28.70,5.46,5.46
2017,UT,Reading,4,All,225.16,204.51,230.78,251.27,37.64,27.64,31.10,72.36,31.43,41.26,9.84,9.84
2017,VT,Reading,4,All,226.45,204.55,231.86,253.19,38.10,27.49,29.58,72.51,31.32,42.93,11.61,11.61
2017,VA,Reading,4,All,227.60,206.62,232.03,253.04,36.70,25.99,31.20,74.01,31.21,42.81,11.60,11.60
2017,WA,Reading,4,All,223.12,198.07,227.56,251.40,39.99,32.31,28.76,67.69,27.01,38.93,11.92,11.92
2017,WV,Reading,4,All,217.32,193.99,221.81,245.03,39.44,36.14,31.48,63.86,24.94,32.38,7.44,7.44
2017,WI,Reading,4,All,219.61,196.74,224.70,246.76,37.90,33.82,31.26,66.18,27.28,34.92,7.65,7.65
2017,WY,Reading,4,All,226.83,206.97,231.19,250.82,34.37,25.85,32.80,74.15,32.21,41.36,9.15,9.15
2017,AL,Reading,4,White,227.70,208.40,231.92,251.32,34.78,24.68,33.27,75.32,32.29,42.05,9.76,9.76
2017,AK,Reading,4,White,223.22,202.35,228.64,249.90,38.22,29.65,31.38,70.35,30.29,38.98,8.69,8.69
2017,AZ,Reading,4,White,231.53,211.62,234.79,255.29,34.87,22.04,31.79,77.96,32.77,46.16,13.39,13.39
2017,AR,Reading,4,White,223.54,203.12,228.43,249.34,37.25,28.92,32.26,71.08,29.94,38.81,8.88,8.88
2017,CA,Reading,4,White,231.36,211.58,235.53,256.20,36.17,22.21,30.73,77.79,33.15,47.06,13.91,13.91
2017,CO,Reading,4,White,235.41,216.03,239.12,258.28,33.99,18.76,29.87,81.24,36.38,51.37,15.00,15.00
2017,CT,Reading,4,White,237.82,219.69,240.53,259.20,32.08,15.88,30.76,84.12,37.53,53.37,15.83,15.83
2017,DE,Reading,4,White,232.62,212.71,236.45,256.80,35.14,21.11,30.66,78.89,33.99,48.23,14.24,14.24
2017,DC,Reading,4,White,256.27,238.58,258.05,276.66,30.78,6.73,18.16,93.27,38.81,75.11,36.30,36.30
2017,FL,Reading,4,White,238.50,219.96,240.31,259.50,30.52,15.01,31.94,84.99,36.52,53.05,16.53,16.53
2017,GA,Reading,4,White,230.77,211.51,234.76,255.20,35.97,22.27,31.78,77.73,33.05,45.95,12.90,12.90
2017,HI,Reading,4,White,233.45,213.21,238.03,257.81,34.77,21.23,28.71,78.77,35.28,50.06,14.79,14.79
2017,ID,Reading,4,White,227.75,207.79,231.97,251.53,34.26,25.15,32.40,74.85,32.79,42.45,9.66,9.66
2017,IL,Reading,4,White,231.80,211.88,235.42,256.44,35.58,22.01,31.08,77.99,33.12,46.91,13.79,13.79
2017,IN,Reading,4,White,231.06,211.80,234.81,254.50,34.58,22.13,32.14,77.87,33.57,45.73,12.16,12.16
2017,IA,Reading,4,White,227.02,207.54,231.31,250.50,33.85,25.36,33.45,74.64,32.45,41.18,8.73,8.73
2017,KS,Reading,4,White,227.77,208.45,232.29,252.02,34.97,24.65,32.76,75.35,32.84,42.59,9.75,9.75
2017,KY,Reading,4,White,227.45,205.96,230.67,251.96,35.41,26.59,32.04,73.41,30.15,41.37,11.22,11.22
2017,LA,Reading,4,White,225.50,204.01,228.67,250.20,35.35,28.39,32.68,71.61,29.18,38.93,9.76,9.76
2017,ME,Reading,4,White,223.10,200.08,227.00,249.03,36.86,31.17,31.46,68.83,27.96,37.37,9.41,9.41
2017,MD,Reading,4,White,239.29,218.99,241.71,262.31,34.01,17.06,28.16,82.94,35.65,54.79,19.13,19.13
2017,MA,Reading,4,White,243.06,223.64,245.27,264.42,31.16,12.98,27.45,87.02,38.34,59.58,21.23,21.23
2017,MI,Reading,4,White,223.57,203.98,227.89,247.42,34.84,28.31,35.03,71.69,29.43,36.66,7.23,7.23
2017,MN,Reading,4,White,231.71,213.39,235.15,254.01,33.69,20.75,33.04,79.25,34.75,46.21,11.46,11.46
2017,MS,Reading,4,White,228.88,210.23,231.35,250.96,31.98,23.04,35.92,76.96,31.63,41.05,9.41,9.41
2017,MO,Reading,4,White,227.20,207.44,231.43,251.61,35.00,25.46,32.81,74.54,31.92,41.73,9.80,9.80
2017,MT,Reading,4,White,226.67,206.89,231.37,250.89,34.92,25.85,32.56,74.15,32.77,41.59,8.82,8.82
2017,NE,Reading,4,White,230.75,213.43,234.14,252.35,32.83,20.42,34.92,79.58,34.15,44.66,10.51,10.51
2017,NV,Reading,4,White,227.30,206.41,231.58,253.13,37.06,26.31,31.39,73.69,30.58,42.30,11.72,11.72
2017,NH,Reading,4,White,229.66,209.37,232.89,252.87,33.14,24.00,32.34,76.00,32.85,43.66,10.80,10.80
2017,NJ,Reading,4,White,242.97,225.34,244.97,263.05,29.75,11.34,29.00,88.66,40.19,59.66,19.47,19.47
2017,NM,Reading,4,White,225.38,202.80,230.17,251.82,38.63,29.22,29.55,70.78,29.70,41.23,11.54,11.54
2017,NY,Reading,4,White,232.17,212.25,235.70,255.87,34.23,21.53,31.02,78.47,34.52,47.44,12.92,12.92
2017,NC,Reading,4,White,234.70,215.32,239.67,258.41,34.41,20.11,27.83,79.89,37.17,52.06,14.89,14.89
2017,ND,Reading,4,White,225.45,206.89,229.53,247.85,32.25,25.90,35.93,74.10,31.55,38.17,6.61,6.61
2017,OH,Reading,4,White,230.79,211.03,233.58,253.15,33.22,22.43,33.18,77.57,32.97,44.39,11.42,11.42
2017,OK,Reading,4,White,221.24,200.56,224.89,245.45,33.71,31.25,34.98,68.75,27.69,33.76,6.07,6.07
2017,OR,Reading,4,White,224.45,202.00,228.86,250.63,37.13,29.75,30.61,70.25,29.71,39.64,9.93,9.93
2017,PA,Reading,4,White,232.33,213.44,235.84,255.13,33.58,20.45,32.37,79.55,34.67,47.18,12.51,12.51
2017,RI,Reading,4,White,233.00,213.28,237.19,257.22,36.54,21.26,29.87,78.74,33.77,48.87,15.09,15.09
2017,SC,Reading,4,White,225.13,204.77,229.83,250.61,36.61,27.81,32.42,72.19,30.71,39.77,9.06,9.06
2017,SD,Reading,4,White,227.99,208.74,231.74,250.63,32.95,24.35,33.82,75.65,33.07,41.84,8.76,8.76
2017,TN,Reading,4,White,227.38,207.01,230.49,251.73,34.39,25.88,33.33,74.12,30.71,40.79,10.07,10.07
2017,TX,Reading,4,White,230.78,212.95,234.50,253.01,32.21,21.08,33.75,78.92,35.39,45.18,9.78,9.78
2017,UT,Reading,4,White,231.42,213.34,235.76,254.41,34.20,20.79,32.26,79.21,35.49,46.95,11.46,11.46
2017,VT,Reading,4,White,227.91,206.35,233.07,254.35,37.74,26.24,29.35,73.76,31.97,44.41,12.44,12.44
2017,VA,Reading,4,White,237.19,219.07,240.87,259.59,32.83,16.51,29.53,83.49,38.01,53.96,15.95,15.95
2017,WA,Reading,4,White,232.62,211.84,236.80,257.04,35.64,22.26,29.27,77.74,33.71,48.47,14.77,14.77
2017,WV,Reading,4,White,217.87,194.51,222.36,245.65,39.47,35.57,31.48,64.43,25.26,32.95,7.69,7.69
2017,WI,Reading,4,White,226.43,206.56,230.88,250.81,35.10,26.20,32.72,73.80,31.74,41.08,9.35,9.35
2017,WY,Reading,4,White,230.42,211.77,234.49,253.17,32.92,21.84,33.01,78.16,34.77,45.16,10.38,10.38
2017,AL,Reading,4,Black,201.96,177.44,205.76,229.98,39.06,52.24,29.91,47.76,15.40,17.85,2.45,2.45
2017,AK,Reading,4,Black,211.61,192.22,218.74,240.22,41.37,39.18,33.47,60.82,23.12,27.35,4.23,4.23
2017,AZ,Reading,4,Black,205.52,181.57,209.27,232.95,39.07,48.02,31.55,51.98,17.11,20.43,3.32,3.32
2017,AR,Reading,4,Black,198.25,173.89,201.09,224.69,37.22,57.09,28.93,42.91,12.29,13.98,1.69,1.69
2017,CA,Reading,4,Black,198.69,174.27,199.74,226.15,37.54,57.45,27.04,42.55,13.55,15.51,1.95,1.95
2017,CO,Reading,4,Black,206.31,181.42,207.39,233.44,36.01,50.51,28.31,49.49,18.71,21.17,2.46,2.46
2017,CT,Reading,4,Black,209.52,187.29,212.79,235.56,35.52,44.83,32.64,55.17,19.69,22.53,2.84,2.84
2017,DE,Reading,4,Black,209.39,185.88,211.31,235.79,36.58,46.32,30.83,53.68,18.85,22.85,4.01,4.01
2017,DC,Reading,4,Black,206.80,182.19,209.45,233.63,37.78,48.53,30.30,51.47,17.28,21.17,3.89,3.89
2017,FL,Reading,4,Black,212.37,190.72,213.71,235.86,32.61,43.32,33.85,56.68,19.70,22.83,3.12,3.12
2017,GA,Reading,4,Black,206.26,181.87,210.41,234.60,38.26,47.49,30.86,52.51,18.68,21.65,2.97,2.97
2017,HI,Reading,4,Black,999.00,999.00,999.00,999.00,999.00,999.00,999.00,999.00,999.00,999.00,999.00,999.00
2017,ID,Reading,4,Black,999.00,999.00,999.00,999.00,999.00,999.00,999.00,999.00,999.00,999.00,999.00,999.00
2017,IL,Reading,4,Black,199.49,174.60,200.73,226.75,37.87,56.93,27.57,43.07,13.20,15.50,2.30,2.30
2017,IN,Reading,4,Black,209.98,189.80,211.91,233.62,35.18,45.31,33.45,54.69,17.97,21.24,3.27,3.27
2017,IA,Reading,4,Black,188.27,165.61,191.79,214.96,37.07,68.42,23.77,31.58,7.57,7.81,999.00,999.00
2017,KS,Reading,4,Black,202.29,181.78,204.93,228.92,37.55,52.74,30.00,47.26,15.78,17.26,1.48,1.48
2017,KY,Reading,4,Black,203.94,180.89,205.51,228.53,34.22,52.95,30.56,47.05,14.40,16.49,2.10,2.10
2017,LA,Reading,4,Black,197.76,173.72,198.86,223.75,36.84,59.75,26.39,40.25,11.95,13.87,1.92,1.92
2017,ME,Reading,4,Black,191.80,154.55,197.69,228.46,44.94,57.59,24.97,42.41,16.09,17.44,1.34,1.34
2017,MD,Reading,4,Black,212.48,187.99,215.23,239.97,36.86,42.71,30.47,57.29,22.05,26.82,4.77,4.77
2017,MA,Reading,4,Black,218.94,196.97,221.07,241.65,32.78,35.81,35.09,64.19,23.05,29.11,6.06,6.06
2017,MI,Reading,4,Black,196.63,172.70,197.12,221.95,34.95,62.07,25.42,37.93,11.09,12.51,1.42,1.42
2017,MN,Reading,4,Black,197.28,172.65,201.31,225.77,40.05,56.95,28.18,43.05,12.78,14.86,2.09,2.09
2017,MS,Reading,4,Black,203.01,180.98,204.07,226.70,34.07,54.34,30.81,45.66,12.65,14.84,2.20,2.20
2017,MO,Reading,4,Black,199.92,178.96,202.08,223.39,33.03,56.97,31.30,43.03,10.79,11.73,0.94,0.94
2017,MT,Reading,4,Black,999.00,999.00,999.00,999.00,999.00,999.00,999.00,999.00,999.00,999.00,999.00,999.00
2017,NE,Reading,4,Black,200.52,176.60,203.13,227.45,36.04,54.84,29.93,45.16,14.16,15.23,1.06,1.06
2017,NV,Reading,4,Black,204.21,179.85,208.05,231.78,38.06,50.25,30.16,49.75,16.98,19.60,2.62,2.62
2017,NH,Reading,4,Black,999.00,999.00,999.00,999.00,999.00,999.00,999.00,999.00,999.00,999.00,999.00,999.00
2017,NJ,Reading,4,Black,215.75,189.79,217.49,244.14,38.32,41.47,27.76,58.53,22.64,30.77,8.13,8.13
2017,NM,Reading,4,Black,999.00,999.00,999.00,999.00,999.00,999.00,999.00,999.00,999.00,999.00,999.00,999.00
2017,NY,Reading,4,Black,207.63,186.33,209.62,231.24,33.92,47.79,33.60,52.21,16.05,18.60,2.55,2.55
2017,NC,Reading,4,Black,210.76,189.06,213.26,235.54,34.42,44.04,33.62,55.96,19.22,22.35,3.13,3.13
2017,ND,Reading,4,Black,204.96,180.16,212.16,231.29,35.43,45.50,37.27,54.50,16.15,17.22,1.07,1.07
2017,OH,Reading,4,Black,202.64,179.32,204.55,227.42,34.28,53.47,31.15,46.53,13.76,15.38,1.62,1.62
2017,OK,Reading,4,Black,203.38,180.25,206.25,229.23,35.85,51.37,32.10,48.63,14.44,16.52,2.09,2.09
2017,OR,Reading,4,Black,999.00,999.00,999.00,999.00,999.00,999.00,999.00,999.00,999.00,999.00,999.00,999.00
2017,PA,Reading,4,Black,203.45,178.23,205.65,231.30,36.77,52.31,28.81,47.69,16.64,18.89,2.25,2.25
2017,RI,Reading,4,Black,205.63,181.07,210.30,232.54,40.16,47.94,31.95,52.06,15.58,20.11,4.53,4.53
2017,SC,Reading,4,Black,196.14,171.02,198.43,224.99,40.01,59.94,25.38,40.06,12.65,14.69,2.03,2.03
2017,SD,Reading,4,Black,999.00,999.00,999.00,999.00,999.00,999.00,999.00,999.00,999.00,999.00,999.00,999.00
2017,TN,Reading,4,Black,201.46,178.96,202.89,225.93,34.62,56.09,29.42,43.91,12.51,14.50,1.99,1.99
2017,TX,Reading,4,Black,210.05,187.48,213.55,235.24,34.66,44.11,33.73,55.89,19.36,22.17,2.81,2.81
2017,UT,Reading,4,Black,999.00,999.00,999.00,999.00,999.00,999.00,999.00,999.00,999.00,999.00,999.00,999.00
2017,VT,Reading,4,Black,999.00,999.00,999.00,999.00,999.00,999.00,999.00,999.00,999.00,999.00,999.00,999.00
2017,VA,Reading,4,Black,210.36,190.28,213.40,233.94,33.20,43.66,35.75,56.34,18.15,20.59,2.44,2.44
2017,WA,Reading,4,Black,203.03,181.98,204.77,228.42,37.95,53.25,29.73,46.75,13.59,17.02,3.43,3.43
2017,WV,Reading,4,Black,201.24,176.39,207.92,229.97,38.34,50.35,33.50,49.65,14.90,16.15,1.25,1.25
2017,WI,Reading,4,Black,193.82,165.52,193.74,222.64,38.96,62.75,22.91,37.25,12.61,14.34,1.74,1.74
2017,WY,Reading,4,Black,999.00,999.00,999.00,999.00,999.00,999.00,999.00,999.00,999.00,999.00,999.00,999.00
2017,AL,Reading,4,Hispanic,199.29,173.13,202.19,225.61,37.86,56.12,29.09,43.88,11.94,14.79,2.86,2.86
2017,AK,Reading,4,Hispanic,211.09,191.53,216.88,238.62,39.21,40.41,33.46,59.59,22.62,26.13,3.51,3.51
2017,AZ,Reading,4,Hispanic,204.24,179.92,207.44,231.25,37.06,50.60,31.28,49.40,15.36,18.11,2.75,2.75
2017,AR,Reading,4,Hispanic,210.39,188.67,212.94,234.90,36.45,44.14,33.97,55.86,17.31,21.89,4.58,4.58
2017,CA,Reading,4,Hispanic,204.24,179.51,208.47,232.17,38.68,49.54,30.85,50.46,16.89,19.61,2.71,2.71
2017,CO,Reading,4,Hispanic,209.28,186.09,213.49,236.34,37.83,44.43,32.31,55.57,19.50,23.26,3.76,3.76
2017,CT,Reading,4,Hispanic,213.02,190.03,215.03,237.62,34.89,41.74,33.63,58.26,19.84,24.62,4.79,4.79
2017,DE,Reading,4,Hispanic,209.27,186.00,214.40,235.24,36.85,43.37,34.63,56.63,18.71,22.00,3.29,3.29
2017,DC,Reading,4,Hispanic,204.45,177.41,204.95,233.78,39.89,53.05,25.45,46.95,17.02,21.50,4.48,4.48
2017,FL,Reading,4,Hispanic,224.93,205.27,227.51,247.25,32.39,27.55,36.29,72.45,28.53,36.16,7.63,7.63
2017,GA,Reading,4,Hispanic,213.55,191.39,217.15,238.59,35.71,40.13,34.27,59.87,21.13,25.60,4.47,4.47
2017,HI,Reading,4,Hispanic,212.13,188.03,217.20,238.72,36.38,41.34,33.11,58.66,21.40,25.55,4.15,4.15
2017,ID,Reading,4,Hispanic,204.97,177.51,208.87,235.67,41.98,49.29,27.71,50.71,18.51,22.99,4.48,4.48
2017,IL,Reading,4,Hispanic,209.10,185.50,211.46,234.92,36.48,46.08,31.86,53.92,18.30,22.06,3.76,3.76
2017,IN,Reading,4,Hispanic,214.27,191.93,217.27,241.36,36.11,39.94,31.57,60.06,24.53,28.49,3.96,3.96
2017,IA,Reading,4,Hispanic,204.62,178.57,207.51,233.83,38.24,50.45,28.32,49.55,18.21,21.22,3.01,3.01
2017,KS,Reading,4,Hispanic,215.94,195.32,218.99,240.64,35.31,37.86,33.94,62.14,23.57,28.20,4.63,4.63
2017,KY,Reading,4,Hispanic,215.96,194.39,218.95,240.33,34.75,37.95,35.01,62.05,21.09,27.03,5.94,5.94
2017,LA,Reading,4,Hispanic,208.22,178.89,211.64,238.73,39.08,47.15,27.25,52.85,20.81,25.59,4.78,4.78
2017,ME,Reading,4,Hispanic,999.00,999.00,999.00,999.00,999.00,999.00,999.00,999.00,999.00,999.00,999.00,999.00
2017,MD,Reading,4,Hispanic,209.41,185.55,210.81,235.18,37.25,47.09,30.45,52.91,17.26,22.46,5.20,5.20
2017,MA,Reading,4,Hispanic,216.63,193.48,219.61,241.88,35.07,37.93,32.79,62.07,23.91,29.28,5.36,5.36
2017,MI,Reading,4,Hispanic,205.53,180.12,210.17,232.07,37.91,47.97,32.07,52.03,16.63,19.96,3.33,3.33
2017,MN,Reading,4,Hispanic,205.87,183.41,208.60,231.06,35.52,49.53,31.95,50.47,15.80,18.52,2.72,2.72
2017,MS,Reading,4,Hispanic,213.29,192.63,216.40,237.18,34.02,40.13,35.68,59.87,20.69,24.18,3.49,3.49
2017,MO,Reading,4,Hispanic,215.03,192.56,218.13,239.74,34.07,39.20,33.86,60.80,22.87,26.95,4.08,4.08
2017,MT,Reading,4,Hispanic,221.16,201.03,228.43,247.54,38.53,30.27,33.07,69.73,28.39,36.66,8.28,8.28
2017,NE,Reading,4,Hispanic,210.93,187.67,214.27,237.11,36.38,43.59,32.19,56.41,20.15,24.23,4.08,4.08
2017,NV,Reading,4,Hispanic,205.25,180.27,208.77,233.98,39.53,49.12,29.15,50.88,18.13,21.73,3.60,3.60
2017,NH,Reading,4,Hispanic,214.57,191.14,220.83,243.86,40.39,36.70,31.61,63.30,25.82,31.69,5.86,5.86
2017,NJ,Reading,4,Hispanic,217.77,195.04,220.64,243.14,36.09,36.96,32.46,63.04,23.80,30.58,6.78,6.78
2017,NM,Reading,4,Hispanic,203.50,177.94,208.24,232.73,40.76,49.70,30.11,50.30,16.74,20.19,3.45,3.45
2017,NY,Reading,4,Hispanic,207.59,184.07,212.17,234.12,37.91,45.34,33.36,54.66,17.80,21.30,3.50,3.50
2017,NC,Reading,4,Hispanic,210.72,188.58,213.61,235.31,35.99,43.25,34.34,56.75,18.44,22.41,3.98,3.98
2017,ND,Reading,4,Hispanic,208.41,185.05,213.18,235.73,36.81,44.93,32.89,55.07,19.48,22.18,2.71,2.71
2017,OH,Reading,4,Hispanic,216.09,194.54,217.57,239.24,34.87,39.00,35.03,61.00,20.62,25.97,5.35,5.35
2017,OK,Reading,4,Hispanic,209.28,187.11,211.39,232.70,33.88,46.01,33.92,53.99,16.98,20.07,3.10,3.10
2017,OR,Reading,4,Hispanic,199.72,173.90,201.77,227.65,38.98,56.26,26.59,43.74,14.55,17.15,2.60,2.60
2017,PA,Reading,4,Hispanic,201.69,175.88,206.65,230.51,41.15,51.42,30.04,48.58,15.25,18.54,3.29,3.29
2017,RI,Reading,4,Hispanic,208.37,184.98,211.79,236.17,37.50,46.13,30.72,53.87,19.59,23.14,3.56,3.56
2017,SC,Reading,4,Hispanic,205.35,181.48,208.90,234.56,41.68,49.07,28.73,50.93,17.62,22.20,4.58,4.58
2017,SD,Reading,4,Hispanic,209.66,188.93,213.60,233.87,34.94,42.96,36.37,57.04,17.42,20.68,3.26,3.26
2017,TN,Reading,4,Hispanic,205.29,179.99,207.97,235.14,41.19,49.97,27.06,50.03,18.47,22.97,4.50,4.50
2017,TX,Reading,4,Hispanic,206.03,183.36,208.54,231.51,35.87,49.42,31.45,50.58,16.44,19.13,2.69,2.69
2017,UT,Reading,4,Hispanic,200.42,172.91,204.10,230.20,39.66,53.66,28.09,46.34,15.70,18.25,2.55,2.55
2017,VT,Reading,4,Hispanic,999.00,999.00,999.00,999.00,999.00,999.00,999.00,999.00,999.00,999.00,999.00,999.00
2017,VA,Reading,4,Hispanic,214.13,191.59,220.24,241.91,39.87,37.94,32.57,62.06,23.68,29.49,5.81,5.81
2017,WA,Reading,4,Hispanic,203.99,178.76,206.70,231.23,38.90,51.28,29.62,48.72,15.54,19.10,3.56,3.56
2017,WV,Reading,4,Hispanic,999.00,999.00,999.00,999.00,999.00,999.00,999.00,999.00,999.00,999.00,999.00,999.00
2017,WI,Reading,4,Hispanic,200.97,177.15,203.88,227.64,37.77,54.88,29.05,45.12,13.77,16.07,2.30,2.30
2017,WY,Reading,4,Hispanic,210.13,188.48,213.54,235.94,35.04,43.66,33.55,56.34,20.17,22.79,2.63,2.63
2017,AL,Reading,4,Asian,999.00,999.00,999.00,999.00,999.00,999.00,999.00,999.00,999.00,999.00,999.00,999.00
2017,AK,Reading,4,Asian,206.10,178.97,212.58,239.56,46.02,46.32,27.36,53.68,20.92,26.32,5.40,5.40
2017,AZ,Reading,4,Asian,240.35,218.93,244.26,262.34,34.19,18.62,22.99,81.38,38.29,58.39,20.10,20.10
2017,AR,Reading,4,Asian,207.72,169.09,215.55,247.79,49.06,44.64,21.51,55.36,25.61,33.85,8.24,8.24
2017,CA,Reading,4,Asian,242.15,221.86,245.85,267.34,35.44,15.28,25.87,84.72,34.88,58.84,23.96,23.96
2017,CO,Reading,4,Asian,236.11,221.34,239.88,257.74,33.17,15.63,30.92,84.37,39.04,53.44,14.40,14.40
2017,CT,Reading,4,Asian,248.18,224.68,252.70,273.34,37.05,13.46,22.02,86.54,33.63,64.52,30.89,30.89
2017,DE,Reading,4,Asian,249.90,230.82,251.25,269.82,31.45,9.85,22.53,90.15,40.57,67.62,27.05,27.05
2017,DC,Reading,4,Asian,999.00,999.00,999.00,999.00,999.00,999.00,999.00,999.00,999.00,999.00,999.00,999.00
2017,FL,Reading,4,Asian,249.12,230.13,251.80,269.48,29.19,9.46,23.19,90.54,39.96,67.35,27.40,27.40
2017,GA,Reading,4,Asian,247.54,228.64,253.49,272.26,38.97,13.60,19.34,86.40,37.07,67.06,29.99,29.99
2017,HI,Reading,4,Asian,212.07,186.74,216.52,241.41,40.00,41.96,29.71,58.04,22.47,28.34,5.87,5.87
2017,ID,Reading,4,Asian,999.00,999.00,999.00,999.00,999.00,999.00,999.00,999.00,999.00,999.00,999.00,999.00
2017,IL,Reading,4,Asian,243.87,225.13,247.86,266.64,33.14,12.86,25.04,87.14,38.93,62.10,23.17,23.17
2017,IN,Reading,4,Asian,999.00,999.00,999.00,999.00,999.00,999.00,999.00,999.00,999.00,999.00,999.00,999.00
2017,IA,Reading,4,Asian,999.00,999.00,999.00,999.00,999.00,999.00,999.00,999.00,999.00,999.00,999.00,999.00
2017,KS,Reading,4,Asian,235.62,209.59,239.09,262.88,35.83,24.20,23.90,75.80,33.14,51.90,18.76,18.76
2017,KY,Reading,4,Asian,228.12,204.40,229.40,258.61,40.08,27.07,31.46,72.93,24.26,41.47,17.21,17.21
2017,LA,Reading,4,Asian,999.00,999.00,999.00,999.00,999.00,999.00,999.00,999.00,999.00,999.00,999.00,999.00
2017,ME,Reading,4,Asian,999.00,999.00,999.00,999.00,999.00,999.00,999.00,999.00,999.00,999.00,999.00,999.00
2017,MD,Reading,4,Asian,245.27,228.79,248.50,268.04,34.43,13.07,21.86,86.93,40.04,65.07,25.04,25.04
2017,MA,Reading,4,Asian,247.14,226.69,249.19,268.59,33.81,13.83,21.91,86.17,38.93,64.26,25.32,25.32
2017,MI,Reading,4,Asian,237.26,220.73,242.04,259.67,34.29,16.66,27.51,83.34,39.06,55.83,16.78,16.78
2017,MN,Reading,4,Asian,221.46,199.32,225.26,250.21,40.93,32.52,31.35,67.48,24.69,36.12,11.43,11.43
2017,MS,Reading,4,Asian,999.00,999.00,999.00,999.00,999.00,999.00,999.00,999.00,999.00,999.00,999.00,999.00
2017,MO,Reading,4,Asian,999.00,999.00,999.00,999.00,999.00,999.00,999.00,999.00,999.00,999.00,999.00,999.00
2017,MT,Reading,4,Asian,999.00,999.00,999.00,999.00,999.00,999.00,999.00,999.00,999.00,999.00,999.00,999.00
2017,NE,Reading,4,Asian,224.48,184.65,234.22,263.17,48.00,35.67,16.86,64.33,27.21,47.47,20.26,20.26
2017,NV,Reading,4,Asian,230.63,210.13,233.62,254.54,34.06,23.01,32.28,76.99,32.18,44.71,12.53,12.53
2017,NH,Reading,4,Asian,235.05,216.52,237.11,253.63,27.83,16.59,34.94,83.41,38.09,48.46,10.37,10.37
2017,NJ,Reading,4,Asian,248.42,230.58,252.79,271.13,33.37,11.79,19.85,88.21,39.55,68.36,28.81,28.81
2017,NM,Reading,4,Asian,999.00,999.00,999.00,999.00,999.00,999.00,999.00,999.00,999.00,999.00,999.00,999.00
2017,NY,Reading,4,Asian,237.28,217.26,239.78,261.35,35.44,17.94,29.82,82.06,33.37,52.23,18.87,18.87
2017,NC,Reading,4,Asian,240.22,218.13,242.28,264.92,34.66,17.04,27.94,82.96,33.06,55.02,21.96,21.96
2017,ND,Reading,4,Asian,999.00,999.00,999.00,999.00,999.00,999.00,999.00,999.00,999.00,999.00,999.00,999.00
2017,OH,Reading,4,Asian,243.07,224.00,245.79,264.45,32.44,13.09,27.05,86.91,39.46,59.86,20.40,20.40
2017,OK,Reading,4,Asian,999.00,999.00,999.00,999.00,999.00,999.00,999.00,999.00,999.00,999.00,999.00,999.00
2017,OR,Reading,4,Asian,229.67,209.92,233.80,252.40,35.45,22.88,32.19,77.12,33.06,44.93,11.88,11.88
2017,PA,Reading,4,Asian,246.87,231.01,250.90,269.59,34.87,10.76,21.96,89.24,40.40,67.28,26.87,26.87
2017,RI,Reading,4,Asian,229.11,204.39,235.05,254.02,40.24,26.62,27.03,73.38,33.11,46.35,13.24,13.24
2017,SC,Reading,4,Asian,999.00,999.00,999.00,999.00,999.00,999.00,999.00,999.00,999.00,999.00,999.00,999.00
2017,SD,Reading,4,Asian,999.00,999.00,999.00,999.00,999.00,999.00,999.00,999.00,999.00,999.00,999.00,999.00
2017,TN,Reading,4,Asian,999.00,999.00,999.00,999.00,999.00,999.00,999.00,999.00,999.00,999.00,999.00,999.00
2017,TX,Reading,4,Asian,238.09,219.98,244.96,262.38,37.41,17.06,23.22,82.94,41.34,59.72,18.37,18.37
2017,UT,Reading,4,Asian,999.00,999.00,999.00,999.00,999.00,999.00,999.00,999.00,999.00,999.00,999.00,999.00
2017,VT,Reading,4,Asian,999.00,999.00,999.00,999.00,999.00,999.00,999.00,999.00,999.00,999.00,999.00,999.00
2017,VA,Reading,4,Asian,244.36,227.37,247.54,267.45,34.90,11.34,25.80,88.66,38.54,62.86,24.31,24.31
2017,WA,Reading,4,Asian,230.16,202.74,238.43,262.72,43.01,28.13,21.50,71.87,30.74,50.37,19.64,19.64
2017,WV,Reading,4,Asian,999.00,999.00,999.00,999.00,999.00,999.00,999.00,999.00,999.00,999.00,999.00,999.00
2017,WI,Reading,4,Asian,218.70,193.56,223.15,246.60,39.41,34.15,31.99,65.85,24.60,33.86,9.26,9.26
2017,WY,Reading,4,Asian,999.00,999.00,999.00,999.00,999.00,999.00,999.00,999.00,999.00,999.00,999.00,999.00
2017,AL,Reading,4,American Indian or Alaskan Native,999.00,999.00,999.00,999.00,999.00,999.00,999.00,999.00,999.00,999.00,999.00,999.00
2017,AK,Reading,4,American Indian or Alaskan Native,169.45,137.79,176.04,207.01,51.16,75.61,18.19,24.39,5.63,6.20,0.56,0.56
2017,AZ,Reading,4,American Indian or Alaskan Native,186.36,156.68,188.63,215.29,39.74,68.63,21.01,31.37,9.49,10.36,0.86,0.86
2017,AR,Reading,4,American Indian or Alaskan Native,999.00,999.00,999.00,999.00,999.00,999.00,999.00,999.00,999.00,999.00,999.00,999.00
2017,CA,Reading,4,American Indian or Alaskan Native,999.00,999.00,999.00,999.00,999.00,999.00,999.00,999.00,999.00,999.00,999.00,999.00
2017,CO,Reading,4,American Indian or Alaskan Native,999.00,999.00,999.00,999.00,999.00,999.00,999.00,999.00,999.00,999.00,999.00,999.00
2017,CT,Reading,4,American Indian or Alaskan Native,999.00,999.00,999.00,999.00,999.00,999.00,999.00,999.00,999.00,999.00,999.00,999.00
2017,DE,Reading,4,American Indian or Alaskan Native,999.00,999.00,999.00,999.00,999.00,999.00,999.00,999.00,999.00,999.00,999.00,999.00
2017,DC,Reading,4,American Indian or Alaskan Native,999.00,999.00,999.00,999.00,999.00,999.00,999.00,999.00,999.00,999.00,999.00,999.00
2017,FL,Reading,4,American Indian or Alaskan Native,999.00,999.00,999.00,999.00,999.00,999.00,999.00,999.00,999.00,999.00,999.00,999.00
2017,GA,Reading,4,American Indian or Alaskan Native,999.00,999.00,999.00,999.00,999.00,999.00,999.00,999.00,999.00,999.00,999.00,999.00
2017,HI,Reading,4,American Indian or Alaskan Native,999.00,999.00,999.00,999.00,999.00,999.00,999.00,999.00,999.00,999.00,999.00,999.00
2017,ID,Reading,4,American Indian or Alaskan Native,999.00,999.00,999.00,999.00,999.00,999.00,999.00,999.00,999.00,999.00,999.00,999.00
2017,IL,Reading,4,American Indian or Alaskan Native,999.00,999.00,999.00,999.00,999.00,999.00,999.00,999.00,999.00,999.00,999.00,999.00
2017,IN,Reading,4,American Indian or Alaskan Native,999.00,999.00,999.00,999.00,999.00,999.00,999.00,999.00,999.00,999.00,999.00,999.00
2017,IA,Reading,4,American Indian or Alaskan Native,999.00,999.00,999.00,999.00,999.00,999.00,999.00,999.00,999.00,999.00,999.00,999.00
2017,KS,Reading,4,American Indian or Alaskan Native,999.00,999.00,999.00,999.00,999.00,999.00,999.00,999.00,999.00,999.00,999.00,999.00
2017,KY,Reading,4,American Indian or Alaskan Native,999.00,999.00,999.00,999.00,999.00,999.00,999.00,999.00,999.00,999.00,999.00,999.00
2017,LA,Reading,4,American Indian or Alaskan Native,999.00,999.00,999.00,999.00,999.00,999.00,999.00,999.00,999.00,999.00,999.00,999.00
2017,ME,Reading,4,American Indian or Alaskan Native,999.00,999.00,999.00,999.00,999.00,999.00,999.00,999.00,999.00,999.00,999.00,999.00
2017,MD,Reading,4,American Indian or Alaskan Native,999.00,999.00,999.00,999.00,999.00,999.00,999.00,999.00,999.00,999.00,999.00,999.00
2017,MA,Reading,4,American Indian or Alaskan Native,999.00,999.00,999.00,999.00,999.00,999.00,999.00,999.00,999.00,999.00,999.00,999.00
2017,MI,Reading,4,American Indian or Alaskan Native,999.00,999.00,999.00,999.00,999.00,999.00,999.00,999.00,999.00,999.00,999.00,999.00
2017,MN,Reading,4,American Indian or Alaskan Native,999.00,999.00,999.00,999.00,999.00,999.00,999.00,999.00,999.00,999.00,999.00,999.00
2017,MS,Reading,4,American Indian or Alaskan Native,999.00,999.00,999.00,999.00,999.00,999.00,999.00,999.00,999.00,999.00,999.00,999.00
2017,MO,Reading,4,American Indian or Alaskan Native,999.00,999.00,999.00,999.00,999.00,999.00,999.00,999.00,999.00,999.00,999.00,999.00
2017,MT,Reading,4,American Indian or Alaskan Native,195.55,172.89,199.98,223.02,42.03,58.34,28.62,41.66,10.39,13.04,2.65,2.65
2017,NE,Reading,4,American Indian or Alaskan Native,999.00,999.00,999.00,999.00,999.00,999.00,999.00,999.00,999.00,999.00,999.00,999.00
2017,NV,Reading,4,American Indian or Alaskan Native,999.00,999.00,999.00,999.00,999.00,999.00,999.00,999.00,999.00,999.00,999.00,999.00
2017,NH,Reading,4,American Indian or Alaskan Native,999.00,999.00,999.00,999.00,999.00,999.00,999.00,999.00,999.00,999.00,999.00,999.00
2017,NJ,Reading,4,American Indian or Alaskan Native,999.00,999.00,999.00,999.00,999.00,999.00,999.00,999.00,999.00,999.00,999.00,999.00
2017,NM,Reading,4,American Indian or Alaskan Native,189.01,160.86,191.09,218.48,41.95,65.96,22.11,34.04,9.59,11.93,2.35,2.35
2017,NY,Reading,4,American Indian or Alaskan Native,999.00,999.00,999.00,999.00,999.00,999.00,999.00,999.00,999.00,999.00,999.00,999.00
2017,NC,Reading,4,American Indian or Alaskan Native,999.00,999.00,999.00,999.00,999.00,999.00,999.00,999.00,999.00,999.00,999.00,999.00
2017,ND,Reading,4,American Indian or Alaskan Native,199.96,182.13,203.85,224.00,34.06,54.96,33.89,45.04,10.51,11.15,0.64,0.64
2017,OH,Reading,4,American Indian or Alaskan Native,999.00,999.00,999.00,999.00,999.00,999.00,999.00,999.00,999.00,999.00,999.00,999.00
2017,OK,Reading,4,American Indian or Alaskan Native,212.86,190.02,218.15,238.78,36.27,39.14,35.02,60.86,22.14,25.84,3.70,3.70
2017,OR,Reading,4,American Indian or Alaskan Native,999.00,999.00,999.00,999.00,999.00,999.00,999.00,999.00,999.00,999.00,999.00,999.00
2017,PA,Reading,4,American Indian or Alaskan Native,999.00,999.00,999.00,999.00,999.00,999.00,999.00,999.00,999.00,999.00,999.00,999.00
2017,RI,Reading,4,American Indian or Alaskan Native,999.00,999.00,999.00,999.00,999.00,999.00,999.00,999.00,999.00,999.00,999.00,999.00
2017,SC,Reading,4,American Indian or Alaskan Native,999.00,999.00,999.00,999.00,999.00,999.00,999.00,999.00,999.00,999.00,999.00,999.00
2017,SD,Reading,4,American Indian or Alaskan Native,195.86,172.75,198.15,223.91,38.55,60.49,26.45,39.51,11.99,13.06,1.07,1.07
2017,TN,Reading,4,American Indian or Alaskan Native,999.00,999.00,999.00,999.00,999.00,999.00,999.00,999.00,999.00,999.00,999.00,999.00
2017,TX,Reading,4,American Indian or Alaskan Native,999.00,999.00,999.00,999.00,999.00,999.00,999.00,999.00,999.00,999.00,999.00,999.00
2017,UT,Reading,4,American Indian or Alaskan Native,999.00,999.00,999.00,999.00,999.00,999.00,999.00,999.00,999.00,999.00,999.00,999.00
2017,VT,Reading,4,American Indian or Alaskan Native,999.00,999.00,999.00,999.00,999.00,999.00,999.00,999.00,999.00,999.00,999.00,999.00
2017,VA,Reading,4,American Indian or Alaskan Native,999.00,999.00,999.00,999.00,999.00,999.00,999.00,999.00,999.00,999.00,999.00,999.00
2017,WA,Reading,4,American Indian or Alaskan Native,999.00,999.00,999.00,999.00,999.00,999.00,999.00,999.00,999.00,999.00,999.00,999.00
2017,WV,Reading,4,American Indian or Alaskan Native,999.00,999.00,999.00,999.00,999.00,999.00,999.00,999.00,999.00,999.00,999.00,999.00
2017,WI,Reading,4,American Indian or Alaskan Native,999.00,999.00,999.00,999.00,999.00,999.00,999.00,999.00,999.00,999.00,999.00,999.00
2017,WY,Reading,4,American Indian or Alaskan Native,206.40,181.98,208.04,232.89,36.20,50.06,28.91,49.94,18.23,21.03,2.80,2.80
2017,AL,Reading,4,Hawaiian,999.00,999.00,999.00,999.00,999.00,999.00,999.00,999.00,999.00,999.00,999.00,999.00
2017,AK,Reading,4,Hawaiian,219.41,198.70,224.81,246.88,39.69,32.51,32.65,67.49,26.62,34.83,8.21,8.21
2017,AZ,Reading,4,Hawaiian,232.18,212.32,237.39,258.05,37.08,22.30,27.82,77.70,35.56,49.88,14.32,14.32
2017,AR,Reading,4,Hawaiian,999.00,999.00,999.00,999.00,999.00,999.00,999.00,999.00,999.00,999.00,999.00,999.00
2017,CA,Reading,4,Hawaiian,231.32,207.98,234.35,254.59,30.88,24.91,29.26,75.09,34.10,45.83,11.73,11.73
2017,CO,Reading,4,Hawaiian,227.85,207.28,231.17,253.80,36.72,25.95,32.19,74.05,30.32,41.87,11.54,11.54
2017,CT,Reading,4,Hawaiian,234.02,211.60,239.36,259.94,35.37,22.61,25.78,77.39,34.97,51.61,16.65,16.65
2017,DE,Reading,4,Hawaiian,224.33,203.07,226.97,247.89,33.13,30.37,33.06,69.63,28.05,36.57,8.52,8.52
2017,DC,Reading,4,Hawaiian,999.00,999.00,999.00,999.00,999.00,999.00,999.00,999.00,999.00,999.00,999.00,999.00
2017,FL,Reading,4,Hawaiian,229.93,210.46,232.89,250.52,31.30,22.95,35.09,77.05,31.38,41.95,10.57,10.57
2017,GA,Reading,4,Hawaiian,225.68,204.19,230.13,251.01,34.61,28.04,31.37,71.96,31.84,40.59,8.75,8.75
2017,HI,Reading,4,Hawaiian,222.22,200.65,225.99,247.40,35.90,31.02,33.32,68.98,27.46,35.66,8.20,8.20
2017,ID,Reading,4,Hawaiian,999.00,999.00,999.00,999.00,999.00,999.00,999.00,999.00,999.00,999.00,999.00,999.00
2017,IL,Reading,4,Hawaiian,218.67,194.89,220.04,250.03,40.37,36.20,30.63,63.80,23.60,33.17,9.57,9.57
2017,IN,Reading,4,Hawaiian,224.11,202.54,228.12,251.11,38.78,30.24,30.96,69.76,28.02,38.79,10.78,10.78
2017,IA,Reading,4,Hawaiian,217.45,197.23,220.63,241.64,34.61,35.76,35.66,64.24,23.45,28.59,5.14,5.14
2017,KS,Reading,4,Hawaiian,220.29,201.52,223.08,241.59,32.24,31.19,39.49,68.81,23.74,29.32,5.58,5.58
2017,KY,Reading,4,Hawaiian,224.62,201.25,225.89,248.42,33.62,31.81,31.80,68.19,27.17,36.38,9.22,9.22
2017,LA,Reading,4,Hawaiian,999.00,999.00,999.00,999.00,999.00,999.00,999.00,999.00,999.00,999.00,999.00,999.00
2017,ME,Reading,4,Hawaiian,999.00,999.00,999.00,999.00,999.00,999.00,999.00,999.00,999.00,999.00,999.00,999.00
2017,MD,Reading,4,Hawaiian,227.76,201.63,233.98,255.82,39.16,28.08,25.89,71.92,31.87,46.02,14.15,14.15
2017,MA,Reading,4,Hawaiian,236.72,214.32,238.73,261.09,34.37,19.17,29.82,80.83,31.51,51.01,19.49,19.49
2017,MI,Reading,4,Hawaiian,219.14,195.88,224.72,248.87,41.26,33.56,31.41,66.44,24.88,35.03,10.14,10.14
2017,MN,Reading,4,Hawaiian,228.77,208.40,229.51,251.14,32.68,24.35,35.67,75.65,29.26,39.98,10.71,10.71
2017,MS,Reading,4,Hawaiian,999.00,999.00,999.00,999.00,999.00,999.00,999.00,999.00,999.00,999.00,999.00,999.00
2017,MO,Reading,4,Hawaiian,227.93,211.90,229.91,248.08,30.58,20.97,39.75,79.03,32.20,39.28,7.09,7.09
2017,MT,Reading,4,Hawaiian,217.75,193.07,223.20,245.77,37.63,35.92,28.60,64.08,30.24,35.49,5.25,5.25
2017,NE,Reading,4,Hawaiian,218.24,196.13,223.77,247.02,38.29,34.60,29.82,65.40,29.19,35.58,6.39,6.39
2017,NV,Reading,4,Hawaiian,224.55,204.75,229.26,250.99,39.30,27.79,33.14,72.21,28.85,39.06,10.22,10.22
2017,NH,Reading,4,Hawaiian,999.00,999.00,999.00,999.00,999.00,999.00,999.00,999.00,999.00,999.00,999.00,999.00
2017,NJ,Reading,4,Hawaiian,999.00,999.00,999.00,999.00,999.00,999.00,999.00,999.00,999.00,999.00,999.00,999.00
2017,NM,Reading,4,Hawaiian,999.00,999.00,999.00,999.00,999.00,999.00,999.00,999.00,999.00,999.00,999.00,999.00
2017,NY,Reading,4,Hawaiian,999.00,999.00,999.00,999.00,999.00,999.00,999.00,999.00,999.00,999.00,999.00,999.00
2017,NC,Reading,4,Hawaiian,228.49,207.42,231.10,252.65,34.28,25.35,33.91,74.65,30.02,40.74,10.72,10.72
2017,ND,Reading,4,Hawaiian,222.34,198.72,223.47,246.05,31.17,33.26,31.95,66.74,28.53,34.79,6.26,6.26
2017,OH,Reading,4,Hawaiian,223.54,200.87,227.04,250.44,36.43,30.11,31.84,69.89,28.69,38.05,9.36,9.36
2017,OK,Reading,4,Hawaiian,221.30,202.61,224.88,245.28,33.41,30.49,35.82,69.51,28.64,33.69,5.05,5.05
2017,OR,Reading,4,Hawaiian,222.54,198.73,227.56,248.87,39.48,31.71,29.94,68.29,28.51,38.34,9.83,9.83
2017,PA,Reading,4,Hawaiian,228.40,207.06,229.77,251.74,35.45,26.19,33.99,73.81,28.57,39.82,11.26,11.26
2017,RI,Reading,4,Hawaiian,219.37,198.64,223.59,245.56,41.26,33.09,34.54,66.91,22.09,32.38,10.29,10.29
2017,SC,Reading,4,Hawaiian,223.81,203.19,227.11,249.61,34.95,29.02,33.79,70.98,28.46,37.19,8.73,8.73
2017,SD,Reading,4,Hawaiian,223.70,202.60,226.02,246.85,32.50,30.32,34.21,69.68,27.38,35.48,8.10,8.10
2017,TN,Reading,4,Hawaiian,217.42,193.15,221.07,244.31,36.58,36.66,31.16,63.34,26.31,32.18,5.87,5.87
2017,TX,Reading,4,Hawaiian,222.74,198.79,224.89,250.97,35.14,33.47,29.01,66.53,29.45,37.52,8.07,8.07
2017,UT,Reading,4,Hawaiian,999.00,999.00,999.00,999.00,999.00,999.00,999.00,999.00,999.00,999.00,999.00,999.00
2017,VT,Reading,4,Hawaiian,217.07,197.10,222.23,243.05,36.61,33.43,36.26,66.57,25.47,30.30,4.83,4.83
2017,VA,Reading,4,Hawaiian,231.71,214.03,237.26,254.19,34.05,20.90,30.67,79.10,37.16,48.43,11.27,11.27
2017,WA,Reading,4,Hawaiian,226.72,199.55,229.74,255.77,42.01,30.15,28.29,69.85,24.65,41.56,16.90,16.90
2017,WV,Reading,4,Hawaiian,211.80,189.93,214.54,238.45,38.02,42.92,31.61,57.08,19.69,25.47,5.78,5.78
2017,WI,Reading,4,Hawaiian,222.80,199.49,227.95,246.98,33.64,30.47,31.30,69.53,31.04,38.23,7.19,7.19
2017,WY,Reading,4,Hawaiian,224.15,201.10,228.64,247.03,33.85,29.35,33.88,70.65,28.56,36.78,8.22,8.22
2017,AL,Reading,4,Multiracial,N/A,N/A,N/A,N/A,N/A,N/A,N/A,N/A,N/A,N/A,N/A,N/A
2017,AK,Reading,4,Multiracial,N/A,N/A,N/A,N/A,N/A,N/A,N/A,N/A,N/A,N/A,N/A,N/A
2017,AZ,Reading,4,Multiracial,N/A,N/A,N/A,N/A,N/A,N/A,N/A,N/A,N/A,N/A,N/A,N/A
2017,AR,Reading,4,Multiracial,N/A,N/A,N/A,N/A,N/A,N/A,N/A,N/A,N/A,N/A,N/A,N/A
2017,CA,Reading,4,Multiracial,N/A,N/A,N/A,N/A,N/A,N/A,N/A,N/A,N/A,N/A,N/A,N/A
2017,CO,Reading,4,Multiracial,N/A,N/A,N/A,N/A,N/A,N/A,N/A,N/A,N/A,N/A,N/A,N/A
2017,CT,Reading,4,Multiracial,N/A,N/A,N/A,N/A,N/A,N/A,N/A,N/A,N/A,N/A,N/A,N/A
2017,DE,Reading,4,Multiracial,N/A,N/A,N/A,N/A,N/A,N/A,N/A,N/A,N/A,N/A,N/A,N/A
2017,DC,Reading,4,Multiracial,N/A,N/A,N/A,N/A,N/A,N/A,N/A,N/A,N/A,N/A,N/A,N/A
2017,FL,Reading,4,Multiracial,N/A,N/A,N/A,N/A,N/A,N/A,N/A,N/A,N/A,N/A,N/A,N/A
2017,GA,Reading,4,Multiracial,N/A,N/A,N/A,N/A,N/A,N/A,N/A,N/A,N/A,N/A,N/A,N/A
2017,HI,Reading,4,Multiracial,N/A,N/A,N/A,N/A,N/A,N/A,N/A,N/A,N/A,N/A,N/A,N/A
2017,ID,Reading,4,Multiracial,N/A,N/A,N/A,N/A,N/A,N/A,N/A,N/A,N/A,N/A,N/A,N/A
2017,IL,Reading,4,Multiracial,N/A,N/A,N/A,N/A,N/A,N/A,N/A,N/A,N/A,N/A,N/A,N/A
2017,IN,Reading,4,Multiracial,N/A,N/A,N/A,N/A,N/A,N/A,N/A,N/A,N/A,N/A,N/A,N/A
2017,IA,Reading,4,Multiracial,N/A,N/A,N/A,N/A,N/A,N/A,N/A,N/A,N/A,N/A,N/A,N/A
2017,KS,Reading,4,Multiracial,N/A,N/A,N/A,N/A,N/A,N/A,N/A,N/A,N/A,N/A,N/A,N/A
2017,KY,Reading,4,Multiracial,N/A,N/A,N/A,N/A,N/A,N/A,N/A,N/A,N/A,N/A,N/A,N/A
2017,LA,Reading,4,Multiracial,N/A,N/A,N/A,N/A,N/A,N/A,N/A,N/A,N/A,N/A,N/A,N/A
2017,ME,Reading,4,Multiracial,N/A,N/A,N/A,N/A,N/A,N/A,N/A,N/A,N/A,N/A,N/A,N/A
2017,MD,Reading,4,Multiracial,N/A,N/A,N/A,N/A,N/A,N/A,N/A,N/A,N/A,N/A,N/A,N/A
2017,MA,Reading,4,Multiracial,N/A,N/A,N/A,N/A,N/A,N/A,N/A,N/A,N/A,N/A,N/A,N/A
2017,MI,Reading,4,Multiracial,N/A,N/A,N/A,N/A,N/A,N/A,N/A,N/A,N/A,N/A,N/A,N/A
2017,MN,Reading,4,Multiracial,N/A,N/A,N/A,N/A,N/A,N/A,N/A,N/A,N/A,N/A,N/A,N/A
2017,MS,Reading,4,Multiracial,N/A,N/A,N/A,N/A,N/A,N/A,N/A,N/A,N/A,N/A,N/A,N/A
2017,MO,Reading,4,Multiracial,N/A,N/A,N/A,N/A,N/A,N/A,N/A,N/A,N/A,N/A,N/A,N/A
2017,MT,Reading,4,Multiracial,N/A,N/A,N/A,N/A,N/A,N/A,N/A,N/A,N/A,N/A,N/A,N/A
2017,NE,Reading,4,Multiracial,N/A,N/A,N/A,N/A,N/A,N/A,N/A,N/A,N/A,N/A,N/A,N/A
2017,NV,Reading,4,Multiracial,N/A,N/A,N/A,N/A,N/A,N/A,N/A,N/A,N/A,N/A,N/A,N/A
2017,NH,Reading,4,Multiracial,N/A,N/A,N/A,N/A,N/A,N/A,N/A,N/A,N/A,N/A,N/A,N/A
2017,NJ,Reading,4,Multiracial,N/A,N/A,N/A,N/A,N/A,N/A,N/A,N/A,N/A,N/A,N/A,N/A
2017,NM,Reading,4,Multiracial,N/A,N/A,N/A,N/A,N/A,N/A,N/A,N/A,N/A,N/A,N/A,N/A
2017,NY,Reading,4,Multiracial,N/A,N/A,N/A,N/A,N/A,N/A,N/A,N/A,N/A,N/A,N/A,N/A
2017,NC,Reading,4,Multiracial,N/A,N/A,N/A,N/A,N/A,N/A,N/A,N/A,N/A,N/A,N/A,N/A
2017,ND,Reading,4,Multiracial,N/A,N/A,N/A,N/A,N/A,N/A,N/A,N/A,N/A,N/A,N/A,N/A
2017,OH,Reading,4,Multiracial,N/A,N/A,N/A,N/A,N/A,N/A,N/A,N/A,N/A,N/A,N/A,N/A
2017,OK,Reading,4,Multiracial,N/A,N/A,N/A,N/A,N/A,N/A,N/A,N/A,N/A,N/A,N/A,N/A
2017,OR,Reading,4,Multiracial,N/A,N/A,N/A,N/A,N/A,N/A,N/A,N/A,N/A,N/A,N/A,N/A
2017,PA,Reading,4,Multiracial,N/A,N/A,N/A,N/A,N/A,N/A,N/A,N/A,N/A,N/A,N/A,N/A
2017,RI,Reading,4,Multiracial,N/A,N/A,N/A,N/A,N/A,N/A,N/A,N/A,N/A,N/A,N/A,N/A
2017,SC,Reading,4,Multiracial,N/A,N/A,N/A,N/A,N/A,N/A,N/A,N/A,N/A,N/A,N/A,N/A
2017,SD,Reading,4,Multiracial,N/A,N/A,N/A,N/A,N/A,N/A,N/A,N/A,N/A,N/A,N/A,N/A
2017,TN,Reading,4,Multiracial,N/A,N/A,N/A,N/A,N/A,N/A,N/A,N/A,N/A,N/A,N/A,N/A
2017,TX,Reading,4,Multiracial,N/A,N/A,N/A,N/A,N/A,N/A,N/A,N/A,N/A,N/A,N/A,N/A
2017,UT,Reading,4,Multiracial,N/A,N/A,N/A,N/A,N/A,N/A,N/A,N/A,N/A,N/A,N/A,N/A
2017,VT,Reading,4,Multiracial,N/A,N/A,N/A,N/A,N/A,N/A,N/A,N/A,N/A,N/A,N/A,N/A
2017,VA,Reading,4,Multiracial,N/A,N/A,N/A,N/A,N/A,N/A,N/A,N/A,N/A,N/A,N/A,N/A
2017,WA,Reading,4,Multiracial,N/A,N/A,N/A,N/A,N/A,N/A,N/A,N/A,N/A,N/A,N/A,N/A
2017,WV,Reading,4,Multiracial,N/A,N/A,N/A,N/A,N/A,N/A,N/A,N/A,N/A,N/A,N/A,N/A
2017,WI,Reading,4,Multiracial,N/A,N/A,N/A,N/A,N/A,N/A,N/A,N/A,N/A,N/A,N/A,N/A
2017,WY,Reading,4,Multiracial,N/A,N/A,N/A,N/A,N/A,N/A,N/A,N/A,N/A,N/A,N/A,N/A
2017,AL,Reading,8,All,257.69,234.33,260.29,283.61,36.42,32.55,39.77,67.45,25.38,27.68,2.29,2.29
2017,AK,Reading,8,All,257.67,236.43,261.54,281.99,35.05,30.34,43.52,69.66,24.64,26.14,1.50,1.50
2017,AZ,Reading,8,All,262.96,242.68,264.97,286.17,33.60,25.29,44.21,74.71,28.06,30.50,2.44,2.44
2017,AR,Reading,8,All,259.96,238.54,262.75,284.56,35.60,28.77,42.56,71.23,26.14,28.67,2.53,2.53
2017,CA,Reading,8,All,262.52,239.70,264.48,288.24,37.24,27.72,40.06,72.28,28.05,32.22,4.17,4.17
2017,CO,Reading,8,All,270.34,248.52,272.70,295.07,35.76,20.64,38.84,79.36,34.92,40.52,5.60,5.60
2017,CT,Reading,8,All,272.54,249.82,275.39,298.24,36.55,19.78,36.47,80.22,37.07,43.76,6.69,6.69
2017,DE,Reading,8,All,263.09,239.45,265.85,288.50,36.50,27.89,39.35,72.11,29.00,32.76,3.76,3.76
2017,DC,Reading,8,All,246.79,220.16,248.13,274.38,41.64,44.83,35.26,55.17,16.65,19.91,3.26,3.26
2017,FL,Reading,8,All,266.55,245.61,269.06,290.25,33.84,22.77,41.78,77.23,32.15,35.45,3.30,3.30
2017,GA,Reading,8,All,266.33,243.96,268.56,290.61,34.80,24.18,40.42,75.82,31.38,35.39,4.01,4.01
2017,HI,Reading,8,All,260.98,239.72,264.26,285.90,35.64,27.69,41.97,72.31,27.97,30.34,2.37,2.37
2017,ID,Reading,8,All,269.67,250.66,272.53,291.50,31.57,18.66,42.66,81.34,35.96,38.68,2.73,2.73
2017,IL,Reading,8,All,266.93,245.53,269.47,291.06,34.99,23.03,40.88,76.97,32.10,36.08,3.99,3.99
2017,IN,Reading,8,All,272.02,251.87,273.87,294.75,32.81,17.63,41.26,82.37,36.43,41.12,4.69,4.69
2017,IA,Reading,8,All,267.68,248.61,270.87,290.73,34.07,20.42,42.77,79.58,33.48,36.81,3.33,3.33
2017,KS,Reading,8,All,267.49,246.49,270.14,291.34,34.29,22.33,40.93,77.67,33.02,36.74,3.72,3.72
2017,KY,Reading,8,All,265.13,242.77,267.09,289.82,35.43,25.20,40.59,74.80,30.37,34.21,3.85,3.85
2017,LA,Reading,8,All,256.75,234.55,258.80,280.93,35.04,32.80,42.26,67.20,22.95,24.94,1.98,1.98
2017,ME,Reading,8,All,268.93,247.90,271.83,293.47,35.57,21.40,39.56,78.60,34.30,39.05,4.74,4.74
2017,MD,Reading,8,All,267.25,242.13,268.79,294.27,38.33,25.67,36.75,74.33,31.02,37.59,6.57,6.57
2017,MA,Reading,8,All,277.78,256.71,280.45,302.12,35.57,15.07,35.61,84.93,40.71,49.32,8.62,8.62
2017,MI,Reading,8,All,265.47,244.68,268.11,289.43,34.24,23.64,41.96,76.36,31.32,34.40,3.08,3.08
2017,MN,Reading,8,All,268.62,247.95,272.05,293.15,35.34,21.39,39.31,78.61,35.16,39.31,4.14,4.14
2017,MS,Reading,8,All,256.34,233.49,258.16,280.61,35.29,33.57,41.79,66.43,22.51,24.64,2.13,2.13
2017,MO,Reading,8,All,266.04,245.45,268.99,289.94,34.76,23.02,41.55,76.98,32.13,35.44,3.30,3.30
2017,MT,Reading,8,All,267.21,247.92,269.79,289.01,32.21,20.80,44.09,79.20,32.26,35.11,2.85,2.85
2017,NE,Reading,8,All,268.53,248.38,271.62,291.93,33.91,20.69,41.35,79.31,34.31,37.97,3.66,3.66
2017,NV,Reading,8,All,259.81,238.50,262.66,284.06,34.69,28.90,42.87,71.10,26.31,28.22,1.91,1.91
2017,NH,Reading,8,All,274.79,254.33,277.22,297.14,32.57,16.33,38.62,83.67,39.45,45.05,5.61,5.61
2017,NJ,Reading,8,All,275.04,252.54,278.04,301.06,36.85,18.35,35.00,81.65,38.42,46.65,8.23,8.23
2017,NM,Reading,8,All,255.58,232.86,257.72,280.33,35.95,34.31,41.28,65.69,22.35,24.41,2.06,2.06
2017,NY,Reading,8,All,264.16,240.52,266.71,290.13,37.55,27.04,38.80,72.96,29.61,34.16,4.55,4.55
2017,NC,Reading,8,All,262.72,241.24,265.75,288.47,37.03,26.40,40.67,73.60,29.67,32.93,3.26,3.26
2017,ND,Reading,8,All,265.08,245.97,267.98,287.43,32.25,22.50,44.83,77.50,30.60,32.67,2.07,2.07
2017,OH,Reading,8,All,268.45,245.25,271.38,293.81,36.58,23.27,37.61,76.73,33.89,39.12,5.23,5.23
2017,OK,Reading,8,All,261.24,241.75,263.91,283.59,32.43,26.11,45.91,73.89,26.35,27.98,1.63,1.63
2017,OR,Reading,8,All,266.22,244.66,268.99,291.12,36.00,23.72,40.18,76.28,32.05,36.10,4.05,4.05
2017,PA,Reading,8,All,269.55,247.51,272.39,294.62,36.17,21.62,38.40,78.38,34.56,39.99,5.43,5.43
2017,RI,Reading,8,All,265.77,242.59,269.63,292.70,38.75,25.29,37.29,74.71,32.65,37.42,4.77,4.77
2017,SC,Reading,8,All,259.75,237.62,262.90,285.96,37.80,29.40,40.63,70.60,27.10,29.97,2.87,2.87
2017,SD,Reading,8,All,267.36,248.49,270.16,289.46,32.03,20.35,44.10,79.65,33.08,35.55,2.47,2.47
2017,TN,Reading,8,All,262.05,240.61,264.55,286.67,34.65,27.06,41.93,72.94,28.59,31.01,2.42,2.42
2017,TX,Reading,8,All,260.34,239.28,262.55,283.71,33.63,28.53,43.52,71.47,25.95,27.95,2.00,2.00
2017,UT,Reading,8,All,268.75,248.61,271.78,292.09,33.74,20.59,41.18,79.41,34.61,38.23,3.62,3.62
2017,VT,Reading,8,All,273.40,252.42,276.64,297.66,35.25,18.23,36.99,81.77,38.58,44.77,6.19,6.19
2017,VA,Reading,8,All,267.74,245.84,270.29,291.86,34.90,22.73,40.10,77.27,32.72,37.18,4.46,4.46
2017,WA,Reading,8,All,271.62,249.76,274.00,295.79,35.61,19.74,38.70,80.26,35.28,41.56,6.28,6.28
2017,WV,Reading,8,All,258.70,237.39,262.20,283.46,36.14,29.75,42.47,70.25,25.55,27.78,2.23,2.23
2017,WI,Reading,8,All,269.37,248.44,272.25,293.81,34.87,20.77,39.84,79.23,35.08,39.39,4.31,4.31
2017,WY,Reading,8,All,269.02,249.53,271.43,291.40,32.68,19.61,42.77,80.39,34.20,37.63,3.43,3.43
2017,AL,Reading,8,White,268.11,247.72,270.96,291.37,33.37,21.17,41.32,78.83,34.10,37.51,3.41,3.41
2017,AK,Reading,8,White,269.73,252.35,271.98,289.78,30.09,17.11,46.06,82.89,34.33,36.83,2.50,2.50
2017,AZ,Reading,8,White,273.97,255.52,275.87,295.26,30.65,14.45,42.63,85.55,38.92,42.93,4.01,4.01
2017,AR,Reading,8,White,266.02,246.04,268.57,289.26,33.92,22.24,43.46,77.76,31.00,34.31,3.31,3.31
2017,CA,Reading,8,White,278.11,257.49,281.22,301.57,34.13,14.43,35.27,85.57,42.70,50.31,7.61,7.61
2017,CO,Reading,8,White,278.74,258.26,280.94,301.78,33.45,13.55,36.45,86.45,42.09,50.00,7.91,7.91
2017,CT,Reading,8,White,282.84,263.07,284.72,304.70,31.51,10.63,34.26,89.37,46.20,55.11,8.91,8.91
2017,DE,Reading,8,White,273.05,253.41,275.82,296.34,33.65,17.37,39.35,82.63,38.24,43.28,5.04,5.04
2017,DC,Reading,8,White,299.92,282.93,302.26,321.56,33.25,5.72,16.81,94.28,53.66,77.47,23.81,23.81
2017,FL,Reading,8,White,274.47,255.00,276.65,296.09,31.23,14.95,41.16,85.05,39.34,43.89,4.55,4.55
2017,GA,Reading,8,White,276.13,256.19,278.19,298.40,32.45,15.38,38.32,84.62,40.28,46.31,6.02,6.02
2017,HI,Reading,8,White,270.93,252.25,276.37,296.40,35.73,18.86,37.20,81.14,39.95,43.95,4.00,4.00
2017,ID,Reading,8,White,273.42,255.43,276.29,294.23,30.31,15.15,41.52,84.85,40.22,43.33,3.11,3.11
2017,IL,Reading,8,White,274.85,255.24,277.11,297.18,32.22,15.86,39.28,84.14,39.56,44.86,5.30,5.30
2017,IN,Reading,8,White,275.12,255.57,276.96,297.33,31.94,14.90,40.16,85.10,39.63,44.94,5.31,5.31
2017,IA,Reading,8,White,270.42,251.64,273.04,292.36,32.65,17.71,43.08,82.29,35.48,39.21,3.73,3.73
2017,KS,Reading,8,White,272.95,253.84,275.38,295.07,31.90,16.55,41.01,83.45,38.23,42.45,4.22,4.22
2017,KY,Reading,8,White,267.56,246.34,269.90,291.62,34.64,22.32,40.96,77.68,32.81,36.72,3.91,3.91
2017,LA,Reading,8,White,269.48,251.02,271.63,291.00,31.77,18.41,43.90,81.59,34.53,37.69,3.16,3.16
2017,ME,Reading,8,White,269.74,248.86,272.42,293.75,34.59,20.48,39.91,79.52,34.99,39.60,4.61,4.61
2017,MD,Reading,8,White,280.37,258.14,282.40,304.22,34.17,13.83,34.54,86.17,41.91,51.63,9.72,9.72
2017,MA,Reading,8,White,282.85,262.73,284.86,305.37,33.03,10.72,34.36,89.28,44.88,54.93,10.04,10.04
2017,MI,Reading,8,White,269.53,250.06,272.46,292.61,33.13,19.43,41.64,80.57,35.45,38.92,3.47,3.47
2017,MN,Reading,8,White,274.63,256.15,277.27,296.30,31.53,14.92,40.03,85.08,40.56,45.05,4.49,4.49
2017,MS,Reading,8,White,271.30,252.28,273.01,292.12,30.94,16.99,44.27,83.01,35.07,38.74,3.67,3.67
2017,MO,Reading,8,White,270.13,250.61,272.94,292.68,32.98,18.79,41.67,81.21,35.85,39.54,3.70,3.70
2017,MT,Reading,8,White,270.45,252.12,272.84,291.19,30.92,17.31,44.22,82.69,35.28,38.47,3.19,3.19
2017,NE,Reading,8,White,275.32,256.76,277.17,296.10,30.43,13.95,41.42,86.05,39.94,44.63,4.69,4.69
2017,NV,Reading,8,White,269.78,250.53,273.08,292.07,32.39,18.83,41.98,81.17,36.28,39.20,2.91,2.91
2017,NH,Reading,8,White,276.00,255.92,278.25,298.01,32.01,15.10,38.48,84.90,40.61,46.42,5.81,5.81
2017,NJ,Reading,8,White,285.01,265.80,287.86,307.84,32.77,10.11,31.09,89.89,48.03,58.80,10.77,10.77
2017,NM,Reading,8,White,271.42,249.91,273.14,294.65,33.45,19.48,39.92,80.52,35.72,40.60,4.88,4.88
2017,NY,Reading,8,White,271.68,249.37,274.32,296.37,35.25,20.38,37.51,79.62,36.27,42.11,5.83,5.83
2017,NC,Reading,8,White,271.98,252.43,275.05,295.54,34.39,17.58,39.55,82.42,38.29,42.87,4.58,4.58
2017,ND,Reading,8,White,268.64,250.68,270.84,289.44,30.25,18.36,45.88,81.64,33.49,35.75,2.26,2.26
2017,OH,Reading,8,White,274.38,253.63,277.14,297.82,34.26,17.07,37.91,82.93,38.88,45.02,6.14,6.14
2017,OK,Reading,8,White,265.64,246.88,268.00,287.23,31.58,21.61,45.82,78.39,30.44,32.57,2.13,2.13
2017,OR,Reading,8,White,272.65,252.61,275.18,295.73,33.55,17.84,39.25,82.16,37.94,42.91,4.97,4.97
2017,PA,Reading,8,White,275.98,255.69,278.14,298.72,32.90,15.42,38.07,84.58,40.19,46.51,6.32,6.32
2017,RI,Reading,8,White,275.48,255.84,279.02,299.17,34.78,16.56,35.98,83.44,41.05,47.46,6.41,6.41
2017,SC,Reading,8,White,271.72,252.00,274.43,294.69,33.38,17.78,40.66,82.22,37.22,41.57,4.34,4.34
2017,SD,Reading,8,White,271.44,253.99,273.79,291.87,30.19,15.69,44.58,84.31,36.95,39.73,2.79,2.79
2017,TN,Reading,8,White,269.01,249.41,271.36,291.32,32.11,19.45,43.01,80.55,34.42,37.54,3.12,3.12
2017,TX,Reading,8,White,270.81,252.02,273.87,292.54,31.42,17.37,42.80,82.63,36.62,39.82,3.20,3.20
2017,UT,Reading,8,White,273.61,255.28,276.09,295.17,31.86,15.36,41.29,84.64,39.06,43.36,4.29,4.29
2017,VT,Reading,8,White,274.40,253.87,277.34,298.06,34.54,17.18,37.19,82.82,39.30,45.63,6.33,6.33
2017,VA,Reading,8,White,274.62,255.62,277.05,296.22,32.20,15.35,40.04,84.65,39.26,44.61,5.35,5.35
2017,WA,Reading,8,White,276.24,255.40,278.68,299.02,34.18,15.32,37.74,84.68,39.77,46.93,7.16,7.16
2017,WV,Reading,8,White,259.34,237.95,262.99,284.32,36.26,29.25,42.02,70.75,26.45,28.73,2.29,2.29
2017,WI,Reading,8,White,274.89,255.31,277.08,297.26,32.09,15.44,39.63,84.56,39.82,44.93,5.11,5.11
2017,WY,Reading,8,White,271.69,253.09,274.11,293.36,31.91,16.84,42.45,83.16,36.94,40.71,3.77,3.77
2017,AL,Reading,8,Black,241.16,219.12,242.05,264.62,33.85,51.05,37.30,48.95,11.30,11.65,999.00,999.00
2017,AK,Reading,8,Black,245.63,224.78,249.29,270.23,34.30,42.41,43.49,57.59,14.04,14.10,999.00,999.00
2017,AZ,Reading,8,Black,254.00,233.43,256.11,275.34,31.13,34.92,46.17,65.08,17.99,18.91,0.92,0.92
2017,AR,Reading,8,Black,241.12,218.93,244.01,265.84,35.19,49.16,38.45,50.84,12.12,12.39,999.00,999.00
2017,CA,Reading,8,Black,249.96,227.71,253.10,274.11,33.69,38.42,43.19,61.58,17.61,18.39,0.77,0.77
2017,CO,Reading,8,Black,250.44,226.16,253.78,276.95,37.32,38.13,40.81,61.87,19.39,21.06,1.68,1.68
2017,CT,Reading,8,Black,249.47,225.30,249.24,274.61,34.81,42.84,37.42,57.16,18.74,19.74,1.00,1.00
2017,DE,Reading,8,Black,248.36,224.84,249.73,272.61,34.22,43.06,39.31,56.94,16.88,17.64,0.76,0.76
2017,DC,Reading,8,Black,239.61,216.47,242.11,264.81,35.85,50.84,37.66,49.16,10.98,11.50,0.51,0.51
2017,FL,Reading,8,Black,253.52,232.40,255.56,276.42,33.09,35.30,44.25,64.70,19.15,20.45,1.30,1.30
2017,GA,Reading,8,Black,254.56,233.24,255.92,277.18,32.76,34.49,44.34,65.51,19.90,21.17,1.27,1.27
2017,HI,Reading,8,Black,999.00,999.00,999.00,999.00,999.00,999.00,999.00,999.00,999.00,999.00,999.00,999.00
2017,ID,Reading,8,Black,999.00,999.00,999.00,999.00,999.00,999.00,999.00,999.00,999.00,999.00,999.00,999.00
2017,IL,Reading,8,Black,245.64,223.21,248.51,269.91,35.01,43.59,41.86,56.41,13.73,14.55,0.82,0.82
2017,IN,Reading,8,Black,255.11,236.79,257.06,275.63,31.15,31.67,49.03,68.33,18.63,19.30,0.67,0.67
2017,IA,Reading,8,Black,242.51,218.03,245.39,269.73,37.50,47.36,37.33,52.64,15.07,15.30,999.00,999.00
2017,KS,Reading,8,Black,245.74,222.04,246.78,274.43,37.37,46.48,34.32,53.52,18.45,19.20,0.75,0.75
2017,KY,Reading,8,Black,246.35,224.02,246.52,269.38,34.23,45.96,37.88,54.04,15.46,16.16,0.70,0.70
2017,LA,Reading,8,Black,242.27,221.98,244.00,264.68,32.19,48.76,40.95,51.24,10.03,10.29,999.00,999.00
2017,ME,Reading,8,Black,235.18,201.98,237.78,269.74,42.22,53.84,31.68,46.16,14.18,14.48,999.00,999.00
2017,MD,Reading,8,Black,251.02,228.93,251.39,274.57,34.80,39.65,41.04,60.35,17.68,19.32,1.63,1.63
2017,MA,Reading,8,Black,258.01,236.54,260.04,282.39,34.63,30.93,43.01,69.07,23.94,26.06,2.12,2.12
2017,MI,Reading,8,Black,245.35,224.97,247.38,267.61,33.18,44.21,42.24,55.79,13.15,13.55,999.00,999.00
2017,MN,Reading,8,Black,244.90,220.48,247.43,270.89,37.38,46.09,37.89,53.91,14.64,16.02,1.38,1.38
2017,MS,Reading,8,Black,241.96,220.98,243.42,264.41,32.25,49.55,39.59,50.45,10.58,10.86,999.00,999.00
2017,MO,Reading,8,Black,249.66,227.44,252.45,275.05,37.12,39.47,41.06,60.53,17.96,19.47,1.51,1.51
2017,MT,Reading,8,Black,999.00,999.00,999.00,999.00,999.00,999.00,999.00,999.00,999.00,999.00,999.00,999.00
2017,NE,Reading,8,Black,245.09,224.16,249.69,269.33,34.77,43.34,42.65,56.66,13.66,14.02,999.00,999.00
2017,NV,Reading,8,Black,246.01,223.62,247.99,270.94,35.82,44.47,40.05,55.53,14.42,15.48,1.07,1.07
2017,NH,Reading,8,Black,999.00,999.00,999.00,999.00,999.00,999.00,999.00,999.00,999.00,999.00,999.00,999.00
2017,NJ,Reading,8,Black,256.96,236.42,259.66,279.97,34.31,31.14,45.05,68.86,22.05,23.81,1.76,1.76
2017,NM,Reading,8,Black,999.00,999.00,999.00,999.00,999.00,999.00,999.00,999.00,999.00,999.00,999.00,999.00
2017,NY,Reading,8,Black,251.27,229.20,254.05,276.06,35.87,38.66,41.47,61.34,18.65,19.87,1.22,1.22
2017,NC,Reading,8,Black,247.88,225.45,251.14,272.99,36.09,40.45,41.87,59.55,16.85,17.68,0.83,0.83
2017,ND,Reading,8,Black,251.76,230.44,258.95,278.73,36.30,35.27,42.60,64.73,22.08,22.14,999.00,999.00
2017,OH,Reading,8,Black,243.99,220.64,244.14,269.01,35.26,48.52,36.24,51.48,14.54,15.23,0.69,0.69
2017,OK,Reading,8,Black,246.57,227.28,249.72,269.78,33.21,41.40,44.08,58.60,14.24,14.52,999.00,999.00
2017,OR,Reading,8,Black,999.00,999.00,999.00,999.00,999.00,999.00,999.00,999.00,999.00,999.00,999.00,999.00
2017,PA,Reading,8,Black,249.57,227.42,251.62,273.03,35.01,39.73,42.61,60.27,16.24,17.66,1.42,1.42
2017,RI,Reading,8,Black,247.92,228.57,251.21,271.81,35.20,40.04,43.74,59.96,15.76,16.22,999.00,999.00
2017,SC,Reading,8,Black,240.90,220.73,244.72,265.39,36.39,47.64,40.78,52.36,11.11,11.58,999.00,999.00
2017,SD,Reading,8,Black,999.00,999.00,999.00,999.00,999.00,999.00,999.00,999.00,999.00,999.00,999.00,999.00
2017,TN,Reading,8,Black,242.99,220.42,244.95,266.29,33.33,47.66,39.41,52.34,12.75,12.93,999.00,999.00
2017,TX,Reading,8,Black,247.19,226.42,249.08,268.90,32.58,42.28,43.45,57.72,13.83,14.27,999.00,999.00
2017,UT,Reading,8,Black,999.00,999.00,999.00,999.00,999.00,999.00,999.00,999.00,999.00,999.00,999.00,999.00
2017,VT,Reading,8,Black,999.00,999.00,999.00,999.00,999.00,999.00,999.00,999.00,999.00,999.00,999.00,999.00
2017,VA,Reading,8,Black,250.62,229.40,252.24,273.65,32.64,38.81,43.11,61.19,17.53,18.08,0.55,0.55
2017,WA,Reading,8,Black,255.17,232.02,259.07,280.76,36.64,33.76,41.50,66.24,23.19,24.74,1.56,1.56
2017,WV,Reading,8,Black,245.34,226.02,249.91,268.15,32.07,41.17,47.89,58.83,10.71,10.94,999.00,999.00
2017,WI,Reading,8,Black,238.65,216.85,241.27,262.93,34.06,52.05,38.79,47.95,9.07,9.16,999.00,999.00
2017,WY,Reading,8,Black,999.00,999.00,999.00,999.00,999.00,999.00,999.00,999.00,999.00,999.00,999.00,999.00
2017,AL,Reading,8,Hispanic,243.22,219.69,247.88,268.66,36.96,45.06,41.10,54.94,12.97,13.83,0.86,0.86
2017,AK,Reading,8,Hispanic,262.13,246.42,266.52,282.45,30.44,22.40,50.87,77.60,25.80,26.73,0.92,0.92
2017,AZ,Reading,8,Hispanic,253.70,234.01,256.00,276.20,32.96,34.18,45.69,65.82,19.20,20.13,0.93,0.93
2017,AR,Reading,8,Hispanic,254.97,233.70,257.24,278.60,34.07,34.08,43.40,65.92,21.12,22.52,1.40,1.40
2017,CA,Reading,8,Hispanic,251.24,230.25,254.09,274.72,34.37,36.86,44.16,63.14,17.86,18.98,1.11,1.11
2017,CO,Reading,8,Hispanic,256.97,236.32,259.51,280.91,34.49,31.26,43.78,68.74,23.35,24.96,1.62,1.62
2017,CT,Reading,8,Hispanic,252.89,232.55,256.15,277.03,36.31,35.20,43.50,64.80,19.94,21.31,1.36,1.36
2017,DE,Reading,8,Hispanic,253.66,231.43,256.09,277.65,35.42,36.12,42.17,63.88,19.94,21.71,1.77,1.77
2017,DC,Reading,8,Hispanic,241.50,216.07,246.34,271.86,45.14,47.03,34.79,52.97,16.21,18.18,1.97,1.97
2017,FL,Reading,8,Hispanic,262.42,241.87,264.85,286.31,33.31,26.02,43.24,73.98,28.86,30.74,1.88,1.88
2017,GA,Reading,8,Hispanic,259.71,238.28,264.15,284.33,34.72,28.78,41.87,71.22,27.83,29.35,1.52,1.52
2017,HI,Reading,8,Hispanic,264.64,245.23,266.79,288.17,33.50,23.35,44.40,76.65,29.25,32.25,3.00,3.00
2017,ID,Reading,8,Hispanic,254.67,234.91,257.22,276.41,32.08,32.99,46.48,67.01,19.73,20.52,0.79,0.79
2017,IL,Reading,8,Hispanic,258.36,238.17,261.45,280.80,32.85,29.12,46.15,70.88,23.50,24.73,1.23,1.23
2017,IN,Reading,8,Hispanic,265.44,245.37,268.47,287.18,32.54,22.96,43.51,77.04,30.86,33.52,2.67,2.67
2017,IA,Reading,8,Hispanic,258.31,238.56,262.32,282.26,35.19,28.25,45.16,71.75,25.03,26.59,1.56,1.56
2017,KS,Reading,8,Hispanic,257.19,236.28,259.10,280.75,33.81,31.53,43.72,68.47,23.09,24.75,1.66,1.66
2017,KY,Reading,8,Hispanic,261.35,238.88,259.24,284.53,35.17,29.55,42.27,70.45,23.08,28.18,5.10,5.10
2017,LA,Reading,8,Hispanic,253.35,226.99,256.23,280.04,36.98,37.30,38.63,62.70,22.32,24.07,1.75,1.75
2017,ME,Reading,8,Hispanic,999.00,999.00,999.00,999.00,999.00,999.00,999.00,999.00,999.00,999.00,999.00,999.00
2017,MD,Reading,8,Hispanic,254.75,227.89,258.45,282.51,38.94,35.52,38.14,64.48,23.60,26.35,2.75,2.75
2017,MA,Reading,8,Hispanic,258.63,236.04,263.16,283.81,36.95,30.22,41.62,69.78,25.56,28.16,2.60,2.60
2017,MI,Reading,8,Hispanic,259.06,240.63,262.65,280.51,30.29,27.17,48.20,72.83,24.07,24.63,0.56,0.56
2017,MN,Reading,8,Hispanic,252.24,230.81,255.20,276.46,35.77,36.37,42.90,63.63,18.92,20.73,1.80,1.80
2017,MS,Reading,8,Hispanic,252.91,237.85,259.37,276.87,38.66,29.30,49.91,70.70,19.18,20.79,1.61,1.61
2017,MO,Reading,8,Hispanic,257.44,234.87,260.49,282.86,35.92,31.26,42.46,68.74,23.93,26.28,2.35,2.35
2017,MT,Reading,8,Hispanic,259.40,239.17,261.67,280.89,30.52,28.41,46.66,71.59,24.16,24.93,0.76,0.76
2017,NE,Reading,8,Hispanic,254.12,231.84,257.38,279.45,35.76,34.62,41.87,65.38,22.15,23.51,1.36,1.36
2017,NV,Reading,8,Hispanic,253.30,232.95,255.88,276.77,33.31,34.81,44.71,65.19,19.72,20.49,0.77,0.77
2017,NH,Reading,8,Hispanic,261.06,239.36,262.86,283.39,31.95,28.24,44.35,71.76,25.42,27.41,1.99,1.99
2017,NJ,Reading,8,Hispanic,258.76,236.59,261.25,284.10,35.81,31.06,40.87,68.94,25.65,28.07,2.42,2.42
2017,NM,Reading,8,Hispanic,251.26,229.27,253.58,275.65,34.86,38.14,41.99,61.86,18.80,19.87,1.07,1.07
2017,NY,Reading,8,Hispanic,252.81,231.13,256.93,277.96,36.20,35.02,43.11,64.98,20.67,21.87,1.20,1.20
2017,NC,Reading,8,Hispanic,254.99,233.27,258.02,279.37,35.46,33.36,43.36,66.64,21.71,23.28,1.58,1.58
2017,ND,Reading,8,Hispanic,259.31,235.83,262.82,282.51,35.62,30.19,43.11,69.81,23.98,26.70,2.72,2.72
2017,OH,Reading,8,Hispanic,259.61,238.74,260.31,282.39,32.90,29.09,44.58,70.91,24.07,26.34,2.27,2.27
2017,OK,Reading,8,Hispanic,254.83,235.28,258.62,276.89,31.95,32.21,47.15,67.79,20.18,20.65,999.00,999.00
2017,OR,Reading,8,Hispanic,249.95,227.46,254.10,274.91,35.96,37.93,43.36,62.07,17.67,18.71,1.04,1.04
2017,PA,Reading,8,Hispanic,244.80,219.40,248.78,272.26,37.71,44.39,38.97,55.61,15.88,16.63,0.75,0.75
2017,RI,Reading,8,Hispanic,247.16,223.84,250.91,273.96,39.71,41.88,39.14,58.12,17.48,18.98,1.50,1.50
2017,SC,Reading,8,Hispanic,255.98,231.82,260.11,282.96,39.17,33.60,39.16,66.40,24.51,27.23,2.73,2.73
2017,SD,Reading,8,Hispanic,255.14,232.56,260.96,281.11,35.58,32.26,42.60,67.74,24.48,25.14,0.66,0.66
2017,TN,Reading,8,Hispanic,250.92,227.78,253.81,276.51,36.51,38.28,41.37,61.72,18.91,20.35,1.43,1.43
2017,TX,Reading,8,Hispanic,254.40,234.22,256.72,276.89,32.26,33.94,45.44,66.06,19.84,20.62,0.78,0.78
2017,UT,Reading,8,Hispanic,251.51,229.28,252.93,275.68,33.82,38.91,41.32,61.09,18.79,19.77,0.98,0.98
2017,VT,Reading,8,Hispanic,999.00,999.00,999.00,999.00,999.00,999.00,999.00,999.00,999.00,999.00,999.00,999.00
2017,VA,Reading,8,Hispanic,259.44,235.84,261.64,284.76,36.18,31.17,40.59,68.83,25.22,28.24,3.03,3.03
2017,WA,Reading,8,Hispanic,257.65,236.35,260.13,280.31,33.20,30.78,44.96,69.22,22.44,24.26,1.82,1.82
2017,WV,Reading,8,Hispanic,999.00,999.00,999.00,999.00,999.00,999.00,999.00,999.00,999.00,999.00,999.00,999.00
2017,WI,Reading,8,Hispanic,255.21,234.70,258.43,279.44,35.79,32.17,44.52,67.83,21.90,23.31,1.41,1.41
2017,WY,Reading,8,Hispanic,260.70,239.66,262.44,283.56,33.07,28.19,43.97,71.81,25.67,27.84,2.18,2.18
2017,AL,Reading,8,Asian,999.00,999.00,999.00,999.00,999.00,999.00,999.00,999.00,999.00,999.00,999.00,999.00
2017,AK,Reading,8,Asian,254.40,234.98,256.78,275.85,31.73,32.70,47.81,67.30,18.53,19.50,0.96,0.96
2017,AZ,Reading,8,Asian,277.04,260.20,282.18,301.89,38.39,14.01,34.73,85.99,43.12,51.25,8.14,8.14
2017,AR,Reading,8,Asian,999.00,999.00,999.00,999.00,999.00,999.00,999.00,999.00,999.00,999.00,999.00,999.00
2017,CA,Reading,8,Asian,280.98,259.05,284.71,307.16,37.50,14.86,30.83,85.14,42.93,54.31,11.38,11.38
2017,CO,Reading,8,Asian,281.55,261.36,284.94,304.45,33.85,13.95,32.14,86.05,44.46,53.92,9.46,9.46
2017,CT,Reading,8,Asian,288.39,267.92,291.09,310.65,33.66,9.43,28.02,90.57,48.47,62.56,14.08,14.08
2017,DE,Reading,8,Asian,289.24,264.60,294.24,317.62,40.12,12.43,24.32,87.57,43.54,63.25,19.71,19.71
2017,DC,Reading,8,Asian,999.00,999.00,999.00,999.00,999.00,999.00,999.00,999.00,999.00,999.00,999.00,999.00
2017,FL,Reading,8,Asian,288.89,272.75,292.98,312.20,36.77,10.33,22.72,89.67,52.02,66.95,14.93,14.93
2017,GA,Reading,8,Asian,290.66,270.84,293.66,313.69,33.66,9.19,25.35,90.81,48.92,65.46,16.54,16.54
2017,HI,Reading,8,Asian,257.77,236.35,260.76,282.75,35.90,31.01,42.12,68.99,24.87,26.87,2.00,2.00
2017,ID,Reading,8,Asian,999.00,999.00,999.00,999.00,999.00,999.00,999.00,999.00,999.00,999.00,999.00,999.00
2017,IL,Reading,8,Asian,292.27,274.48,294.62,312.39,30.92,5.97,25.49,94.03,54.21,68.54,14.33,14.33
2017,IN,Reading,8,Asian,278.92,259.79,283.76,303.40,36.45,15.80,30.38,84.20,45.17,53.82,8.65,8.65
2017,IA,Reading,8,Asian,268.37,251.71,272.86,291.59,35.60,18.42,41.37,81.58,36.00,40.22,4.22,4.22
2017,KS,Reading,8,Asian,283.11,254.32,285.28,311.32,38.21,17.08,29.00,82.92,38.62,53.92,15.30,15.30
2017,KY,Reading,8,Asian,287.66,265.83,289.30,314.50,36.72,11.40,29.04,88.60,42.04,59.56,17.52,17.52
2017,LA,Reading,8,Asian,999.00,999.00,999.00,999.00,999.00,999.00,999.00,999.00,999.00,999.00,999.00,999.00
2017,ME,Reading,8,Asian,999.00,999.00,999.00,999.00,999.00,999.00,999.00,999.00,999.00,999.00,999.00,999.00
2017,MD,Reading,8,Asian,293.03,271.71,296.31,317.98,36.18,8.73,24.57,91.27,46.45,66.70,20.25,20.25
2017,MA,Reading,8,Asian,291.66,271.65,294.88,313.45,32.85,6.83,27.34,93.17,50.93,65.83,14.91,14.91
2017,MI,Reading,8,Asian,279.57,258.72,282.98,303.79,34.59,15.23,32.51,84.77,43.15,52.26,9.11,9.11
2017,MN,Reading,8,Asian,265.18,237.06,270.13,296.87,43.45,28.70,31.59,71.30,32.31,39.71,7.39,7.39
2017,MS,Reading,8,Asian,999.00,999.00,999.00,999.00,999.00,999.00,999.00,999.00,999.00,999.00,999.00,999.00
2017,MO,Reading,8,Asian,999.00,999.00,999.00,999.00,999.00,999.00,999.00,999.00,999.00,999.00,999.00,999.00
2017,MT,Reading,8,Asian,999.00,999.00,999.00,999.00,999.00,999.00,999.00,999.00,999.00,999.00,999.00,999.00
2017,NE,Reading,8,Asian,999.00,999.00,999.00,999.00,999.00,999.00,999.00,999.00,999.00,999.00,999.00,999.00
2017,NV,Reading,8,Asian,270.87,250.50,272.24,293.71,33.21,18.58,41.67,81.42,34.95,39.74,4.79,4.79
2017,NH,Reading,8,Asian,277.15,256.33,281.63,299.68,34.22,15.24,33.93,84.76,44.34,50.83,6.49,6.49
2017,NJ,Reading,8,Asian,297.95,277.75,300.89,320.16,31.82,5.24,22.80,94.76,50.22,71.97,21.75,21.75
2017,NM,Reading,8,Asian,999.00,999.00,999.00,999.00,999.00,999.00,999.00,999.00,999.00,999.00,999.00,999.00
2017,NY,Reading,8,Asian,275.98,248.82,279.57,305.64,40.37,21.08,30.54,78.92,36.70,48.38,11.69,11.69
2017,NC,Reading,8,Asian,281.12,258.87,280.31,306.36,35.63,10.08,40.42,89.92,38.61,49.50,10.88,10.88
2017,ND,Reading,8,Asian,999.00,999.00,999.00,999.00,999.00,999.00,999.00,999.00,999.00,999.00,999.00,999.00
2017,OH,Reading,8,Asian,279.48,250.34,286.22,313.74,43.70,20.77,25.31,79.23,38.16,53.92,15.76,15.76
2017,OK,Reading,8,Asian,999.00,999.00,999.00,999.00,999.00,999.00,999.00,999.00,999.00,999.00,999.00,999.00
2017,OR,Reading,8,Asian,271.96,248.00,279.07,301.36,40.39,21.41,30.88,78.59,40.23,47.71,7.49,7.49
2017,PA,Reading,8,Asian,288.25,269.18,292.51,314.32,38.55,12.98,23.86,87.02,46.09,63.16,17.07,17.07
2017,RI,Reading,8,Asian,268.82,241.98,274.32,298.39,40.24,25.36,32.42,74.64,35.34,42.22,6.88,6.88
2017,SC,Reading,8,Asian,999.00,999.00,999.00,999.00,999.00,999.00,999.00,999.00,999.00,999.00,999.00,999.00
2017,SD,Reading,8,Asian,999.00,999.00,999.00,999.00,999.00,999.00,999.00,999.00,999.00,999.00,999.00,999.00
2017,TN,Reading,8,Asian,999.00,999.00,999.00,999.00,999.00,999.00,999.00,999.00,999.00,999.00,999.00,999.00
2017,TX,Reading,8,Asian,286.98,269.48,289.24,307.38,29.16,8.03,30.22,91.97,52.00,61.75,9.75,9.75
2017,UT,Reading,8,Asian,265.94,244.51,269.35,291.18,35.28,23.50,40.86,76.50,32.83,35.64,2.80,2.80
2017,VT,Reading,8,Asian,999.00,999.00,999.00,999.00,999.00,999.00,999.00,999.00,999.00,999.00,999.00,999.00
2017,VA,Reading,8,Asian,284.01,262.45,287.59,308.16,34.37,11.99,30.93,88.01,45.25,57.08,11.82,11.82
2017,WA,Reading,8,Asian,280.29,257.00,283.58,306.93,37.74,16.66,30.60,83.34,40.72,52.74,12.02,12.02
2017,WV,Reading,8,Asian,999.00,999.00,999.00,999.00,999.00,999.00,999.00,999.00,999.00,999.00,999.00,999.00
2017,WI,Reading,8,Asian,273.45,250.61,275.49,298.63,35.27,18.52,36.86,81.48,38.20,44.62,6.42,6.42
2017,WY,Reading,8,Asian,999.00,999.00,999.00,999.00,999.00,999.00,999.00,999.00,999.00,999.00,999.00,999.00
2017,AL,Reading,8,American Indian or Alaskan Native,999.00,999.00,999.00,999.00,999.00,999.00,999.00,999.00,999.00,999.00,999.00,999.00
2017,AK,Reading,8,American Indian or Alaskan Native,233.82,209.22,234.83,259.58,36.42,58.80,31.73,41.20,9.16,9.47,999.00,999.00
2017,AZ,Reading,8,American Indian or Alaskan Native,254.04,231.90,255.81,275.37,30.70,35.74,44.74,64.26,18.75,19.52,0.76,0.76
2017,AR,Reading,8,American Indian or Alaskan Native,999.00,999.00,999.00,999.00,999.00,999.00,999.00,999.00,999.00,999.00,999.00,999.00
2017,CA,Reading,8,American Indian or Alaskan Native,999.00,999.00,999.00,999.00,999.00,999.00,999.00,999.00,999.00,999.00,999.00,999.00
2017,CO,Reading,8,American Indian or Alaskan Native,999.00,999.00,999.00,999.00,999.00,999.00,999.00,999.00,999.00,999.00,999.00,999.00
2017,CT,Reading,8,American Indian or Alaskan Native,999.00,999.00,999.00,999.00,999.00,999.00,999.00,999.00,999.00,999.00,999.00,999.00
2017,DE,Reading,8,American Indian or Alaskan Native,999.00,999.00,999.00,999.00,999.00,999.00,999.00,999.00,999.00,999.00,999.00,999.00
2017,DC,Reading,8,American Indian or Alaskan Native,999.00,999.00,999.00,999.00,999.00,999.00,999.00,999.00,999.00,999.00,999.00,999.00
2017,FL,Reading,8,American Indian or Alaskan Native,999.00,999.00,999.00,999.00,999.00,999.00,999.00,999.00,999.00,999.00,999.00,999.00
2017,GA,Reading,8,American Indian or Alaskan Native,999.00,999.00,999.00,999.00,999.00,999.00,999.00,999.00,999.00,999.00,999.00,999.00
2017,HI,Reading,8,American Indian or Alaskan Native,999.00,999.00,999.00,999.00,999.00,999.00,999.00,999.00,999.00,999.00,999.00,999.00
2017,ID,Reading,8,American Indian or Alaskan Native,999.00,999.00,999.00,999.00,999.00,999.00,999.00,999.00,999.00,999.00,999.00,999.00
2017,IL,Reading,8,American Indian or Alaskan Native,999.00,999.00,999.00,999.00,999.00,999.00,999.00,999.00,999.00,999.00,999.00,999.00
2017,IN,Reading,8,American Indian or Alaskan Native,999.00,999.00,999.00,999.00,999.00,999.00,999.00,999.00,999.00,999.00,999.00,999.00
2017,IA,Reading,8,American Indian or Alaskan Native,999.00,999.00,999.00,999.00,999.00,999.00,999.00,999.00,999.00,999.00,999.00,999.00
2017,KS,Reading,8,American Indian or Alaskan Native,999.00,999.00,999.00,999.00,999.00,999.00,999.00,999.00,999.00,999.00,999.00,999.00
2017,KY,Reading,8,American Indian or Alaskan Native,999.00,999.00,999.00,999.00,999.00,999.00,999.00,999.00,999.00,999.00,999.00,999.00
2017,LA,Reading,8,American Indian or Alaskan Native,999.00,999.00,999.00,999.00,999.00,999.00,999.00,999.00,999.00,999.00,999.00,999.00
2017,ME,Reading,8,American Indian or Alaskan Native,999.00,999.00,999.00,999.00,999.00,999.00,999.00,999.00,999.00,999.00,999.00,999.00
2017,MD,Reading,8,American Indian or Alaskan Native,999.00,999.00,999.00,999.00,999.00,999.00,999.00,999.00,999.00,999.00,999.00,999.00
2017,MA,Reading,8,American Indian or Alaskan Native,999.00,999.00,999.00,999.00,999.00,999.00,999.00,999.00,999.00,999.00,999.00,999.00
2017,MI,Reading,8,American Indian or Alaskan Native,999.00,999.00,999.00,999.00,999.00,999.00,999.00,999.00,999.00,999.00,999.00,999.00
2017,MN,Reading,8,American Indian or Alaskan Native,999.00,999.00,999.00,999.00,999.00,999.00,999.00,999.00,999.00,999.00,999.00,999.00
2017,MS,Reading,8,American Indian or Alaskan Native,999.00,999.00,999.00,999.00,999.00,999.00,999.00,999.00,999.00,999.00,999.00,999.00
2017,MO,Reading,8,American Indian or Alaskan Native,999.00,999.00,999.00,999.00,999.00,999.00,999.00,999.00,999.00,999.00,999.00,999.00
2017,MT,Reading,8,American Indian or Alaskan Native,246.49,226.10,248.51,269.31,32.14,42.60,43.13,57.40,14.22,14.27,999.00,999.00
2017,NE,Reading,8,American Indian or Alaskan Native,999.00,999.00,999.00,999.00,999.00,999.00,999.00,999.00,999.00,999.00,999.00,999.00
2017,NV,Reading,8,American Indian or Alaskan Native,999.00,999.00,999.00,999.00,999.00,999.00,999.00,999.00,999.00,999.00,999.00,999.00
2017,NH,Reading,8,American Indian or Alaskan Native,999.00,999.00,999.00,999.00,999.00,999.00,999.00,999.00,999.00,999.00,999.00,999.00
2017,NJ,Reading,8,American Indian or Alaskan Native,999.00,999.00,999.00,999.00,999.00,999.00,999.00,999.00,999.00,999.00,999.00,999.00
2017,NM,Reading,8,American Indian or Alaskan Native,241.79,221.23,244.67,265.69,35.48,48.37,40.01,51.63,11.13,11.61,999.00,999.00
2017,NY,Reading,8,American Indian or Alaskan Native,999.00,999.00,999.00,999.00,999.00,999.00,999.00,999.00,999.00,999.00,999.00,999.00
2017,NC,Reading,8,American Indian or Alaskan Native,999.00,999.00,999.00,999.00,999.00,999.00,999.00,999.00,999.00,999.00,999.00,999.00
2017,ND,Reading,8,American Indian or Alaskan Native,246.20,224.32,246.56,269.43,33.85,44.83,40.01,55.17,14.20,15.15,0.95,0.95
2017,OH,Reading,8,American Indian or Alaskan Native,999.00,999.00,999.00,999.00,999.00,999.00,999.00,999.00,999.00,999.00,999.00,999.00
2017,OK,Reading,8,American Indian or Alaskan Native,257.53,237.54,259.80,279.12,30.83,30.02,47.07,69.98,21.93,22.91,0.98,0.98
2017,OR,Reading,8,American Indian or Alaskan Native,999.00,999.00,999.00,999.00,999.00,999.00,999.00,999.00,999.00,999.00,999.00,999.00
2017,PA,Reading,8,American Indian or Alaskan Native,999.00,999.00,999.00,999.00,999.00,999.00,999.00,999.00,999.00,999.00,999.00,999.00
2017,RI,Reading,8,American Indian or Alaskan Native,999.00,999.00,999.00,999.00,999.00,999.00,999.00,999.00,999.00,999.00,999.00,999.00
2017,SC,Reading,8,American Indian or Alaskan Native,999.00,999.00,999.00,999.00,999.00,999.00,999.00,999.00,999.00,999.00,999.00,999.00
2017,SD,Reading,8,American Indian or Alaskan Native,245.74,225.79,246.50,266.49,31.05,45.13,42.18,54.87,12.41,12.69,999.00,999.00
2017,TN,Reading,8,American Indian or Alaskan Native,999.00,999.00,999.00,999.00,999.00,999.00,999.00,999.00,999.00,999.00,999.00,999.00
2017,TX,Reading,8,American Indian or Alaskan Native,999.00,999.00,999.00,999.00,999.00,999.00,999.00,999.00,999.00,999.00,999.00,999.00
2017,UT,Reading,8,American Indian or Alaskan Native,999.00,999.00,999.00,999.00,999.00,999.00,999.00,999.00,999.00,999.00,999.00,999.00
2017,VT,Reading,8,American Indian or Alaskan Native,999.00,999.00,999.00,999.00,999.00,999.00,999.00,999.00,999.00,999.00,999.00,999.00
2017,VA,Reading,8,American Indian or Alaskan Native,999.00,999.00,999.00,999.00,999.00,999.00,999.00,999.00,999.00,999.00,999.00,999.00
2017,WA,Reading,8,American Indian or Alaskan Native,999.00,999.00,999.00,999.00,999.00,999.00,999.00,999.00,999.00,999.00,999.00,999.00
2017,WV,Reading,8,American Indian or Alaskan Native,999.00,999.00,999.00,999.00,999.00,999.00,999.00,999.00,999.00,999.00,999.00,999.00
2017,WI,Reading,8,American Indian or Alaskan Native,999.00,999.00,999.00,999.00,999.00,999.00,999.00,999.00,999.00,999.00,999.00,999.00
2017,WY,Reading,8,American Indian or Alaskan Native,251.17,234.12,253.75,270.19,31.32,35.75,48.44,64.25,14.99,15.82,0.82,0.82
2017,AL,Reading,8,Hawaiian,999.00,999.00,999.00,999.00,999.00,999.00,999.00,999.00,999.00,999.00,999.00,999.00
2017,AK,Reading,8,Hawaiian,260.09,241.95,261.93,280.30,29.51,25.92,49.79,74.08,23.44,24.30,0.86,0.86
2017,AZ,Reading,8,Hawaiian,999.00,999.00,999.00,999.00,999.00,999.00,999.00,999.00,999.00,999.00,999.00,999.00
2017,AR,Reading,8,Hawaiian,999.00,999.00,999.00,999.00,999.00,999.00,999.00,999.00,999.00,999.00,999.00,999.00
2017,CA,Reading,8,Hawaiian,279.61,262.04,280.66,299.25,28.92,7.80,42.36,92.20,45.13,49.84,4.71,4.71
2017,CO,Reading,8,Hawaiian,278.97,257.06,281.54,303.27,34.93,15.18,33.86,84.82,42.08,50.96,8.88,8.88
2017,CT,Reading,8,Hawaiian,280.98,261.92,280.69,305.49,36.34,11.69,39.43,88.31,35.47,48.88,13.41,13.41
2017,DE,Reading,8,Hawaiian,999.00,999.00,999.00,999.00,999.00,999.00,999.00,999.00,999.00,999.00,999.00,999.00
2017,DC,Reading,8,Hawaiian,999.00,999.00,999.00,999.00,999.00,999.00,999.00,999.00,999.00,999.00,999.00,999.00
2017,FL,Reading,8,Hawaiian,272.99,257.87,277.71,294.09,32.65,15.92,39.97,84.08,40.85,44.10,3.26,3.26
2017,GA,Reading,8,Hawaiian,269.88,246.26,271.90,294.57,33.03,21.84,37.41,78.16,36.74,40.75,4.01,4.01
2017,HI,Reading,8,Hawaiian,271.55,253.53,273.90,291.73,29.23,15.56,44.94,84.44,37.08,39.50,2.42,2.42
2017,ID,Reading,8,Hawaiian,999.00,999.00,999.00,999.00,999.00,999.00,999.00,999.00,999.00,999.00,999.00,999.00
2017,IL,Reading,8,Hawaiian,279.07,259.06,280.92,301.94,32.45,13.50,36.02,86.50,42.63,50.48,7.86,7.86
2017,IN,Reading,8,Hawaiian,266.40,245.97,267.20,287.71,33.94,22.56,44.98,77.44,27.66,32.46,4.81,4.81
2017,IA,Reading,8,Hawaiian,271.82,253.35,274.83,294.57,32.84,17.95,38.94,82.05,39.66,43.11,3.45,3.45
2017,KS,Reading,8,Hawaiian,260.24,240.38,261.46,281.90,31.90,27.96,46.49,72.04,23.49,25.55,2.06,2.06
2017,KY,Reading,8,Hawaiian,262.16,240.87,263.16,284.60,34.72,26.81,44.51,73.19,25.32,28.67,3.36,3.36
2017,LA,Reading,8,Hawaiian,999.00,999.00,999.00,999.00,999.00,999.00,999.00,999.00,999.00,999.00,999.00,999.00
2017,ME,Reading,8,Hawaiian,999.00,999.00,999.00,999.00,999.00,999.00,999.00,999.00,999.00,999.00,999.00,999.00
2017,MD,Reading,8,Hawaiian,273.97,249.11,274.96,298.39,35.03,20.19,37.23,79.81,34.26,42.58,8.32,8.32
2017,MA,Reading,8,Hawaiian,290.99,272.34,290.51,310.40,28.46,4.00,32.65,96.00,51.16,63.35,12.19,12.19
2017,MI,Reading,8,Hawaiian,265.92,242.63,265.07,288.84,34.54,25.59,42.15,74.41,26.76,32.27,5.51,5.51
2017,MN,Reading,8,Hawaiian,269.88,248.63,271.21,292.41,31.31,19.49,41.13,80.51,36.31,39.38,3.07,3.07
2017,MS,Reading,8,Hawaiian,999.00,999.00,999.00,999.00,999.00,999.00,999.00,999.00,999.00,999.00,999.00,999.00
2017,MO,Reading,8,Hawaiian,270.70,246.15,271.23,294.75,33.53,22.63,37.79,77.37,34.55,39.58,5.03,5.03
2017,MT,Reading,8,Hawaiian,260.93,241.34,263.46,282.60,30.64,26.35,47.00,73.65,24.83,26.65,1.82,1.82
2017,NE,Reading,8,Hawaiian,259.91,237.23,263.13,283.16,32.06,30.00,43.51,70.00,24.90,26.49,1.59,1.59
2017,NV,Reading,8,Hawaiian,265.72,245.24,268.55,289.80,34.85,23.18,42.47,76.82,31.63,34.35,2.72,2.72
2017,NH,Reading,8,Hawaiian,999.00,999.00,999.00,999.00,999.00,999.00,999.00,999.00,999.00,999.00,999.00,999.00
2017,NJ,Reading,8,Hawaiian,999.00,999.00,999.00,999.00,999.00,999.00,999.00,999.00,999.00,999.00,999.00,999.00
2017,NM,Reading,8,Hawaiian,999.00,999.00,999.00,999.00,999.00,999.00,999.00,999.00,999.00,999.00,999.00,999.00
2017,NY,Reading,8,Hawaiian,999.00,999.00,999.00,999.00,999.00,999.00,999.00,999.00,999.00,999.00,999.00,999.00
2017,NC,Reading,8,Hawaiian,258.21,235.06,261.91,286.75,39.23,30.85,39.06,69.15,27.54,30.09,2.55,2.55
2017,ND,Reading,8,Hawaiian,999.00,999.00,999.00,999.00,999.00,999.00,999.00,999.00,999.00,999.00,999.00,999.00
2017,OH,Reading,8,Hawaiian,263.88,238.62,265.39,289.76,35.99,28.00,37.84,72.00,30.02,34.16,4.15,4.15
2017,OK,Reading,8,Hawaiian,267.21,249.66,269.17,287.37,30.52,18.51,48.08,81.49,30.65,33.41,2.76,2.76
2017,OR,Reading,8,Hawaiian,273.54,252.26,273.58,294.85,31.27,16.01,44.48,83.99,33.72,39.51,5.78,5.78
2017,PA,Reading,8,Hawaiian,264.64,245.24,266.68,290.18,35.36,22.90,42.98,77.10,31.34,34.12,2.79,2.79
2017,RI,Reading,8,Hawaiian,999.00,999.00,999.00,999.00,999.00,999.00,999.00,999.00,999.00,999.00,999.00,999.00
2017,SC,Reading,8,Hawaiian,267.06,248.08,269.39,289.73,32.23,21.20,44.34,78.80,31.88,34.47,2.58,2.58
2017,SD,Reading,8,Hawaiian,999.00,999.00,999.00,999.00,999.00,999.00,999.00,999.00,999.00,999.00,999.00,999.00
2017,TN,Reading,8,Hawaiian,260.82,240.23,263.34,281.85,31.06,27.10,46.62,72.90,24.58,26.28,1.70,1.70
2017,TX,Reading,8,Hawaiian,268.38,247.05,269.80,290.07,33.80,23.28,41.59,76.72,30.55,35.13,4.59,4.59
2017,UT,Reading,8,Hawaiian,999.00,999.00,999.00,999.00,999.00,999.00,999.00,999.00,999.00,999.00,999.00,999.00
2017,VT,Reading,8,Hawaiian,271.36,253.78,276.39,298.58,40.24,16.45,38.96,83.55,38.87,44.59,5.72,5.72
2017,VA,Reading,8,Hawaiian,271.97,250.89,274.36,295.57,33.85,19.61,39.32,80.39,35.58,41.07,5.48,5.48
2017,WA,Reading,8,Hawaiian,276.82,255.14,279.16,301.45,34.94,15.80,36.65,84.20,39.54,47.55,8.02,8.02
2017,WV,Reading,8,Hawaiian,999.00,999.00,999.00,999.00,999.00,999.00,999.00,999.00,999.00,999.00,999.00,999.00
2017,WI,Reading,8,Hawaiian,999.00,999.00,999.00,999.00,999.00,999.00,999.00,999.00,999.00,999.00,999.00,999.00
2017,WY,Reading,8,Hawaiian,999.00,999.00,999.00,999.00,999.00,999.00,999.00,999.00,999.00,999.00,999.00,999.00
2017,AL,Reading,8,Multiracial,N/A,N/A,N/A,N/A,N/A,N/A,N/A,N/A,N/A,N/A,N/A,N/A
2017,AK,Reading,8,Multiracial,N/A,N/A,N/A,N/A,N/A,N/A,N/A,N/A,N/A,N/A,N/A,N/A
2017,AZ,Reading,8,Multiracial,N/A,N/A,N/A,N/A,N/A,N/A,N/A,N/A,N/A,N/A,N/A,N/A
2017,AR,Reading,8,Multiracial,N/A,N/A,N/A,N/A,N/A,N/A,N/A,N/A,N/A,N/A,N/A,N/A
2017,CA,Reading,8,Multiracial,N/A,N/A,N/A,N/A,N/A,N/A,N/A,N/A,N/A,N/A,N/A,N/A
2017,CO,Reading,8,Multiracial,N/A,N/A,N/A,N/A,N/A,N/A,N/A,N/A,N/A,N/A,N/A,N/A
2017,CT,Reading,8,Multiracial,N/A,N/A,N/A,N/A,N/A,N/A,N/A,N/A,N/A,N/A,N/A,N/A
2017,DE,Reading,8,Multiracial,N/A,N/A,N/A,N/A,N/A,N/A,N/A,N/A,N/A,N/A,N/A,N/A
2017,DC,Reading,8,Multiracial,N/A,N/A,N/A,N/A,N/A,N/A,N/A,N/A,N/A,N/A,N/A,N/A
2017,FL,Reading,8,Multiracial,N/A,N/A,N/A,N/A,N/A,N/A,N/A,N/A,N/A,N/A,N/A,N/A
2017,GA,Reading,8,Multiracial,N/A,N/A,N/A,N/A,N/A,N/A,N/A,N/A,N/A,N/A,N/A,N/A
2017,HI,Reading,8,Multiracial,N/A,N/A,N/A,N/A,N/A,N/A,N/A,N/A,N/A,N/A,N/A,N/A
2017,ID,Reading,8,Multiracial,N/A,N/A,N/A,N/A,N/A,N/A,N/A,N/A,N/A,N/A,N/A,N/A
2017,IL,Reading,8,Multiracial,N/A,N/A,N/A,N/A,N/A,N/A,N/A,N/A,N/A,N/A,N/A,N/A
2017,IN,Reading,8,Multiracial,N/A,N/A,N/A,N/A,N/A,N/A,N/A,N/A,N/A,N/A,N/A,N/A
2017,IA,Reading,8,Multiracial,N/A,N/A,N/A,N/A,N/A,N/A,N/A,N/A,N/A,N/A,N/A,N/A
2017,KS,Reading,8,Multiracial,N/A,N/A,N/A,N/A,N/A,N/A,N/A,N/A,N/A,N/A,N/A,N/A
2017,KY,Reading,8,Multiracial,N/A,N/A,N/A,N/A,N/A,N/A,N/A,N/A,N/A,N/A,N/A,N/A
2017,LA,Reading,8,Multiracial,N/A,N/A,N/A,N/A,N/A,N/A,N/A,N/A,N/A,N/A,N/A,N/A
2017,ME,Reading,8,Multiracial,N/A,N/A,N/A,N/A,N/A,N/A,N/A,N/A,N/A,N/A,N/A,N/A
2017,MD,Reading,8,Multiracial,N/A,N/A,N/A,N/A,N/A,N/A,N/A,N/A,N/A,N/A,N/A,N/A
2017,MA,Reading,8,Multiracial,N/A,N/A,N/A,N/A,N/A,N/A,N/A,N/A,N/A,N/A,N/A,N/A
2017,MI,Reading,8,Multiracial,N/A,N/A,N/A,N/A,N/A,N/A,N/A,N/A,N/A,N/A,N/A,N/A
2017,MN,Reading,8,Multiracial,N/A,N/A,N/A,N/A,N/A,N/A,N/A,N/A,N/A,N/A,N/A,N/A
2017,MS,Reading,8,Multiracial,N/A,N/A,N/A,N/A,N/A,N/A,N/A,N/A,N/A,N/A,N/A,N/A
2017,MO,Reading,8,Multiracial,N/A,N/A,N/A,N/A,N/A,N/A,N/A,N/A,N/A,N/A,N/A,N/A
2017,MT,Reading,8,Multiracial,N/A,N/A,N/A,N/A,N/A,N/A,N/A,N/A,N/A,N/A,N/A,N/A
2017,NE,Reading,8,Multiracial,N/A,N/A,N/A,N/A,N/A,N/A,N/A,N/A,N/A,N/A,N/A,N/A
2017,NV,Reading,8,Multiracial,N/A,N/A,N/A,N/A,N/A,N/A,N/A,N/A,N/A,N/A,N/A,N/A
2017,NH,Reading,8,Multiracial,N/A,N/A,N/A,N/A,N/A,N/A,N/A,N/A,N/A,N/A,N/A,N/A
2017,NJ,Reading,8,Multiracial,N/A,N/A,N/A,N/A,N/A,N/A,N/A,N/A,N/A,N/A,N/A,N/A
2017,NM,Reading,8,Multiracial,N/A,N/A,N/A,N/A,N/A,N/A,N/A,N/A,N/A,N/A,N/A,N/A
2017,NY,Reading,8,Multiracial,N/A,N/A,N/A,N/A,N/A,N/A,N/A,N/A,N/A,N/A,N/A,N/A
2017,NC,Reading,8,Multiracial,N/A,N/A,N/A,N/A,N/A,N/A,N/A,N/A,N/A,N/A,N/A,N/A
2017,ND,Reading,8,Multiracial,N/A,N/A,N/A,N/A,N/A,N/A,N/A,N/A,N/A,N/A,N/A,N/A
2017,OH,Reading,8,Multiracial,N/A,N/A,N/A,N/A,N/A,N/A,N/A,N/A,N/A,N/A,N/A,N/A
2017,OK,Reading,8,Multiracial,N/A,N/A,N/A,N/A,N/A,N/A,N/A,N/A,N/A,N/A,N/A,N/A
2017,OR,Reading,8,Multiracial,N/A,N/A,N/A,N/A,N/A,N/A,N/A,N/A,N/A,N/A,N/A,N/A
2017,PA,Reading,8,Multiracial,N/A,N/A,N/A,N/A,N/A,N/A,N/A,N/A,N/A,N/A,N/A,N/A
2017,RI,Reading,8,Multiracial,N/A,N/A,N/A,N/A,N/A,N/A,N/A,N/A,N/A,N/A,N/A,N/A
2017,SC,Reading,8,Multiracial,N/A,N/A,N/A,N/A,N/A,N/A,N/A,N/A,N/A,N/A,N/A,N/A
2017,SD,Reading,8,Multiracial,N/A,N/A,N/A,N/A,N/A,N/A,N/A,N/A,N/A,N/A,N/A,N/A
2017,TN,Reading,8,Multiracial,N/A,N/A,N/A,N/A,N/A,N/A,N/A,N/A,N/A,N/A,N/A,N/A
2017,TX,Reading,8,Multiracial,N/A,N/A,N/A,N/A,N/A,N/A,N/A,N/A,N/A,N/A,N/A,N/A
2017,UT,Reading,8,Multiracial,N/A,N/A,N/A,N/A,N/A,N/A,N/A,N/A,N/A,N/A,N/A,N/A
2017,VT,Reading,8,Multiracial,N/A,N/A,N/A,N/A,N/A,N/A,N/A,N/A,N/A,N/A,N/A,N/A
2017,VA,Reading,8,Multiracial,N/A,N/A,N/A,N/A,N/A,N/A,N/A,N/A,N/A,N/A,N/A,N/A
2017,WA,Reading,8,Multiracial,N/A,N/A,N/A,N/A,N/A,N/A,N/A,N/A,N/A,N/A,N/A,N/A
2017,WV,Reading,8,Multiracial,N/A,N/A,N/A,N/A,N/A,N/A,N/A,N/A,N/A,N/A,N/A,N/A
2017,WI,Reading,8,Multiracial,N/A,N/A,N/A,N/A,N/A,N/A,N/A,N/A,N/A,N/A,N/A,N/A
2017,WY,Reading,8,Multiracial,N/A,N/A,N/A,N/A,N/A,N/A,N/A,N/A,N/A,N/A,N/A,N/A
