Year,Jurisdiction,Subject,Grade,Subgroup,Mean,25th Percentile,50th Percentile,75th Percentile,Standard Deviation,Cumulative achievement level - Below Basic,Discrete achievement level - At Basic,Cumulative achievement level - At or above Basic,Discrete achievement level - At Proficient,Cumulative achievement level - At or above Proficient,Discrete achievement level - At Advanced,Cumulative achievement level - At Advanced
2013,AL,Mathematics,4,All,232.86,214.04,233.88,252.84,28.26,24.95,45.26,75.05,26.41,29.79,3.38,3.38
2013,AK,Mathematics,4,All,236.12,215.68,238.61,258.80,32.24,23.45,39.88,76.55,30.42,36.67,6.26,6.26
2013,AZ,Mathematics,4,All,240.30,221.58,241.68,260.28,29.96,18.08,42.32,81.92,32.33,39.60,7.27,7.27
2013,AR,Mathematics,4,All,239.89,222.22,241.64,259.37,27.97,17.08,43.64,82.92,34.08,39.29,5.20,5.20
2013,CA,Mathematics,4,All,233.65,212.70,234.85,255.60,31.24,26.24,41.16,73.76,27.23,32.60,5.36,5.36
2013,CO,Mathematics,4,All,246.98,228.33,248.95,267.50,29.14,13.00,37.07,87.00,39.31,49.94,10.63,10.63
2013,CT,Mathematics,4,All,243.44,224.37,245.49,264.33,29.80,16.50,38.35,83.50,36.44,45.15,8.71,8.71
2013,DE,Mathematics,4,All,243.11,225.42,243.78,261.81,27.35,14.14,43.73,85.86,34.94,42.13,7.19,7.19
2013,DC,Mathematics,4,All,228.57,205.40,228.51,252.27,34.90,33.54,38.56,66.46,21.60,27.89,6.29,6.29
2013,FL,Mathematics,4,All,241.68,223.85,242.68,260.86,27.41,15.58,43.67,84.42,34.40,40.74,6.35,6.35
2013,GA,Mathematics,4,All,240.05,220.11,240.94,260.78,29.58,19.02,41.58,80.98,32.28,39.40,7.12,7.12
2013,HI,Mathematics,4,All,243.31,224.02,245.92,265.17,30.93,16.68,37.32,83.32,37.20,46.00,8.80,8.80
2013,ID,Mathematics,4,All,240.72,222.51,241.82,260.25,28.03,16.88,43.42,83.12,33.28,39.70,6.42,6.42
2013,IL,Mathematics,4,All,239.00,217.93,239.92,261.40,31.74,21.43,39.48,78.57,30.71,39.09,8.37,8.37
2013,IN,Mathematics,4,All,248.60,231.60,250.15,267.15,27.35,10.32,37.86,89.68,41.73,51.82,10.09,10.09
2013,IA,Mathematics,4,All,245.79,227.66,247.47,265.58,28.53,13.42,38.89,86.58,38.28,47.69,9.41,9.41
2013,KS,Mathematics,4,All,246.19,229.55,247.46,264.12,26.21,11.00,41.43,89.00,39.87,47.56,7.69,7.69
2013,KY,Mathematics,4,All,241.47,223.32,242.87,261.18,28.14,16.22,42.32,83.78,35.14,41.46,6.32,6.32
2013,LA,Mathematics,4,All,231.37,213.64,232.38,250.02,27.34,25.39,48.28,74.61,23.71,26.33,2.63,2.63
2013,ME,Mathematics,4,All,245.85,228.66,247.33,264.63,27.54,12.47,40.04,87.53,38.92,47.49,8.56,8.56
2013,MD,Mathematics,4,All,245.17,222.86,245.99,268.36,33.36,17.70,35.79,82.30,33.15,46.51,13.36,13.36
2013,MA,Mathematics,4,All,253.03,234.70,255.05,273.41,29.31,9.84,31.81,90.16,42.79,58.35,15.56,15.56
2013,MI,Mathematics,4,All,236.82,215.94,238.84,259.03,31.63,23.28,39.85,76.72,30.27,36.88,6.61,6.61
2013,MN,Mathematics,4,All,253.42,235.40,256.01,273.78,29.50,9.93,30.66,90.07,43.57,59.41,15.84,15.84
2013,MS,Mathematics,4,All,231.11,213.15,231.47,249.94,27.03,26.02,47.91,73.98,23.65,26.08,2.42,2.42
2013,MO,Mathematics,4,All,239.55,222.39,241.55,258.77,28.34,17.34,43.91,82.66,33.41,38.75,5.34,5.34
2013,MT,Mathematics,4,All,243.70,226.43,245.74,262.80,27.47,14.12,40.86,85.88,38.31,45.02,6.71,6.71
2013,NE,Mathematics,4,All,243.16,224.76,245.10,263.60,29.43,15.64,39.69,84.36,36.68,44.66,7.99,7.99
2013,NV,Mathematics,4,All,236.26,219.02,238.34,255.58,28.24,20.06,45.97,79.94,30.09,33.98,3.89,3.89
2013,NH,Mathematics,4,All,252.99,237.21,254.51,270.80,25.90,7.44,33.87,92.56,46.38,58.69,12.31,12.31
2013,NJ,Mathematics,4,All,246.87,228.66,248.55,266.85,29.43,12.98,37.63,87.02,38.93,49.39,10.45,10.45
2013,NM,Mathematics,4,All,232.78,213.00,234.03,253.67,29.76,26.04,43.41,73.96,26.66,30.56,3.90,3.90
2013,NY,Mathematics,4,All,240.35,222.05,241.64,260.31,28.92,17.61,42.74,82.39,33.13,39.65,6.52,6.52
2013,NC,Mathematics,4,All,244.80,226.84,245.78,263.99,27.54,13.19,41.57,86.81,37.13,45.24,8.11,8.11
2013,ND,Mathematics,4,All,246.42,230.08,247.77,264.03,25.66,10.76,41.19,89.24,40.61,48.05,7.44,7.44
2013,OH,Mathematics,4,All,245.55,227.17,247.61,265.57,29.42,14.48,37.49,85.52,38.28,48.03,9.75,9.75
2013,OK,Mathematics,4,All,238.92,221.64,240.05,257.31,26.74,17.24,46.34,82.76,31.80,36.42,4.62,4.62
2013,OR,Mathematics,4,All,240.10,220.29,241.39,261.22,30.67,19.20,40.57,80.80,32.55,40.23,7.68,7.68
2013,PA,Mathematics,4,All,244.01,225.60,245.09,263.74,28.57,14.72,40.80,85.28,36.07,44.48,8.42,8.42
2013,RI,Mathematics,4,All,241.42,223.14,243.72,262.25,30.01,17.34,40.17,82.66,35.24,42.50,7.26,7.26
2013,SC,Mathematics,4,All,236.63,217.90,238.07,256.93,29.52,21.20,43.67,78.80,29.92,35.13,5.22,5.22
2013,SD,Mathematics,4,All,240.98,224.11,242.79,259.69,27.13,15.77,43.87,84.23,35.11,40.36,5.26,5.26
2013,TN,Mathematics,4,All,239.77,219.83,241.60,260.90,29.91,19.66,40.09,80.34,33.38,40.25,6.87,6.87
2013,TX,Mathematics,4,All,241.93,223.56,242.83,261.10,28.09,15.85,43.03,84.15,34.10,41.12,7.02,7.02
2013,UT,Mathematics,4,All,242.82,223.88,244.60,263.53,29.96,16.59,39.38,83.41,35.74,44.03,8.29,8.29
2013,VT,Mathematics,4,All,247.80,229.35,250.01,268.27,29.00,12.65,35.85,87.35,40.65,51.50,10.85,10.85
2013,VA,Mathematics,4,All,246.18,228.08,247.11,265.06,27.67,12.39,40.40,87.61,37.97,47.21,9.24,9.24
2013,WA,Mathematics,4,All,246.29,227.44,247.86,266.28,29.54,13.72,37.85,86.28,37.94,48.43,10.49,10.49
2013,WV,Mathematics,4,All,237.44,219.81,238.76,256.49,27.60,19.25,45.51,80.75,30.86,35.23,4.38,4.38
2013,WI,Mathematics,4,All,244.71,225.91,246.98,265.63,29.90,14.97,37.85,85.03,37.95,47.18,9.23,9.23
2013,WY,Mathematics,4,All,246.52,230.60,247.62,263.44,24.59,9.81,42.37,90.19,41.25,47.81,6.56,6.56
2013,AL,Mathematics,4,White,241.70,225.31,242.72,258.73,25.12,13.66,46.18,86.34,35.38,40.16,4.78,4.78
2013,AK,Mathematics,4,White,249.06,231.91,250.22,267.82,27.18,10.08,38.11,89.92,41.28,51.81,10.53,10.53
2013,AZ,Mathematics,4,White,251.22,234.98,252.09,269.01,27.11,8.44,36.52,91.56,43.21,55.04,11.83,11.83
2013,AR,Mathematics,4,White,245.74,229.67,247.15,263.68,25.88,10.69,42.15,89.31,40.49,47.15,6.66,6.66
2013,CA,Mathematics,4,White,248.64,232.47,251.09,267.31,26.98,10.88,35.73,89.12,44.36,53.38,9.02,9.02
2013,CO,Mathematics,4,White,255.70,239.47,256.99,273.06,25.11,5.69,32.05,94.31,47.70,62.26,14.56,14.56
2013,CT,Mathematics,4,White,253.06,237.17,253.93,269.92,24.92,6.34,35.64,93.66,46.50,58.02,11.51,11.51
2013,DE,Mathematics,4,White,252.41,236.86,253.49,269.27,24.76,6.38,36.33,93.62,46.69,57.29,10.60,10.60
2013,DC,Mathematics,4,White,276.21,262.09,277.07,292.80,24.79,1.76,10.55,98.24,46.42,87.68,41.26,41.26
2013,FL,Mathematics,4,White,250.53,234.15,251.28,268.13,24.90,7.82,38.63,92.18,43.52,53.55,10.02,10.02
2013,GA,Mathematics,4,White,249.82,233.09,250.98,268.56,26.70,8.76,38.26,91.24,42.77,52.98,10.21,10.21
2013,HI,Mathematics,4,White,253.23,235.91,256.52,272.98,29.58,9.10,30.88,90.90,45.33,60.02,14.69,14.69
2013,ID,Mathematics,4,White,244.28,226.97,245.18,262.81,26.59,12.86,42.96,87.14,36.89,44.18,7.29,7.29
2013,IL,Mathematics,4,White,247.99,229.34,250.08,268.33,29.14,12.44,36.19,87.56,40.12,51.36,11.25,11.25
2013,IN,Mathematics,4,White,252.07,236.44,253.69,269.55,25.97,7.48,34.95,92.52,46.28,57.57,11.29,11.29
2013,IA,Mathematics,4,White,248.73,231.41,250.08,267.39,26.95,10.17,38.28,89.83,41.32,51.55,10.23,10.23
2013,KS,Mathematics,4,White,249.99,234.37,251.03,266.73,24.55,7.39,39.24,92.61,44.44,53.37,8.93,8.93
2013,KY,Mathematics,4,White,244.04,226.88,245.48,262.85,26.95,13.24,41.86,86.76,38.20,44.90,6.71,6.71
2013,LA,Mathematics,4,White,242.33,226.83,243.23,259.07,24.72,12.07,47.95,87.93,35.26,39.98,4.72,4.72
2013,ME,Mathematics,4,White,246.73,229.70,248.05,265.24,27.10,11.50,39.98,88.50,39.65,48.52,8.87,8.87
2013,MD,Mathematics,4,White,259.64,242.13,261.03,279.12,28.92,6.53,26.70,93.47,45.14,66.77,21.63,21.63
2013,MA,Mathematics,4,White,259.66,243.53,260.95,276.92,25.31,4.16,27.75,95.84,49.69,68.09,18.40,18.40
2013,MI,Mathematics,4,White,243.96,226.46,245.88,263.49,28.10,14.18,40.55,85.82,37.98,45.27,7.29,7.29
2013,MN,Mathematics,4,White,259.03,242.65,260.72,276.70,26.05,4.99,27.80,95.01,48.80,67.21,18.41,18.41
2013,MS,Mathematics,4,White,243.23,227.22,243.97,260.59,24.52,11.57,46.03,88.43,37.87,42.41,4.53,4.53
2013,MO,Mathematics,4,White,245.03,229.58,246.45,262.35,25.96,11.15,42.99,88.85,39.40,45.86,6.45,6.45
2013,MT,Mathematics,4,White,247.70,231.72,249.14,265.34,25.69,9.83,39.93,90.17,42.29,50.25,7.96,7.96
2013,NE,Mathematics,4,White,250.52,234.23,251.74,268.18,25.75,8.17,37.51,91.83,44.05,54.31,10.26,10.26
2013,NV,Mathematics,4,White,245.12,229.61,246.63,262.69,25.66,11.41,42.47,88.59,39.71,46.12,6.41,6.41
2013,NH,Mathematics,4,White,254.11,238.82,255.33,271.10,24.85,6.27,33.44,93.73,47.86,60.29,12.43,12.43
2013,NJ,Mathematics,4,White,254.38,239.07,255.90,271.37,25.35,6.07,32.98,93.93,48.48,60.96,12.48,12.48
2013,NM,Mathematics,4,White,245.51,226.98,247.55,265.57,28.68,13.84,38.22,86.16,39.35,47.94,8.59,8.59
2013,NY,Mathematics,4,White,248.07,232.27,249.22,265.68,25.51,9.34,40.30,90.66,42.29,50.36,8.07,8.07
2013,NC,Mathematics,4,White,254.01,238.12,255.73,271.25,25.63,6.45,33.11,93.55,47.97,60.44,12.47,12.47
2013,ND,Mathematics,4,White,249.27,233.59,250.25,265.70,24.14,7.70,40.21,92.30,43.91,52.09,8.18,8.18
2013,OH,Mathematics,4,White,251.72,234.95,253.22,269.71,26.79,8.61,34.93,91.39,44.28,56.46,12.17,12.17
2013,OK,Mathematics,4,White,245.15,229.30,246.04,262.00,24.44,10.16,44.87,89.84,39.08,44.97,5.89,5.89
2013,OR,Mathematics,4,White,244.89,226.94,246.41,263.88,28.01,13.54,40.14,86.46,38.07,46.32,8.25,8.25
2013,PA,Mathematics,4,White,249.60,232.85,250.30,267.80,26.28,9.04,38.85,90.96,41.80,52.11,10.31,10.31
2013,RI,Mathematics,4,White,249.82,233.51,251.26,268.16,26.57,9.23,37.38,90.77,43.20,53.39,10.19,10.19
2013,SC,Mathematics,4,White,246.83,230.34,248.29,264.64,26.56,10.97,40.22,89.03,40.38,48.81,8.43,8.43
2013,SD,Mathematics,4,White,246.98,232.00,247.80,263.22,24.03,8.70,43.29,91.30,41.61,48.01,6.39,6.39
2013,TN,Mathematics,4,White,246.53,229.27,248.75,265.88,28.14,12.60,37.78,87.40,40.59,49.62,9.02,9.02
2013,TX,Mathematics,4,White,255.06,240.27,255.83,271.77,24.74,5.59,32.95,94.41,48.32,61.47,13.15,13.15
2013,UT,Mathematics,4,White,248.20,230.58,249.67,266.99,27.62,10.93,38.08,89.07,41.02,50.98,9.96,9.96
2013,VT,Mathematics,4,White,248.50,230.23,250.73,268.63,28.57,11.93,35.46,88.07,41.66,52.61,10.94,10.94
2013,VA,Mathematics,4,White,251.56,235.87,252.50,268.24,24.85,7.04,37.17,92.96,45.58,55.79,10.21,10.21
2013,WA,Mathematics,4,White,251.24,234.35,252.89,269.22,26.64,8.65,35.42,91.35,44.32,55.93,11.61,11.61
2013,WV,Mathematics,4,White,237.71,220.36,239.15,256.68,27.24,18.74,45.64,81.26,31.49,35.62,4.14,4.14
2013,WI,Mathematics,4,White,252.08,235.67,253.50,269.97,26.10,7.75,35.32,92.25,45.31,56.93,11.62,11.62
2013,WY,Mathematics,4,White,249.21,233.94,250.26,265.31,23.61,7.36,40.55,92.64,44.68,52.09,7.41,7.41
2013,AL,Mathematics,4,Black,215.32,198.17,215.84,232.49,25.68,47.06,43.67,52.94,8.94,9.27,999.00,999.00
2013,AK,Mathematics,4,Black,228.15,211.35,229.25,246.08,25.92,28.12,50.31,71.88,19.66,21.56,1.90,1.90
2013,AZ,Mathematics,4,Black,230.13,213.37,232.09,248.16,26.13,25.89,50.23,74.11,22.01,23.88,1.87,1.87
2013,AR,Mathematics,4,Black,222.66,205.33,223.54,241.87,26.36,36.32,46.79,63.68,16.50,16.89,999.00,999.00
2013,CA,Mathematics,4,Black,221.41,201.39,221.83,242.10,29.46,40.25,41.49,59.75,16.79,18.26,1.47,1.47
2013,CO,Mathematics,4,Black,226.60,209.73,229.42,247.04,29.72,29.59,48.15,70.41,20.30,22.26,1.96,1.96
2013,CT,Mathematics,4,Black,219.06,200.64,219.79,238.34,27.00,42.82,43.60,57.18,12.90,13.57,0.67,0.67
2013,DE,Mathematics,4,Black,229.44,213.74,230.56,246.20,24.22,25.29,53.49,74.71,20.28,21.22,0.94,0.94
2013,DC,Mathematics,4,Black,220.89,200.44,221.98,242.77,30.93,39.93,41.17,60.07,17.49,18.91,1.42,1.42
2013,FL,Mathematics,4,Black,227.77,211.72,228.60,245.02,24.94,27.89,52.15,72.11,19.15,19.95,0.80,0.80
2013,GA,Mathematics,4,Black,226.32,208.61,225.93,244.76,27.12,32.23,47.39,67.77,18.53,20.37,1.85,1.85
2013,HI,Mathematics,4,Black,232.31,214.69,238.49,254.63,29.85,24.36,41.94,75.64,32.68,33.70,1.01,1.01
2013,ID,Mathematics,4,Black,999.00,999.00,999.00,999.00,999.00,999.00,999.00,999.00,999.00,999.00,999.00,999.00
2013,IL,Mathematics,4,Black,219.88,200.87,220.33,239.45,28.72,41.44,42.95,58.56,14.23,15.61,1.38,1.38
2013,IN,Mathematics,4,Black,227.38,210.59,228.52,245.83,26.09,29.21,49.61,70.79,20.05,21.17,1.13,1.13
2013,IA,Mathematics,4,Black,218.31,197.85,216.64,237.63,28.15,46.33,37.37,53.67,15.59,16.29,0.71,0.71
2013,KS,Mathematics,4,Black,228.19,210.86,228.55,246.29,26.17,28.66,49.38,71.34,20.57,21.96,1.39,1.39
2013,KY,Mathematics,4,Black,223.90,205.10,224.71,243.82,27.66,35.49,45.12,64.51,18.28,19.39,1.11,1.11
2013,LA,Mathematics,4,Black,220.86,204.63,221.52,238.21,25.36,37.87,49.04,62.13,12.64,13.09,999.00,999.00
2013,ME,Mathematics,4,Black,226.70,204.96,229.81,248.71,28.67,34.26,40.83,65.74,23.43,24.91,1.48,1.48
2013,MD,Mathematics,4,Black,227.30,208.95,227.68,246.06,27.60,31.03,47.06,68.97,19.80,21.91,2.12,2.12
2013,MA,Mathematics,4,Black,230.44,210.89,230.02,250.02,30.12,28.73,45.19,71.27,21.31,26.08,4.76,4.76
2013,MI,Mathematics,4,Black,212.35,193.01,212.09,231.46,28.26,52.63,37.43,47.37,9.20,9.93,0.73,0.73
2013,MN,Mathematics,4,Black,232.03,211.60,233.49,254.66,30.45,27.35,40.89,72.65,28.42,31.76,3.34,3.34
2013,MS,Mathematics,4,Black,220.30,204.50,221.01,236.87,24.18,38.69,49.99,61.31,10.95,11.32,999.00,999.00
2013,MO,Mathematics,4,Black,219.33,201.60,220.86,238.61,27.72,40.24,46.33,59.76,12.75,13.43,0.68,0.68
2013,MT,Mathematics,4,Black,999.00,999.00,999.00,999.00,999.00,999.00,999.00,999.00,999.00,999.00,999.00,999.00
2013,NE,Mathematics,4,Black,214.69,194.50,215.17,235.26,29.68,48.29,39.33,51.71,12.07,12.38,999.00,999.00
2013,NV,Mathematics,4,Black,221.25,202.63,223.43,241.38,29.46,37.99,45.02,62.01,16.00,16.99,0.98,0.98
2013,NH,Mathematics,4,Black,999.00,999.00,999.00,999.00,999.00,999.00,999.00,999.00,999.00,999.00,999.00,999.00
2013,NJ,Mathematics,4,Black,228.99,211.33,230.57,248.14,27.93,27.99,47.81,72.01,22.37,24.21,1.84,1.84
2013,NM,Mathematics,4,Black,224.98,201.91,224.69,248.44,31.09,39.05,36.60,60.95,21.42,24.34,2.93,2.93
2013,NY,Mathematics,4,Black,224.70,207.75,226.04,242.40,25.74,32.61,50.40,67.39,16.09,16.98,0.89,0.89
2013,NC,Mathematics,4,Black,230.29,214.41,231.54,247.20,24.67,24.45,53.07,75.55,21.29,22.48,1.19,1.19
2013,ND,Mathematics,4,Black,239.35,223.83,239.83,256.02,25.70,15.67,49.72,84.33,30.26,34.61,4.35,4.35
2013,OH,Mathematics,4,Black,221.56,203.02,223.02,241.21,27.32,38.46,45.92,61.54,15.01,15.62,0.62,0.62
2013,OK,Mathematics,4,Black,219.43,201.40,219.38,237.40,26.98,42.03,44.41,57.97,12.59,13.56,0.97,0.97
2013,OR,Mathematics,4,Black,220.30,203.65,221.39,238.40,29.27,39.18,44.38,60.82,15.68,16.44,0.76,0.76
2013,PA,Mathematics,4,Black,225.83,209.04,226.61,243.29,26.02,31.09,50.15,68.91,17.77,18.76,0.99,0.99
2013,RI,Mathematics,4,Black,224.10,206.42,225.96,244.06,27.68,34.26,47.10,65.74,17.89,18.64,0.75,0.75
2013,SC,Mathematics,4,Black,221.82,205.03,223.34,240.16,27.06,36.42,48.33,63.58,14.51,15.25,0.74,0.74
2013,SD,Mathematics,4,Black,221.17,204.82,221.54,237.23,26.56,37.14,49.02,62.86,12.48,13.84,1.36,1.36
2013,TN,Mathematics,4,Black,220.72,202.67,220.58,239.19,27.40,40.20,44.75,59.80,13.98,15.05,1.08,1.08
2013,TX,Mathematics,4,Black,230.80,214.49,231.57,248.29,24.89,24.48,51.43,75.52,22.94,24.09,1.15,1.15
2013,UT,Mathematics,4,Black,999.00,999.00,999.00,999.00,999.00,999.00,999.00,999.00,999.00,999.00,999.00,999.00
2013,VT,Mathematics,4,Black,999.00,999.00,999.00,999.00,999.00,999.00,999.00,999.00,999.00,999.00,999.00,999.00
2013,VA,Mathematics,4,Black,229.19,212.47,230.39,247.16,25.31,27.00,50.50,73.00,21.56,22.49,0.93,0.93
2013,WA,Mathematics,4,Black,230.56,212.05,233.76,251.66,30.38,26.67,44.53,73.33,26.41,28.80,2.39,2.39
2013,WV,Mathematics,4,Black,228.29,209.08,228.23,248.58,28.14,30.43,44.90,69.57,22.72,24.67,1.95,1.95
2013,WI,Mathematics,4,Black,216.11,197.63,217.02,235.97,29.59,45.68,42.20,54.32,11.12,12.12,1.00,1.00
2013,WY,Mathematics,4,Black,999.00,999.00,999.00,999.00,999.00,999.00,999.00,999.00,999.00,999.00,999.00,999.00
2013,AL,Mathematics,4,Hispanic,228.08,209.63,227.40,247.03,27.51,30.32,46.69,69.68,20.34,22.99,2.65,2.65
2013,AK,Mathematics,4,Hispanic,234.62,215.57,236.39,255.26,27.96,23.35,43.61,76.65,29.87,33.03,3.16,3.16
2013,AZ,Mathematics,4,Hispanic,232.05,214.32,232.97,251.58,28.64,24.62,47.45,75.38,24.83,27.93,3.10,3.10
2013,AR,Mathematics,4,Hispanic,234.05,217.86,235.80,252.94,27.53,20.98,48.48,79.02,28.25,30.54,2.30,2.30
2013,CA,Mathematics,4,Hispanic,223.61,205.56,224.77,243.33,28.11,35.35,45.98,64.65,17.56,18.67,1.12,1.12
2013,CO,Mathematics,4,Hispanic,232.83,214.45,233.95,253.02,28.73,24.40,45.65,75.60,26.66,29.95,3.29,3.29
2013,CT,Mathematics,4,Hispanic,224.03,205.64,224.81,243.26,27.70,34.89,46.49,65.11,17.24,18.62,1.39,1.39
2013,DE,Mathematics,4,Hispanic,234.41,218.35,235.15,250.56,24.90,19.62,53.21,80.38,24.18,27.17,2.99,2.99
2013,DC,Mathematics,4,Hispanic,227.53,210.04,229.46,247.42,30.81,29.17,47.53,70.83,20.26,23.31,3.05,3.05
2013,FL,Mathematics,4,Hispanic,238.31,220.89,239.79,257.46,27.39,18.18,45.50,81.82,31.70,36.32,4.62,4.62
2013,GA,Mathematics,4,Hispanic,235.22,215.26,236.38,254.91,28.29,23.48,43.76,76.52,28.36,32.76,4.40,4.40
2013,HI,Mathematics,4,Hispanic,241.31,222.76,243.52,262.42,30.10,17.04,40.41,82.96,34.54,42.55,8.01,8.01
2013,ID,Mathematics,4,Hispanic,225.16,206.22,225.85,244.53,28.31,33.53,46.15,66.47,18.57,20.32,1.75,1.75
2013,IL,Mathematics,4,Hispanic,229.36,210.80,230.04,248.82,28.39,28.54,46.64,71.46,21.89,24.82,2.94,2.94
2013,IN,Mathematics,4,Hispanic,241.70,225.12,242.33,258.41,24.70,13.58,46.95,86.42,34.73,39.47,4.74,4.74
2013,IA,Mathematics,4,Hispanic,233.59,216.47,236.42,252.47,27.34,21.98,47.73,78.02,28.00,30.30,2.30,2.30
2013,KS,Mathematics,4,Hispanic,235.38,219.00,236.26,253.11,25.66,19.42,49.53,80.58,28.57,31.06,2.48,2.48
2013,KY,Mathematics,4,Hispanic,233.86,215.33,234.28,252.83,28.77,23.86,46.22,76.14,25.52,29.93,4.40,4.40
2013,LA,Mathematics,4,Hispanic,231.79,212.77,234.04,251.66,26.96,26.46,44.59,73.54,27.03,28.95,1.92,1.92
2013,ME,Mathematics,4,Hispanic,999.00,999.00,999.00,999.00,999.00,999.00,999.00,999.00,999.00,999.00,999.00,999.00
2013,MD,Mathematics,4,Hispanic,234.32,213.68,235.26,256.61,31.44,25.19,42.08,74.81,27.25,32.73,5.47,5.47
2013,MA,Mathematics,4,Hispanic,234.19,214.42,235.64,254.69,29.49,24.51,43.29,75.49,27.63,32.20,4.57,4.57
2013,MI,Mathematics,4,Hispanic,225.77,204.58,225.72,246.50,31.59,35.74,42.00,64.26,17.86,22.26,4.40,4.40
2013,MN,Mathematics,4,Hispanic,233.60,211.76,236.89,255.88,31.94,26.69,39.75,73.31,28.00,33.57,5.57,5.57
2013,MS,Mathematics,4,Hispanic,230.42,211.98,231.95,249.95,27.86,27.20,46.16,72.80,24.23,26.64,2.40,2.40
2013,MO,Mathematics,4,Hispanic,233.12,216.10,234.59,252.15,27.91,22.74,48.50,77.26,25.86,28.76,2.90,2.90
2013,MT,Mathematics,4,Hispanic,236.61,219.69,237.64,255.96,25.98,18.58,47.63,81.42,31.68,33.78,2.10,2.10
2013,NE,Mathematics,4,Hispanic,227.33,210.50,227.68,244.98,26.27,29.42,50.12,70.58,18.87,20.46,1.59,1.59
2013,NV,Mathematics,4,Hispanic,229.97,213.74,232.22,248.56,27.38,25.19,50.45,74.81,22.63,24.35,1.73,1.73
2013,NH,Mathematics,4,Hispanic,235.92,217.06,237.20,256.32,27.23,21.67,43.84,78.33,31.33,34.49,3.16,3.16
2013,NJ,Mathematics,4,Hispanic,234.37,217.41,235.53,252.59,27.29,21.08,49.07,78.92,26.62,29.84,3.22,3.22
2013,NM,Mathematics,4,Hispanic,229.38,210.65,230.62,249.55,28.72,28.93,45.34,71.07,23.30,25.73,2.42,2.42
2013,NY,Mathematics,4,Hispanic,228.80,212.02,230.71,248.00,27.85,27.36,49.08,72.64,21.82,23.56,1.73,1.73
2013,NC,Mathematics,4,Hispanic,238.96,222.84,239.76,255.53,23.89,14.94,50.50,85.06,31.52,34.56,3.04,3.04
2013,ND,Mathematics,4,Hispanic,237.34,223.90,237.81,250.68,22.58,13.27,59.55,86.73,24.03,27.18,3.14,3.14
2013,OH,Mathematics,4,Hispanic,237.09,220.13,238.60,256.32,26.31,18.66,45.46,81.34,33.12,35.87,2.76,2.76
2013,OK,Mathematics,4,Hispanic,229.23,212.69,229.60,246.37,24.95,26.60,52.11,73.40,19.58,21.29,1.71,1.71
2013,OR,Mathematics,4,Hispanic,224.17,204.87,224.47,243.83,30.46,35.55,44.15,64.45,17.58,20.29,2.71,2.71
2013,PA,Mathematics,4,Hispanic,229.16,209.73,230.03,248.54,28.25,29.37,46.27,70.63,21.59,24.35,2.76,2.76
2013,RI,Mathematics,4,Hispanic,225.67,207.23,227.97,247.26,30.04,32.30,44.93,67.70,21.16,22.78,1.61,1.61
2013,SC,Mathematics,4,Hispanic,228.83,212.22,230.80,248.91,28.83,27.11,48.03,72.89,23.15,24.86,1.71,1.71
2013,SD,Mathematics,4,Hispanic,225.72,210.47,226.78,241.74,23.66,29.66,54.13,70.34,15.55,16.21,0.67,0.67
2013,TN,Mathematics,4,Hispanic,228.92,212.06,229.95,246.70,24.52,27.46,50.72,72.54,20.97,21.82,0.85,0.85
2013,TX,Mathematics,4,Hispanic,234.75,217.69,235.57,253.04,26.22,20.66,49.00,79.34,27.70,30.34,2.65,2.65
2013,UT,Mathematics,4,Hispanic,221.28,202.40,222.93,241.32,28.64,38.96,44.62,61.04,15.26,16.41,1.15,1.15
2013,VT,Mathematics,4,Hispanic,999.00,999.00,999.00,999.00,999.00,999.00,999.00,999.00,999.00,999.00,999.00,999.00
2013,VA,Mathematics,4,Hispanic,236.43,219.29,236.77,253.79,25.56,18.89,49.03,81.11,28.75,32.09,3.34,3.34
2013,WA,Mathematics,4,Hispanic,229.43,211.62,230.98,248.12,27.86,27.63,48.48,72.37,21.59,23.89,2.30,2.30
2013,WV,Mathematics,4,Hispanic,999.00,999.00,999.00,999.00,999.00,999.00,999.00,999.00,999.00,999.00,999.00,999.00
2013,WI,Mathematics,4,Hispanic,227.72,210.04,228.85,247.26,28.25,29.55,47.38,70.45,21.19,23.07,1.88,1.88
2013,WY,Mathematics,4,Hispanic,234.94,218.37,235.57,252.16,25.32,20.36,50.25,79.64,26.32,29.39,3.07,3.07
2013,AL,Mathematics,4,Asian,999.00,999.00,999.00,999.00,999.00,999.00,999.00,999.00,999.00,999.00,999.00,999.00
2013,AK,Mathematics,4,Asian,233.38,213.69,233.91,254.39,28.98,25.29,43.13,74.71,27.60,31.58,3.98,3.98
2013,AZ,Mathematics,4,Asian,256.49,235.61,256.87,279.06,33.21,8.85,30.62,91.15,38.39,60.53,22.14,22.14
2013,AR,Mathematics,4,Asian,257.68,236.89,258.93,278.87,28.77,6.02,31.04,93.98,42.01,62.94,20.94,20.94
2013,CA,Mathematics,4,Asian,253.81,234.27,255.42,276.51,30.59,10.08,31.60,89.92,39.36,58.31,18.95,18.95
2013,CO,Mathematics,4,Asian,254.99,232.32,259.63,278.68,32.09,11.88,26.63,88.12,39.38,61.49,22.11,22.11
2013,CT,Mathematics,4,Asian,257.27,240.46,258.97,278.43,28.65,8.64,26.97,91.36,43.88,64.39,20.52,20.52
2013,DE,Mathematics,4,Asian,270.16,254.94,272.12,287.60,26.14,2.40,16.88,97.60,49.05,80.73,31.67,31.67
2013,DC,Mathematics,4,Asian,999.00,999.00,999.00,999.00,999.00,999.00,999.00,999.00,999.00,999.00,999.00,999.00
2013,FL,Mathematics,4,Asian,264.13,250.49,264.03,278.16,24.28,2.51,20.53,97.49,56.44,76.95,20.51,20.51
2013,GA,Mathematics,4,Asian,262.74,245.22,263.76,281.17,28.72,5.33,24.02,94.67,46.19,70.65,24.46,24.46
2013,HI,Mathematics,4,Asian,240.89,221.48,243.18,263.02,30.90,18.53,39.01,81.47,35.01,42.46,7.44,7.44
2013,ID,Mathematics,4,Asian,999.00,999.00,999.00,999.00,999.00,999.00,999.00,999.00,999.00,999.00,999.00,999.00
2013,IL,Mathematics,4,Asian,265.64,247.26,267.20,286.89,29.53,4.68,22.33,95.32,42.08,72.99,30.90,30.90
2013,IN,Mathematics,4,Asian,999.00,999.00,999.00,999.00,999.00,999.00,999.00,999.00,999.00,999.00,999.00,999.00
2013,IA,Mathematics,4,Asian,254.38,230.43,252.10,280.54,34.97,13.23,32.73,86.77,29.88,54.04,24.16,24.16
2013,KS,Mathematics,4,Asian,261.20,244.06,260.10,277.42,25.90,3.48,28.52,96.52,47.81,68.00,20.19,20.19
2013,KY,Mathematics,4,Asian,260.21,240.61,264.47,283.61,33.11,9.57,22.51,90.43,40.81,67.92,27.11,27.11
2013,LA,Mathematics,4,Asian,999.00,999.00,999.00,999.00,999.00,999.00,999.00,999.00,999.00,999.00,999.00,999.00
2013,ME,Mathematics,4,Asian,999.00,999.00,999.00,999.00,999.00,999.00,999.00,999.00,999.00,999.00,999.00,999.00
2013,MD,Mathematics,4,Asian,270.29,250.87,273.41,293.59,35.20,4.93,18.39,95.07,37.02,76.68,39.66,39.66
2013,MA,Mathematics,4,Asian,266.01,246.14,267.21,286.82,28.32,3.87,23.94,96.13,41.29,72.19,30.91,30.91
2013,MI,Mathematics,4,Asian,259.20,233.08,261.95,286.49,34.44,10.87,27.34,89.13,32.28,61.79,29.51,29.51
2013,MN,Mathematics,4,Asian,250.10,225.82,250.52,275.94,34.44,16.59,31.84,83.41,32.05,51.57,19.52,19.52
2013,MS,Mathematics,4,Asian,999.00,999.00,999.00,999.00,999.00,999.00,999.00,999.00,999.00,999.00,999.00,999.00
2013,MO,Mathematics,4,Asian,999.00,999.00,999.00,999.00,999.00,999.00,999.00,999.00,999.00,999.00,999.00,999.00
2013,MT,Mathematics,4,Asian,999.00,999.00,999.00,999.00,999.00,999.00,999.00,999.00,999.00,999.00,999.00,999.00
2013,NE,Mathematics,4,Asian,243.05,220.51,249.66,273.26,40.72,21.47,27.61,78.53,35.39,50.93,15.54,15.54
2013,NV,Mathematics,4,Asian,243.58,228.00,245.52,262.90,27.45,13.99,41.43,86.01,37.80,44.58,6.78,6.78
2013,NH,Mathematics,4,Asian,257.34,238.55,263.30,282.39,34.51,12.04,21.39,87.96,40.93,66.57,25.64,25.64
2013,NJ,Mathematics,4,Asian,266.65,250.61,269.57,287.53,29.96,5.56,18.03,94.44,44.61,76.40,31.79,31.79
2013,NM,Mathematics,4,Asian,999.00,999.00,999.00,999.00,999.00,999.00,999.00,999.00,999.00,999.00,999.00,999.00
2013,NY,Mathematics,4,Asian,259.50,243.38,261.90,278.57,28.09,6.77,24.81,93.23,47.48,68.42,20.94,20.94
2013,NC,Mathematics,4,Asian,260.50,238.66,267.78,284.70,33.17,10.65,22.71,89.35,37.51,66.65,29.14,29.14
2013,ND,Mathematics,4,Asian,250.93,231.43,252.31,270.41,26.68,9.46,36.03,90.54,41.33,54.51,13.18,13.18
2013,OH,Mathematics,4,Asian,260.04,241.16,262.13,282.29,30.74,6.71,27.83,93.29,40.04,65.47,25.43,25.43
2013,OK,Mathematics,4,Asian,257.18,236.26,255.79,278.14,27.14,5.26,35.65,94.74,38.21,59.09,20.88,20.88
2013,OR,Mathematics,4,Asian,255.95,235.11,257.36,279.39,33.90,10.64,29.36,89.36,37.49,60.00,22.51,22.51
2013,PA,Mathematics,4,Asian,259.17,241.88,261.11,277.08,29.68,7.65,25.04,92.35,47.96,67.30,19.34,19.34
2013,RI,Mathematics,4,Asian,239.23,222.00,240.04,259.63,30.23,17.91,44.74,82.09,30.07,37.34,7.27,7.27
2013,SC,Mathematics,4,Asian,999.00,999.00,999.00,999.00,999.00,999.00,999.00,999.00,999.00,999.00,999.00,999.00
2013,SD,Mathematics,4,Asian,999.00,999.00,999.00,999.00,999.00,999.00,999.00,999.00,999.00,999.00,999.00,999.00
2013,TN,Mathematics,4,Asian,255.44,237.14,256.95,275.96,30.90,10.84,27.28,89.16,42.62,61.88,19.26,19.26
2013,TX,Mathematics,4,Asian,271.62,254.37,272.31,291.41,28.36,4.04,13.95,95.96,44.48,82.00,37.53,37.53
2013,UT,Mathematics,4,Asian,239.78,219.12,238.01,258.96,31.40,20.65,44.30,79.35,26.32,35.05,8.73,8.73
2013,VT,Mathematics,4,Asian,999.00,999.00,999.00,999.00,999.00,999.00,999.00,999.00,999.00,999.00,999.00,999.00
2013,VA,Mathematics,4,Asian,264.15,244.32,265.82,284.68,27.21,3.42,26.66,96.58,41.56,69.92,28.36,28.36
2013,WA,Mathematics,4,Asian,260.41,240.20,261.48,282.54,31.46,7.66,26.29,92.34,40.40,66.05,25.65,25.65
2013,WV,Mathematics,4,Asian,999.00,999.00,999.00,999.00,999.00,999.00,999.00,999.00,999.00,999.00,999.00,999.00
2013,WI,Mathematics,4,Asian,247.15,225.68,248.61,269.31,31.27,13.55,37.12,86.45,35.73,49.33,13.60,13.60
2013,WY,Mathematics,4,Asian,999.00,999.00,999.00,999.00,999.00,999.00,999.00,999.00,999.00,999.00,999.00,999.00
2013,AL,Mathematics,4,American Indian or Alaskan Native,999.00,999.00,999.00,999.00,999.00,999.00,999.00,999.00,999.00,999.00,999.00,999.00
2013,AK,Mathematics,4,American Indian or Alaskan Native,212.83,190.94,214.01,235.99,32.68,49.83,37.01,50.17,12.02,13.16,1.14,1.14
2013,AZ,Mathematics,4,American Indian or Alaskan Native,221.96,204.72,222.94,241.29,28.34,38.11,45.37,61.89,15.13,16.52,1.39,1.39
2013,AR,Mathematics,4,American Indian or Alaskan Native,999.00,999.00,999.00,999.00,999.00,999.00,999.00,999.00,999.00,999.00,999.00,999.00
2013,CA,Mathematics,4,American Indian or Alaskan Native,999.00,999.00,999.00,999.00,999.00,999.00,999.00,999.00,999.00,999.00,999.00,999.00
2013,CO,Mathematics,4,American Indian or Alaskan Native,999.00,999.00,999.00,999.00,999.00,999.00,999.00,999.00,999.00,999.00,999.00,999.00
2013,CT,Mathematics,4,American Indian or Alaskan Native,999.00,999.00,999.00,999.00,999.00,999.00,999.00,999.00,999.00,999.00,999.00,999.00
2013,DE,Mathematics,4,American Indian or Alaskan Native,999.00,999.00,999.00,999.00,999.00,999.00,999.00,999.00,999.00,999.00,999.00,999.00
2013,DC,Mathematics,4,American Indian or Alaskan Native,999.00,999.00,999.00,999.00,999.00,999.00,999.00,999.00,999.00,999.00,999.00,999.00
2013,FL,Mathematics,4,American Indian or Alaskan Native,999.00,999.00,999.00,999.00,999.00,999.00,999.00,999.00,999.00,999.00,999.00,999.00
2013,GA,Mathematics,4,American Indian or Alaskan Native,999.00,999.00,999.00,999.00,999.00,999.00,999.00,999.00,999.00,999.00,999.00,999.00
2013,HI,Mathematics,4,American Indian or Alaskan Native,999.00,999.00,999.00,999.00,999.00,999.00,999.00,999.00,999.00,999.00,999.00,999.00
2013,ID,Mathematics,4,American Indian or Alaskan Native,999.00,999.00,999.00,999.00,999.00,999.00,999.00,999.00,999.00,999.00,999.00,999.00
2013,IL,Mathematics,4,American Indian or Alaskan Native,999.00,999.00,999.00,999.00,999.00,999.00,999.00,999.00,999.00,999.00,999.00,999.00
2013,IN,Mathematics,4,American Indian or Alaskan Native,999.00,999.00,999.00,999.00,999.00,999.00,999.00,999.00,999.00,999.00,999.00,999.00
2013,IA,Mathematics,4,American Indian or Alaskan Native,999.00,999.00,999.00,999.00,999.00,999.00,999.00,999.00,999.00,999.00,999.00,999.00
2013,KS,Mathematics,4,American Indian or Alaskan Native,999.00,999.00,999.00,999.00,999.00,999.00,999.00,999.00,999.00,999.00,999.00,999.00
2013,KY,Mathematics,4,American Indian or Alaskan Native,999.00,999.00,999.00,999.00,999.00,999.00,999.00,999.00,999.00,999.00,999.00,999.00
2013,LA,Mathematics,4,American Indian or Alaskan Native,999.00,999.00,999.00,999.00,999.00,999.00,999.00,999.00,999.00,999.00,999.00,999.00
2013,ME,Mathematics,4,American Indian or Alaskan Native,999.00,999.00,999.00,999.00,999.00,999.00,999.00,999.00,999.00,999.00,999.00,999.00
2013,MD,Mathematics,4,American Indian or Alaskan Native,999.00,999.00,999.00,999.00,999.00,999.00,999.00,999.00,999.00,999.00,999.00,999.00
2013,MA,Mathematics,4,American Indian or Alaskan Native,999.00,999.00,999.00,999.00,999.00,999.00,999.00,999.00,999.00,999.00,999.00,999.00
2013,MI,Mathematics,4,American Indian or Alaskan Native,999.00,999.00,999.00,999.00,999.00,999.00,999.00,999.00,999.00,999.00,999.00,999.00
2013,MN,Mathematics,4,American Indian or Alaskan Native,999.00,999.00,999.00,999.00,999.00,999.00,999.00,999.00,999.00,999.00,999.00,999.00
2013,MS,Mathematics,4,American Indian or Alaskan Native,999.00,999.00,999.00,999.00,999.00,999.00,999.00,999.00,999.00,999.00,999.00,999.00
2013,MO,Mathematics,4,American Indian or Alaskan Native,999.00,999.00,999.00,999.00,999.00,999.00,999.00,999.00,999.00,999.00,999.00,999.00
2013,MT,Mathematics,4,American Indian or Alaskan Native,222.28,203.98,222.66,241.86,27.36,38.01,44.38,61.99,16.86,17.61,0.75,0.75
2013,NE,Mathematics,4,American Indian or Alaskan Native,999.00,999.00,999.00,999.00,999.00,999.00,999.00,999.00,999.00,999.00,999.00,999.00
2013,NV,Mathematics,4,American Indian or Alaskan Native,999.00,999.00,999.00,999.00,999.00,999.00,999.00,999.00,999.00,999.00,999.00,999.00
2013,NH,Mathematics,4,American Indian or Alaskan Native,999.00,999.00,999.00,999.00,999.00,999.00,999.00,999.00,999.00,999.00,999.00,999.00
2013,NJ,Mathematics,4,American Indian or Alaskan Native,999.00,999.00,999.00,999.00,999.00,999.00,999.00,999.00,999.00,999.00,999.00,999.00
2013,NM,Mathematics,4,American Indian or Alaskan Native,220.13,202.16,221.65,239.17,26.91,39.58,46.73,60.42,13.24,13.69,999.00,999.00
2013,NY,Mathematics,4,American Indian or Alaskan Native,999.00,999.00,999.00,999.00,999.00,999.00,999.00,999.00,999.00,999.00,999.00,999.00
2013,NC,Mathematics,4,American Indian or Alaskan Native,225.28,209.87,227.06,242.37,24.22,31.50,52.21,68.50,15.86,16.28,999.00,999.00
2013,ND,Mathematics,4,American Indian or Alaskan Native,224.75,205.28,223.70,244.59,27.97,36.24,43.24,63.76,18.72,20.52,1.80,1.80
2013,OH,Mathematics,4,American Indian or Alaskan Native,999.00,999.00,999.00,999.00,999.00,999.00,999.00,999.00,999.00,999.00,999.00,999.00
2013,OK,Mathematics,4,American Indian or Alaskan Native,237.71,221.33,238.84,254.92,24.92,17.12,49.33,82.88,30.58,33.54,2.96,2.96
2013,OR,Mathematics,4,American Indian or Alaskan Native,999.00,999.00,999.00,999.00,999.00,999.00,999.00,999.00,999.00,999.00,999.00,999.00
2013,PA,Mathematics,4,American Indian or Alaskan Native,999.00,999.00,999.00,999.00,999.00,999.00,999.00,999.00,999.00,999.00,999.00,999.00
2013,RI,Mathematics,4,American Indian or Alaskan Native,999.00,999.00,999.00,999.00,999.00,999.00,999.00,999.00,999.00,999.00,999.00,999.00
2013,SC,Mathematics,4,American Indian or Alaskan Native,999.00,999.00,999.00,999.00,999.00,999.00,999.00,999.00,999.00,999.00,999.00,999.00
2013,SD,Mathematics,4,American Indian or Alaskan Native,217.20,199.67,217.26,235.35,26.56,44.90,43.25,55.10,11.53,11.85,999.00,999.00
2013,TN,Mathematics,4,American Indian or Alaskan Native,999.00,999.00,999.00,999.00,999.00,999.00,999.00,999.00,999.00,999.00,999.00,999.00
2013,TX,Mathematics,4,American Indian or Alaskan Native,999.00,999.00,999.00,999.00,999.00,999.00,999.00,999.00,999.00,999.00,999.00,999.00
2013,UT,Mathematics,4,American Indian or Alaskan Native,999.00,999.00,999.00,999.00,999.00,999.00,999.00,999.00,999.00,999.00,999.00,999.00
2013,VT,Mathematics,4,American Indian or Alaskan Native,999.00,999.00,999.00,999.00,999.00,999.00,999.00,999.00,999.00,999.00,999.00,999.00
2013,VA,Mathematics,4,American Indian or Alaskan Native,999.00,999.00,999.00,999.00,999.00,999.00,999.00,999.00,999.00,999.00,999.00,999.00
2013,WA,Mathematics,4,American Indian or Alaskan Native,999.00,999.00,999.00,999.00,999.00,999.00,999.00,999.00,999.00,999.00,999.00,999.00
2013,WV,Mathematics,4,American Indian or Alaskan Native,999.00,999.00,999.00,999.00,999.00,999.00,999.00,999.00,999.00,999.00,999.00,999.00
2013,WI,Mathematics,4,American Indian or Alaskan Native,230.84,214.32,230.01,248.55,26.03,24.05,51.84,75.95,21.09,24.11,3.03,3.03
2013,WY,Mathematics,4,American Indian or Alaskan Native,232.34,215.24,230.85,250.05,25.01,23.42,50.62,76.58,24.23,25.97,1.74,1.74
2013,AL,Mathematics,4,Hawaiian,999.00,999.00,999.00,999.00,999.00,999.00,999.00,999.00,999.00,999.00,999.00,999.00
2013,AK,Mathematics,4,Hawaiian,237.86,219.46,238.97,256.70,27.35,19.32,46.07,80.68,30.43,34.61,4.18,4.18
2013,AZ,Mathematics,4,Hawaiian,999.00,999.00,999.00,999.00,999.00,999.00,999.00,999.00,999.00,999.00,999.00,999.00
2013,AR,Mathematics,4,Hawaiian,999.00,999.00,999.00,999.00,999.00,999.00,999.00,999.00,999.00,999.00,999.00,999.00
2013,CA,Mathematics,4,Hawaiian,243.87,220.59,250.04,271.70,38.65,20.97,28.65,79.03,35.82,50.38,14.56,14.56
2013,CO,Mathematics,4,Hawaiian,249.28,231.91,249.96,267.51,26.56,8.98,39.65,91.02,40.85,51.37,10.51,10.51
2013,CT,Mathematics,4,Hawaiian,999.00,999.00,999.00,999.00,999.00,999.00,999.00,999.00,999.00,999.00,999.00,999.00
2013,DE,Mathematics,4,Hawaiian,250.67,236.76,250.84,267.27,24.82,7.00,39.71,93.00,44.27,53.29,9.02,9.02
2013,DC,Mathematics,4,Hawaiian,999.00,999.00,999.00,999.00,999.00,999.00,999.00,999.00,999.00,999.00,999.00,999.00
2013,FL,Mathematics,4,Hawaiian,240.41,224.83,241.26,256.59,23.36,13.45,50.20,86.55,33.02,36.35,3.33,3.33
2013,GA,Mathematics,4,Hawaiian,247.02,227.99,248.24,267.55,30.28,15.72,34.90,84.28,36.69,49.38,12.69,12.69
2013,HI,Mathematics,4,Hawaiian,249.49,230.84,253.28,269.71,29.20,13.00,31.48,87.00,43.82,55.52,11.70,11.70
2013,ID,Mathematics,4,Hawaiian,999.00,999.00,999.00,999.00,999.00,999.00,999.00,999.00,999.00,999.00,999.00,999.00
2013,IL,Mathematics,4,Hawaiian,246.35,227.34,246.73,265.62,31.39,13.33,40.19,86.67,34.97,46.49,11.52,11.52
2013,IN,Mathematics,4,Hawaiian,244.00,227.92,244.06,260.89,26.56,10.40,46.96,89.60,35.56,42.63,7.07,7.07
2013,IA,Mathematics,4,Hawaiian,241.10,221.68,243.38,261.82,30.29,18.51,40.51,81.49,32.22,40.98,8.76,8.76
2013,KS,Mathematics,4,Hawaiian,247.35,230.15,248.27,264.02,24.91,9.46,41.80,90.54,40.51,48.74,8.22,8.22
2013,KY,Mathematics,4,Hawaiian,239.95,223.57,239.55,257.09,26.86,14.37,50.02,85.63,30.64,35.61,4.97,4.97
2013,LA,Mathematics,4,Hawaiian,999.00,999.00,999.00,999.00,999.00,999.00,999.00,999.00,999.00,999.00,999.00,999.00
2013,ME,Mathematics,4,Hawaiian,999.00,999.00,999.00,999.00,999.00,999.00,999.00,999.00,999.00,999.00,999.00,999.00
2013,MD,Mathematics,4,Hawaiian,252.04,233.49,252.77,271.51,28.97,9.86,35.37,90.14,40.85,54.77,13.92,13.92
2013,MA,Mathematics,4,Hawaiian,254.79,238.11,256.12,272.41,26.65,7.18,31.50,92.82,46.17,61.32,15.15,15.15
2013,MI,Mathematics,4,Hawaiian,240.59,222.70,238.93,255.80,28.85,15.96,50.16,84.04,24.10,33.88,9.77,9.77
2013,MN,Mathematics,4,Hawaiian,243.49,221.02,242.84,265.62,29.97,16.94,39.78,83.06,33.06,43.28,10.22,10.22
2013,MS,Mathematics,4,Hawaiian,999.00,999.00,999.00,999.00,999.00,999.00,999.00,999.00,999.00,999.00,999.00,999.00
2013,MO,Mathematics,4,Hawaiian,999.00,999.00,999.00,999.00,999.00,999.00,999.00,999.00,999.00,999.00,999.00,999.00
2013,MT,Mathematics,4,Hawaiian,238.73,222.64,241.77,257.36,28.61,18.87,43.37,81.13,32.78,37.76,4.97,4.97
2013,NE,Mathematics,4,Hawaiian,237.62,217.29,239.39,258.82,31.20,22.34,39.86,77.66,31.30,37.79,6.49,6.49
2013,NV,Mathematics,4,Hawaiian,243.88,227.25,246.19,262.53,26.01,13.31,41.15,86.69,40.13,45.54,5.41,5.41
2013,NH,Mathematics,4,Hawaiian,999.00,999.00,999.00,999.00,999.00,999.00,999.00,999.00,999.00,999.00,999.00,999.00
2013,NJ,Mathematics,4,Hawaiian,999.00,999.00,999.00,999.00,999.00,999.00,999.00,999.00,999.00,999.00,999.00,999.00
2013,NM,Mathematics,4,Hawaiian,999.00,999.00,999.00,999.00,999.00,999.00,999.00,999.00,999.00,999.00,999.00,999.00
2013,NY,Mathematics,4,Hawaiian,999.00,999.00,999.00,999.00,999.00,999.00,999.00,999.00,999.00,999.00,999.00,999.00
2013,NC,Mathematics,4,Hawaiian,247.70,229.53,248.02,265.40,24.13,7.61,43.84,92.39,41.28,48.56,7.27,7.27
2013,ND,Mathematics,4,Hawaiian,999.00,999.00,999.00,999.00,999.00,999.00,999.00,999.00,999.00,999.00,999.00,999.00
2013,OH,Mathematics,4,Hawaiian,240.56,223.36,243.55,258.95,28.06,16.02,42.38,83.98,36.10,41.60,5.50,5.50
2013,OK,Mathematics,4,Hawaiian,238.04,222.32,240.40,256.87,27.59,17.12,46.26,82.88,32.54,36.62,4.08,4.08
2013,OR,Mathematics,4,Hawaiian,243.07,221.19,243.66,265.71,31.02,17.50,39.39,82.50,32.73,43.11,10.38,10.38
2013,PA,Mathematics,4,Hawaiian,236.72,214.13,237.37,259.05,31.07,24.56,38.83,75.44,29.18,36.61,7.43,7.43
2013,RI,Mathematics,4,Hawaiian,237.31,215.72,237.81,261.10,33.12,23.12,39.68,76.88,29.75,37.21,7.46,7.46
2013,SC,Mathematics,4,Hawaiian,238.93,223.55,240.97,256.65,25.71,15.30,48.59,84.70,33.09,36.12,3.03,3.03
2013,SD,Mathematics,4,Hawaiian,999.00,999.00,999.00,999.00,999.00,999.00,999.00,999.00,999.00,999.00,999.00,999.00
2013,TN,Mathematics,4,Hawaiian,999.00,999.00,999.00,999.00,999.00,999.00,999.00,999.00,999.00,999.00,999.00,999.00
2013,TX,Mathematics,4,Hawaiian,253.24,235.42,253.70,273.64,26.46,7.19,35.69,92.81,43.57,57.11,13.54,13.54
2013,UT,Mathematics,4,Hawaiian,999.00,999.00,999.00,999.00,999.00,999.00,999.00,999.00,999.00,999.00,999.00,999.00
2013,VT,Mathematics,4,Hawaiian,247.39,226.73,246.38,268.89,28.85,12.70,41.45,87.30,32.70,45.85,13.15,13.15
2013,VA,Mathematics,4,Hawaiian,250.36,232.75,251.41,271.97,29.33,9.81,36.78,90.19,39.68,53.41,13.73,13.73
2013,WA,Mathematics,4,Hawaiian,248.46,228.49,249.23,267.19,28.83,12.46,37.20,87.54,38.62,50.34,11.72,11.72
2013,WV,Mathematics,4,Hawaiian,999.00,999.00,999.00,999.00,999.00,999.00,999.00,999.00,999.00,999.00,999.00,999.00
2013,WI,Mathematics,4,Hawaiian,999.00,999.00,999.00,999.00,999.00,999.00,999.00,999.00,999.00,999.00,999.00,999.00
2013,WY,Mathematics,4,Hawaiian,999.00,999.00,999.00,999.00,999.00,999.00,999.00,999.00,999.00,999.00,999.00,999.00
2013,AL,Mathematics,4,Multiracial,N/A,N/A,N/A,N/A,N/A,N/A,N/A,N/A,N/A,N/A,N/A,N/A
2013,AK,Mathematics,4,Multiracial,N/A,N/A,N/A,N/A,N/A,N/A,N/A,N/A,N/A,N/A,N/A,N/A
2013,AZ,Mathematics,4,Multiracial,N/A,N/A,N/A,N/A,N/A,N/A,N/A,N/A,N/A,N/A,N/A,N/A
2013,AR,Mathematics,4,Multiracial,N/A,N/A,N/A,N/A,N/A,N/A,N/A,N/A,N/A,N/A,N/A,N/A
2013,CA,Mathematics,4,Multiracial,N/A,N/A,N/A,N/A,N/A,N/A,N/A,N/A,N/A,N/A,N/A,N/A
2013,CO,Mathematics,4,Multiracial,N/A,N/A,N/A,N/A,N/A,N/A,N/A,N/A,N/A,N/A,N/A,N/A
2013,CT,Mathematics,4,Multiracial,N/A,N/A,N/A,N/A,N/A,N/A,N/A,N/A,N/A,N/A,N/A,N/A
2013,DE,Mathematics,4,Multiracial,N/A,N/A,N/A,N/A,N/A,N/A,N/A,N/A,N/A,N/A,N/A,N/A
2013,DC,Mathematics,4,Multiracial,N/A,N/A,N/A,N/A,N/A,N/A,N/A,N/A,N/A,N/A,N/A,N/A
2013,FL,Mathematics,4,Multiracial,N/A,N/A,N/A,N/A,N/A,N/A,N/A,N/A,N/A,N/A,N/A,N/A
2013,GA,Mathematics,4,Multiracial,N/A,N/A,N/A,N/A,N/A,N/A,N/A,N/A,N/A,N/A,N/A,N/A
2013,HI,Mathematics,4,Multiracial,N/A,N/A,N/A,N/A,N/A,N/A,N/A,N/A,N/A,N/A,N/A,N/A
2013,ID,Mathematics,4,Multiracial,N/A,N/A,N/A,N/A,N/A,N/A,N/A,N/A,N/A,N/A,N/A,N/A
2013,IL,Mathematics,4,Multiracial,N/A,N/A,N/A,N/A,N/A,N/A,N/A,N/A,N/A,N/A,N/A,N/A
2013,IN,Mathematics,4,Multiracial,N/A,N/A,N/A,N/A,N/A,N/A,N/A,N/A,N/A,N/A,N/A,N/A
2013,IA,Mathematics,4,Multiracial,N/A,N/A,N/A,N/A,N/A,N/A,N/A,N/A,N/A,N/A,N/A,N/A
2013,KS,Mathematics,4,Multiracial,N/A,N/A,N/A,N/A,N/A,N/A,N/A,N/A,N/A,N/A,N/A,N/A
2013,KY,Mathematics,4,Multiracial,N/A,N/A,N/A,N/A,N/A,N/A,N/A,N/A,N/A,N/A,N/A,N/A
2013,LA,Mathematics,4,Multiracial,N/A,N/A,N/A,N/A,N/A,N/A,N/A,N/A,N/A,N/A,N/A,N/A
2013,ME,Mathematics,4,Multiracial,N/A,N/A,N/A,N/A,N/A,N/A,N/A,N/A,N/A,N/A,N/A,N/A
2013,MD,Mathematics,4,Multiracial,N/A,N/A,N/A,N/A,N/A,N/A,N/A,N/A,N/A,N/A,N/A,N/A
2013,MA,Mathematics,4,Multiracial,N/A,N/A,N/A,N/A,N/A,N/A,N/A,N/A,N/A,N/A,N/A,N/A
2013,MI,Mathematics,4,Multiracial,N/A,N/A,N/A,N/A,N/A,N/A,N/A,N/A,N/A,N/A,N/A,N/A
2013,MN,Mathematics,4,Multiracial,N/A,N/A,N/A,N/A,N/A,N/A,N/A,N/A,N/A,N/A,N/A,N/A
2013,MS,Mathematics,4,Multiracial,N/A,N/A,N/A,N/A,N/A,N/A,N/A,N/A,N/A,N/A,N/A,N/A
2013,MO,Mathematics,4,Multiracial,N/A,N/A,N/A,N/A,N/A,N/A,N/A,N/A,N/A,N/A,N/A,N/A
2013,MT,Mathematics,4,Multiracial,N/A,N/A,N/A,N/A,N/A,N/A,N/A,N/A,N/A,N/A,N/A,N/A
2013,NE,Mathematics,4,Multiracial,N/A,N/A,N/A,N/A,N/A,N/A,N/A,N/A,N/A,N/A,N/A,N/A
2013,NV,Mathematics,4,Multiracial,N/A,N/A,N/A,N/A,N/A,N/A,N/A,N/A,N/A,N/A,N/A,N/A
2013,NH,Mathematics,4,Multiracial,N/A,N/A,N/A,N/A,N/A,N/A,N/A,N/A,N/A,N/A,N/A,N/A
2013,NJ,Mathematics,4,Multiracial,N/A,N/A,N/A,N/A,N/A,N/A,N/A,N/A,N/A,N/A,N/A,N/A
2013,NM,Mathematics,4,Multiracial,N/A,N/A,N/A,N/A,N/A,N/A,N/A,N/A,N/A,N/A,N/A,N/A
2013,NY,Mathematics,4,Multiracial,N/A,N/A,N/A,N/A,N/A,N/A,N/A,N/A,N/A,N/A,N/A,N/A
2013,NC,Mathematics,4,Multiracial,N/A,N/A,N/A,N/A,N/A,N/A,N/A,N/A,N/A,N/A,N/A,N/A
2013,ND,Mathematics,4,Multiracial,N/A,N/A,N/A,N/A,N/A,N/A,N/A,N/A,N/A,N/A,N/A,N/A
2013,OH,Mathematics,4,Multiracial,N/A,N/A,N/A,N/A,N/A,N/A,N/A,N/A,N/A,N/A,N/A,N/A
2013,OK,Mathematics,4,Multiracial,N/A,N/A,N/A,N/A,N/A,N/A,N/A,N/A,N/A,N/A,N/A,N/A
2013,OR,Mathematics,4,Multiracial,N/A,N/A,N/A,N/A,N/A,N/A,N/A,N/A,N/A,N/A,N/A,N/A
2013,PA,Mathematics,4,Multiracial,N/A,N/A,N/A,N/A,N/A,N/A,N/A,N/A,N/A,N/A,N/A,N/A
2013,RI,Mathematics,4,Multiracial,N/A,N/A,N/A,N/A,N/A,N/A,N/A,N/A,N/A,N/A,N/A,N/A
2013,SC,Mathematics,4,Multiracial,N/A,N/A,N/A,N/A,N/A,N/A,N/A,N/A,N/A,N/A,N/A,N/A
2013,SD,Mathematics,4,Multiracial,N/A,N/A,N/A,N/A,N/A,N/A,N/A,N/A,N/A,N/A,N/A,N/A
2013,TN,Mathematics,4,Multiracial,N/A,N/A,N/A,N/A,N/A,N/A,N/A,N/A,N/A,N/A,N/A,N/A
2013,TX,Mathematics,4,Multiracial,N/A,N/A,N/A,N/A,N/A,N/A,N/A,N/A,N/A,N/A,N/A,N/A
2013,UT,Mathematics,4,Multiracial,N/A,N/A,N/A,N/A,N/A,N/A,N/A,N/A,N/A,N/A,N/A,N/A
2013,VT,Mathematics,4,Multiracial,N/A,N/A,N/A,N/A,N/A,N/A,N/A,N/A,N/A,N/A,N/A,N/A
2013,VA,Mathematics,4,Multiracial,N/A,N/A,N/A,N/A,N/A,N/A,N/A,N/A,N/A,N/A,N/A,N/A
2013,WA,Mathematics,4,Multiracial,N/A,N/A,N/A,N/A,N/A,N/A,N/A,N/A,N/A,N/A,N/A,N/A
2013,WV,Mathematics,4,Multiracial,N/A,N/A,N/A,N/A,N/A,N/A,N/A,N/A,N/A,N/A,N/A,N/A
2013,WI,Mathematics,4,Multiracial,N/A,N/A,N/A,N/A,N/A,N/A,N/A,N/A,N/A,N/A,N/A,N/A
2013,WY,Mathematics,4,Multiracial,N/A,N/A,N/A,N/A,N/A,N/A,N/A,N/A,N/A,N/A,N/A,N/A
2013,AL,Mathematics,8,All,269.19,247.03,270.04,292.99,35.71,40.18,40.08,59.82,16.41,19.74,3.33,3.33
2013,AK,Mathematics,8,All,281.56,258.21,283.48,307.16,36.80,28.15,38.82,71.85,25.97,33.03,7.06,7.06
2013,AZ,Mathematics,8,All,279.72,255.00,280.72,304.80,36.94,31.19,38.24,68.81,23.54,30.57,7.03,7.03
2013,AR,Mathematics,8,All,277.91,255.59,279.26,301.76,34.09,30.96,41.36,69.04,23.17,27.68,4.51,4.51
2013,CA,Mathematics,8,All,275.90,250.49,276.52,301.95,38.24,35.31,37.12,64.69,21.12,27.58,6.45,6.45
2013,CO,Mathematics,8,All,289.68,264.71,291.16,316.43,37.45,23.04,35.04,76.96,29.77,41.91,12.14,12.14
2013,CT,Mathematics,8,All,285.24,260.61,286.49,312.00,37.69,26.18,36.71,73.82,27.03,37.11,10.08,10.08
2013,DE,Mathematics,8,All,282.34,257.81,282.15,307.26,36.07,28.74,38.55,71.26,24.71,32.71,8.01,8.01
2013,DC,Mathematics,8,All,265.26,239.77,265.44,290.71,38.62,46.41,34.75,53.59,14.61,18.84,4.23,4.23
2013,FL,Mathematics,8,All,280.86,257.18,281.02,305.02,34.82,29.61,39.64,70.39,24.15,30.75,6.60,6.60
2013,GA,Mathematics,8,All,279.18,254.95,279.13,303.76,36.59,31.61,39.02,68.39,22.32,29.37,7.05,7.05
2013,HI,Mathematics,8,All,281.41,258.08,283.58,306.11,36.69,28.35,39.32,71.65,25.06,32.33,7.27,7.27
2013,ID,Mathematics,8,All,286.41,265.07,287.68,309.49,33.03,22.27,41.26,77.73,29.31,36.46,7.15,7.15
2013,IL,Mathematics,8,All,284.90,260.62,286.16,310.79,37.50,26.15,37.39,73.85,27.02,36.46,9.44,9.44
2013,IN,Mathematics,8,All,287.77,264.89,288.60,311.92,35.40,22.60,39.30,77.40,28.22,38.10,9.87,9.87
2013,IA,Mathematics,8,All,285.07,262.96,286.58,309.18,34.49,24.18,40.03,75.82,28.58,35.79,7.20,7.20
2013,KS,Mathematics,8,All,289.52,266.95,290.36,313.92,34.23,20.76,38.75,79.24,30.57,40.48,9.91,9.91
2013,KY,Mathematics,8,All,280.65,258.04,280.80,304.13,34.29,28.76,41.21,71.24,23.97,30.03,6.06,6.06
2013,LA,Mathematics,8,All,272.76,251.80,272.59,294.24,32.90,36.37,42.80,63.63,17.55,20.83,3.28,3.28
2013,ME,Mathematics,8,All,288.73,265.93,289.73,312.70,34.46,21.63,38.85,78.37,29.74,39.52,9.78,9.78
2013,MD,Mathematics,8,All,286.64,260.79,286.60,312.59,38.17,26.04,36.53,73.96,25.83,37.43,11.60,11.60
2013,MA,Mathematics,8,All,300.57,277.71,303.08,325.73,36.05,14.35,31.02,85.65,36.40,54.63,18.23,18.23
2013,MI,Mathematics,8,All,280.13,256.63,281.07,304.80,36.27,29.68,39.86,70.32,23.81,30.45,6.65,6.65
2013,MN,Mathematics,8,All,294.59,272.11,296.54,319.93,36.85,17.47,35.37,82.53,32.69,47.16,14.48,14.48
2013,MS,Mathematics,8,All,271.16,248.02,272.43,295.07,34.23,38.56,40.14,61.44,18.30,21.30,3.00,3.00
2013,MO,Mathematics,8,All,282.99,260.97,283.97,306.36,34.05,25.91,41.48,74.09,26.04,32.62,6.58,6.58
2013,MT,Mathematics,8,All,289.23,267.89,290.64,312.29,33.32,20.01,40.35,79.99,30.75,39.64,8.89,8.89
2013,NE,Mathematics,8,All,285.06,263.55,287.05,308.65,34.14,23.76,40.69,76.24,28.56,35.56,6.99,6.99
2013,NV,Mathematics,8,All,278.29,255.22,278.90,302.60,34.96,31.71,39.96,68.29,22.79,28.33,5.54,5.54
2013,NH,Mathematics,8,All,295.67,273.37,296.22,319.40,33.70,15.65,37.59,84.35,33.29,46.76,13.47,13.47
2013,NJ,Mathematics,8,All,296.05,272.21,298.04,321.84,36.64,17.57,33.53,82.43,33.30,48.89,15.59,15.59
2013,NM,Mathematics,8,All,272.76,249.94,272.58,296.28,34.77,37.49,39.85,62.51,18.48,22.66,4.18,4.18
2013,NY,Mathematics,8,All,281.81,258.15,282.66,306.60,36.23,28.32,39.39,71.68,24.68,32.29,7.62,7.62
2013,NC,Mathematics,8,All,285.65,261.95,286.09,310.70,35.99,25.06,38.67,74.94,26.96,36.27,9.31,9.31
2013,ND,Mathematics,8,All,290.52,269.99,291.64,312.90,31.64,18.00,41.41,82.00,32.14,40.59,8.44,8.44
2013,OH,Mathematics,8,All,289.53,266.57,290.44,314.11,35.27,21.10,38.74,78.90,29.56,40.16,10.60,10.60
2013,OK,Mathematics,8,All,275.51,254.70,276.97,299.04,34.26,32.17,42.82,67.83,21.31,25.01,3.69,3.69
2013,OR,Mathematics,8,All,283.52,259.92,284.78,308.34,36.50,26.90,38.81,73.10,26.17,34.29,8.12,8.12
2013,PA,Mathematics,8,All,289.62,266.40,291.77,314.43,35.31,21.52,36.59,78.48,31.71,41.88,10.17,10.17
2013,RI,Mathematics,8,All,284.09,260.96,286.00,310.42,37.09,25.81,38.21,74.19,27.68,35.98,8.30,8.30
2013,SC,Mathematics,8,All,279.82,255.05,280.07,305.86,37.09,31.39,37.76,68.61,23.33,30.84,7.51,7.51
2013,SD,Mathematics,8,All,287.27,266.60,289.89,310.56,33.70,21.28,40.34,78.72,31.01,38.38,7.37,7.37
2013,TN,Mathematics,8,All,277.72,255.27,279.60,301.65,35.54,31.05,41.42,68.95,22.46,27.53,5.07,5.07
2013,TX,Mathematics,8,All,288.20,267.21,289.13,310.50,32.72,20.22,41.85,79.78,30.15,37.92,7.77,7.77
2013,UT,Mathematics,8,All,284.33,261.55,287.00,309.62,36.02,25.38,38.44,74.62,28.68,36.18,7.50,7.50
2013,VT,Mathematics,8,All,295.47,272.87,296.36,319.82,35.08,16.47,36.67,83.53,32.63,46.86,14.23,14.23
2013,VA,Mathematics,8,All,288.14,264.71,288.48,311.73,35.37,22.68,39.23,77.32,27.85,38.09,10.25,10.25
2013,WA,Mathematics,8,All,289.96,267.00,291.70,315.32,37.14,21.14,36.97,78.86,30.17,41.88,11.71,11.71
2013,WV,Mathematics,8,All,274.43,252.51,275.48,297.50,33.22,34.63,41.86,65.37,20.33,23.51,3.18,3.18
2013,WI,Mathematics,8,All,288.75,265.66,289.99,313.53,35.33,22.04,38.12,77.96,29.34,39.84,10.50,10.50
2013,WY,Mathematics,8,All,288.12,268.06,289.29,309.75,30.91,19.35,42.83,80.65,31.26,37.82,6.56,6.56
2013,AL,Mathematics,8,White,279.57,259.68,280.05,301.54,32.64,27.54,44.87,72.46,22.96,27.59,4.63,4.63
2013,AK,Mathematics,8,White,294.47,273.51,295.66,317.60,33.12,15.38,38.57,84.62,34.64,46.05,11.41,11.41
2013,AZ,Mathematics,8,White,293.82,272.29,295.01,316.95,35.07,17.03,37.88,82.97,32.45,45.09,12.64,12.64
2013,AR,Mathematics,8,White,285.51,265.42,286.33,307.35,31.81,21.89,43.87,78.11,28.14,34.23,6.09,6.09
2013,CA,Mathematics,8,White,291.30,270.59,292.88,313.99,33.67,18.30,39.36,81.70,32.58,42.35,9.77,9.77
2013,CO,Mathematics,8,White,299.87,278.92,301.40,323.36,33.86,12.89,34.14,87.11,36.92,52.96,16.05,16.05
2013,CT,Mathematics,8,White,296.61,274.62,297.01,319.34,32.09,14.21,38.14,85.79,34.37,47.65,13.28,13.28
2013,DE,Mathematics,8,White,293.50,271.34,294.31,316.83,33.35,17.41,37.93,82.59,33.16,44.66,11.50,11.50
2013,DC,Mathematics,8,White,317.11,299.57,319.42,340.05,32.28,5.70,18.88,94.30,42.38,75.42,33.04,33.04
2013,FL,Mathematics,8,White,290.93,269.06,291.22,313.27,32.09,18.54,41.05,81.46,30.84,40.41,9.58,9.58
2013,GA,Mathematics,8,White,291.52,269.67,292.18,314.28,33.53,18.51,39.42,81.49,31.52,42.07,10.55,10.55
2013,HI,Mathematics,8,White,290.43,270.00,292.45,312.70,32.51,18.65,40.16,81.35,32.40,41.19,8.79,8.79
2013,ID,Mathematics,8,White,290.74,270.89,291.96,312.31,31.24,17.25,41.71,82.75,33.15,41.05,7.90,7.90
2013,IL,Mathematics,8,White,295.94,275.14,297.28,319.06,33.75,15.01,37.07,84.99,34.73,47.92,13.19,13.19
2013,IN,Mathematics,8,White,292.89,270.92,293.81,316.50,34.58,17.69,38.43,82.31,31.79,43.87,12.08,12.08
2013,IA,Mathematics,8,White,288.88,267.88,290.43,311.67,32.68,19.81,40.62,80.19,31.80,39.57,7.76,7.76
2013,KS,Mathematics,8,White,295.09,273.84,296.14,318.10,32.18,15.13,38.06,84.87,35.02,46.81,11.79,11.79
2013,KY,Mathematics,8,White,283.42,261.41,283.75,306.33,33.31,25.49,41.86,74.51,26.09,32.65,6.56,6.56
2013,LA,Mathematics,8,White,284.55,265.28,284.12,304.67,30.10,21.50,47.53,78.50,25.86,30.98,5.12,5.12
2013,ME,Mathematics,8,White,289.67,266.93,290.57,313.36,34.10,20.65,38.92,79.35,30.41,40.43,10.01,10.01
2013,MD,Mathematics,8,White,298.86,274.51,300.00,324.46,35.08,15.34,33.58,84.66,33.55,51.07,17.52,17.52
2013,MA,Mathematics,8,White,307.47,286.98,309.38,329.32,31.50,8.31,28.77,91.69,41.81,62.92,21.11,21.11
2013,MI,Mathematics,8,White,286.75,266.09,287.06,308.62,32.47,21.22,43.15,78.78,28.40,35.63,7.23,7.23
2013,MN,Mathematics,8,White,301.22,280.62,302.25,324.13,33.33,11.25,34.61,88.75,37.17,54.13,16.96,16.96
2013,MS,Mathematics,8,White,284.78,265.12,285.66,305.43,30.29,21.93,45.50,78.07,27.42,32.57,5.15,5.15
2013,MO,Mathematics,8,White,288.27,267.52,288.74,310.52,32.12,19.93,42.47,80.07,29.80,37.60,7.80,7.80
2013,MT,Mathematics,8,White,293.47,273.61,294.46,315.27,31.59,15.53,40.39,84.47,33.98,44.08,10.10,10.10
2013,NE,Mathematics,8,White,292.19,272.97,293.11,312.68,30.32,15.12,42.82,84.88,33.74,42.06,8.32,8.32
2013,NV,Mathematics,8,White,288.78,267.12,290.69,311.92,33.28,20.76,39.11,79.24,31.97,40.14,8.17,8.17
2013,NH,Mathematics,8,White,296.89,275.48,297.24,319.65,32.33,13.88,38.21,86.12,34.52,47.90,13.38,13.38
2013,NJ,Mathematics,8,White,303.31,283.13,305.10,326.24,32.72,10.76,31.49,89.24,39.57,57.75,18.18,18.18
2013,NM,Mathematics,8,White,289.41,266.97,290.17,313.20,33.84,20.23,39.57,79.77,30.39,40.20,9.81,9.81
2013,NY,Mathematics,8,White,293.66,273.68,294.23,315.17,31.30,14.73,41.42,85.27,33.87,43.85,9.99,9.99
2013,NC,Mathematics,8,White,296.12,274.20,297.35,319.86,33.71,14.92,36.96,85.08,34.56,48.12,13.56,13.56
2013,ND,Mathematics,8,White,294.32,274.67,294.76,315.36,29.73,13.69,41.95,86.31,34.86,44.36,9.50,9.50
2013,OH,Mathematics,8,White,294.21,272.86,295.06,317.41,33.60,16.17,38.61,83.83,33.11,45.22,12.11,12.11
2013,OK,Mathematics,8,White,281.00,261.63,282.21,303.00,32.31,25.33,45.25,74.67,25.12,29.41,4.29,4.29
2013,OR,Mathematics,8,White,289.68,267.54,290.73,312.88,34.03,20.24,39.69,79.76,30.44,40.08,9.64,9.64
2013,PA,Mathematics,8,White,297.00,276.64,298.57,318.72,31.74,13.52,37.01,86.48,37.29,49.47,12.18,12.18
2013,RI,Mathematics,8,White,293.58,272.58,295.05,317.60,33.41,16.40,38.39,83.60,34.09,45.21,11.13,11.13
2013,SC,Mathematics,8,White,291.82,269.11,292.33,316.23,34.33,18.76,38.61,81.24,31.22,42.63,11.41,11.41
2013,SD,Mathematics,8,White,293.59,275.10,295.31,314.04,30.34,14.08,41.36,85.92,35.98,44.56,8.58,8.58
2013,TN,Mathematics,8,White,283.88,262.93,285.16,306.20,33.21,24.22,43.22,75.78,26.42,32.57,6.14,6.14
2013,TX,Mathematics,8,White,300.02,281.35,301.04,319.77,28.96,9.19,37.98,90.81,40.99,52.82,11.83,11.83
2013,UT,Mathematics,8,White,290.57,269.92,292.64,313.56,33.41,18.70,39.38,81.30,32.79,41.93,9.14,9.14
2013,VT,Mathematics,8,White,296.49,274.18,297.02,320.21,34.30,15.23,37.17,84.77,33.11,47.60,14.49,14.49
2013,VA,Mathematics,8,White,295.91,274.85,296.72,318.06,33.08,14.84,38.01,85.16,34.27,47.15,12.88,12.88
2013,WA,Mathematics,8,White,295.92,274.58,297.22,319.56,34.63,15.46,36.56,84.54,34.15,47.99,13.84,13.84
2013,WV,Mathematics,8,White,274.97,253.35,276.12,297.97,33.00,33.84,42.20,66.16,20.83,23.96,3.14,3.14
2013,WI,Mathematics,8,White,295.60,274.69,296.39,318.04,32.24,14.82,38.38,85.18,34.15,46.81,12.66,12.66
2013,WY,Mathematics,8,White,290.46,270.62,291.42,311.77,30.16,17.05,42.52,82.95,33.14,40.43,7.29,7.29
2013,AL,Mathematics,8,Black,250.16,230.35,251.64,271.82,32.63,63.09,31.37,36.91,5.10,5.54,999.00,999.00
2013,AK,Mathematics,8,Black,269.88,246.44,269.54,293.38,33.95,41.54,38.33,58.46,16.60,20.13,3.53,3.53
2013,AZ,Mathematics,8,Black,265.55,239.64,265.70,291.96,36.65,46.35,34.41,53.65,16.66,19.24,2.58,2.58
2013,AR,Mathematics,8,Black,254.99,233.96,254.21,276.22,31.27,59.40,31.58,40.60,8.77,9.02,999.00,999.00
2013,CA,Mathematics,8,Black,257.98,236.29,258.58,279.94,33.91,54.53,34.14,45.47,9.81,11.33,1.52,1.52
2013,CO,Mathematics,8,Black,260.10,236.25,260.58,284.57,36.64,51.61,33.36,48.39,12.97,15.03,2.06,2.06
2013,CT,Mathematics,8,Black,260.43,238.23,260.66,284.62,33.45,51.51,35.62,48.49,11.98,12.88,0.90,0.90
2013,DE,Mathematics,8,Black,264.42,243.62,264.51,285.19,31.50,46.74,39.76,53.26,12.01,13.51,1.49,1.49
2013,DC,Mathematics,8,Black,260.70,237.26,261.66,284.92,35.37,50.44,35.77,49.56,12.01,13.79,1.78,1.78
2013,FL,Mathematics,8,Black,263.78,242.51,262.64,284.24,31.61,49.26,36.67,50.74,12.47,14.07,1.61,1.61
2013,GA,Mathematics,8,Black,262.32,241.07,263.04,284.20,32.73,48.67,38.89,51.33,10.89,12.44,1.54,1.54
2013,HI,Mathematics,8,Black,999.00,999.00,999.00,999.00,999.00,999.00,999.00,999.00,999.00,999.00,999.00,999.00
2013,ID,Mathematics,8,Black,999.00,999.00,999.00,999.00,999.00,999.00,999.00,999.00,999.00,999.00,999.00,999.00
2013,IL,Mathematics,8,Black,260.47,239.00,260.97,283.05,32.45,51.20,36.73,48.80,11.44,12.07,0.63,0.63
2013,IN,Mathematics,8,Black,265.09,243.81,266.16,287.39,32.87,45.08,40.24,54.92,13.04,14.69,1.65,1.65
2013,IA,Mathematics,8,Black,254.53,231.37,252.55,277.43,33.32,61.09,28.90,38.91,8.82,10.01,1.18,1.18
2013,KS,Mathematics,8,Black,267.87,244.67,266.92,290.75,34.02,44.28,37.95,55.72,14.84,17.77,2.93,2.93
2013,KY,Mathematics,8,Black,260.19,239.02,260.91,282.19,31.68,51.26,37.99,48.74,10.02,10.75,0.73,0.73
2013,LA,Mathematics,8,Black,259.13,240.19,260.02,278.53,29.61,52.87,38.38,47.13,8.19,8.75,0.56,0.56
2013,ME,Mathematics,8,Black,261.82,236.63,261.81,284.05,36.32,49.90,36.51,50.10,10.06,13.58,3.52,3.52
2013,MD,Mathematics,8,Black,268.40,246.19,269.64,291.33,32.96,41.26,40.82,58.74,15.98,17.92,1.94,1.94
2013,MA,Mathematics,8,Black,277.17,252.89,279.08,301.85,37.69,32.80,39.47,67.20,21.33,27.73,6.39,6.39
2013,MI,Mathematics,8,Black,251.01,229.61,250.62,272.37,33.26,63.88,29.06,36.12,5.91,7.06,1.15,1.15
2013,MN,Mathematics,8,Black,260.07,235.49,263.01,286.53,38.59,49.05,36.30,50.95,12.37,14.65,2.28,2.28
2013,MS,Mathematics,8,Black,254.92,233.97,255.12,276.43,31.19,58.44,33.62,41.56,7.68,7.94,999.00,999.00
2013,MO,Mathematics,8,Black,260.40,238.77,261.18,282.76,32.32,51.24,37.13,48.76,10.68,11.63,0.95,0.95
2013,MT,Mathematics,8,Black,999.00,999.00,999.00,999.00,999.00,999.00,999.00,999.00,999.00,999.00,999.00,999.00
2013,NE,Mathematics,8,Black,250.45,229.33,248.75,273.04,32.62,65.03,27.19,34.97,7.53,7.78,999.00,999.00
2013,NV,Mathematics,8,Black,262.75,243.18,262.53,283.81,32.06,49.05,38.60,50.95,10.76,12.35,1.59,1.59
2013,NH,Mathematics,8,Black,999.00,999.00,999.00,999.00,999.00,999.00,999.00,999.00,999.00,999.00,999.00,999.00
2013,NJ,Mathematics,8,Black,274.21,252.32,274.92,297.68,34.16,35.01,41.31,64.99,20.04,23.68,3.64,3.64
2013,NM,Mathematics,8,Black,258.42,235.35,257.35,278.03,34.20,56.49,31.46,43.51,9.49,12.05,2.55,2.55
2013,NY,Mathematics,8,Black,261.52,240.30,261.63,283.71,32.16,50.44,37.23,49.56,11.23,12.33,1.09,1.09
2013,NC,Mathematics,8,Black,268.29,246.90,268.66,290.21,32.31,41.73,41.30,58.27,14.90,16.97,2.07,2.07
2013,ND,Mathematics,8,Black,271.56,245.76,269.58,299.18,36.76,41.25,33.79,58.75,20.59,24.96,4.37,4.37
2013,OH,Mathematics,8,Black,266.72,245.85,266.12,287.71,31.67,44.26,40.04,55.74,14.39,15.69,1.30,1.30
2013,OK,Mathematics,8,Black,255.62,232.92,258.28,278.60,34.33,54.23,36.38,45.77,8.58,9.39,0.81,0.81
2013,OR,Mathematics,8,Black,999.00,999.00,999.00,999.00,999.00,999.00,999.00,999.00,999.00,999.00,999.00,999.00
2013,PA,Mathematics,8,Black,261.66,240.27,261.11,283.43,32.62,51.15,35.86,48.85,11.69,12.99,1.31,1.31
2013,RI,Mathematics,8,Black,262.83,241.18,263.18,286.29,33.92,48.27,37.19,51.73,13.15,14.53,1.39,1.39
2013,SC,Mathematics,8,Black,261.00,239.33,260.79,282.97,33.32,51.60,35.74,48.40,11.06,12.66,1.60,1.60
2013,SD,Mathematics,8,Black,254.45,229.24,257.59,279.71,36.00,54.58,34.97,45.42,9.96,10.45,999.00,999.00
2013,TN,Mathematics,8,Black,256.74,234.76,258.05,280.61,34.17,54.28,36.05,45.72,8.79,9.67,0.88,0.88
2013,TX,Mathematics,8,Black,272.51,252.51,274.46,295.06,33.22,34.62,43.92,65.38,19.05,21.46,2.41,2.41
2013,UT,Mathematics,8,Black,999.00,999.00,999.00,999.00,999.00,999.00,999.00,999.00,999.00,999.00,999.00,999.00
2013,VT,Mathematics,8,Black,258.20,228.86,256.38,290.31,39.13,54.79,27.24,45.21,16.16,17.97,1.81,1.81
2013,VA,Mathematics,8,Black,266.75,246.37,266.84,287.28,31.43,43.44,41.59,56.56,13.04,14.97,1.93,1.93
2013,WA,Mathematics,8,Black,268.67,244.91,272.42,296.69,38.68,40.59,36.76,59.41,20.07,22.65,2.59,2.59
2013,WV,Mathematics,8,Black,263.74,240.84,264.82,285.91,32.73,47.51,39.31,52.49,11.42,13.18,1.76,1.76
2013,WI,Mathematics,8,Black,252.39,229.90,251.80,274.12,32.91,62.22,29.53,37.78,7.57,8.24,0.67,0.67
2013,WY,Mathematics,8,Black,999.00,999.00,999.00,999.00,999.00,999.00,999.00,999.00,999.00,999.00,999.00,999.00
2013,AL,Mathematics,8,Hispanic,257.07,240.49,261.07,277.26,30.16,51.83,42.13,48.17,6.04,6.04,999.00,999.00
2013,AK,Mathematics,8,Hispanic,276.66,256.39,280.15,297.95,33.68,29.71,46.40,70.29,19.84,23.89,4.05,4.05
2013,AZ,Mathematics,8,Hispanic,269.10,246.97,269.42,292.19,33.21,41.41,40.06,58.59,16.14,18.52,2.38,2.38
2013,AR,Mathematics,8,Hispanic,273.51,254.52,276.24,294.26,30.46,32.25,48.09,67.75,18.14,19.66,1.52,1.52
2013,CA,Mathematics,8,Hispanic,263.21,241.19,264.52,286.69,34.31,47.23,38.25,52.77,12.98,14.53,1.54,1.54
2013,CO,Mathematics,8,Hispanic,272.83,248.72,272.01,296.58,34.87,39.30,37.82,60.70,18.47,22.89,4.42,4.42
2013,CT,Mathematics,8,Hispanic,257.84,234.49,258.77,282.61,35.42,53.29,34.55,46.71,10.78,12.16,1.38,1.38
2013,DE,Mathematics,8,Hispanic,275.93,254.34,276.63,299.45,34.54,32.60,41.90,67.40,21.06,25.50,4.43,4.43
2013,DC,Mathematics,8,Hispanic,265.02,241.72,267.15,292.52,40.31,44.60,35.83,55.40,15.66,19.56,3.90,3.90
2013,FL,Mathematics,8,Hispanic,274.41,252.03,275.49,297.94,34.34,35.17,40.73,64.83,20.16,24.09,3.93,3.93
2013,GA,Mathematics,8,Hispanic,275.87,254.63,276.62,298.03,32.44,32.60,43.12,67.40,20.61,24.28,3.68,3.68
2013,HI,Mathematics,8,Hispanic,279.64,256.87,279.75,302.09,37.28,29.89,42.41,70.11,20.56,27.70,7.14,7.14
2013,ID,Mathematics,8,Hispanic,267.54,247.72,267.07,287.15,30.72,42.91,42.28,57.09,12.86,14.80,1.95,1.95
2013,IL,Mathematics,8,Hispanic,272.31,250.74,273.57,296.16,33.69,35.93,41.69,64.07,20.05,22.38,2.33,2.33
2013,IN,Mathematics,8,Hispanic,278.45,258.43,278.93,298.29,29.85,28.77,46.77,71.23,21.48,24.46,2.98,2.98
2013,IA,Mathematics,8,Hispanic,265.36,247.27,267.32,285.69,32.92,41.75,44.98,58.25,11.43,13.27,1.84,1.84
2013,KS,Mathematics,8,Hispanic,275.80,254.58,275.73,298.29,32.47,32.53,43.29,67.47,20.56,24.18,3.62,3.62
2013,KY,Mathematics,8,Hispanic,268.96,248.19,269.56,289.43,33.32,40.25,43.05,59.75,13.94,16.70,2.76,2.76
2013,LA,Mathematics,8,Hispanic,277.18,254.31,274.65,298.93,34.82,34.24,40.63,65.76,18.35,25.13,6.78,6.78
2013,ME,Mathematics,8,Hispanic,999.00,999.00,999.00,999.00,999.00,999.00,999.00,999.00,999.00,999.00,999.00,999.00
2013,MD,Mathematics,8,Hispanic,279.79,255.92,281.50,304.24,35.56,30.52,39.09,69.48,24.47,30.39,5.91,5.91
2013,MA,Mathematics,8,Hispanic,277.37,255.52,279.37,301.65,34.36,31.08,41.14,68.92,24.19,27.78,3.60,3.60
2013,MI,Mathematics,8,Hispanic,261.09,237.89,261.31,286.00,34.62,50.89,35.15,49.11,12.80,13.96,1.16,1.16
2013,MN,Mathematics,8,Hispanic,273.16,252.21,271.73,291.79,35.20,37.51,42.30,62.49,14.40,20.19,5.79,5.79
2013,MS,Mathematics,8,Hispanic,279.13,262.51,281.29,297.27,29.05,24.26,52.23,75.74,20.61,23.51,2.91,2.91
2013,MO,Mathematics,8,Hispanic,275.82,253.86,278.20,297.50,31.60,32.56,44.36,67.44,19.54,23.08,3.55,3.55
2013,MT,Mathematics,8,Hispanic,281.80,261.55,280.72,301.43,31.38,25.60,46.21,74.40,21.99,28.19,6.19,6.19
2013,NE,Mathematics,8,Hispanic,266.88,243.55,266.44,289.65,33.29,44.59,38.71,55.41,14.33,16.70,2.37,2.37
2013,NV,Mathematics,8,Hispanic,268.03,247.10,268.69,290.40,32.35,41.58,41.24,58.42,15.38,17.18,1.79,1.79
2013,NH,Mathematics,8,Hispanic,270.19,249.38,270.00,292.32,36.19,38.96,41.11,61.04,16.23,19.93,3.70,3.70
2013,NJ,Mathematics,8,Hispanic,282.88,260.01,284.47,307.50,35.83,26.85,39.60,73.15,26.05,33.55,7.51,7.51
2013,NM,Mathematics,8,Hispanic,267.79,246.71,268.59,290.29,32.67,41.82,41.33,58.18,14.99,16.85,1.86,1.86
2013,NY,Mathematics,8,Hispanic,265.21,244.22,266.59,287.06,33.19,44.01,41.50,55.99,12.58,14.50,1.92,1.92
2013,NC,Mathematics,8,Hispanic,278.87,258.08,279.51,300.79,32.75,29.05,44.20,70.95,22.24,26.75,4.51,4.51
2013,ND,Mathematics,8,Hispanic,999.00,999.00,999.00,999.00,999.00,999.00,999.00,999.00,999.00,999.00,999.00,999.00
2013,OH,Mathematics,8,Hispanic,277.04,252.64,276.62,300.73,35.34,33.53,39.33,66.47,21.16,27.14,5.99,5.99
2013,OK,Mathematics,8,Hispanic,264.88,243.69,266.54,287.17,33.06,44.65,40.44,55.35,13.57,14.92,1.34,1.34
2013,OR,Mathematics,8,Hispanic,265.86,243.10,267.34,289.15,34.62,44.01,39.96,55.99,13.59,16.04,2.44,2.44
2013,PA,Mathematics,8,Hispanic,264.40,240.71,265.71,287.97,33.98,46.36,38.06,53.64,13.67,15.58,1.91,1.91
2013,RI,Mathematics,8,Hispanic,262.88,240.98,266.05,288.17,36.01,44.97,39.66,55.03,14.18,15.38,1.19,1.19
2013,SC,Mathematics,8,Hispanic,272.25,249.49,273.09,297.09,35.44,38.23,38.57,61.77,19.44,23.20,3.76,3.76
2013,SD,Mathematics,8,Hispanic,274.43,251.69,275.45,301.49,37.59,34.42,38.39,65.58,21.71,27.19,5.48,5.48
2013,TN,Mathematics,8,Hispanic,270.39,248.35,272.81,294.75,35.94,36.89,41.95,63.11,18.43,21.16,2.73,2.73
2013,TX,Mathematics,8,Hispanic,281.36,261.92,282.37,301.93,30.17,25.09,46.37,74.91,24.91,28.54,3.63,3.63
2013,UT,Mathematics,8,Hispanic,257.88,235.05,258.40,281.55,35.09,54.43,32.87,45.57,11.74,12.70,0.96,0.96
2013,VT,Mathematics,8,Hispanic,999.00,999.00,999.00,999.00,999.00,999.00,999.00,999.00,999.00,999.00,999.00,999.00
2013,VA,Mathematics,8,Hispanic,279.21,258.20,279.78,299.39,31.73,28.92,45.79,71.08,20.80,25.29,4.49,4.49
2013,WA,Mathematics,8,Hispanic,273.22,251.40,274.79,296.38,33.96,34.92,42.47,65.08,19.93,22.60,2.67,2.67
2013,WV,Mathematics,8,Hispanic,999.00,999.00,999.00,999.00,999.00,999.00,999.00,999.00,999.00,999.00,999.00,999.00
2013,WI,Mathematics,8,Hispanic,272.66,251.19,271.46,291.91,32.66,37.52,43.31,62.48,14.84,19.17,4.33,4.33
2013,WY,Mathematics,8,Hispanic,277.82,258.15,279.72,299.64,30.96,29.15,45.03,70.85,23.04,25.82,2.79,2.79
2013,AL,Mathematics,8,Asian,999.00,999.00,999.00,999.00,999.00,999.00,999.00,999.00,999.00,999.00,999.00,999.00
2013,AK,Mathematics,8,Asian,272.65,251.26,276.12,297.59,35.43,34.41,42.24,65.59,20.84,23.35,2.51,2.51
2013,AZ,Mathematics,8,Asian,302.01,282.10,304.26,322.77,34.77,11.61,31.69,88.39,42.10,56.70,14.60,14.60
2013,AR,Mathematics,8,Asian,999.00,999.00,999.00,999.00,999.00,999.00,999.00,999.00,999.00,999.00,999.00,999.00
2013,CA,Mathematics,8,Asian,305.12,281.17,306.93,330.45,36.60,12.86,28.33,87.14,35.91,58.81,22.90,22.90
2013,CO,Mathematics,8,Asian,303.35,278.39,308.57,331.24,38.63,13.94,27.23,86.06,35.81,58.83,23.02,23.02
2013,CT,Mathematics,8,Asian,308.20,285.08,307.74,333.63,36.63,10.31,28.46,89.69,35.72,61.23,25.52,25.52
2013,DE,Mathematics,8,Asian,312.62,285.66,318.42,340.14,40.13,11.93,19.41,88.07,35.79,68.66,32.87,32.87
2013,DC,Mathematics,8,Asian,999.00,999.00,999.00,999.00,999.00,999.00,999.00,999.00,999.00,999.00,999.00,999.00
2013,FL,Mathematics,8,Asian,309.63,287.40,312.67,331.88,32.16,9.24,25.40,90.76,42.10,65.36,23.26,23.26
2013,GA,Mathematics,8,Asian,309.69,281.51,312.62,340.38,43.67,13.75,24.16,86.25,31.09,62.09,31.00,31.00
2013,HI,Mathematics,8,Asian,279.65,256.27,281.93,304.80,37.20,30.09,39.04,69.91,23.96,30.87,6.90,6.90
2013,ID,Mathematics,8,Asian,999.00,999.00,999.00,999.00,999.00,999.00,999.00,999.00,999.00,999.00,999.00,999.00
2013,IL,Mathematics,8,Asian,312.79,290.46,317.93,341.51,43.37,10.68,19.98,89.32,36.11,69.34,33.23,33.23
2013,IN,Mathematics,8,Asian,999.00,999.00,999.00,999.00,999.00,999.00,999.00,999.00,999.00,999.00,999.00,999.00
2013,IA,Mathematics,8,Asian,299.17,270.57,302.33,327.22,40.82,18.65,28.42,81.35,32.60,52.93,20.33,20.33
2013,KS,Mathematics,8,Asian,301.48,272.85,303.86,332.20,42.64,17.18,28.29,82.82,30.62,54.53,23.91,23.91
2013,KY,Mathematics,8,Asian,307.15,275.33,311.68,340.84,45.78,14.93,27.51,85.07,26.30,57.55,31.25,31.25
2013,LA,Mathematics,8,Asian,999.00,999.00,999.00,999.00,999.00,999.00,999.00,999.00,999.00,999.00,999.00,999.00
2013,ME,Mathematics,8,Asian,999.00,999.00,999.00,999.00,999.00,999.00,999.00,999.00,999.00,999.00,999.00,999.00
2013,MD,Mathematics,8,Asian,318.86,291.11,320.99,347.32,41.00,7.65,24.19,92.35,29.79,68.15,38.37,38.37
2013,MA,Mathematics,8,Asian,322.84,301.41,325.93,348.65,36.53,6.86,15.56,93.14,35.62,77.57,41.95,41.95
2013,MI,Mathematics,8,Asian,309.73,281.21,311.65,339.11,39.57,12.26,27.55,87.74,30.36,60.20,29.84,29.84
2013,MN,Mathematics,8,Asian,291.34,265.75,292.90,317.84,38.95,21.96,35.26,78.04,28.29,42.78,14.49,14.49
2013,MS,Mathematics,8,Asian,999.00,999.00,999.00,999.00,999.00,999.00,999.00,999.00,999.00,999.00,999.00,999.00
2013,MO,Mathematics,8,Asian,999.00,999.00,999.00,999.00,999.00,999.00,999.00,999.00,999.00,999.00,999.00,999.00
2013,MT,Mathematics,8,Asian,999.00,999.00,999.00,999.00,999.00,999.00,999.00,999.00,999.00,999.00,999.00,999.00
2013,NE,Mathematics,8,Asian,302.93,278.52,304.78,329.49,37.35,13.61,31.24,86.39,34.20,55.15,20.95,20.95
2013,NV,Mathematics,8,Asian,296.71,274.87,295.09,318.30,32.02,13.61,40.97,86.39,31.65,45.42,13.77,13.77
2013,NH,Mathematics,8,Asian,311.26,281.34,315.93,341.76,39.46,14.28,22.64,85.72,29.72,63.09,33.37,33.37
2013,NJ,Mathematics,8,Asian,323.64,302.51,326.02,348.29,34.42,5.07,17.31,94.93,35.68,77.63,41.95,41.95
2013,NM,Mathematics,8,Asian,999.00,999.00,999.00,999.00,999.00,999.00,999.00,999.00,999.00,999.00,999.00,999.00
2013,NY,Mathematics,8,Asian,304.72,279.70,307.16,333.22,38.09,14.30,27.20,85.70,33.23,58.51,25.28,25.28
2013,NC,Mathematics,8,Asian,298.35,268.11,302.98,332.70,47.02,21.96,24.40,78.04,29.12,53.64,24.51,24.51
2013,ND,Mathematics,8,Asian,999.00,999.00,999.00,999.00,999.00,999.00,999.00,999.00,999.00,999.00,999.00,999.00
2013,OH,Mathematics,8,Asian,311.07,286.92,316.21,338.70,36.58,10.80,24.84,89.20,31.97,64.36,32.39,32.39
2013,OK,Mathematics,8,Asian,298.39,275.06,297.20,322.83,34.81,14.40,37.13,85.60,30.02,48.46,18.45,18.45
2013,OR,Mathematics,8,Asian,300.43,272.24,305.61,327.83,41.46,19.02,24.43,80.98,36.02,56.54,20.53,20.53
2013,PA,Mathematics,8,Asian,306.68,283.70,309.35,333.35,36.02,12.02,26.69,87.98,36.57,61.29,24.72,24.72
2013,RI,Mathematics,8,Asian,283.40,257.86,280.99,309.97,40.60,29.78,35.90,70.22,22.33,34.31,11.98,11.98
2013,SC,Mathematics,8,Asian,999.00,999.00,999.00,999.00,999.00,999.00,999.00,999.00,999.00,999.00,999.00,999.00
2013,SD,Mathematics,8,Asian,999.00,999.00,999.00,999.00,999.00,999.00,999.00,999.00,999.00,999.00,999.00,999.00
2013,TN,Mathematics,8,Asian,999.00,999.00,999.00,999.00,999.00,999.00,999.00,999.00,999.00,999.00,999.00,999.00
2013,TX,Mathematics,8,Asian,318.56,297.20,320.55,342.08,34.29,6.89,19.49,93.11,37.82,73.62,35.80,35.80
2013,UT,Mathematics,8,Asian,282.98,259.89,283.95,304.40,34.69,26.66,41.90,73.34,24.58,31.43,6.85,6.85
2013,VT,Mathematics,8,Asian,999.00,999.00,999.00,999.00,999.00,999.00,999.00,999.00,999.00,999.00,999.00,999.00
2013,VA,Mathematics,8,Asian,310.72,288.02,311.51,333.95,34.88,8.70,27.62,91.30,38.11,63.69,25.57,25.57
2013,WA,Mathematics,8,Asian,305.07,279.82,310.36,335.50,41.67,15.50,22.73,84.50,34.33,61.77,27.43,27.43
2013,WV,Mathematics,8,Asian,999.00,999.00,999.00,999.00,999.00,999.00,999.00,999.00,999.00,999.00,999.00,999.00
2013,WI,Mathematics,8,Asian,289.95,269.54,290.97,312.39,34.74,18.70,41.52,81.30,30.45,39.78,9.33,9.33
2013,WY,Mathematics,8,Asian,999.00,999.00,999.00,999.00,999.00,999.00,999.00,999.00,999.00,999.00,999.00,999.00
2013,AL,Mathematics,8,American Indian or Alaskan Native,999.00,999.00,999.00,999.00,999.00,999.00,999.00,999.00,999.00,999.00,999.00,999.00
2013,AK,Mathematics,8,American Indian or Alaskan Native,262.20,238.34,262.70,287.00,36.04,49.26,35.13,50.74,13.42,15.61,2.19,2.19
2013,AZ,Mathematics,8,American Indian or Alaskan Native,259.49,237.86,260.83,282.22,34.84,51.49,35.65,48.51,11.52,12.87,1.35,1.35
2013,AR,Mathematics,8,American Indian or Alaskan Native,999.00,999.00,999.00,999.00,999.00,999.00,999.00,999.00,999.00,999.00,999.00,999.00
2013,CA,Mathematics,8,American Indian or Alaskan Native,999.00,999.00,999.00,999.00,999.00,999.00,999.00,999.00,999.00,999.00,999.00,999.00
2013,CO,Mathematics,8,American Indian or Alaskan Native,999.00,999.00,999.00,999.00,999.00,999.00,999.00,999.00,999.00,999.00,999.00,999.00
2013,CT,Mathematics,8,American Indian or Alaskan Native,999.00,999.00,999.00,999.00,999.00,999.00,999.00,999.00,999.00,999.00,999.00,999.00
2013,DE,Mathematics,8,American Indian or Alaskan Native,999.00,999.00,999.00,999.00,999.00,999.00,999.00,999.00,999.00,999.00,999.00,999.00
2013,DC,Mathematics,8,American Indian or Alaskan Native,999.00,999.00,999.00,999.00,999.00,999.00,999.00,999.00,999.00,999.00,999.00,999.00
2013,FL,Mathematics,8,American Indian or Alaskan Native,999.00,999.00,999.00,999.00,999.00,999.00,999.00,999.00,999.00,999.00,999.00,999.00
2013,GA,Mathematics,8,American Indian or Alaskan Native,999.00,999.00,999.00,999.00,999.00,999.00,999.00,999.00,999.00,999.00,999.00,999.00
2013,HI,Mathematics,8,American Indian or Alaskan Native,999.00,999.00,999.00,999.00,999.00,999.00,999.00,999.00,999.00,999.00,999.00,999.00
2013,ID,Mathematics,8,American Indian or Alaskan Native,999.00,999.00,999.00,999.00,999.00,999.00,999.00,999.00,999.00,999.00,999.00,999.00
2013,IL,Mathematics,8,American Indian or Alaskan Native,999.00,999.00,999.00,999.00,999.00,999.00,999.00,999.00,999.00,999.00,999.00,999.00
2013,IN,Mathematics,8,American Indian or Alaskan Native,999.00,999.00,999.00,999.00,999.00,999.00,999.00,999.00,999.00,999.00,999.00,999.00
2013,IA,Mathematics,8,American Indian or Alaskan Native,999.00,999.00,999.00,999.00,999.00,999.00,999.00,999.00,999.00,999.00,999.00,999.00
2013,KS,Mathematics,8,American Indian or Alaskan Native,999.00,999.00,999.00,999.00,999.00,999.00,999.00,999.00,999.00,999.00,999.00,999.00
2013,KY,Mathematics,8,American Indian or Alaskan Native,999.00,999.00,999.00,999.00,999.00,999.00,999.00,999.00,999.00,999.00,999.00,999.00
2013,LA,Mathematics,8,American Indian or Alaskan Native,999.00,999.00,999.00,999.00,999.00,999.00,999.00,999.00,999.00,999.00,999.00,999.00
2013,ME,Mathematics,8,American Indian or Alaskan Native,999.00,999.00,999.00,999.00,999.00,999.00,999.00,999.00,999.00,999.00,999.00,999.00
2013,MD,Mathematics,8,American Indian or Alaskan Native,999.00,999.00,999.00,999.00,999.00,999.00,999.00,999.00,999.00,999.00,999.00,999.00
2013,MA,Mathematics,8,American Indian or Alaskan Native,999.00,999.00,999.00,999.00,999.00,999.00,999.00,999.00,999.00,999.00,999.00,999.00
2013,MI,Mathematics,8,American Indian or Alaskan Native,999.00,999.00,999.00,999.00,999.00,999.00,999.00,999.00,999.00,999.00,999.00,999.00
2013,MN,Mathematics,8,American Indian or Alaskan Native,999.00,999.00,999.00,999.00,999.00,999.00,999.00,999.00,999.00,999.00,999.00,999.00
2013,MS,Mathematics,8,American Indian or Alaskan Native,999.00,999.00,999.00,999.00,999.00,999.00,999.00,999.00,999.00,999.00,999.00,999.00
2013,MO,Mathematics,8,American Indian or Alaskan Native,999.00,999.00,999.00,999.00,999.00,999.00,999.00,999.00,999.00,999.00,999.00,999.00
2013,MT,Mathematics,8,American Indian or Alaskan Native,262.78,242.00,263.63,284.84,32.56,47.97,39.18,52.03,11.59,12.86,1.27,1.27
2013,NE,Mathematics,8,American Indian or Alaskan Native,999.00,999.00,999.00,999.00,999.00,999.00,999.00,999.00,999.00,999.00,999.00,999.00
2013,NV,Mathematics,8,American Indian or Alaskan Native,999.00,999.00,999.00,999.00,999.00,999.00,999.00,999.00,999.00,999.00,999.00,999.00
2013,NH,Mathematics,8,American Indian or Alaskan Native,999.00,999.00,999.00,999.00,999.00,999.00,999.00,999.00,999.00,999.00,999.00,999.00
2013,NJ,Mathematics,8,American Indian or Alaskan Native,999.00,999.00,999.00,999.00,999.00,999.00,999.00,999.00,999.00,999.00,999.00,999.00
2013,NM,Mathematics,8,American Indian or Alaskan Native,259.98,237.86,258.86,280.67,32.06,53.85,34.66,46.15,9.72,11.48,1.77,1.77
2013,NY,Mathematics,8,American Indian or Alaskan Native,999.00,999.00,999.00,999.00,999.00,999.00,999.00,999.00,999.00,999.00,999.00,999.00
2013,NC,Mathematics,8,American Indian or Alaskan Native,999.00,999.00,999.00,999.00,999.00,999.00,999.00,999.00,999.00,999.00,999.00,999.00
2013,ND,Mathematics,8,American Indian or Alaskan Native,264.78,244.17,264.79,286.21,30.72,46.55,39.93,53.45,12.49,13.51,1.02,1.02
2013,OH,Mathematics,8,American Indian or Alaskan Native,999.00,999.00,999.00,999.00,999.00,999.00,999.00,999.00,999.00,999.00,999.00,999.00
2013,OK,Mathematics,8,American Indian or Alaskan Native,274.93,253.66,275.41,298.63,33.90,34.04,41.30,65.96,20.97,24.66,3.69,3.69
2013,OR,Mathematics,8,American Indian or Alaskan Native,999.00,999.00,999.00,999.00,999.00,999.00,999.00,999.00,999.00,999.00,999.00,999.00
2013,PA,Mathematics,8,American Indian or Alaskan Native,999.00,999.00,999.00,999.00,999.00,999.00,999.00,999.00,999.00,999.00,999.00,999.00
2013,RI,Mathematics,8,American Indian or Alaskan Native,999.00,999.00,999.00,999.00,999.00,999.00,999.00,999.00,999.00,999.00,999.00,999.00
2013,SC,Mathematics,8,American Indian or Alaskan Native,999.00,999.00,999.00,999.00,999.00,999.00,999.00,999.00,999.00,999.00,999.00,999.00
2013,SD,Mathematics,8,American Indian or Alaskan Native,260.26,239.20,259.99,280.15,30.22,52.42,37.75,47.58,8.79,9.83,1.05,1.05
2013,TN,Mathematics,8,American Indian or Alaskan Native,999.00,999.00,999.00,999.00,999.00,999.00,999.00,999.00,999.00,999.00,999.00,999.00
2013,TX,Mathematics,8,American Indian or Alaskan Native,999.00,999.00,999.00,999.00,999.00,999.00,999.00,999.00,999.00,999.00,999.00,999.00
2013,UT,Mathematics,8,American Indian or Alaskan Native,999.00,999.00,999.00,999.00,999.00,999.00,999.00,999.00,999.00,999.00,999.00,999.00
2013,VT,Mathematics,8,American Indian or Alaskan Native,999.00,999.00,999.00,999.00,999.00,999.00,999.00,999.00,999.00,999.00,999.00,999.00
2013,VA,Mathematics,8,American Indian or Alaskan Native,999.00,999.00,999.00,999.00,999.00,999.00,999.00,999.00,999.00,999.00,999.00,999.00
2013,WA,Mathematics,8,American Indian or Alaskan Native,999.00,999.00,999.00,999.00,999.00,999.00,999.00,999.00,999.00,999.00,999.00,999.00
2013,WV,Mathematics,8,American Indian or Alaskan Native,999.00,999.00,999.00,999.00,999.00,999.00,999.00,999.00,999.00,999.00,999.00,999.00
2013,WI,Mathematics,8,American Indian or Alaskan Native,999.00,999.00,999.00,999.00,999.00,999.00,999.00,999.00,999.00,999.00,999.00,999.00
2013,WY,Mathematics,8,American Indian or Alaskan Native,269.25,250.29,271.53,290.69,31.67,36.48,47.09,63.52,15.51,16.43,0.92,0.92
2013,AL,Mathematics,8,Hawaiian,999.00,999.00,999.00,999.00,999.00,999.00,999.00,999.00,999.00,999.00,999.00,999.00
2013,AK,Mathematics,8,Hawaiian,284.56,262.85,286.47,307.97,33.35,24.39,40.90,75.61,28.95,34.71,5.76,5.76
2013,AZ,Mathematics,8,Hawaiian,999.00,999.00,999.00,999.00,999.00,999.00,999.00,999.00,999.00,999.00,999.00,999.00
2013,AR,Mathematics,8,Hawaiian,999.00,999.00,999.00,999.00,999.00,999.00,999.00,999.00,999.00,999.00,999.00,999.00
2013,CA,Mathematics,8,Hawaiian,300.20,277.78,301.69,318.17,29.48,10.50,34.78,89.50,41.89,54.72,12.83,12.83
2013,CO,Mathematics,8,Hawaiian,297.23,274.56,295.15,324.96,39.53,16.26,36.91,83.74,27.66,46.83,19.16,19.16
2013,CT,Mathematics,8,Hawaiian,999.00,999.00,999.00,999.00,999.00,999.00,999.00,999.00,999.00,999.00,999.00,999.00
2013,DE,Mathematics,8,Hawaiian,999.00,999.00,999.00,999.00,999.00,999.00,999.00,999.00,999.00,999.00,999.00,999.00
2013,DC,Mathematics,8,Hawaiian,999.00,999.00,999.00,999.00,999.00,999.00,999.00,999.00,999.00,999.00,999.00,999.00
2013,FL,Mathematics,8,Hawaiian,284.74,264.12,286.60,307.72,33.59,22.83,42.57,77.17,28.05,34.61,6.55,6.55
2013,GA,Mathematics,8,Hawaiian,287.66,262.18,287.39,313.38,33.58,24.83,37.57,75.17,28.81,37.60,8.79,8.79
2013,HI,Mathematics,8,Hawaiian,284.93,260.04,288.18,310.20,36.96,26.55,35.87,73.45,28.83,37.58,8.74,8.74
2013,ID,Mathematics,8,Hawaiian,999.00,999.00,999.00,999.00,999.00,999.00,999.00,999.00,999.00,999.00,999.00,999.00
2013,IL,Mathematics,8,Hawaiian,284.99,261.28,282.75,308.47,37.00,25.98,40.98,74.02,21.49,33.04,11.55,11.55
2013,IN,Mathematics,8,Hawaiian,275.67,251.53,275.87,299.65,33.88,35.14,38.56,64.86,22.50,26.30,3.80,3.80
2013,IA,Mathematics,8,Hawaiian,269.84,248.48,267.98,288.57,33.67,42.23,39.88,57.77,13.96,17.89,3.93,3.93
2013,KS,Mathematics,8,Hawaiian,289.02,265.26,290.59,313.65,35.67,22.72,36.81,77.28,30.36,40.47,10.11,10.11
2013,KY,Mathematics,8,Hawaiian,272.32,247.15,270.21,301.08,35.10,41.45,32.23,58.55,23.73,26.32,2.59,2.59
2013,LA,Mathematics,8,Hawaiian,999.00,999.00,999.00,999.00,999.00,999.00,999.00,999.00,999.00,999.00,999.00,999.00
2013,ME,Mathematics,8,Hawaiian,999.00,999.00,999.00,999.00,999.00,999.00,999.00,999.00,999.00,999.00,999.00,999.00
2013,MD,Mathematics,8,Hawaiian,284.83,262.96,285.77,306.05,35.29,23.80,42.93,76.20,24.96,33.28,8.31,8.31
2013,MA,Mathematics,8,Hawaiian,303.16,274.59,304.17,336.14,45.06,17.15,27.95,82.85,27.01,54.89,27.89,27.89
2013,MI,Mathematics,8,Hawaiian,999.00,999.00,999.00,999.00,999.00,999.00,999.00,999.00,999.00,999.00,999.00,999.00
2013,MN,Mathematics,8,Hawaiian,999.00,999.00,999.00,999.00,999.00,999.00,999.00,999.00,999.00,999.00,999.00,999.00
2013,MS,Mathematics,8,Hawaiian,999.00,999.00,999.00,999.00,999.00,999.00,999.00,999.00,999.00,999.00,999.00,999.00
2013,MO,Mathematics,8,Hawaiian,999.00,999.00,999.00,999.00,999.00,999.00,999.00,999.00,999.00,999.00,999.00,999.00
2013,MT,Mathematics,8,Hawaiian,999.00,999.00,999.00,999.00,999.00,999.00,999.00,999.00,999.00,999.00,999.00,999.00
2013,NE,Mathematics,8,Hawaiian,285.25,262.78,288.83,309.24,35.17,24.44,38.27,75.56,30.14,37.29,7.15,7.15
2013,NV,Mathematics,8,Hawaiian,286.87,262.03,285.42,312.91,37.05,25.21,38.19,74.79,24.95,36.60,11.65,11.65
2013,NH,Mathematics,8,Hawaiian,999.00,999.00,999.00,999.00,999.00,999.00,999.00,999.00,999.00,999.00,999.00,999.00
2013,NJ,Mathematics,8,Hawaiian,999.00,999.00,999.00,999.00,999.00,999.00,999.00,999.00,999.00,999.00,999.00,999.00
2013,NM,Mathematics,8,Hawaiian,999.00,999.00,999.00,999.00,999.00,999.00,999.00,999.00,999.00,999.00,999.00,999.00
2013,NY,Mathematics,8,Hawaiian,999.00,999.00,999.00,999.00,999.00,999.00,999.00,999.00,999.00,999.00,999.00,999.00
2013,NC,Mathematics,8,Hawaiian,283.39,255.48,281.16,312.94,39.21,30.84,33.65,69.16,24.23,35.51,11.28,11.28
2013,ND,Mathematics,8,Hawaiian,999.00,999.00,999.00,999.00,999.00,999.00,999.00,999.00,999.00,999.00,999.00,999.00
2013,OH,Mathematics,8,Hawaiian,284.13,263.38,286.34,307.79,37.31,23.31,42.72,76.69,25.09,33.98,8.89,8.89
2013,OK,Mathematics,8,Hawaiian,274.21,253.25,277.56,298.54,33.94,32.46,43.03,67.54,22.44,24.51,2.08,2.08
2013,OR,Mathematics,8,Hawaiian,284.11,257.20,287.92,311.82,39.71,27.77,33.67,72.23,29.94,38.56,8.61,8.61
2013,PA,Mathematics,8,Hawaiian,281.93,257.82,282.93,307.58,32.88,29.59,38.18,70.41,25.95,32.23,6.28,6.28
2013,RI,Mathematics,8,Hawaiian,999.00,999.00,999.00,999.00,999.00,999.00,999.00,999.00,999.00,999.00,999.00,999.00
2013,SC,Mathematics,8,Hawaiian,286.06,267.14,287.08,302.76,29.93,20.71,48.75,79.29,24.25,30.54,6.29,6.29
2013,SD,Mathematics,8,Hawaiian,999.00,999.00,999.00,999.00,999.00,999.00,999.00,999.00,999.00,999.00,999.00,999.00
2013,TN,Mathematics,8,Hawaiian,999.00,999.00,999.00,999.00,999.00,999.00,999.00,999.00,999.00,999.00,999.00,999.00
2013,TX,Mathematics,8,Hawaiian,294.85,268.19,295.95,321.94,38.51,21.22,30.51,78.78,30.12,48.27,18.15,18.15
2013,UT,Mathematics,8,Hawaiian,999.00,999.00,999.00,999.00,999.00,999.00,999.00,999.00,999.00,999.00,999.00,999.00
2013,VT,Mathematics,8,Hawaiian,999.00,999.00,999.00,999.00,999.00,999.00,999.00,999.00,999.00,999.00,999.00,999.00
2013,VA,Mathematics,8,Hawaiian,289.73,267.41,287.61,313.92,34.41,19.65,42.53,80.35,26.34,37.81,11.47,11.47
2013,WA,Mathematics,8,Hawaiian,293.17,274.18,294.33,314.49,33.35,15.31,40.43,84.69,33.40,44.26,10.86,10.86
2013,WV,Mathematics,8,Hawaiian,999.00,999.00,999.00,999.00,999.00,999.00,999.00,999.00,999.00,999.00,999.00,999.00
2013,WI,Mathematics,8,Hawaiian,999.00,999.00,999.00,999.00,999.00,999.00,999.00,999.00,999.00,999.00,999.00,999.00
2013,WY,Mathematics,8,Hawaiian,999.00,999.00,999.00,999.00,999.00,999.00,999.00,999.00,999.00,999.00,999.00,999.00
2013,AL,Mathematics,8,Multiracial,N/A,N/A,N/A,N/A,N/A,N/A,N/A,N/A,N/A,N/A,N/A,N/A
2013,AK,Mathematics,8,Multiracial,N/A,N/A,N/A,N/A,N/A,N/A,N/A,N/A,N/A,N/A,N/A,N/A
2013,AZ,Mathematics,8,Multiracial,N/A,N/A,N/A,N/A,N/A,N/A,N/A,N/A,N/A,N/A,N/A,N/A
2013,AR,Mathematics,8,Multiracial,N/A,N/A,N/A,N/A,N/A,N/A,N/A,N/A,N/A,N/A,N/A,N/A
2013,CA,Mathematics,8,Multiracial,N/A,N/A,N/A,N/A,N/A,N/A,N/A,N/A,N/A,N/A,N/A,N/A
2013,CO,Mathematics,8,Multiracial,N/A,N/A,N/A,N/A,N/A,N/A,N/A,N/A,N/A,N/A,N/A,N/A
2013,CT,Mathematics,8,Multiracial,N/A,N/A,N/A,N/A,N/A,N/A,N/A,N/A,N/A,N/A,N/A,N/A
2013,DE,Mathematics,8,Multiracial,N/A,N/A,N/A,N/A,N/A,N/A,N/A,N/A,N/A,N/A,N/A,N/A
2013,DC,Mathematics,8,Multiracial,N/A,N/A,N/A,N/A,N/A,N/A,N/A,N/A,N/A,N/A,N/A,N/A
2013,FL,Mathematics,8,Multiracial,N/A,N/A,N/A,N/A,N/A,N/A,N/A,N/A,N/A,N/A,N/A,N/A
2013,GA,Mathematics,8,Multiracial,N/A,N/A,N/A,N/A,N/A,N/A,N/A,N/A,N/A,N/A,N/A,N/A
2013,HI,Mathematics,8,Multiracial,N/A,N/A,N/A,N/A,N/A,N/A,N/A,N/A,N/A,N/A,N/A,N/A
2013,ID,Mathematics,8,Multiracial,N/A,N/A,N/A,N/A,N/A,N/A,N/A,N/A,N/A,N/A,N/A,N/A
2013,IL,Mathematics,8,Multiracial,N/A,N/A,N/A,N/A,N/A,N/A,N/A,N/A,N/A,N/A,N/A,N/A
2013,IN,Mathematics,8,Multiracial,N/A,N/A,N/A,N/A,N/A,N/A,N/A,N/A,N/A,N/A,N/A,N/A
2013,IA,Mathematics,8,Multiracial,N/A,N/A,N/A,N/A,N/A,N/A,N/A,N/A,N/A,N/A,N/A,N/A
2013,KS,Mathematics,8,Multiracial,N/A,N/A,N/A,N/A,N/A,N/A,N/A,N/A,N/A,N/A,N/A,N/A
2013,KY,Mathematics,8,Multiracial,N/A,N/A,N/A,N/A,N/A,N/A,N/A,N/A,N/A,N/A,N/A,N/A
2013,LA,Mathematics,8,Multiracial,N/A,N/A,N/A,N/A,N/A,N/A,N/A,N/A,N/A,N/A,N/A,N/A
2013,ME,Mathematics,8,Multiracial,N/A,N/A,N/A,N/A,N/A,N/A,N/A,N/A,N/A,N/A,N/A,N/A
2013,MD,Mathematics,8,Multiracial,N/A,N/A,N/A,N/A,N/A,N/A,N/A,N/A,N/A,N/A,N/A,N/A
2013,MA,Mathematics,8,Multiracial,N/A,N/A,N/A,N/A,N/A,N/A,N/A,N/A,N/A,N/A,N/A,N/A
2013,MI,Mathematics,8,Multiracial,N/A,N/A,N/A,N/A,N/A,N/A,N/A,N/A,N/A,N/A,N/A,N/A
2013,MN,Mathematics,8,Multiracial,N/A,N/A,N/A,N/A,N/A,N/A,N/A,N/A,N/A,N/A,N/A,N/A
2013,MS,Mathematics,8,Multiracial,N/A,N/A,N/A,N/A,N/A,N/A,N/A,N/A,N/A,N/A,N/A,N/A
2013,MO,Mathematics,8,Multiracial,N/A,N/A,N/A,N/A,N/A,N/A,N/A,N/A,N/A,N/A,N/A,N/A
2013,MT,Mathematics,8,Multiracial,N/A,N/A,N/A,N/A,N/A,N/A,N/A,N/A,N/A,N/A,N/A,N/A
2013,NE,Mathematics,8,Multiracial,N/A,N/A,N/A,N/A,N/A,N/A,N/A,N/A,N/A,N/A,N/A,N/A
2013,NV,Mathematics,8,Multiracial,N/A,N/A,N/A,N/A,N/A,N/A,N/A,N/A,N/A,N/A,N/A,N/A
2013,NH,Mathematics,8,Multiracial,N/A,N/A,N/A,N/A,N/A,N/A,N/A,N/A,N/A,N/A,N/A,N/A
2013,NJ,Mathematics,8,Multiracial,N/A,N/A,N/A,N/A,N/A,N/A,N/A,N/A,N/A,N/A,N/A,N/A
2013,NM,Mathematics,8,Multiracial,N/A,N/A,N/A,N/A,N/A,N/A,N/A,N/A,N/A,N/A,N/A,N/A
2013,NY,Mathematics,8,Multiracial,N/A,N/A,N/A,N/A,N/A,N/A,N/A,N/A,N/A,N/A,N/A,N/A
2013,NC,Mathematics,8,Multiracial,N/A,N/A,N/A,N/A,N/A,N/A,N/A,N/A,N/A,N/A,N/A,N/A
2013,ND,Mathematics,8,Multiracial,N/A,N/A,N/A,N/A,N/A,N/A,N/A,N/A,N/A,N/A,N/A,N/A
2013,OH,Mathematics,8,Multiracial,N/A,N/A,N/A,N/A,N/A,N/A,N/A,N/A,N/A,N/A,N/A,N/A
2013,OK,Mathematics,8,Multiracial,N/A,N/A,N/A,N/A,N/A,N/A,N/A,N/A,N/A,N/A,N/A,N/A
2013,OR,Mathematics,8,Multiracial,N/A,N/A,N/A,N/A,N/A,N/A,N/A,N/A,N/A,N/A,N/A,N/A
2013,PA,Mathematics,8,Multiracial,N/A,N/A,N/A,N/A,N/A,N/A,N/A,N/A,N/A,N/A,N/A,N/A
2013,RI,Mathematics,8,Multiracial,N/A,N/A,N/A,N/A,N/A,N/A,N/A,N/A,N/A,N/A,N/A,N/A
2013,SC,Mathematics,8,Multiracial,N/A,N/A,N/A,N/A,N/A,N/A,N/A,N/A,N/A,N/A,N/A,N/A
2013,SD,Mathematics,8,Multiracial,N/A,N/A,N/A,N/A,N/A,N/A,N/A,N/A,N/A,N/A,N/A,N/A
2013,TN,Mathematics,8,Multiracial,N/A,N/A,N/A,N/A,N/A,N/A,N/A,N/A,N/A,N/A,N/A,N/A
2013,TX,Mathematics,8,Multiracial,N/A,N/A,N/A,N/A,N/A,N/A,N/A,N/A,N/A,N/A,N/A,N/A
2013,UT,Mathematics,8,Multiracial,N/A,N/A,N/A,N/A,N/A,N/A,N/A,N/A,N/A,N/A,N/A,N/A
2013,VT,Mathematics,8,Multiracial,N/A,N/A,N/A,N/A,N/A,N/A,N/A,N/A,N/A,N/A,N/A,N/A
2013,VA,Mathematics,8,Multiracial,N/A,N/A,N/A,N/A,N/A,N/A,N/A,N/A,N/A,N/A,N/A,N/A
2013,WA,Mathematics,8,Multiracial,N/A,N/A,N/A,N/A,N/A,N/A,N/A,N/A,N/A,N/A,N/A,N/A
2013,WV,Mathematics,8,Multiracial,N/A,N/A,N/A,N/A,N/A,N/A,N/A,N/A,N/A,N/A,N/A,N/A
2013,WI,Mathematics,8,Multiracial,N/A,N/A,N/A,N/A,N/A,N/A,N/A,N/A,N/A,N/A,N/A,N/A
2013,WY,Mathematics,8,Multiracial,N/A,N/A,N/A,N/A,N/A,N/A,N/A,N/A,N/A,N/A,N/A,N/A
2013,AL,Reading,4,All,218.58,198.04,221.76,243.30,36.16,34.59,34.66,65.41,24.25,30.75,6.50,6.50
2013,AK,Reading,4,All,209.35,184.23,216.29,240.57,44.25,42.09,30.41,57.91,21.61,27.49,5.88,5.88
2013,AZ,Reading,4,All,213.13,190.91,217.38,240.56,39.14,40.21,32.20,59.79,22.26,27.59,5.33,5.33
2013,AR,Reading,4,All,218.52,197.71,222.94,243.77,37.20,34.02,34.34,65.98,24.97,31.64,6.67,6.67
2013,CA,Reading,4,All,212.55,188.38,216.04,239.95,39.10,41.81,31.28,58.19,20.99,26.90,5.92,5.92
2013,CO,Reading,4,All,226.66,206.95,230.45,251.35,36.23,25.90,33.46,74.10,30.33,40.64,10.31,10.31
2013,CT,Reading,4,All,229.58,209.27,232.08,253.24,34.44,23.97,33.47,76.03,30.58,42.56,11.98,11.98
2013,DE,Reading,4,All,225.77,205.53,228.43,248.88,33.65,27.26,34.74,72.74,29.23,38.00,8.77,8.77
2013,DC,Reading,4,All,205.61,178.39,207.65,235.28,43.83,50.35,26.69,49.65,16.21,22.97,6.75,6.75
2013,FL,Reading,4,All,227.46,207.99,229.49,249.43,31.87,25.01,36.04,74.99,30.03,38.96,8.93,8.93
2013,GA,Reading,4,All,221.84,199.05,223.96,246.50,35.74,33.02,33.04,66.98,25.26,33.94,8.68,8.68
2013,HI,Reading,4,All,214.84,192.21,219.52,242.64,40.42,38.39,31.84,61.61,22.91,29.77,6.86,6.86
2013,ID,Reading,4,All,219.30,199.33,224.09,244.97,37.68,32.44,34.55,67.56,26.34,33.01,6.67,6.67
2013,IL,Reading,4,All,218.54,194.88,222.76,246.14,39.21,35.52,30.98,64.48,25.33,33.51,8.17,8.17
2013,IN,Reading,4,All,225.33,206.25,228.74,248.25,34.11,26.59,35.59,73.41,29.62,37.83,8.20,8.20
2013,IA,Reading,4,All,223.82,203.97,228.41,249.08,37.00,28.27,33.73,71.73,29.10,38.00,8.89,8.89
2013,KS,Reading,4,All,223.39,203.45,227.80,248.06,36.25,28.69,33.74,71.31,29.55,37.58,8.03,8.03
2013,KY,Reading,4,All,224.43,203.81,226.88,247.94,34.27,28.88,34.77,71.12,27.78,36.35,8.57,8.57
2013,LA,Reading,4,All,210.45,188.56,213.70,236.02,36.41,43.61,33.40,56.39,19.21,22.99,3.78,3.78
2013,ME,Reading,4,All,224.83,204.06,227.42,248.40,33.92,28.51,34.61,71.49,28.09,36.89,8.80,8.80
2013,MD,Reading,4,All,232.06,209.74,233.44,255.80,34.32,23.43,31.82,76.57,30.32,44.75,14.43,14.43
2013,MA,Reading,4,All,232.37,212.88,236.10,256.08,35.08,21.21,31.31,78.79,33.76,47.47,13.71,13.71
2013,MI,Reading,4,All,217.37,195.65,220.88,243.12,36.95,36.05,33.43,63.95,24.12,30.52,6.41,6.41
2013,MN,Reading,4,All,227.03,206.76,231.00,251.59,35.79,25.96,32.55,74.04,31.07,41.49,10.42,10.42
2013,MS,Reading,4,All,208.52,185.55,210.97,234.13,36.15,46.75,31.98,53.25,17.77,21.26,3.49,3.49
2013,MO,Reading,4,All,222.33,201.67,226.16,246.50,35.18,30.31,34.58,69.69,27.73,35.12,7.39,7.39
2013,MT,Reading,4,All,222.98,202.99,225.67,246.19,33.49,29.83,35.45,70.17,27.57,34.72,7.15,7.15
2013,NE,Reading,4,All,223.25,203.37,227.45,248.20,36.54,29.02,33.85,70.98,28.79,37.13,8.34,8.34
2013,NV,Reading,4,All,213.76,192.70,218.33,240.14,38.72,38.53,34.14,61.47,22.15,27.33,5.18,5.18
2013,NH,Reading,4,All,232.00,214.13,234.26,252.64,30.69,19.73,35.71,80.27,33.95,44.56,10.61,10.61
2013,NJ,Reading,4,All,228.72,208.04,231.56,252.26,34.61,24.96,33.10,75.04,30.42,41.94,11.52,11.52
2013,NM,Reading,4,All,205.76,181.76,210.41,234.31,40.90,47.52,31.02,52.48,17.65,21.46,3.80,3.80
2013,NY,Reading,4,All,223.81,202.10,227.35,248.42,35.58,29.84,33.14,70.16,28.11,37.01,8.90,8.90
2013,NC,Reading,4,All,222.23,201.16,225.59,247.08,35.66,30.93,33.84,69.07,27.29,35.22,7.94,7.94
2013,ND,Reading,4,All,224.08,206.06,226.64,244.81,30.58,26.87,39.16,73.13,28.41,33.97,5.55,5.55
2013,OH,Reading,4,All,223.89,202.79,227.71,248.81,35.96,29.35,33.24,70.65,28.42,37.41,8.99,8.99
2013,OK,Reading,4,All,216.99,197.15,221.38,242.05,36.85,34.88,35.46,65.12,24.22,29.66,5.44,5.44
2013,OR,Reading,4,All,219.13,197.11,223.34,246.06,39.75,34.19,32.38,65.81,24.82,33.43,8.61,8.61
2013,PA,Reading,4,All,226.40,205.97,229.94,250.67,35.30,26.59,33.30,73.41,30.12,40.11,9.99,9.99
2013,RI,Reading,4,All,222.80,202.08,227.58,248.89,37.73,29.97,32.47,70.03,28.77,37.56,8.79,8.79
2013,SC,Reading,4,All,213.65,191.66,218.05,241.08,40.52,39.52,32.30,60.48,22.12,28.18,6.06,6.06
2013,SD,Reading,4,All,217.93,197.19,222.66,244.15,37.76,34.18,33.81,65.82,25.95,32.01,6.06,6.06
2013,TN,Reading,4,All,219.74,198.26,223.99,245.62,37.70,32.97,33.38,67.03,26.07,33.65,7.58,7.58
2013,TX,Reading,4,All,216.91,195.24,219.25,241.25,36.14,37.31,34.22,62.69,22.18,28.47,6.29,6.29
2013,UT,Reading,4,All,222.77,203.07,227.82,247.93,37.26,29.05,33.96,70.95,28.73,36.98,8.26,8.26
2013,VT,Reading,4,All,227.99,207.65,231.71,252.81,36.80,25.26,32.60,74.74,30.15,42.14,11.99,11.99
2013,VA,Reading,4,All,228.56,206.86,231.95,254.08,36.52,25.86,30.94,74.14,30.81,43.19,12.38,12.38
2013,WA,Reading,4,All,225.05,204.73,229.52,250.58,37.45,27.69,32.61,72.31,29.69,39.70,10.01,10.01
2013,WV,Reading,4,All,214.66,193.88,218.78,240.14,37.17,38.16,34.58,61.84,22.52,27.26,4.74,4.74
2013,WI,Reading,4,All,220.82,198.94,224.97,246.59,37.50,32.47,32.80,67.53,26.60,34.73,8.13,8.13
2013,WY,Reading,4,All,225.85,207.71,228.69,247.37,31.63,25.27,37.60,74.73,30.02,37.13,7.10,7.10
2013,AL,Reading,4,White,227.42,208.73,230.35,249.92,33.46,24.32,35.93,75.68,30.65,39.75,9.10,9.10
2013,AK,Reading,4,White,227.61,208.61,231.29,251.21,34.82,24.50,34.25,75.50,31.19,41.25,10.07,10.07
2013,AZ,Reading,4,White,228.33,209.48,232.21,251.40,33.90,23.84,33.81,76.16,32.93,42.35,9.42,9.42
2013,AR,Reading,4,White,225.51,207.12,229.12,248.14,34.35,25.83,36.19,74.17,29.64,37.98,8.34,8.34
2013,CA,Reading,4,White,231.92,212.31,234.72,254.94,33.70,21.34,32.55,78.66,33.44,46.11,12.67,12.67
2013,CO,Reading,4,White,237.20,219.19,239.27,257.98,30.27,15.33,32.88,84.67,37.71,51.79,14.08,14.08
2013,CT,Reading,4,White,238.48,220.46,240.18,258.99,29.87,14.53,32.21,85.47,37.84,53.26,15.42,15.42
2013,DE,Reading,4,White,234.92,217.18,237.55,255.63,30.56,17.08,33.51,82.92,37.35,49.41,12.06,12.06
2013,DC,Reading,4,White,258.81,239.81,259.00,278.27,29.34,4.13,19.23,95.87,39.05,76.64,37.59,37.59
2013,FL,Reading,4,White,236.05,218.94,237.50,255.46,28.54,14.89,35.80,85.11,37.15,49.31,12.17,12.17
2013,GA,Reading,4,White,232.58,212.98,234.47,254.74,32.89,20.74,33.88,79.26,32.57,45.38,12.82,12.82
2013,HI,Reading,4,White,231.10,211.85,234.83,254.94,34.33,22.04,32.24,77.96,33.18,45.71,12.54,12.54
2013,ID,Reading,4,White,224.36,205.56,228.39,248.25,35.29,27.18,35.24,72.82,29.63,37.58,7.95,7.95
2013,IL,Reading,4,White,230.90,212.05,235.04,254.24,34.81,21.97,31.86,78.03,34.37,46.17,11.80,11.80
2013,IN,Reading,4,White,229.04,210.68,232.29,251.20,32.75,22.62,35.22,77.38,32.69,42.16,9.46,9.46
2013,IA,Reading,4,White,227.19,208.55,231.38,251.04,35.37,24.57,34.15,75.43,31.60,41.28,9.69,9.69
2013,KS,Reading,4,White,229.80,211.46,233.10,251.60,32.30,22.04,34.38,77.96,33.94,43.58,9.64,9.64
2013,KY,Reading,4,White,227.07,207.35,229.52,249.76,33.25,25.61,35.22,74.39,30.08,39.16,9.08,9.08
2013,LA,Reading,4,White,223.18,205.31,226.81,245.41,33.41,27.51,37.63,72.49,28.60,34.86,6.26,6.26
2013,ME,Reading,4,White,225.84,205.15,228.20,249.02,33.26,27.50,34.78,72.50,28.69,37.72,9.03,9.03
2013,MD,Reading,4,White,244.37,225.42,245.09,264.47,29.61,10.37,29.45,89.63,39.13,60.18,21.05,21.05
2013,MA,Reading,4,White,240.61,223.25,242.63,260.59,29.55,12.80,30.55,87.20,39.79,56.65,16.86,16.86
2013,MI,Reading,4,White,224.29,204.96,227.53,247.69,34.50,27.82,35.62,72.18,28.41,36.56,8.15,8.15
2013,MN,Reading,4,White,232.66,213.72,235.47,254.65,32.13,20.00,33.34,80.00,34.49,46.67,12.17,12.17
2013,MS,Reading,4,White,222.17,203.09,225.43,244.73,33.09,29.72,37.00,70.28,27.09,33.28,6.19,6.19
2013,MO,Reading,4,White,227.92,209.44,231.16,249.84,32.40,23.73,35.64,76.27,32.12,40.63,8.51,8.51
2013,MT,Reading,4,White,227.54,208.73,229.91,248.95,31.29,24.37,36.36,75.63,31.07,39.27,8.21,8.21
2013,NE,Reading,4,White,229.32,210.75,232.59,251.58,33.38,22.51,34.72,77.49,32.72,42.77,10.05,10.05
2013,NV,Reading,4,White,226.48,208.27,230.24,249.46,33.83,24.71,35.84,75.29,31.13,39.46,8.32,8.32
2013,NH,Reading,4,White,233.42,216.27,235.39,253.29,29.69,17.76,36.07,82.24,35.31,46.17,10.86,10.86
2013,NJ,Reading,4,White,237.78,219.88,239.68,257.97,30.00,14.82,32.73,85.18,37.74,52.46,14.72,14.72
2013,NM,Reading,4,White,224.98,204.78,228.24,248.82,35.55,27.91,34.08,72.09,29.03,38.01,8.99,8.99
2013,NY,Reading,4,White,232.92,214.68,235.81,254.66,32.12,19.61,33.35,80.39,35.21,47.05,11.83,11.83
2013,NC,Reading,4,White,232.45,214.39,235.75,254.39,32.30,19.44,33.79,80.56,35.27,46.76,11.50,11.50
2013,ND,Reading,4,White,227.22,209.91,229.03,246.33,28.37,23.00,40.42,77.00,30.51,36.58,6.07,6.07
2013,OH,Reading,4,White,231.08,212.07,233.68,252.86,32.05,21.45,34.50,78.55,33.08,44.06,10.97,10.97
2013,OK,Reading,4,White,223.47,205.47,227.33,246.85,34.74,27.28,36.69,72.72,29.05,36.02,6.97,6.97
2013,OR,Reading,4,White,225.00,205.12,228.58,249.46,36.36,27.44,34.48,72.56,28.45,38.08,9.64,9.64
2013,PA,Reading,4,White,232.57,214.02,235.81,254.73,32.55,20.18,32.88,79.82,34.93,46.94,12.02,12.02
2013,RI,Reading,4,White,233.11,215.09,236.55,255.02,32.45,19.12,32.92,80.88,35.87,47.95,12.09,12.09
2013,SC,Reading,4,White,224.27,204.21,228.85,249.55,38.05,28.09,33.24,71.91,29.19,38.66,9.48,9.48
2013,SD,Reading,4,White,224.79,205.97,228.61,248.21,33.97,26.84,35.25,73.16,30.41,37.92,7.51,7.51
2013,TN,Reading,4,White,226.68,208.22,230.25,249.87,34.87,24.79,35.40,75.21,30.44,39.81,9.37,9.37
2013,TX,Reading,4,White,233.26,214.00,235.09,254.18,31.09,19.45,34.49,80.55,34.03,46.06,12.03,12.03
2013,UT,Reading,4,White,229.47,211.63,232.74,251.35,32.68,21.88,35.36,78.12,33.14,42.76,9.62,9.62
2013,VT,Reading,4,White,229.06,209.29,232.80,253.34,36.27,23.89,32.81,76.11,31.06,43.29,12.23,12.23
2013,VA,Reading,4,White,235.85,216.27,238.70,258.06,32.05,18.11,31.04,81.89,36.20,50.85,14.65,14.65
2013,WA,Reading,4,White,231.52,213.30,235.19,254.23,33.73,20.67,33.15,79.33,34.35,46.18,11.83,11.83
2013,WV,Reading,4,White,215.09,194.63,219.37,240.48,36.96,37.45,34.90,62.55,22.97,27.65,4.68,4.68
2013,WI,Reading,4,White,228.26,209.09,231.29,250.62,33.23,24.02,35.03,75.98,31.18,40.94,9.77,9.77
2013,WY,Reading,4,White,229.21,211.87,231.80,249.65,30.32,21.30,37.82,78.70,32.76,40.88,8.12,8.12
2013,AL,Reading,4,Black,202.42,182.46,205.91,227.02,35.83,52.80,32.46,47.20,13.10,14.74,1.64,1.64
2013,AK,Reading,4,Black,202.73,179.69,206.55,229.79,38.45,51.84,29.82,48.16,15.79,18.34,2.55,2.55
2013,AZ,Reading,4,Black,205.71,183.66,209.52,231.88,37.78,48.21,32.80,51.79,16.07,18.99,2.92,2.92
2013,AR,Reading,4,Black,200.30,178.09,203.82,226.67,37.17,54.85,30.41,45.15,13.18,14.74,1.56,1.56
2013,CA,Reading,4,Black,201.65,179.92,202.93,225.40,32.95,56.25,30.71,43.75,11.57,13.04,1.47,1.47
2013,CO,Reading,4,Black,202.95,175.18,208.05,232.60,39.80,50.00,30.76,50.00,16.16,19.24,3.08,3.08
2013,CT,Reading,4,Black,207.82,190.05,209.53,228.55,30.72,48.01,36.89,51.99,13.58,15.10,1.52,1.52
2013,DE,Reading,4,Black,213.17,193.46,215.97,236.02,32.93,40.39,36.88,59.61,19.65,22.73,3.08,3.08
2013,DC,Reading,4,Black,196.89,172.75,200.26,225.30,40.81,57.98,27.27,42.02,12.34,14.75,2.41,2.41
2013,FL,Reading,4,Black,212.47,193.09,213.37,233.22,30.94,42.71,36.98,57.29,17.19,20.30,3.11,3.11
2013,GA,Reading,4,Black,209.00,187.28,210.14,232.90,34.25,47.51,32.02,52.49,17.24,20.46,3.23,3.23
2013,HI,Reading,4,Black,222.82,202.49,226.66,248.61,37.92,30.51,32.38,69.49,27.98,37.12,9.13,9.13
2013,ID,Reading,4,Black,999.00,999.00,999.00,999.00,999.00,999.00,999.00,999.00,999.00,999.00,999.00,999.00
2013,IL,Reading,4,Black,198.52,175.24,200.81,223.99,37.91,58.36,27.80,41.64,11.39,13.84,2.45,2.45
2013,IN,Reading,4,Black,206.99,187.80,210.43,230.45,33.63,46.70,36.22,53.30,15.61,17.08,1.47,1.47
2013,IA,Reading,4,Black,199.61,178.13,202.98,225.57,38.36,55.55,29.87,44.45,12.11,14.58,2.48,2.48
2013,KS,Reading,4,Black,199.62,175.52,205.53,229.46,41.75,52.55,30.39,47.45,14.64,17.05,2.41,2.41
2013,KY,Reading,4,Black,204.28,182.05,206.07,227.21,33.86,52.37,32.36,47.63,12.95,15.26,2.31,2.31
2013,LA,Reading,4,Black,197.64,176.36,199.99,221.50,34.81,59.81,28.85,40.19,10.19,11.35,1.15,1.15
2013,ME,Reading,4,Black,192.01,163.16,197.10,223.50,39.59,60.25,28.83,39.75,10.15,10.93,0.78,0.78
2013,MD,Reading,4,Black,213.79,192.97,214.93,235.01,30.88,41.34,36.74,58.66,18.73,21.92,3.20,3.20
2013,MA,Reading,4,Black,209.13,188.50,212.35,233.37,35.26,44.68,34.57,55.32,17.80,20.75,2.95,2.95
2013,MI,Reading,4,Black,196.17,173.03,197.66,221.97,36.13,61.22,26.61,38.78,10.97,12.17,1.20,1.20
2013,MN,Reading,4,Black,207.97,185.30,212.32,233.98,37.19,45.25,33.97,54.75,17.92,20.79,2.87,2.87
2013,MS,Reading,4,Black,196.51,174.36,198.34,220.60,34.52,61.58,27.68,38.42,9.63,10.74,1.11,1.11
2013,MO,Reading,4,Black,200.07,177.43,202.25,225.37,35.20,55.74,30.81,44.26,11.95,13.45,1.50,1.50
2013,MT,Reading,4,Black,999.00,999.00,999.00,999.00,999.00,999.00,999.00,999.00,999.00,999.00,999.00,999.00
2013,NE,Reading,4,Black,202.11,180.48,206.66,226.70,38.35,51.69,32.65,48.31,12.92,15.66,2.74,2.74
2013,NV,Reading,4,Black,200.72,179.48,205.48,226.83,37.54,52.75,33.13,47.25,12.44,14.12,1.68,1.68
2013,NH,Reading,4,Black,215.26,193.63,219.66,238.77,31.89,38.35,35.08,61.65,23.81,26.57,2.76,2.76
2013,NJ,Reading,4,Black,211.33,189.82,214.17,235.61,34.75,43.02,34.55,56.98,18.91,22.42,3.51,3.51
2013,NM,Reading,4,Black,210.08,187.76,213.67,237.13,41.30,44.36,31.59,55.64,17.02,24.05,7.03,7.03
2013,NY,Reading,4,Black,210.57,189.65,212.66,234.38,33.77,44.69,34.10,55.31,17.96,21.21,3.24,3.24
2013,NC,Reading,4,Black,209.73,189.65,212.05,232.84,33.36,44.89,35.48,55.11,17.19,19.63,2.44,2.44
2013,ND,Reading,4,Black,210.55,187.76,211.45,235.87,36.40,46.39,30.33,53.61,17.75,23.27,5.52,5.52
2013,OH,Reading,4,Black,195.40,171.62,197.86,221.01,36.43,60.88,27.78,39.12,9.99,11.35,1.36,1.36
2013,OK,Reading,4,Black,200.63,179.36,204.43,226.27,36.93,54.00,31.84,46.00,12.53,14.16,1.64,1.64
2013,OR,Reading,4,Black,200.16,179.61,203.29,223.25,35.19,56.27,32.30,43.73,9.35,11.43,2.08,2.08
2013,PA,Reading,4,Black,207.95,185.25,211.07,232.00,36.09,46.56,33.62,53.44,15.96,19.82,3.86,3.86
2013,RI,Reading,4,Black,205.37,183.48,210.43,231.53,35.92,47.67,34.26,52.33,16.73,18.06,1.33,1.33
2013,SC,Reading,4,Black,197.49,177.07,201.92,224.49,39.75,57.17,29.61,42.83,11.98,13.21,1.23,1.23
2013,SD,Reading,4,Black,201.51,181.98,209.06,230.54,41.10,49.27,33.71,50.73,15.90,17.03,1.12,1.12
2013,TN,Reading,4,Black,200.69,178.40,202.68,226.07,36.78,55.85,28.99,44.15,13.06,15.16,2.10,2.10
2013,TX,Reading,4,Black,209.36,190.41,211.99,231.76,32.19,44.69,36.96,55.31,16.66,18.35,1.69,1.69
2013,UT,Reading,4,Black,999.00,999.00,999.00,999.00,999.00,999.00,999.00,999.00,999.00,999.00,999.00,999.00
2013,VT,Reading,4,Black,999.00,999.00,999.00,999.00,999.00,999.00,999.00,999.00,999.00,999.00,999.00,999.00
2013,VA,Reading,4,Black,210.76,189.13,214.04,236.33,35.45,42.99,33.96,57.01,19.85,23.05,3.21,3.21
2013,WA,Reading,4,Black,211.04,188.32,216.59,237.69,38.13,40.96,34.29,59.04,20.52,24.75,4.23,4.23
2013,WV,Reading,4,Black,203.36,183.48,205.17,226.97,34.02,53.45,32.26,46.55,12.39,14.29,1.91,1.91
2013,WI,Reading,4,Black,192.57,168.16,194.35,218.93,38.45,64.52,24.09,35.48,9.67,11.39,1.72,1.72
2013,WY,Reading,4,Black,999.00,999.00,999.00,999.00,999.00,999.00,999.00,999.00,999.00,999.00,999.00,999.00
2013,AL,Reading,4,Hispanic,205.72,185.57,207.81,227.55,31.50,50.20,34.95,49.80,13.41,14.85,1.45,1.45
2013,AK,Reading,4,Hispanic,213.12,194.39,218.60,238.92,38.63,38.43,35.49,61.57,22.13,26.08,3.95,3.95
2013,AZ,Reading,4,Hispanic,202.49,181.46,206.86,229.19,38.25,51.33,32.04,48.67,14.78,16.63,1.85,1.85
2013,AR,Reading,4,Hispanic,210.94,187.81,214.17,237.08,37.88,43.26,32.81,56.74,19.15,23.93,4.78,4.78
2013,CA,Reading,4,Hispanic,200.80,177.94,204.36,227.25,37.74,54.11,30.33,45.89,13.56,15.56,2.00,2.00
2013,CO,Reading,4,Hispanic,210.41,190.47,214.85,235.79,37.65,41.79,35.64,58.21,18.96,22.57,3.61,3.61
2013,CT,Reading,4,Hispanic,209.39,188.75,213.17,233.62,35.27,43.56,36.08,56.44,17.50,20.36,2.86,2.86
2013,DE,Reading,4,Hispanic,215.84,194.98,217.23,237.96,32.75,38.71,36.24,61.29,20.08,25.05,4.97,4.97
2013,DC,Reading,4,Hispanic,208.15,183.79,209.79,234.88,38.87,48.02,29.18,51.98,17.78,22.80,5.02,5.02
2013,FL,Reading,4,Hispanic,224.58,205.64,227.23,246.45,31.76,27.14,37.34,72.86,28.71,35.53,6.82,6.82
2013,GA,Reading,4,Hispanic,213.06,191.59,215.13,236.64,34.25,41.79,34.62,58.21,19.08,23.59,4.51,4.51
2013,HI,Reading,4,Hispanic,210.59,189.21,217.51,238.69,41.61,39.71,34.39,60.29,21.26,25.90,4.64,4.64
2013,ID,Reading,4,Hispanic,198.23,176.70,203.18,225.25,38.58,55.15,31.70,44.85,11.73,13.15,1.42,1.42
2013,IL,Reading,4,Hispanic,204.31,181.41,208.39,231.03,37.45,49.54,32.30,50.46,15.88,18.15,2.28,2.28
2013,IN,Reading,4,Hispanic,215.46,197.80,218.67,237.34,31.18,35.73,40.17,64.27,22.08,24.09,2.01,2.01
2013,IA,Reading,4,Hispanic,209.83,187.49,214.81,236.07,38.06,42.51,34.73,57.49,18.41,22.76,4.35,4.35
2013,KS,Reading,4,Hispanic,207.59,187.17,212.12,233.05,37.22,45.35,34.44,54.65,17.27,20.21,2.94,2.94
2013,KY,Reading,4,Hispanic,220.14,201.21,221.89,241.71,32.90,32.30,38.27,67.70,22.88,29.43,6.55,6.55
2013,LA,Reading,4,Hispanic,211.69,194.03,214.65,234.05,31.59,40.97,38.88,59.03,18.11,20.15,2.04,2.04
2013,ME,Reading,4,Hispanic,999.00,999.00,999.00,999.00,999.00,999.00,999.00,999.00,999.00,999.00,999.00,999.00
2013,MD,Reading,4,Hispanic,224.07,203.24,225.56,247.47,33.31,29.57,35.84,70.43,26.35,34.59,8.24,8.24
2013,MA,Reading,4,Hispanic,208.15,187.80,213.17,233.72,37.25,44.13,35.54,55.87,17.66,20.33,2.67,2.67
2013,MI,Reading,4,Hispanic,209.04,187.75,210.90,233.56,34.88,46.68,32.01,53.32,18.62,21.31,2.69,2.69
2013,MN,Reading,4,Hispanic,207.31,181.32,211.22,235.99,38.23,46.67,30.33,53.33,19.94,23.00,3.05,3.05
2013,MS,Reading,4,Hispanic,206.23,186.94,209.04,229.18,30.97,49.06,35.02,50.94,15.45,15.93,999.00,999.00
2013,MO,Reading,4,Hispanic,218.78,198.12,221.20,243.09,36.51,34.71,34.92,65.29,23.01,30.37,7.36,7.36
2013,MT,Reading,4,Hispanic,213.93,193.96,216.21,235.15,34.40,40.61,36.70,59.39,17.15,22.69,5.54,5.54
2013,NE,Reading,4,Hispanic,207.22,185.47,211.84,234.53,38.57,45.83,32.54,54.17,18.81,21.63,2.82,2.82
2013,NV,Reading,4,Hispanic,202.10,181.44,207.37,228.97,39.46,50.76,32.84,49.24,14.27,16.40,2.12,2.12
2013,NH,Reading,4,Hispanic,208.79,189.70,210.94,231.16,33.68,45.81,35.82,54.19,15.53,18.38,2.84,2.84
2013,NJ,Reading,4,Hispanic,211.57,192.17,214.37,233.99,33.03,42.19,37.28,57.81,17.66,20.53,2.88,2.88
2013,NM,Reading,4,Hispanic,200.55,176.76,205.38,229.22,40.42,52.67,30.49,47.33,14.66,16.84,2.18,2.18
2013,NY,Reading,4,Hispanic,210.04,188.28,213.21,234.53,35.30,44.09,34.46,55.91,17.95,21.45,3.50,3.50
2013,NC,Reading,4,Hispanic,210.11,187.63,213.80,236.28,37.03,43.80,32.90,56.20,19.38,23.29,3.91,3.91
2013,ND,Reading,4,Hispanic,217.28,195.38,221.92,240.68,32.70,35.31,35.66,64.69,25.07,29.03,3.96,3.96
2013,OH,Reading,4,Hispanic,213.59,191.24,213.25,238.22,34.42,43.16,31.66,56.84,20.33,25.18,4.85,4.85
2013,OK,Reading,4,Hispanic,204.35,184.42,208.84,229.83,37.15,49.12,34.33,50.88,14.56,16.55,1.99,1.99
2013,OR,Reading,4,Hispanic,199.10,175.51,203.90,227.62,41.05,54.75,29.12,45.25,13.62,16.13,2.52,2.52
2013,PA,Reading,4,Hispanic,208.47,189.17,212.33,231.69,35.69,43.92,37.48,56.08,15.45,18.60,3.15,3.15
2013,RI,Reading,4,Hispanic,201.46,179.33,205.98,229.04,40.26,52.51,30.57,47.49,14.32,16.92,2.59,2.59
2013,SC,Reading,4,Hispanic,211.30,193.59,215.46,234.46,35.71,40.43,38.42,59.57,18.02,21.15,3.13,3.13
2013,SD,Reading,4,Hispanic,206.79,188.01,212.50,233.12,38.56,44.20,36.63,55.80,16.59,19.16,2.57,2.57
2013,TN,Reading,4,Hispanic,202.97,177.50,208.62,233.33,41.59,49.48,29.84,50.52,17.36,20.68,3.32,3.32
2013,TX,Reading,4,Hispanic,206.00,185.48,209.07,229.91,34.88,48.59,34.28,51.41,15.09,17.12,2.03,2.03
2013,UT,Reading,4,Hispanic,196.49,171.36,201.89,225.88,40.68,56.49,29.48,43.51,12.33,14.04,1.71,1.71
2013,VT,Reading,4,Hispanic,999.00,999.00,999.00,999.00,999.00,999.00,999.00,999.00,999.00,999.00,999.00,999.00
2013,VA,Reading,4,Hispanic,210.83,188.49,214.13,238.23,39.82,43.86,30.90,56.14,19.55,25.24,5.68,5.68
2013,WA,Reading,4,Hispanic,205.09,183.42,209.75,231.34,38.02,47.94,33.56,52.06,16.03,18.51,2.47,2.47
2013,WV,Reading,4,Hispanic,999.00,999.00,999.00,999.00,999.00,999.00,999.00,999.00,999.00,999.00,999.00,999.00
2013,WI,Reading,4,Hispanic,200.85,177.33,204.02,228.05,39.93,54.82,28.56,45.18,13.55,16.62,3.07,3.07
2013,WY,Reading,4,Hispanic,215.22,197.67,218.33,237.23,32.18,36.54,39.29,63.46,21.43,24.18,2.74,2.74
2013,AL,Reading,4,Asian,999.00,999.00,999.00,999.00,999.00,999.00,999.00,999.00,999.00,999.00,999.00,999.00
2013,AK,Reading,4,Asian,204.33,180.69,207.15,230.83,37.74,50.78,30.91,49.22,15.31,18.31,3.00,3.00
2013,AZ,Reading,4,Asian,217.97,195.64,221.13,248.65,45.28,35.58,29.98,64.42,22.69,34.44,11.76,11.76
2013,AR,Reading,4,Asian,233.00,206.01,237.04,261.53,38.51,25.95,25.37,74.05,29.91,48.68,18.77,18.77
2013,CA,Reading,4,Asian,227.29,207.97,232.06,250.69,36.19,24.94,33.25,75.06,31.84,41.81,9.97,9.97
2013,CO,Reading,4,Asian,230.73,209.60,237.25,258.20,39.02,23.66,27.43,76.34,33.29,48.91,15.62,15.62
2013,CT,Reading,4,Asian,245.68,225.19,246.11,267.94,32.16,9.90,30.50,90.10,34.60,59.60,25.01,25.01
2013,DE,Reading,4,Asian,248.85,230.74,252.13,270.48,32.73,9.64,22.79,90.36,39.79,67.56,27.78,27.78
2013,DC,Reading,4,Asian,999.00,999.00,999.00,999.00,999.00,999.00,999.00,999.00,999.00,999.00,999.00,999.00
2013,FL,Reading,4,Asian,249.28,232.61,251.37,268.29,29.31,8.16,23.95,91.84,42.67,67.89,25.22,25.22
2013,GA,Reading,4,Asian,245.22,222.44,248.54,268.45,34.69,13.59,25.36,86.41,35.70,61.06,25.36,25.36
2013,HI,Reading,4,Asian,210.67,187.86,214.95,238.64,40.65,42.86,31.47,57.14,20.29,25.68,5.38,5.38
2013,ID,Reading,4,Asian,999.00,999.00,999.00,999.00,999.00,999.00,999.00,999.00,999.00,999.00,999.00,999.00
2013,IL,Reading,4,Asian,241.80,222.30,245.56,265.92,35.54,14.18,27.24,85.82,35.74,58.58,22.84,22.84
2013,IN,Reading,4,Asian,235.13,209.61,239.95,265.86,45.86,23.75,24.44,76.25,28.35,51.81,23.46,23.46
2013,IA,Reading,4,Asian,218.72,193.11,224.15,248.23,43.41,35.18,29.52,64.82,23.86,35.30,11.43,11.43
2013,KS,Reading,4,Asian,228.57,209.29,235.55,255.62,40.80,23.85,29.23,76.15,33.41,46.92,13.51,13.51
2013,KY,Reading,4,Asian,244.32,223.34,246.04,267.61,31.75,12.15,28.76,87.85,34.67,59.09,24.42,24.42
2013,LA,Reading,4,Asian,999.00,999.00,999.00,999.00,999.00,999.00,999.00,999.00,999.00,999.00,999.00,999.00
2013,ME,Reading,4,Asian,999.00,999.00,999.00,999.00,999.00,999.00,999.00,999.00,999.00,999.00,999.00,999.00
2013,MD,Reading,4,Asian,254.95,235.80,256.84,276.99,31.70,8.52,18.42,91.48,37.34,73.06,35.72,35.72
2013,MA,Reading,4,Asian,239.68,219.61,243.26,264.56,36.86,17.11,25.96,82.89,35.27,56.93,21.65,21.65
2013,MI,Reading,4,Asian,226.79,210.75,234.49,255.05,43.69,22.65,32.38,77.35,31.99,44.97,12.98,12.98
2013,MN,Reading,4,Asian,222.94,197.40,231.32,254.43,45.05,31.92,24.48,68.08,30.92,43.59,12.68,12.68
2013,MS,Reading,4,Asian,999.00,999.00,999.00,999.00,999.00,999.00,999.00,999.00,999.00,999.00,999.00,999.00
2013,MO,Reading,4,Asian,235.14,215.04,236.68,258.00,35.27,18.32,33.97,81.68,30.83,47.71,16.88,16.88
2013,MT,Reading,4,Asian,999.00,999.00,999.00,999.00,999.00,999.00,999.00,999.00,999.00,999.00,999.00,999.00
2013,NE,Reading,4,Asian,231.02,213.03,238.71,257.86,41.36,21.37,27.61,78.63,35.84,51.02,15.18,15.18
2013,NV,Reading,4,Asian,226.62,207.43,228.99,249.73,33.16,25.43,36.61,74.57,28.41,37.96,9.55,9.55
2013,NH,Reading,4,Asian,235.97,211.85,237.63,259.75,35.27,22.18,28.22,77.82,31.62,49.61,17.99,17.99
2013,NJ,Reading,4,Asian,250.25,232.15,252.55,271.13,30.34,8.43,22.72,91.57,39.81,68.85,29.04,29.04
2013,NM,Reading,4,Asian,999.00,999.00,999.00,999.00,999.00,999.00,999.00,999.00,999.00,999.00,999.00,999.00
2013,NY,Reading,4,Asian,236.34,217.14,241.09,260.63,36.20,18.94,27.23,81.06,36.30,53.83,17.53,17.53
2013,NC,Reading,4,Asian,236.28,213.78,243.21,262.69,37.20,20.89,24.02,79.11,36.01,55.09,19.08,19.08
2013,ND,Reading,4,Asian,999.00,999.00,999.00,999.00,999.00,999.00,999.00,999.00,999.00,999.00,999.00,999.00
2013,OH,Reading,4,Asian,244.44,231.05,250.07,263.33,30.54,10.20,22.26,89.80,48.73,67.53,18.81,18.81
2013,OK,Reading,4,Asian,224.43,200.72,226.12,249.83,34.67,31.04,31.71,68.96,26.74,37.24,10.50,10.50
2013,OR,Reading,4,Asian,231.82,207.40,235.01,259.85,42.32,25.67,27.46,74.33,28.22,46.87,18.65,18.65
2013,PA,Reading,4,Asian,235.61,220.04,240.40,258.51,37.47,16.03,30.24,83.97,38.38,53.73,15.34,15.34
2013,RI,Reading,4,Asian,223.23,201.93,227.78,250.50,37.42,30.43,31.24,69.57,29.22,38.33,9.11,9.11
2013,SC,Reading,4,Asian,999.00,999.00,999.00,999.00,999.00,999.00,999.00,999.00,999.00,999.00,999.00,999.00
2013,SD,Reading,4,Asian,999.00,999.00,999.00,999.00,999.00,999.00,999.00,999.00,999.00,999.00,999.00,999.00
2013,TN,Reading,4,Asian,240.75,225.25,245.25,262.11,33.23,12.60,27.09,87.40,42.05,60.32,18.27,18.27
2013,TX,Reading,4,Asian,251.90,229.93,252.19,274.28,32.75,9.04,25.15,90.96,34.12,65.81,31.69,31.69
2013,UT,Reading,4,Asian,225.71,202.58,228.37,254.69,45.12,29.35,30.87,70.65,22.76,39.78,17.02,17.02
2013,VT,Reading,4,Asian,999.00,999.00,999.00,999.00,999.00,999.00,999.00,999.00,999.00,999.00,999.00,999.00
2013,VA,Reading,4,Asian,247.65,227.77,250.07,271.08,33.97,10.90,24.20,89.10,36.79,64.91,28.12,28.12
2013,WA,Reading,4,Asian,239.58,220.14,244.22,264.37,37.38,17.82,25.04,82.18,36.11,57.14,21.03,21.03
2013,WV,Reading,4,Asian,999.00,999.00,999.00,999.00,999.00,999.00,999.00,999.00,999.00,999.00,999.00,999.00
2013,WI,Reading,4,Asian,223.65,197.42,230.66,255.32,43.21,32.23,24.42,67.77,30.61,43.35,12.74,12.74
2013,WY,Reading,4,Asian,999.00,999.00,999.00,999.00,999.00,999.00,999.00,999.00,999.00,999.00,999.00,999.00
2013,AL,Reading,4,American Indian or Alaskan Native,999.00,999.00,999.00,999.00,999.00,999.00,999.00,999.00,999.00,999.00,999.00,999.00
2013,AK,Reading,4,American Indian or Alaskan Native,173.45,141.45,176.19,209.19,46.71,74.21,18.70,25.79,6.33,7.09,0.75,0.75
2013,AZ,Reading,4,American Indian or Alaskan Native,186.38,164.66,187.90,209.96,36.64,72.99,19.53,27.01,6.51,7.49,0.97,0.97
2013,AR,Reading,4,American Indian or Alaskan Native,999.00,999.00,999.00,999.00,999.00,999.00,999.00,999.00,999.00,999.00,999.00,999.00
2013,CA,Reading,4,American Indian or Alaskan Native,999.00,999.00,999.00,999.00,999.00,999.00,999.00,999.00,999.00,999.00,999.00,999.00
2013,CO,Reading,4,American Indian or Alaskan Native,999.00,999.00,999.00,999.00,999.00,999.00,999.00,999.00,999.00,999.00,999.00,999.00
2013,CT,Reading,4,American Indian or Alaskan Native,999.00,999.00,999.00,999.00,999.00,999.00,999.00,999.00,999.00,999.00,999.00,999.00
2013,DE,Reading,4,American Indian or Alaskan Native,999.00,999.00,999.00,999.00,999.00,999.00,999.00,999.00,999.00,999.00,999.00,999.00
2013,DC,Reading,4,American Indian or Alaskan Native,999.00,999.00,999.00,999.00,999.00,999.00,999.00,999.00,999.00,999.00,999.00,999.00
2013,FL,Reading,4,American Indian or Alaskan Native,999.00,999.00,999.00,999.00,999.00,999.00,999.00,999.00,999.00,999.00,999.00,999.00
2013,GA,Reading,4,American Indian or Alaskan Native,999.00,999.00,999.00,999.00,999.00,999.00,999.00,999.00,999.00,999.00,999.00,999.00
2013,HI,Reading,4,American Indian or Alaskan Native,999.00,999.00,999.00,999.00,999.00,999.00,999.00,999.00,999.00,999.00,999.00,999.00
2013,ID,Reading,4,American Indian or Alaskan Native,999.00,999.00,999.00,999.00,999.00,999.00,999.00,999.00,999.00,999.00,999.00,999.00
2013,IL,Reading,4,American Indian or Alaskan Native,999.00,999.00,999.00,999.00,999.00,999.00,999.00,999.00,999.00,999.00,999.00,999.00
2013,IN,Reading,4,American Indian or Alaskan Native,999.00,999.00,999.00,999.00,999.00,999.00,999.00,999.00,999.00,999.00,999.00,999.00
2013,IA,Reading,4,American Indian or Alaskan Native,999.00,999.00,999.00,999.00,999.00,999.00,999.00,999.00,999.00,999.00,999.00,999.00
2013,KS,Reading,4,American Indian or Alaskan Native,999.00,999.00,999.00,999.00,999.00,999.00,999.00,999.00,999.00,999.00,999.00,999.00
2013,KY,Reading,4,American Indian or Alaskan Native,999.00,999.00,999.00,999.00,999.00,999.00,999.00,999.00,999.00,999.00,999.00,999.00
2013,LA,Reading,4,American Indian or Alaskan Native,999.00,999.00,999.00,999.00,999.00,999.00,999.00,999.00,999.00,999.00,999.00,999.00
2013,ME,Reading,4,American Indian or Alaskan Native,999.00,999.00,999.00,999.00,999.00,999.00,999.00,999.00,999.00,999.00,999.00,999.00
2013,MD,Reading,4,American Indian or Alaskan Native,999.00,999.00,999.00,999.00,999.00,999.00,999.00,999.00,999.00,999.00,999.00,999.00
2013,MA,Reading,4,American Indian or Alaskan Native,999.00,999.00,999.00,999.00,999.00,999.00,999.00,999.00,999.00,999.00,999.00,999.00
2013,MI,Reading,4,American Indian or Alaskan Native,999.00,999.00,999.00,999.00,999.00,999.00,999.00,999.00,999.00,999.00,999.00,999.00
2013,MN,Reading,4,American Indian or Alaskan Native,999.00,999.00,999.00,999.00,999.00,999.00,999.00,999.00,999.00,999.00,999.00,999.00
2013,MS,Reading,4,American Indian or Alaskan Native,999.00,999.00,999.00,999.00,999.00,999.00,999.00,999.00,999.00,999.00,999.00,999.00
2013,MO,Reading,4,American Indian or Alaskan Native,999.00,999.00,999.00,999.00,999.00,999.00,999.00,999.00,999.00,999.00,999.00,999.00
2013,MT,Reading,4,American Indian or Alaskan Native,197.79,175.95,199.62,222.09,34.96,60.04,28.53,39.96,10.16,11.44,1.27,1.27
2013,NE,Reading,4,American Indian or Alaskan Native,999.00,999.00,999.00,999.00,999.00,999.00,999.00,999.00,999.00,999.00,999.00,999.00
2013,NV,Reading,4,American Indian or Alaskan Native,999.00,999.00,999.00,999.00,999.00,999.00,999.00,999.00,999.00,999.00,999.00,999.00
2013,NH,Reading,4,American Indian or Alaskan Native,999.00,999.00,999.00,999.00,999.00,999.00,999.00,999.00,999.00,999.00,999.00,999.00
2013,NJ,Reading,4,American Indian or Alaskan Native,999.00,999.00,999.00,999.00,999.00,999.00,999.00,999.00,999.00,999.00,999.00,999.00
2013,NM,Reading,4,American Indian or Alaskan Native,187.47,165.35,190.22,214.66,38.93,68.23,24.67,31.77,6.51,7.10,0.58,0.58
2013,NY,Reading,4,American Indian or Alaskan Native,999.00,999.00,999.00,999.00,999.00,999.00,999.00,999.00,999.00,999.00,999.00,999.00
2013,NC,Reading,4,American Indian or Alaskan Native,205.57,184.99,211.59,229.32,36.82,45.35,38.75,54.65,13.59,15.89,2.31,2.31
2013,ND,Reading,4,American Indian or Alaskan Native,201.45,181.73,205.43,224.54,34.42,53.56,33.36,46.44,12.47,13.09,0.61,0.61
2013,OH,Reading,4,American Indian or Alaskan Native,999.00,999.00,999.00,999.00,999.00,999.00,999.00,999.00,999.00,999.00,999.00,999.00
2013,OK,Reading,4,American Indian or Alaskan Native,217.33,197.92,222.01,241.97,36.75,34.11,35.80,65.89,24.93,30.09,5.16,5.16
2013,OR,Reading,4,American Indian or Alaskan Native,999.00,999.00,999.00,999.00,999.00,999.00,999.00,999.00,999.00,999.00,999.00,999.00
2013,PA,Reading,4,American Indian or Alaskan Native,999.00,999.00,999.00,999.00,999.00,999.00,999.00,999.00,999.00,999.00,999.00,999.00
2013,RI,Reading,4,American Indian or Alaskan Native,999.00,999.00,999.00,999.00,999.00,999.00,999.00,999.00,999.00,999.00,999.00,999.00
2013,SC,Reading,4,American Indian or Alaskan Native,999.00,999.00,999.00,999.00,999.00,999.00,999.00,999.00,999.00,999.00,999.00,999.00
2013,SD,Reading,4,American Indian or Alaskan Native,190.52,168.78,193.59,216.35,36.64,66.19,25.79,33.81,7.50,8.02,0.51,0.51
2013,TN,Reading,4,American Indian or Alaskan Native,999.00,999.00,999.00,999.00,999.00,999.00,999.00,999.00,999.00,999.00,999.00,999.00
2013,TX,Reading,4,American Indian or Alaskan Native,999.00,999.00,999.00,999.00,999.00,999.00,999.00,999.00,999.00,999.00,999.00,999.00
2013,UT,Reading,4,American Indian or Alaskan Native,999.00,999.00,999.00,999.00,999.00,999.00,999.00,999.00,999.00,999.00,999.00,999.00
2013,VT,Reading,4,American Indian or Alaskan Native,999.00,999.00,999.00,999.00,999.00,999.00,999.00,999.00,999.00,999.00,999.00,999.00
2013,VA,Reading,4,American Indian or Alaskan Native,999.00,999.00,999.00,999.00,999.00,999.00,999.00,999.00,999.00,999.00,999.00,999.00
2013,WA,Reading,4,American Indian or Alaskan Native,999.00,999.00,999.00,999.00,999.00,999.00,999.00,999.00,999.00,999.00,999.00,999.00
2013,WV,Reading,4,American Indian or Alaskan Native,999.00,999.00,999.00,999.00,999.00,999.00,999.00,999.00,999.00,999.00,999.00,999.00
2013,WI,Reading,4,American Indian or Alaskan Native,211.24,192.16,215.20,235.73,36.90,39.78,37.39,60.22,18.98,22.83,3.85,3.85
2013,WY,Reading,4,American Indian or Alaskan Native,198.94,179.90,200.84,221.06,31.86,58.58,31.96,41.42,8.50,9.46,0.95,0.95
2013,AL,Reading,4,Hawaiian,999.00,999.00,999.00,999.00,999.00,999.00,999.00,999.00,999.00,999.00,999.00,999.00
2013,AK,Reading,4,Hawaiian,214.68,196.13,217.74,237.61,33.79,37.66,37.54,62.34,21.26,24.80,3.55,3.55
2013,AZ,Reading,4,Hawaiian,999.00,999.00,999.00,999.00,999.00,999.00,999.00,999.00,999.00,999.00,999.00,999.00
2013,AR,Reading,4,Hawaiian,999.00,999.00,999.00,999.00,999.00,999.00,999.00,999.00,999.00,999.00,999.00,999.00
2013,CA,Reading,4,Hawaiian,226.01,202.60,228.78,253.01,42.30,29.79,31.76,70.21,22.64,38.45,15.81,15.81
2013,CO,Reading,4,Hawaiian,224.22,201.36,227.66,250.77,38.05,29.85,33.06,70.15,25.23,37.08,11.85,11.85
2013,CT,Reading,4,Hawaiian,999.00,999.00,999.00,999.00,999.00,999.00,999.00,999.00,999.00,999.00,999.00,999.00
2013,DE,Reading,4,Hawaiian,999.00,999.00,999.00,999.00,999.00,999.00,999.00,999.00,999.00,999.00,999.00,999.00
2013,DC,Reading,4,Hawaiian,999.00,999.00,999.00,999.00,999.00,999.00,999.00,999.00,999.00,999.00,999.00,999.00
2013,FL,Reading,4,Hawaiian,231.79,210.80,233.83,255.08,32.59,22.94,32.16,77.06,31.53,44.90,13.37,13.37
2013,GA,Reading,4,Hawaiian,222.92,201.32,225.66,245.01,35.33,30.47,35.29,69.53,25.34,34.24,8.90,8.90
2013,HI,Reading,4,Hawaiian,223.48,203.36,227.23,248.47,37.69,29.13,34.03,70.87,26.82,36.85,10.03,10.03
2013,ID,Reading,4,Hawaiian,215.78,201.13,223.26,241.77,41.42,31.75,38.12,68.25,26.01,30.13,4.12,4.12
2013,IL,Reading,4,Hawaiian,221.14,195.78,226.32,250.09,39.05,33.89,29.07,66.11,27.50,37.04,9.53,9.53
2013,IN,Reading,4,Hawaiian,222.47,204.21,227.66,247.26,37.69,27.88,35.48,72.12,28.13,36.64,8.51,8.51
2013,IA,Reading,4,Hawaiian,220.46,200.12,225.44,247.47,40.36,32.07,32.67,67.93,26.25,35.26,9.00,9.00
2013,KS,Reading,4,Hawaiian,223.82,204.63,230.13,250.07,38.43,27.72,32.62,72.28,31.18,39.66,8.48,8.48
2013,KY,Reading,4,Hawaiian,221.38,196.85,222.73,248.56,38.15,36.28,28.34,63.72,24.23,35.38,11.14,11.14
2013,LA,Reading,4,Hawaiian,999.00,999.00,999.00,999.00,999.00,999.00,999.00,999.00,999.00,999.00,999.00,999.00
2013,ME,Reading,4,Hawaiian,999.00,999.00,999.00,999.00,999.00,999.00,999.00,999.00,999.00,999.00,999.00,999.00
2013,MD,Reading,4,Hawaiian,242.91,222.42,245.17,266.72,33.83,15.81,25.29,84.19,35.82,58.90,23.08,23.08
2013,MA,Reading,4,Hawaiian,239.74,219.96,242.25,262.69,34.35,17.16,26.45,82.84,37.00,56.39,19.39,19.39
2013,MI,Reading,4,Hawaiian,203.04,182.44,205.85,227.95,34.92,52.69,31.64,47.31,14.14,15.67,1.53,1.53
2013,MN,Reading,4,Hawaiian,214.51,191.49,218.42,240.83,38.99,38.94,33.80,61.06,20.12,27.26,7.14,7.14
2013,MS,Reading,4,Hawaiian,999.00,999.00,999.00,999.00,999.00,999.00,999.00,999.00,999.00,999.00,999.00,999.00
2013,MO,Reading,4,Hawaiian,999.00,999.00,999.00,999.00,999.00,999.00,999.00,999.00,999.00,999.00,999.00,999.00
2013,MT,Reading,4,Hawaiian,999.00,999.00,999.00,999.00,999.00,999.00,999.00,999.00,999.00,999.00,999.00,999.00
2013,NE,Reading,4,Hawaiian,222.63,201.14,226.69,247.60,35.01,30.35,34.28,69.65,26.91,35.37,8.46,8.46
2013,NV,Reading,4,Hawaiian,225.05,204.16,229.64,250.43,35.81,28.23,31.95,71.77,31.58,39.81,8.23,8.23
2013,NH,Reading,4,Hawaiian,999.00,999.00,999.00,999.00,999.00,999.00,999.00,999.00,999.00,999.00,999.00,999.00
2013,NJ,Reading,4,Hawaiian,999.00,999.00,999.00,999.00,999.00,999.00,999.00,999.00,999.00,999.00,999.00,999.00
2013,NM,Reading,4,Hawaiian,999.00,999.00,999.00,999.00,999.00,999.00,999.00,999.00,999.00,999.00,999.00,999.00
2013,NY,Reading,4,Hawaiian,999.00,999.00,999.00,999.00,999.00,999.00,999.00,999.00,999.00,999.00,999.00,999.00
2013,NC,Reading,4,Hawaiian,225.12,203.21,228.32,249.17,36.77,28.79,33.07,71.21,27.74,38.14,10.40,10.40
2013,ND,Reading,4,Hawaiian,999.00,999.00,999.00,999.00,999.00,999.00,999.00,999.00,999.00,999.00,999.00,999.00
2013,OH,Reading,4,Hawaiian,218.65,201.33,222.53,241.17,36.63,31.15,39.95,68.85,23.07,28.91,5.84,5.84
2013,OK,Reading,4,Hawaiian,216.01,195.74,220.51,241.61,37.80,36.41,34.57,63.59,23.29,29.02,5.73,5.73
2013,OR,Reading,4,Hawaiian,226.53,203.63,232.21,255.03,42.37,28.33,27.37,71.67,30.46,44.30,13.84,13.84
2013,PA,Reading,4,Hawaiian,222.49,200.82,223.97,247.44,35.27,31.64,33.63,68.36,25.48,34.73,9.26,9.26
2013,RI,Reading,4,Hawaiian,999.00,999.00,999.00,999.00,999.00,999.00,999.00,999.00,999.00,999.00,999.00,999.00
2013,SC,Reading,4,Hawaiian,218.19,197.69,222.27,242.16,34.88,33.30,36.96,66.70,25.10,29.74,4.64,4.64
2013,SD,Reading,4,Hawaiian,217.41,197.35,219.18,238.88,29.58,37.12,36.75,62.88,23.09,26.13,3.04,3.04
2013,TN,Reading,4,Hawaiian,999.00,999.00,999.00,999.00,999.00,999.00,999.00,999.00,999.00,999.00,999.00,999.00
2013,TX,Reading,4,Hawaiian,232.84,207.58,239.45,256.01,32.86,24.47,23.18,75.53,40.49,52.35,11.86,11.86
2013,UT,Reading,4,Hawaiian,999.00,999.00,999.00,999.00,999.00,999.00,999.00,999.00,999.00,999.00,999.00,999.00
2013,VT,Reading,4,Hawaiian,217.79,196.88,221.51,245.71,40.53,35.33,32.58,64.67,23.61,32.09,8.48,8.48
2013,VA,Reading,4,Hawaiian,232.34,212.41,237.10,258.01,36.86,21.66,29.76,78.34,34.37,48.58,14.21,14.21
2013,WA,Reading,4,Hawaiian,223.91,203.29,228.71,247.77,34.38,28.67,33.49,71.33,30.73,37.84,7.10,7.10
2013,WV,Reading,4,Hawaiian,999.00,999.00,999.00,999.00,999.00,999.00,999.00,999.00,999.00,999.00,999.00,999.00
2013,WI,Reading,4,Hawaiian,999.00,999.00,999.00,999.00,999.00,999.00,999.00,999.00,999.00,999.00,999.00,999.00
2013,WY,Reading,4,Hawaiian,999.00,999.00,999.00,999.00,999.00,999.00,999.00,999.00,999.00,999.00,999.00,999.00
2013,AL,Reading,4,Multiracial,N/A,N/A,N/A,N/A,N/A,N/A,N/A,N/A,N/A,N/A,N/A,N/A
2013,AK,Reading,4,Multiracial,N/A,N/A,N/A,N/A,N/A,N/A,N/A,N/A,N/A,N/A,N/A,N/A
2013,AZ,Reading,4,Multiracial,N/A,N/A,N/A,N/A,N/A,N/A,N/A,N/A,N/A,N/A,N/A,N/A
2013,AR,Reading,4,Multiracial,N/A,N/A,N/A,N/A,N/A,N/A,N/A,N/A,N/A,N/A,N/A,N/A
2013,CA,Reading,4,Multiracial,N/A,N/A,N/A,N/A,N/A,N/A,N/A,N/A,N/A,N/A,N/A,N/A
2013,CO,Reading,4,Multiracial,N/A,N/A,N/A,N/A,N/A,N/A,N/A,N/A,N/A,N/A,N/A,N/A
2013,CT,Reading,4,Multiracial,N/A,N/A,N/A,N/A,N/A,N/A,N/A,N/A,N/A,N/A,N/A,N/A
2013,DE,Reading,4,Multiracial,N/A,N/A,N/A,N/A,N/A,N/A,N/A,N/A,N/A,N/A,N/A,N/A
2013,DC,Reading,4,Multiracial,N/A,N/A,N/A,N/A,N/A,N/A,N/A,N/A,N/A,N/A,N/A,N/A
2013,FL,Reading,4,Multiracial,N/A,N/A,N/A,N/A,N/A,N/A,N/A,N/A,N/A,N/A,N/A,N/A
2013,GA,Reading,4,Multiracial,N/A,N/A,N/A,N/A,N/A,N/A,N/A,N/A,N/A,N/A,N/A,N/A
2013,HI,Reading,4,Multiracial,N/A,N/A,N/A,N/A,N/A,N/A,N/A,N/A,N/A,N/A,N/A,N/A
2013,ID,Reading,4,Multiracial,N/A,N/A,N/A,N/A,N/A,N/A,N/A,N/A,N/A,N/A,N/A,N/A
2013,IL,Reading,4,Multiracial,N/A,N/A,N/A,N/A,N/A,N/A,N/A,N/A,N/A,N/A,N/A,N/A
2013,IN,Reading,4,Multiracial,N/A,N/A,N/A,N/A,N/A,N/A,N/A,N/A,N/A,N/A,N/A,N/A
2013,IA,Reading,4,Multiracial,N/A,N/A,N/A,N/A,N/A,N/A,N/A,N/A,N/A,N/A,N/A,N/A
2013,KS,Reading,4,Multiracial,N/A,N/A,N/A,N/A,N/A,N/A,N/A,N/A,N/A,N/A,N/A,N/A
2013,KY,Reading,4,Multiracial,N/A,N/A,N/A,N/A,N/A,N/A,N/A,N/A,N/A,N/A,N/A,N/A
2013,LA,Reading,4,Multiracial,N/A,N/A,N/A,N/A,N/A,N/A,N/A,N/A,N/A,N/A,N/A,N/A
2013,ME,Reading,4,Multiracial,N/A,N/A,N/A,N/A,N/A,N/A,N/A,N/A,N/A,N/A,N/A,N/A
2013,MD,Reading,4,Multiracial,N/A,N/A,N/A,N/A,N/A,N/A,N/A,N/A,N/A,N/A,N/A,N/A
2013,MA,Reading,4,Multiracial,N/A,N/A,N/A,N/A,N/A,N/A,N/A,N/A,N/A,N/A,N/A,N/A
2013,MI,Reading,4,Multiracial,N/A,N/A,N/A,N/A,N/A,N/A,N/A,N/A,N/A,N/A,N/A,N/A
2013,MN,Reading,4,Multiracial,N/A,N/A,N/A,N/A,N/A,N/A,N/A,N/A,N/A,N/A,N/A,N/A
2013,MS,Reading,4,Multiracial,N/A,N/A,N/A,N/A,N/A,N/A,N/A,N/A,N/A,N/A,N/A,N/A
2013,MO,Reading,4,Multiracial,N/A,N/A,N/A,N/A,N/A,N/A,N/A,N/A,N/A,N/A,N/A,N/A
2013,MT,Reading,4,Multiracial,N/A,N/A,N/A,N/A,N/A,N/A,N/A,N/A,N/A,N/A,N/A,N/A
2013,NE,Reading,4,Multiracial,N/A,N/A,N/A,N/A,N/A,N/A,N/A,N/A,N/A,N/A,N/A,N/A
2013,NV,Reading,4,Multiracial,N/A,N/A,N/A,N/A,N/A,N/A,N/A,N/A,N/A,N/A,N/A,N/A
2013,NH,Reading,4,Multiracial,N/A,N/A,N/A,N/A,N/A,N/A,N/A,N/A,N/A,N/A,N/A,N/A
2013,NJ,Reading,4,Multiracial,N/A,N/A,N/A,N/A,N/A,N/A,N/A,N/A,N/A,N/A,N/A,N/A
2013,NM,Reading,4,Multiracial,N/A,N/A,N/A,N/A,N/A,N/A,N/A,N/A,N/A,N/A,N/A,N/A
2013,NY,Reading,4,Multiracial,N/A,N/A,N/A,N/A,N/A,N/A,N/A,N/A,N/A,N/A,N/A,N/A
2013,NC,Reading,4,Multiracial,N/A,N/A,N/A,N/A,N/A,N/A,N/A,N/A,N/A,N/A,N/A,N/A
2013,ND,Reading,4,Multiracial,N/A,N/A,N/A,N/A,N/A,N/A,N/A,N/A,N/A,N/A,N/A,N/A
2013,OH,Reading,4,Multiracial,N/A,N/A,N/A,N/A,N/A,N/A,N/A,N/A,N/A,N/A,N/A,N/A
2013,OK,Reading,4,Multiracial,N/A,N/A,N/A,N/A,N/A,N/A,N/A,N/A,N/A,N/A,N/A,N/A
2013,OR,Reading,4,Multiracial,N/A,N/A,N/A,N/A,N/A,N/A,N/A,N/A,N/A,N/A,N/A,N/A
2013,PA,Reading,4,Multiracial,N/A,N/A,N/A,N/A,N/A,N/A,N/A,N/A,N/A,N/A,N/A,N/A
2013,RI,Reading,4,Multiracial,N/A,N/A,N/A,N/A,N/A,N/A,N/A,N/A,N/A,N/A,N/A,N/A
2013,SC,Reading,4,Multiracial,N/A,N/A,N/A,N/A,N/A,N/A,N/A,N/A,N/A,N/A,N/A,N/A
2013,SD,Reading,4,Multiracial,N/A,N/A,N/A,N/A,N/A,N/A,N/A,N/A,N/A,N/A,N/A,N/A
2013,TN,Reading,4,Multiracial,N/A,N/A,N/A,N/A,N/A,N/A,N/A,N/A,N/A,N/A,N/A,N/A
2013,TX,Reading,4,Multiracial,N/A,N/A,N/A,N/A,N/A,N/A,N/A,N/A,N/A,N/A,N/A,N/A
2013,UT,Reading,4,Multiracial,N/A,N/A,N/A,N/A,N/A,N/A,N/A,N/A,N/A,N/A,N/A,N/A
2013,VT,Reading,4,Multiracial,N/A,N/A,N/A,N/A,N/A,N/A,N/A,N/A,N/A,N/A,N/A,N/A
2013,VA,Reading,4,Multiracial,N/A,N/A,N/A,N/A,N/A,N/A,N/A,N/A,N/A,N/A,N/A,N/A
2013,WA,Reading,4,Multiracial,N/A,N/A,N/A,N/A,N/A,N/A,N/A,N/A,N/A,N/A,N/A,N/A
2013,WV,Reading,4,Multiracial,N/A,N/A,N/A,N/A,N/A,N/A,N/A,N/A,N/A,N/A,N/A,N/A
2013,WI,Reading,4,Multiracial,N/A,N/A,N/A,N/A,N/A,N/A,N/A,N/A,N/A,N/A,N/A,N/A
2013,WY,Reading,4,Multiracial,N/A,N/A,N/A,N/A,N/A,N/A,N/A,N/A,N/A,N/A,N/A,N/A
2013,AL,Reading,8,All,257.43,236.05,259.50,281.08,34.19,31.57,43.36,68.43,23.43,25.06,1.63,1.63
2013,AK,Reading,8,All,261.26,238.65,264.17,286.71,36.34,28.53,40.40,71.47,28.12,31.07,2.96,2.96
2013,AZ,Reading,8,All,260.45,239.70,262.61,283.70,33.80,28.03,44.13,71.97,25.75,27.84,2.09,2.09
2013,AR,Reading,8,All,261.96,240.49,264.32,285.81,34.94,27.18,42.49,72.82,27.41,30.33,2.92,2.92
2013,CA,Reading,8,All,261.50,239.79,263.21,285.27,34.84,27.91,42.78,72.09,26.32,29.31,2.99,2.99
2013,CO,Reading,8,All,271.01,250.47,272.96,294.08,33.19,18.69,41.47,81.31,35.26,39.84,4.58,4.58
2013,CT,Reading,8,All,274.46,253.44,277.06,298.18,34.59,17.29,37.61,82.71,38.63,45.10,6.47,6.47
2013,DE,Reading,8,All,265.98,244.72,267.77,288.63,33.40,23.47,43.19,76.53,29.68,33.34,3.67,3.67
2013,DC,Reading,8,All,247.74,224.33,249.27,271.97,36.65,42.93,39.64,57.07,15.64,17.43,1.80,1.80
2013,FL,Reading,8,All,265.83,244.90,267.21,288.52,33.11,23.25,43.48,76.75,29.89,33.27,3.38,3.38
2013,GA,Reading,8,All,264.62,243.29,265.39,287.36,33.66,24.70,43.80,75.30,27.95,31.51,3.55,3.55
2013,HI,Reading,8,All,259.96,238.62,262.45,284.26,35.58,28.72,42.84,71.28,25.97,28.44,2.48,2.48
2013,ID,Reading,8,All,270.22,250.74,271.97,292.29,31.89,18.33,43.38,81.67,34.67,38.29,3.62,3.62
2013,IL,Reading,8,All,266.90,245.97,269.40,291.13,34.91,22.58,41.18,77.42,32.47,36.23,3.76,3.76
2013,IN,Reading,8,All,267.27,247.67,268.96,289.14,31.91,20.75,44.55,79.25,31.92,34.70,2.77,2.77
2013,IA,Reading,8,All,269.00,250.12,271.08,290.52,31.59,18.81,44.49,81.19,33.70,36.70,3.00,3.00
2013,KS,Reading,8,All,266.89,247.02,269.97,290.20,33.69,21.76,42.40,78.24,32.92,35.84,2.92,2.92
2013,KY,Reading,8,All,269.62,248.31,270.81,292.46,33.55,20.36,41.85,79.64,33.00,37.79,4.80,4.80
2013,LA,Reading,8,All,257.35,235.69,258.58,279.81,33.09,32.43,43.66,67.57,21.97,23.91,1.93,1.93
2013,ME,Reading,8,All,269.19,247.71,271.28,292.50,33.85,21.07,40.70,78.93,33.87,38.23,4.36,4.36
2013,MD,Reading,8,All,273.80,251.43,274.33,296.65,33.06,17.71,40.08,82.29,35.57,42.21,6.64,6.64
2013,MA,Reading,8,All,277.01,255.84,279.48,301.20,34.83,15.69,36.15,84.31,40.34,48.16,7.82,7.82
2013,MI,Reading,8,All,265.94,245.48,267.34,287.96,32.30,22.72,44.53,77.28,29.66,32.75,3.09,3.09
2013,MN,Reading,8,All,271.02,251.70,273.73,293.93,33.66,18.27,41.22,81.73,36.16,40.52,4.36,4.36
2013,MS,Reading,8,All,253.15,232.09,255.00,276.32,33.70,35.75,44.03,64.25,19.08,20.22,1.14,1.14
2013,MO,Reading,8,All,267.22,246.90,269.37,290.46,34.18,21.63,42.61,78.37,32.10,35.77,3.67,3.67
2013,MT,Reading,8,All,271.77,253.76,274.22,292.80,31.20,16.33,43.37,83.67,36.84,40.30,3.47,3.47
2013,NE,Reading,8,All,269.22,249.46,270.91,290.69,31.50,19.12,44.19,80.88,33.29,36.68,3.39,3.39
2013,NV,Reading,8,All,261.70,240.04,264.02,286.12,35.54,27.51,42.15,72.49,27.46,30.34,2.88,2.88
2013,NH,Reading,8,All,274.31,254.25,276.00,296.35,32.46,16.12,40.20,83.88,38.00,43.67,5.67,5.67
2013,NJ,Reading,8,All,276.38,256.22,278.04,298.50,32.63,14.62,39.12,85.38,39.70,46.26,6.56,6.56
2013,NM,Reading,8,All,255.87,235.31,257.50,278.32,33.04,32.77,45.04,67.23,20.76,22.19,1.44,1.44
2013,NY,Reading,8,All,266.35,244.41,268.22,290.52,35.73,23.79,41.25,76.21,30.39,34.97,4.58,4.58
2013,NC,Reading,8,All,264.54,243.72,266.49,288.13,35.30,24.34,43.07,75.66,28.78,32.59,3.81,3.81
2013,ND,Reading,8,All,267.78,249.20,269.53,288.16,29.84,19.13,46.65,80.87,32.09,34.22,2.13,2.13
2013,OH,Reading,8,All,269.09,247.64,271.33,293.31,35.11,21.34,40.07,78.66,33.75,38.60,4.85,4.85
2013,OK,Reading,8,All,261.93,242.56,264.42,284.20,32.94,25.36,45.94,74.64,26.86,28.70,1.84,1.84
2013,OR,Reading,8,All,268.28,247.94,270.51,291.11,33.64,20.94,42.33,79.06,32.82,36.73,3.91,3.91
2013,PA,Reading,8,All,272.09,251.16,274.58,295.66,33.75,18.67,39.29,81.33,37.04,42.03,4.99,4.99
2013,RI,Reading,8,All,266.68,245.51,269.48,290.72,34.54,23.06,40.96,76.94,32.42,35.98,3.56,3.56
2013,SC,Reading,8,All,261.45,240.43,263.13,285.19,34.57,27.36,43.32,72.64,26.66,29.32,2.65,2.65
2013,SD,Reading,8,All,268.10,249.54,270.26,289.69,31.80,19.24,45.24,80.76,32.76,35.52,2.76,2.76
2013,TN,Reading,8,All,265.36,244.92,267.50,288.07,33.10,23.24,43.70,76.76,30.27,33.05,2.78,2.78
2013,TX,Reading,8,All,263.68,243.74,265.72,286.26,32.81,24.33,44.85,75.67,28.59,30.82,2.22,2.22
2013,UT,Reading,8,All,270.04,250.04,272.59,292.89,33.17,19.19,41.58,80.81,35.42,39.23,3.81,3.81
2013,VT,Reading,8,All,274.37,254.44,276.98,297.46,33.70,16.32,38.90,83.68,39.09,44.78,5.69,5.69
2013,VA,Reading,8,All,267.59,246.14,269.62,291.28,34.32,22.27,41.39,77.73,32.25,36.34,4.08,4.08
2013,WA,Reading,8,All,272.04,250.95,274.41,295.97,34.80,18.93,39.32,81.07,36.05,41.75,5.70,5.70
2013,WV,Reading,8,All,257.38,237.31,260.57,281.25,36.24,30.08,44.65,69.92,23.23,25.26,2.03,2.03
2013,WI,Reading,8,All,267.54,246.63,269.85,290.96,34.46,22.07,41.47,77.93,32.39,36.46,4.07,4.07
2013,WY,Reading,8,All,270.97,253.03,272.28,290.32,28.28,15.59,46.80,84.41,35.15,37.61,2.46,2.46
2013,AL,Reading,8,White,266.46,247.23,268.52,288.33,31.84,21.38,45.05,78.62,31.17,33.58,2.41,2.41
2013,AK,Reading,8,White,273.83,254.16,275.91,295.94,32.12,16.04,40.42,83.96,38.81,43.54,4.73,4.73
2013,AZ,Reading,8,White,272.31,254.01,274.96,293.72,31.58,16.38,41.87,83.62,37.93,41.74,3.81,3.81
2013,AR,Reading,8,White,268.73,248.67,271.06,291.23,33.33,20.29,42.45,79.71,33.32,37.26,3.94,3.94
2013,CA,Reading,8,White,275.12,255.93,276.89,296.33,31.26,14.73,40.95,85.27,39.10,44.32,5.22,5.22
2013,CO,Reading,8,White,279.36,260.76,280.62,299.90,29.49,10.64,39.85,89.36,43.71,49.50,5.79,5.79
2013,CT,Reading,8,White,282.19,263.84,284.24,303.33,31.29,10.52,35.09,89.48,46.31,54.39,8.08,8.08
2013,DE,Reading,8,White,273.71,253.96,274.83,294.87,31.17,15.63,42.60,84.37,36.76,41.76,5.00,5.00
2013,DC,Reading,8,White,297.09,279.00,299.83,316.66,29.13,4.27,22.30,95.73,55.38,73.43,18.05,18.05
2013,FL,Reading,8,White,273.79,253.54,275.14,295.23,31.15,15.88,41.64,84.12,37.57,42.49,4.92,4.92
2013,GA,Reading,8,White,274.12,254.09,275.29,295.54,31.73,15.22,42.30,84.78,37.27,42.47,5.21,5.21
2013,HI,Reading,8,White,273.71,254.58,276.51,297.03,33.99,16.89,38.20,83.11,39.55,44.91,5.36,5.36
2013,ID,Reading,8,White,273.65,255.11,275.19,294.55,30.16,14.65,43.26,85.35,38.21,42.09,3.88,3.88
2013,IL,Reading,8,White,276.42,257.90,278.58,297.82,31.14,13.27,39.98,86.73,41.73,46.75,5.02,5.02
2013,IN,Reading,8,White,271.18,252.57,273.11,292.11,30.71,16.70,44.02,83.30,36.08,39.28,3.20,3.20
2013,IA,Reading,8,White,271.63,253.22,273.31,292.41,30.33,16.06,44.48,83.94,36.24,39.46,3.22,3.22
2013,KS,Reading,8,White,272.47,254.51,275.37,294.17,31.45,16.17,41.67,83.83,38.79,42.16,3.37,3.37
2013,KY,Reading,8,White,272.41,251.92,273.57,294.40,32.32,17.40,42.01,82.60,35.46,40.60,5.14,5.14
2013,LA,Reading,8,White,268.65,249.84,269.98,288.82,30.50,18.78,46.61,81.22,31.54,34.61,3.07,3.07
2013,ME,Reading,8,White,269.75,248.35,271.83,292.88,33.59,20.54,40.72,79.46,34.33,38.75,4.41,4.41
2013,MD,Reading,8,White,282.73,262.20,283.67,304.06,30.93,10.32,36.32,89.68,43.88,53.35,9.48,9.48
2013,MA,Reading,8,White,284.90,266.02,286.51,305.99,30.72,8.73,33.98,91.27,47.73,57.29,9.56,9.56
2013,MI,Reading,8,White,270.57,251.74,271.87,290.93,30.14,17.14,45.42,82.86,34.16,37.44,3.28,3.28
2013,MN,Reading,8,White,276.57,258.24,278.50,297.43,30.76,13.22,40.38,86.78,41.11,46.40,5.29,5.29
2013,MS,Reading,8,White,265.98,247.66,267.39,286.02,29.51,20.50,48.35,79.50,29.20,31.15,1.95,1.95
2013,MO,Reading,8,White,272.74,253.19,274.45,294.44,31.77,16.18,42.43,83.82,36.96,41.39,4.43,4.43
2013,MT,Reading,8,White,276.16,259.20,277.71,295.43,28.78,11.81,43.21,88.19,40.97,44.98,4.01,4.01
2013,NE,Reading,8,White,274.56,255.93,275.91,294.66,29.47,13.71,43.57,86.29,38.61,42.72,4.11,4.11
2013,NV,Reading,8,White,272.68,253.20,275.36,295.42,33.40,17.31,40.12,82.69,37.61,42.57,4.96,4.96
2013,NH,Reading,8,White,275.40,255.70,276.95,296.82,31.47,14.87,40.35,85.13,39.20,44.79,5.59,5.59
2013,NJ,Reading,8,White,283.06,265.35,284.53,303.02,29.94,9.02,35.97,90.98,47.06,55.01,7.95,7.95
2013,NM,Reading,8,White,271.24,251.37,273.37,292.78,31.52,18.39,41.66,81.61,35.98,39.95,3.97,3.97
2013,NY,Reading,8,White,276.54,256.69,278.21,298.31,32.15,14.40,39.52,85.60,39.58,46.07,6.49,6.49
2013,NC,Reading,8,White,273.35,253.38,275.44,296.08,34.00,16.79,40.28,83.21,37.04,42.93,5.89,5.89
2013,ND,Reading,8,White,270.48,252.52,272.01,289.80,28.18,16.06,46.95,83.94,34.82,37.00,2.18,2.18
2013,OH,Reading,8,White,273.10,252.59,275.12,296.38,33.66,17.62,39.62,82.38,37.11,42.76,5.65,5.65
2013,OK,Reading,8,White,268.14,249.61,270.02,288.97,30.72,19.13,46.02,80.87,32.31,34.85,2.54,2.54
2013,OR,Reading,8,White,273.90,255.44,276.24,295.22,31.73,15.24,41.29,84.76,38.94,43.47,4.52,4.52
2013,PA,Reading,8,White,278.56,259.77,280.36,299.64,30.44,11.99,38.89,88.01,43.22,49.11,5.89,5.89
2013,RI,Reading,8,White,274.63,255.29,276.59,296.11,31.11,15.29,40.60,84.71,39.34,44.11,4.77,4.77
2013,SC,Reading,8,White,270.64,251.30,272.32,292.32,31.63,17.65,43.71,82.35,35.04,38.64,3.60,3.60
2013,SD,Reading,8,White,271.94,254.14,273.66,292.34,30.08,15.37,44.93,84.63,36.53,39.70,3.17,3.17
2013,TN,Reading,8,White,269.76,250.58,272.14,291.57,32.16,18.53,43.52,81.47,34.58,37.95,3.37,3.37
2013,TX,Reading,8,White,278.79,261.14,280.57,298.66,28.88,10.82,39.71,89.18,44.68,49.46,4.78,4.78
2013,UT,Reading,8,White,273.63,254.67,276.24,295.88,32.32,15.85,40.47,84.15,39.32,43.68,4.36,4.36
2013,VT,Reading,8,White,274.76,255.00,277.33,297.63,33.44,15.86,38.86,84.14,39.62,45.28,5.66,5.66
2013,VA,Reading,8,White,274.89,255.72,277.02,296.82,32.50,15.27,40.15,84.73,39.12,44.59,5.46,5.46
2013,WA,Reading,8,White,278.83,259.99,280.65,300.28,31.73,12.63,37.86,87.37,42.68,49.50,6.82,6.82
2013,WV,Reading,8,White,257.41,237.45,260.72,281.15,35.93,29.96,44.90,70.04,23.23,25.14,1.90,1.90
2013,WI,Reading,8,White,272.78,253.19,275.02,294.52,32.54,16.78,41.27,83.22,37.06,41.95,4.88,4.88
2013,WY,Reading,8,White,273.19,255.78,274.57,291.92,27.36,13.33,46.28,86.67,37.76,40.39,2.63,2.63
2013,AL,Reading,8,Black,241.35,222.01,243.65,263.41,32.02,49.10,41.50,50.90,9.24,9.40,999.00,999.00
2013,AK,Reading,8,Black,253.07,237.23,256.46,272.69,30.71,30.81,53.15,69.19,15.23,16.04,0.81,0.81
2013,AZ,Reading,8,Black,248.22,229.07,249.64,271.46,33.19,41.13,42.91,58.87,15.46,15.96,999.00,999.00
2013,AR,Reading,8,Black,243.66,222.63,245.66,266.27,33.33,46.94,40.60,53.06,11.94,12.46,0.53,0.53
2013,CA,Reading,8,Black,247.01,225.76,248.72,270.47,32.55,43.96,41.19,56.04,14.54,14.85,999.00,999.00
2013,CO,Reading,8,Black,247.06,228.68,249.28,268.74,31.84,41.10,45.71,58.90,12.81,13.20,999.00,999.00
2013,CT,Reading,8,Black,256.36,234.90,258.67,278.23,33.16,32.09,46.12,67.91,20.03,21.80,1.77,1.77
2013,DE,Reading,8,Black,252.83,232.99,254.42,275.18,31.76,35.78,45.36,64.22,18.18,18.86,0.68,0.68
2013,DC,Reading,8,Black,243.30,222.10,245.85,266.26,33.44,46.50,41.61,53.50,11.47,11.89,999.00,999.00
2013,FL,Reading,8,Black,253.79,234.36,255.83,275.09,31.74,34.10,46.88,65.90,18.09,19.02,0.93,0.93
2013,GA,Reading,8,Black,252.41,233.21,253.70,273.14,30.92,36.21,46.62,63.79,16.31,17.17,0.86,0.86
2013,HI,Reading,8,Black,258.16,238.91,260.98,282.02,36.53,29.10,44.25,70.90,24.96,26.65,1.70,1.70
2013,ID,Reading,8,Black,999.00,999.00,999.00,999.00,999.00,999.00,999.00,999.00,999.00,999.00,999.00,999.00
2013,IL,Reading,8,Black,246.32,226.01,247.81,268.01,32.79,43.92,42.06,56.08,13.37,14.02,0.65,0.65
2013,IN,Reading,8,Black,246.17,228.37,248.39,266.78,30.78,42.08,46.82,57.92,10.81,11.09,999.00,999.00
2013,IA,Reading,8,Black,248.17,225.84,251.34,270.98,32.36,40.37,44.75,59.63,14.33,14.88,0.55,0.55
2013,KS,Reading,8,Black,243.94,222.52,246.53,267.85,34.71,45.57,40.94,54.43,13.02,13.50,999.00,999.00
2013,KY,Reading,8,Black,246.98,225.26,248.28,269.92,33.71,43.70,40.81,56.30,14.71,15.50,0.79,0.79
2013,LA,Reading,8,Black,245.39,225.29,245.75,266.27,31.10,46.49,41.26,53.51,11.67,12.25,0.58,0.58
2013,ME,Reading,8,Black,999.00,999.00,999.00,999.00,999.00,999.00,999.00,999.00,999.00,999.00,999.00,999.00
2013,MD,Reading,8,Black,259.40,238.64,259.43,280.94,30.70,29.61,45.52,70.39,23.30,24.87,1.57,1.57
2013,MA,Reading,8,Black,254.65,231.10,256.67,280.04,35.71,35.92,39.92,64.08,22.35,24.16,1.80,1.80
2013,MI,Reading,8,Black,245.50,225.71,245.65,265.63,30.25,46.34,42.09,53.66,11.09,11.57,999.00,999.00
2013,MN,Reading,8,Black,247.89,226.97,253.10,272.48,35.69,38.71,44.91,61.29,15.62,16.39,0.76,0.76
2013,MS,Reading,8,Black,238.98,219.53,241.01,260.67,32.06,52.56,39.42,47.44,7.88,8.02,999.00,999.00
2013,MO,Reading,8,Black,244.86,224.72,248.03,268.75,34.54,44.07,42.68,55.93,12.73,13.25,0.51,0.51
2013,MT,Reading,8,Black,999.00,999.00,999.00,999.00,999.00,999.00,999.00,999.00,999.00,999.00,999.00,999.00
2013,NE,Reading,8,Black,250.66,230.64,251.83,271.93,31.02,38.91,44.79,61.09,15.77,16.30,0.53,0.53
2013,NV,Reading,8,Black,247.82,227.08,249.03,272.08,35.46,42.50,39.93,57.50,16.88,17.58,0.70,0.70
2013,NH,Reading,8,Black,999.00,999.00,999.00,999.00,999.00,999.00,999.00,999.00,999.00,999.00,999.00,999.00
2013,NJ,Reading,8,Black,259.55,239.72,260.32,281.52,32.29,28.72,45.66,71.28,23.69,25.61,1.92,1.92
2013,NM,Reading,8,Black,245.22,228.93,248.92,270.69,36.67,42.72,42.77,57.28,14.31,14.51,999.00,999.00
2013,NY,Reading,8,Black,251.87,231.79,254.29,273.95,32.61,36.54,45.63,63.46,16.96,17.83,0.86,0.86
2013,NC,Reading,8,Black,250.68,232.15,253.21,272.30,32.81,36.65,46.97,63.35,15.63,16.37,0.74,0.74
2013,ND,Reading,8,Black,254.81,231.64,256.85,279.32,34.68,34.33,42.63,65.67,21.79,23.04,1.25,1.25
2013,OH,Reading,8,Black,247.04,227.56,249.38,270.97,35.66,41.97,41.64,58.03,15.74,16.39,0.65,0.65
2013,OK,Reading,8,Black,245.33,223.39,248.13,269.01,33.90,44.06,41.97,55.94,13.52,13.97,999.00,999.00
2013,OR,Reading,8,Black,999.00,999.00,999.00,999.00,999.00,999.00,999.00,999.00,999.00,999.00,999.00,999.00
2013,PA,Reading,8,Black,249.72,227.94,250.07,272.34,33.60,41.57,41.44,58.43,15.72,16.99,1.26,1.26
2013,RI,Reading,8,Black,249.33,226.63,251.26,273.72,34.42,41.56,40.22,58.44,17.42,18.22,0.80,0.80
2013,SC,Reading,8,Black,246.68,227.13,248.57,268.76,32.80,42.43,43.66,57.57,13.44,13.92,999.00,999.00
2013,SD,Reading,8,Black,999.00,999.00,999.00,999.00,999.00,999.00,999.00,999.00,999.00,999.00,999.00,999.00
2013,TN,Reading,8,Black,250.59,230.93,251.73,272.22,31.25,38.46,45.11,61.54,16.01,16.44,999.00,999.00
2013,TX,Reading,8,Black,252.81,235.09,255.83,274.25,31.39,33.39,49.28,66.61,17.03,17.32,999.00,999.00
2013,UT,Reading,8,Black,999.00,999.00,999.00,999.00,999.00,999.00,999.00,999.00,999.00,999.00,999.00,999.00
2013,VT,Reading,8,Black,257.36,237.10,261.78,281.24,35.18,29.72,45.47,70.28,23.17,24.81,1.64,1.64
2013,VA,Reading,8,Black,249.12,228.66,250.60,271.87,33.38,40.18,43.11,59.82,15.95,16.71,0.76,0.76
2013,WA,Reading,8,Black,257.57,238.71,256.77,277.80,30.30,30.29,47.60,69.71,20.57,22.11,1.54,1.54
2013,WV,Reading,8,Black,254.70,235.85,257.57,278.92,37.33,31.61,45.15,68.39,21.63,23.24,1.61,1.61
2013,WI,Reading,8,Black,237.34,216.74,239.57,260.61,34.71,54.59,36.35,45.41,8.66,9.06,999.00,999.00
2013,WY,Reading,8,Black,999.00,999.00,999.00,999.00,999.00,999.00,999.00,999.00,999.00,999.00,999.00,999.00
2013,AL,Reading,8,Hispanic,248.88,225.90,249.18,275.80,33.86,43.09,37.58,56.91,19.00,19.33,999.00,999.00
2013,AK,Reading,8,Hispanic,261.52,240.22,264.48,285.66,35.27,27.17,42.16,72.83,28.21,30.67,2.46,2.46
2013,AZ,Reading,8,Hispanic,252.06,233.57,253.90,273.27,31.70,35.50,47.35,64.50,16.54,17.15,0.61,0.61
2013,AR,Reading,8,Hispanic,255.67,237.17,258.69,277.75,32.51,30.71,48.31,69.29,20.01,20.98,0.98,0.98
2013,CA,Reading,8,Hispanic,252.07,231.94,254.32,274.38,33.05,36.07,45.56,63.93,17.48,18.37,0.89,0.89
2013,CO,Reading,8,Hispanic,256.85,236.37,258.37,279.15,32.59,31.55,45.35,68.45,21.54,23.10,1.56,1.56
2013,CT,Reading,8,Hispanic,255.95,234.52,257.09,280.17,35.50,33.44,42.31,66.56,22.07,24.25,2.18,2.18
2013,DE,Reading,8,Hispanic,260.78,240.18,262.87,282.65,32.50,28.15,44.97,71.85,25.02,26.88,1.87,1.87
2013,DC,Reading,8,Hispanic,248.31,222.55,250.27,275.89,39.78,42.58,36.96,57.42,18.14,20.46,2.32,2.32
2013,FL,Reading,8,Hispanic,260.44,240.73,262.44,282.63,32.51,27.29,45.84,72.71,25.22,26.87,1.65,1.65
2013,GA,Reading,8,Hispanic,260.39,241.79,263.36,281.99,33.01,26.21,47.72,73.79,24.24,26.07,1.83,1.83
2013,HI,Reading,8,Hispanic,258.39,237.95,260.01,281.25,34.43,29.68,45.08,70.32,23.03,25.25,2.21,2.21
2013,ID,Reading,8,Hispanic,253.72,233.31,255.41,275.25,32.06,34.87,45.70,65.13,18.38,19.43,1.05,1.05
2013,IL,Reading,8,Hispanic,256.57,236.17,259.42,279.77,34.08,30.98,45.25,69.02,22.37,23.78,1.41,1.41
2013,IN,Reading,8,Hispanic,258.96,239.86,260.18,278.94,29.51,28.39,48.49,71.61,22.26,23.11,0.85,0.85
2013,IA,Reading,8,Hispanic,255.89,236.95,258.72,277.48,31.74,31.00,48.28,69.00,19.80,20.72,0.92,0.92
2013,KS,Reading,8,Hispanic,254.14,234.04,256.58,276.61,33.26,33.71,46.15,66.29,18.95,20.14,1.19,1.19
2013,KY,Reading,8,Hispanic,263.28,241.10,262.74,286.13,33.41,26.52,43.34,73.48,26.11,30.14,4.02,4.02
2013,LA,Reading,8,Hispanic,259.83,237.69,259.61,281.74,31.53,30.96,43.32,69.04,23.63,25.72,2.09,2.09
2013,ME,Reading,8,Hispanic,999.00,999.00,999.00,999.00,999.00,999.00,999.00,999.00,999.00,999.00,999.00,999.00
2013,MD,Reading,8,Hispanic,265.64,246.64,266.45,286.08,30.92,21.77,47.79,78.23,27.61,30.44,2.83,2.83
2013,MA,Reading,8,Hispanic,252.77,231.94,255.24,275.77,33.70,35.63,44.43,64.37,18.86,19.94,1.08,1.08
2013,MI,Reading,8,Hispanic,256.88,237.01,258.37,277.69,32.32,30.54,47.91,69.46,19.96,21.55,1.59,1.59
2013,MN,Reading,8,Hispanic,250.97,230.44,254.81,275.66,35.62,37.13,43.30,62.87,18.95,19.57,0.62,0.62
2013,MS,Reading,8,Hispanic,251.70,229.74,254.39,274.35,34.40,35.45,46.75,64.55,16.14,17.80,1.66,1.66
2013,MO,Reading,8,Hispanic,266.48,247.95,266.74,286.59,28.48,20.15,47.76,79.85,30.50,32.09,1.59,1.59
2013,MT,Reading,8,Hispanic,262.54,241.38,264.10,283.66,29.78,26.05,45.59,73.95,26.77,28.37,1.60,1.60
2013,NE,Reading,8,Hispanic,253.95,234.07,256.14,275.61,31.63,33.83,47.02,66.17,18.20,19.14,0.94,0.94
2013,NV,Reading,8,Hispanic,251.91,231.38,254.45,275.10,34.40,36.10,44.65,63.90,18.32,19.25,0.93,0.93
2013,NH,Reading,8,Hispanic,250.64,228.22,254.03,274.78,33.64,38.14,43.56,61.86,17.70,18.30,0.60,0.60
2013,NJ,Reading,8,Hispanic,264.42,245.62,265.89,285.94,31.16,22.56,46.77,77.44,28.82,30.66,1.84,1.84
2013,NM,Reading,8,Hispanic,251.67,232.73,253.44,272.93,31.24,36.39,47.07,63.61,16.00,16.53,0.53,0.53
2013,NY,Reading,8,Hispanic,251.88,231.86,254.24,274.75,34.28,36.16,44.64,63.84,18.21,19.20,0.99,0.99
2013,NC,Reading,8,Hispanic,257.87,239.44,260.71,279.40,32.54,28.04,48.51,71.96,22.22,23.45,1.23,1.23
2013,ND,Reading,8,Hispanic,999.00,999.00,999.00,999.00,999.00,999.00,999.00,999.00,999.00,999.00,999.00,999.00
2013,OH,Reading,8,Hispanic,265.80,243.15,268.69,287.84,32.83,25.40,40.38,74.60,30.97,34.22,3.25,3.25
2013,OK,Reading,8,Hispanic,251.68,233.65,254.56,274.24,34.11,35.21,46.59,64.79,17.48,18.20,0.72,0.72
2013,OR,Reading,8,Hispanic,252.72,233.53,253.98,273.52,31.53,35.97,46.37,64.03,16.50,17.66,1.16,1.16
2013,PA,Reading,8,Hispanic,249.22,227.43,251.65,272.98,34.18,40.57,42.00,59.43,16.86,17.43,0.57,0.57
2013,RI,Reading,8,Hispanic,248.73,226.41,252.27,273.77,35.21,39.81,42.42,60.19,17.02,17.77,0.74,0.74
2013,SC,Reading,8,Hispanic,256.92,238.31,258.92,279.94,36.04,30.15,45.62,69.85,21.99,24.23,2.24,2.24
2013,SD,Reading,8,Hispanic,258.99,240.01,259.50,278.41,29.35,28.45,50.01,71.55,19.88,21.54,1.67,1.67
2013,TN,Reading,8,Hispanic,261.68,241.16,263.66,283.60,33.03,26.90,45.43,73.10,25.42,27.67,2.25,2.25
2013,TX,Reading,8,Hispanic,254.76,236.16,256.91,276.43,31.47,32.34,47.79,67.66,19.28,19.87,0.59,0.59
2013,UT,Reading,8,Hispanic,255.87,235.91,257.66,278.07,32.70,32.30,45.58,67.70,20.80,22.11,1.32,1.32
2013,VT,Reading,8,Hispanic,999.00,999.00,999.00,999.00,999.00,999.00,999.00,999.00,999.00,999.00,999.00,999.00
2013,VA,Reading,8,Hispanic,262.12,242.61,261.74,282.22,30.38,25.17,48.67,74.83,23.96,26.16,2.21,2.21
2013,WA,Reading,8,Hispanic,253.26,232.23,255.80,276.84,34.94,35.46,43.95,64.54,19.01,20.59,1.58,1.58
2013,WV,Reading,8,Hispanic,999.00,999.00,999.00,999.00,999.00,999.00,999.00,999.00,999.00,999.00,999.00,999.00
2013,WI,Reading,8,Hispanic,257.65,237.75,259.24,279.13,31.57,30.35,46.51,69.65,21.81,23.14,1.34,1.34
2013,WY,Reading,8,Hispanic,261.14,243.44,262.66,280.54,28.94,24.15,51.34,75.85,23.21,24.51,1.30,1.30
2013,AL,Reading,8,Asian,999.00,999.00,999.00,999.00,999.00,999.00,999.00,999.00,999.00,999.00,999.00,999.00
2013,AK,Reading,8,Asian,255.39,233.41,257.12,278.82,33.62,34.02,43.21,65.98,21.22,22.77,1.55,1.55
2013,AZ,Reading,8,Asian,276.75,258.60,279.40,299.67,32.86,13.56,39.67,86.44,41.44,46.77,5.33,5.33
2013,AR,Reading,8,Asian,999.00,999.00,999.00,999.00,999.00,999.00,999.00,999.00,999.00,999.00,999.00,999.00
2013,CA,Reading,8,Asian,278.71,257.17,281.16,302.13,33.65,14.62,35.25,85.38,41.95,50.13,8.18,8.18
2013,CO,Reading,8,Asian,277.77,256.05,280.88,304.03,37.01,16.23,34.12,83.77,39.92,49.64,9.73,9.73
2013,CT,Reading,8,Asian,288.03,266.32,288.30,310.60,32.61,9.07,32.05,90.93,44.52,58.88,14.36,14.36
2013,DE,Reading,8,Asian,288.99,266.90,290.56,314.44,37.06,11.72,27.06,88.28,42.45,61.22,18.77,18.77
2013,DC,Reading,8,Asian,999.00,999.00,999.00,999.00,999.00,999.00,999.00,999.00,999.00,999.00,999.00,999.00
2013,FL,Reading,8,Asian,282.17,258.18,283.29,306.81,36.27,15.85,31.92,84.15,38.04,52.23,14.19,14.19
2013,GA,Reading,8,Asian,285.73,264.12,291.18,311.76,37.84,14.59,25.55,85.41,45.52,59.86,14.34,14.34
2013,HI,Reading,8,Asian,257.13,235.82,259.46,281.31,35.24,31.44,43.26,68.56,23.39,25.31,1.92,1.92
2013,ID,Reading,8,Asian,999.00,999.00,999.00,999.00,999.00,999.00,999.00,999.00,999.00,999.00,999.00,999.00
2013,IL,Reading,8,Asian,284.81,265.62,287.97,309.38,36.69,9.07,32.41,90.93,46.16,58.51,12.36,12.36
2013,IN,Reading,8,Asian,999.00,999.00,999.00,999.00,999.00,999.00,999.00,999.00,999.00,999.00,999.00,999.00
2013,IA,Reading,8,Asian,269.58,252.32,274.11,293.94,36.94,19.13,40.58,80.87,34.83,40.29,5.46,5.46
2013,KS,Reading,8,Asian,272.41,248.90,274.48,301.88,40.09,20.13,36.23,79.87,34.65,43.64,8.99,8.99
2013,KY,Reading,8,Asian,999.00,999.00,999.00,999.00,999.00,999.00,999.00,999.00,999.00,999.00,999.00,999.00
2013,LA,Reading,8,Asian,999.00,999.00,999.00,999.00,999.00,999.00,999.00,999.00,999.00,999.00,999.00,999.00
2013,ME,Reading,8,Asian,999.00,999.00,999.00,999.00,999.00,999.00,999.00,999.00,999.00,999.00,999.00,999.00
2013,MD,Reading,8,Asian,294.01,272.68,294.37,315.16,30.33,4.77,28.42,95.23,49.29,66.81,17.51,17.51
2013,MA,Reading,8,Asian,285.98,263.49,286.12,310.57,33.73,9.23,34.95,90.77,42.16,55.83,13.66,13.66
2013,MI,Reading,8,Asian,280.29,259.54,283.63,308.18,41.12,16.46,30.73,83.54,38.97,52.81,13.84,13.84
2013,MN,Reading,8,Asian,266.40,246.08,267.77,288.98,32.87,22.28,44.34,77.72,29.99,33.39,3.40,3.40
2013,MS,Reading,8,Asian,999.00,999.00,999.00,999.00,999.00,999.00,999.00,999.00,999.00,999.00,999.00,999.00
2013,MO,Reading,8,Asian,999.00,999.00,999.00,999.00,999.00,999.00,999.00,999.00,999.00,999.00,999.00,999.00
2013,MT,Reading,8,Asian,999.00,999.00,999.00,999.00,999.00,999.00,999.00,999.00,999.00,999.00,999.00,999.00
2013,NE,Reading,8,Asian,999.00,999.00,999.00,999.00,999.00,999.00,999.00,999.00,999.00,999.00,999.00,999.00
2013,NV,Reading,8,Asian,272.75,251.03,274.61,295.38,32.75,18.95,39.10,81.05,36.35,41.95,5.60,5.60
2013,NH,Reading,8,Asian,284.96,264.15,285.54,308.93,35.55,10.69,34.18,89.31,40.55,55.13,14.58,14.58
2013,NJ,Reading,8,Asian,292.90,272.15,294.41,315.38,31.13,5.37,29.34,94.63,48.07,65.29,17.22,17.22
2013,NM,Reading,8,Asian,999.00,999.00,999.00,999.00,999.00,999.00,999.00,999.00,999.00,999.00,999.00,999.00
2013,NY,Reading,8,Asian,278.45,256.49,281.37,305.50,40.43,16.46,33.13,83.54,38.63,50.40,11.78,11.78
2013,NC,Reading,8,Asian,272.03,252.56,276.28,296.98,39.17,17.38,37.95,82.62,38.36,44.67,6.31,6.31
2013,ND,Reading,8,Asian,999.00,999.00,999.00,999.00,999.00,999.00,999.00,999.00,999.00,999.00,999.00,999.00
2013,OH,Reading,8,Asian,287.36,261.84,290.36,309.74,32.83,9.46,31.01,90.54,46.19,59.53,13.33,13.33
2013,OK,Reading,8,Asian,999.00,999.00,999.00,999.00,999.00,999.00,999.00,999.00,999.00,999.00,999.00,999.00
2013,OR,Reading,8,Asian,272.13,249.66,274.40,303.17,42.32,20.41,35.55,79.59,34.28,44.03,9.75,9.75
2013,PA,Reading,8,Asian,278.51,257.79,280.98,304.31,37.18,15.52,34.53,84.48,39.62,49.95,10.33,10.33
2013,RI,Reading,8,Asian,267.86,245.07,269.79,293.16,36.52,23.79,39.55,76.21,31.31,36.66,5.35,5.35
2013,SC,Reading,8,Asian,278.66,252.07,281.26,307.98,38.63,19.41,30.56,80.59,37.13,50.03,12.90,12.90
2013,SD,Reading,8,Asian,999.00,999.00,999.00,999.00,999.00,999.00,999.00,999.00,999.00,999.00,999.00,999.00
2013,TN,Reading,8,Asian,999.00,999.00,999.00,999.00,999.00,999.00,999.00,999.00,999.00,999.00,999.00,999.00
2013,TX,Reading,8,Asian,284.62,266.27,286.61,304.63,28.60,7.54,34.67,92.46,50.22,57.80,7.58,7.58
2013,UT,Reading,8,Asian,264.11,244.20,265.14,285.95,33.50,24.05,45.18,75.95,27.28,30.77,3.49,3.49
2013,VT,Reading,8,Asian,999.00,999.00,999.00,999.00,999.00,999.00,999.00,999.00,999.00,999.00,999.00,999.00
2013,VA,Reading,8,Asian,277.72,256.86,280.64,300.65,33.38,15.19,35.60,84.81,41.71,49.21,7.50,7.50
2013,WA,Reading,8,Asian,280.09,259.24,280.68,303.32,33.75,12.55,37.42,87.45,40.58,50.03,9.45,9.45
2013,WV,Reading,8,Asian,999.00,999.00,999.00,999.00,999.00,999.00,999.00,999.00,999.00,999.00,999.00,999.00
2013,WI,Reading,8,Asian,271.61,249.86,270.36,292.91,31.87,18.13,44.22,81.87,31.43,37.65,6.22,6.22
2013,WY,Reading,8,Asian,999.00,999.00,999.00,999.00,999.00,999.00,999.00,999.00,999.00,999.00,999.00,999.00
2013,AL,Reading,8,American Indian or Alaskan Native,999.00,999.00,999.00,999.00,999.00,999.00,999.00,999.00,999.00,999.00,999.00,999.00
2013,AK,Reading,8,American Indian or Alaskan Native,238.75,215.25,240.26,263.50,35.84,53.23,34.92,46.77,11.22,11.85,0.63,0.63
2013,AZ,Reading,8,American Indian or Alaskan Native,240.87,221.17,241.83,263.06,31.82,50.91,39.80,49.09,9.12,9.29,999.00,999.00
2013,AR,Reading,8,American Indian or Alaskan Native,999.00,999.00,999.00,999.00,999.00,999.00,999.00,999.00,999.00,999.00,999.00,999.00
2013,CA,Reading,8,American Indian or Alaskan Native,999.00,999.00,999.00,999.00,999.00,999.00,999.00,999.00,999.00,999.00,999.00,999.00
2013,CO,Reading,8,American Indian or Alaskan Native,999.00,999.00,999.00,999.00,999.00,999.00,999.00,999.00,999.00,999.00,999.00,999.00
2013,CT,Reading,8,American Indian or Alaskan Native,999.00,999.00,999.00,999.00,999.00,999.00,999.00,999.00,999.00,999.00,999.00,999.00
2013,DE,Reading,8,American Indian or Alaskan Native,999.00,999.00,999.00,999.00,999.00,999.00,999.00,999.00,999.00,999.00,999.00,999.00
2013,DC,Reading,8,American Indian or Alaskan Native,999.00,999.00,999.00,999.00,999.00,999.00,999.00,999.00,999.00,999.00,999.00,999.00
2013,FL,Reading,8,American Indian or Alaskan Native,999.00,999.00,999.00,999.00,999.00,999.00,999.00,999.00,999.00,999.00,999.00,999.00
2013,GA,Reading,8,American Indian or Alaskan Native,999.00,999.00,999.00,999.00,999.00,999.00,999.00,999.00,999.00,999.00,999.00,999.00
2013,HI,Reading,8,American Indian or Alaskan Native,999.00,999.00,999.00,999.00,999.00,999.00,999.00,999.00,999.00,999.00,999.00,999.00
2013,ID,Reading,8,American Indian or Alaskan Native,999.00,999.00,999.00,999.00,999.00,999.00,999.00,999.00,999.00,999.00,999.00,999.00
2013,IL,Reading,8,American Indian or Alaskan Native,999.00,999.00,999.00,999.00,999.00,999.00,999.00,999.00,999.00,999.00,999.00,999.00
2013,IN,Reading,8,American Indian or Alaskan Native,999.00,999.00,999.00,999.00,999.00,999.00,999.00,999.00,999.00,999.00,999.00,999.00
2013,IA,Reading,8,American Indian or Alaskan Native,999.00,999.00,999.00,999.00,999.00,999.00,999.00,999.00,999.00,999.00,999.00,999.00
2013,KS,Reading,8,American Indian or Alaskan Native,999.00,999.00,999.00,999.00,999.00,999.00,999.00,999.00,999.00,999.00,999.00,999.00
2013,KY,Reading,8,American Indian or Alaskan Native,999.00,999.00,999.00,999.00,999.00,999.00,999.00,999.00,999.00,999.00,999.00,999.00
2013,LA,Reading,8,American Indian or Alaskan Native,999.00,999.00,999.00,999.00,999.00,999.00,999.00,999.00,999.00,999.00,999.00,999.00
2013,ME,Reading,8,American Indian or Alaskan Native,999.00,999.00,999.00,999.00,999.00,999.00,999.00,999.00,999.00,999.00,999.00,999.00
2013,MD,Reading,8,American Indian or Alaskan Native,999.00,999.00,999.00,999.00,999.00,999.00,999.00,999.00,999.00,999.00,999.00,999.00
2013,MA,Reading,8,American Indian or Alaskan Native,999.00,999.00,999.00,999.00,999.00,999.00,999.00,999.00,999.00,999.00,999.00,999.00
2013,MI,Reading,8,American Indian or Alaskan Native,999.00,999.00,999.00,999.00,999.00,999.00,999.00,999.00,999.00,999.00,999.00,999.00
2013,MN,Reading,8,American Indian or Alaskan Native,999.00,999.00,999.00,999.00,999.00,999.00,999.00,999.00,999.00,999.00,999.00,999.00
2013,MS,Reading,8,American Indian or Alaskan Native,999.00,999.00,999.00,999.00,999.00,999.00,999.00,999.00,999.00,999.00,999.00,999.00
2013,MO,Reading,8,American Indian or Alaskan Native,999.00,999.00,999.00,999.00,999.00,999.00,999.00,999.00,999.00,999.00,999.00,999.00
2013,MT,Reading,8,American Indian or Alaskan Native,245.37,225.63,248.27,268.61,33.48,43.71,43.18,56.29,12.70,13.11,999.00,999.00
2013,NE,Reading,8,American Indian or Alaskan Native,999.00,999.00,999.00,999.00,999.00,999.00,999.00,999.00,999.00,999.00,999.00,999.00
2013,NV,Reading,8,American Indian or Alaskan Native,999.00,999.00,999.00,999.00,999.00,999.00,999.00,999.00,999.00,999.00,999.00,999.00
2013,NH,Reading,8,American Indian or Alaskan Native,999.00,999.00,999.00,999.00,999.00,999.00,999.00,999.00,999.00,999.00,999.00,999.00
2013,NJ,Reading,8,American Indian or Alaskan Native,999.00,999.00,999.00,999.00,999.00,999.00,999.00,999.00,999.00,999.00,999.00,999.00
2013,NM,Reading,8,American Indian or Alaskan Native,241.63,222.33,244.35,263.13,31.77,47.98,42.38,52.02,9.50,9.64,999.00,999.00
2013,NY,Reading,8,American Indian or Alaskan Native,999.00,999.00,999.00,999.00,999.00,999.00,999.00,999.00,999.00,999.00,999.00,999.00
2013,NC,Reading,8,American Indian or Alaskan Native,999.00,999.00,999.00,999.00,999.00,999.00,999.00,999.00,999.00,999.00,999.00,999.00
2013,ND,Reading,8,American Indian or Alaskan Native,248.52,231.29,250.54,268.08,29.92,39.61,48.31,60.39,11.70,12.08,999.00,999.00
2013,OH,Reading,8,American Indian or Alaskan Native,999.00,999.00,999.00,999.00,999.00,999.00,999.00,999.00,999.00,999.00,999.00,999.00
2013,OK,Reading,8,American Indian or Alaskan Native,258.86,240.17,262.12,280.77,32.69,27.57,47.71,72.43,23.63,24.71,1.08,1.08
2013,OR,Reading,8,American Indian or Alaskan Native,260.01,242.31,261.49,279.32,31.94,26.05,50.98,73.95,20.94,22.97,2.03,2.03
2013,PA,Reading,8,American Indian or Alaskan Native,999.00,999.00,999.00,999.00,999.00,999.00,999.00,999.00,999.00,999.00,999.00,999.00
2013,RI,Reading,8,American Indian or Alaskan Native,999.00,999.00,999.00,999.00,999.00,999.00,999.00,999.00,999.00,999.00,999.00,999.00
2013,SC,Reading,8,American Indian or Alaskan Native,999.00,999.00,999.00,999.00,999.00,999.00,999.00,999.00,999.00,999.00,999.00,999.00
2013,SD,Reading,8,American Indian or Alaskan Native,250.93,232.81,252.98,272.78,32.72,36.16,47.30,63.84,15.94,16.54,0.61,0.61
2013,TN,Reading,8,American Indian or Alaskan Native,999.00,999.00,999.00,999.00,999.00,999.00,999.00,999.00,999.00,999.00,999.00,999.00
2013,TX,Reading,8,American Indian or Alaskan Native,999.00,999.00,999.00,999.00,999.00,999.00,999.00,999.00,999.00,999.00,999.00,999.00
2013,UT,Reading,8,American Indian or Alaskan Native,999.00,999.00,999.00,999.00,999.00,999.00,999.00,999.00,999.00,999.00,999.00,999.00
2013,VT,Reading,8,American Indian or Alaskan Native,999.00,999.00,999.00,999.00,999.00,999.00,999.00,999.00,999.00,999.00,999.00,999.00
2013,VA,Reading,8,American Indian or Alaskan Native,999.00,999.00,999.00,999.00,999.00,999.00,999.00,999.00,999.00,999.00,999.00,999.00
2013,WA,Reading,8,American Indian or Alaskan Native,999.00,999.00,999.00,999.00,999.00,999.00,999.00,999.00,999.00,999.00,999.00,999.00
2013,WV,Reading,8,American Indian or Alaskan Native,999.00,999.00,999.00,999.00,999.00,999.00,999.00,999.00,999.00,999.00,999.00,999.00
2013,WI,Reading,8,American Indian or Alaskan Native,999.00,999.00,999.00,999.00,999.00,999.00,999.00,999.00,999.00,999.00,999.00,999.00
2013,WY,Reading,8,American Indian or Alaskan Native,247.95,228.87,249.01,268.64,28.75,41.47,46.43,58.53,11.92,12.10,999.00,999.00
2013,AL,Reading,8,Hawaiian,999.00,999.00,999.00,999.00,999.00,999.00,999.00,999.00,999.00,999.00,999.00,999.00
2013,AK,Reading,8,Hawaiian,266.62,248.62,269.01,287.36,31.42,19.90,46.73,80.10,30.70,33.36,2.67,2.67
2013,AZ,Reading,8,Hawaiian,999.00,999.00,999.00,999.00,999.00,999.00,999.00,999.00,999.00,999.00,999.00,999.00
2013,AR,Reading,8,Hawaiian,999.00,999.00,999.00,999.00,999.00,999.00,999.00,999.00,999.00,999.00,999.00,999.00
2013,CA,Reading,8,Hawaiian,269.79,254.33,272.22,291.15,38.25,16.23,48.05,83.77,28.29,35.72,7.43,7.43
2013,CO,Reading,8,Hawaiian,281.64,259.62,281.50,306.86,35.95,13.16,36.23,86.84,38.41,50.61,12.20,12.20
2013,CT,Reading,8,Hawaiian,999.00,999.00,999.00,999.00,999.00,999.00,999.00,999.00,999.00,999.00,999.00,999.00
2013,DE,Reading,8,Hawaiian,999.00,999.00,999.00,999.00,999.00,999.00,999.00,999.00,999.00,999.00,999.00,999.00
2013,DC,Reading,8,Hawaiian,999.00,999.00,999.00,999.00,999.00,999.00,999.00,999.00,999.00,999.00,999.00,999.00
2013,FL,Reading,8,Hawaiian,265.31,241.19,268.65,290.86,34.59,26.23,38.26,73.77,32.90,35.52,2.62,2.62
2013,GA,Reading,8,Hawaiian,269.82,242.25,269.12,296.70,34.95,25.39,36.38,74.61,30.90,38.23,7.33,7.33
2013,HI,Reading,8,Hawaiian,265.30,246.52,268.13,288.72,35.80,21.58,45.42,78.42,29.68,33.00,3.33,3.33
2013,ID,Reading,8,Hawaiian,999.00,999.00,999.00,999.00,999.00,999.00,999.00,999.00,999.00,999.00,999.00,999.00
2013,IL,Reading,8,Hawaiian,269.92,249.74,275.29,295.15,36.52,21.08,36.70,78.92,37.75,42.22,4.47,4.47
2013,IN,Reading,8,Hawaiian,266.86,248.73,266.57,286.40,29.47,20.21,48.57,79.79,28.66,31.22,2.56,2.56
2013,IA,Reading,8,Hawaiian,265.09,239.37,267.82,290.79,37.11,27.32,37.12,72.68,30.79,35.56,4.77,4.77
2013,KS,Reading,8,Hawaiian,264.61,244.90,267.40,287.33,33.24,23.47,44.28,76.53,29.69,32.24,2.55,2.55
2013,KY,Reading,8,Hawaiian,265.82,245.99,265.11,287.71,33.22,23.02,45.24,76.98,27.30,31.74,4.44,4.44
2013,LA,Reading,8,Hawaiian,999.00,999.00,999.00,999.00,999.00,999.00,999.00,999.00,999.00,999.00,999.00,999.00
2013,ME,Reading,8,Hawaiian,999.00,999.00,999.00,999.00,999.00,999.00,999.00,999.00,999.00,999.00,999.00,999.00
2013,MD,Reading,8,Hawaiian,288.36,268.17,290.61,309.43,30.99,9.06,29.84,90.94,48.15,61.09,12.95,12.95
2013,MA,Reading,8,Hawaiian,280.66,255.66,284.59,309.19,39.48,17.22,29.95,82.78,38.83,52.83,14.00,14.00
2013,MI,Reading,8,Hawaiian,999.00,999.00,999.00,999.00,999.00,999.00,999.00,999.00,999.00,999.00,999.00,999.00
2013,MN,Reading,8,Hawaiian,999.00,999.00,999.00,999.00,999.00,999.00,999.00,999.00,999.00,999.00,999.00,999.00
2013,MS,Reading,8,Hawaiian,999.00,999.00,999.00,999.00,999.00,999.00,999.00,999.00,999.00,999.00,999.00,999.00
2013,MO,Reading,8,Hawaiian,999.00,999.00,999.00,999.00,999.00,999.00,999.00,999.00,999.00,999.00,999.00,999.00
2013,MT,Reading,8,Hawaiian,999.00,999.00,999.00,999.00,999.00,999.00,999.00,999.00,999.00,999.00,999.00,999.00
2013,NE,Reading,8,Hawaiian,269.87,252.68,271.22,288.27,26.86,15.00,49.85,85.00,33.24,35.15,1.91,1.91
2013,NV,Reading,8,Hawaiian,268.78,250.93,270.43,289.34,33.01,18.13,46.39,81.87,31.83,35.48,3.65,3.65
2013,NH,Reading,8,Hawaiian,999.00,999.00,999.00,999.00,999.00,999.00,999.00,999.00,999.00,999.00,999.00,999.00
2013,NJ,Reading,8,Hawaiian,999.00,999.00,999.00,999.00,999.00,999.00,999.00,999.00,999.00,999.00,999.00,999.00
2013,NM,Reading,8,Hawaiian,999.00,999.00,999.00,999.00,999.00,999.00,999.00,999.00,999.00,999.00,999.00,999.00
2013,NY,Reading,8,Hawaiian,999.00,999.00,999.00,999.00,999.00,999.00,999.00,999.00,999.00,999.00,999.00,999.00
2013,NC,Reading,8,Hawaiian,265.90,241.09,265.48,290.00,34.84,27.44,39.00,72.56,28.32,33.55,5.23,5.23
2013,ND,Reading,8,Hawaiian,999.00,999.00,999.00,999.00,999.00,999.00,999.00,999.00,999.00,999.00,999.00,999.00
2013,OH,Reading,8,Hawaiian,268.00,249.40,269.95,288.05,29.84,18.77,46.21,81.23,32.68,35.02,2.35,2.35
2013,OK,Reading,8,Hawaiian,260.18,243.44,262.71,280.96,30.04,24.50,50.77,75.50,23.94,24.74,0.80,0.80
2013,OR,Reading,8,Hawaiian,274.53,253.14,275.96,297.09,31.65,16.07,40.12,83.93,38.87,43.81,4.94,4.94
2013,PA,Reading,8,Hawaiian,263.70,234.69,265.38,290.50,38.69,29.76,36.03,70.24,27.60,34.21,6.61,6.61
2013,RI,Reading,8,Hawaiian,259.23,237.51,261.93,283.43,36.29,28.83,43.23,71.17,25.89,27.93,2.05,2.05
2013,SC,Reading,8,Hawaiian,999.00,999.00,999.00,999.00,999.00,999.00,999.00,999.00,999.00,999.00,999.00,999.00
2013,SD,Reading,8,Hawaiian,999.00,999.00,999.00,999.00,999.00,999.00,999.00,999.00,999.00,999.00,999.00,999.00
2013,TN,Reading,8,Hawaiian,999.00,999.00,999.00,999.00,999.00,999.00,999.00,999.00,999.00,999.00,999.00,999.00
2013,TX,Reading,8,Hawaiian,270.52,251.31,272.40,294.14,31.94,18.05,44.54,81.95,34.07,37.41,3.35,3.35
2013,UT,Reading,8,Hawaiian,272.09,252.58,272.80,289.85,30.44,16.11,46.79,83.89,31.94,37.10,5.16,5.16
2013,VT,Reading,8,Hawaiian,999.00,999.00,999.00,999.00,999.00,999.00,999.00,999.00,999.00,999.00,999.00,999.00
2013,VA,Reading,8,Hawaiian,270.81,247.59,271.87,295.26,32.48,20.65,38.48,79.35,36.88,40.87,3.99,3.99
2013,WA,Reading,8,Hawaiian,274.04,250.00,277.14,300.28,37.89,20.07,34.40,79.93,37.70,45.53,7.84,7.84
2013,WV,Reading,8,Hawaiian,999.00,999.00,999.00,999.00,999.00,999.00,999.00,999.00,999.00,999.00,999.00,999.00
2013,WI,Reading,8,Hawaiian,999.00,999.00,999.00,999.00,999.00,999.00,999.00,999.00,999.00,999.00,999.00,999.00
2013,WY,Reading,8,Hawaiian,999.00,999.00,999.00,999.00,999.00,999.00,999.00,999.00,999.00,999.00,999.00,999.00
2013,AL,Reading,8,Multiracial,N/A,N/A,N/A,N/A,N/A,N/A,N/A,N/A,N/A,N/A,N/A,N/A
2013,AK,Reading,8,Multiracial,N/A,N/A,N/A,N/A,N/A,N/A,N/A,N/A,N/A,N/A,N/A,N/A
2013,AZ,Reading,8,Multiracial,N/A,N/A,N/A,N/A,N/A,N/A,N/A,N/A,N/A,N/A,N/A,N/A
2013,AR,Reading,8,Multiracial,N/A,N/A,N/A,N/A,N/A,N/A,N/A,N/A,N/A,N/A,N/A,N/A
2013,CA,Reading,8,Multiracial,N/A,N/A,N/A,N/A,N/A,N/A,N/A,N/A,N/A,N/A,N/A,N/A
2013,CO,Reading,8,Multiracial,N/A,N/A,N/A,N/A,N/A,N/A,N/A,N/A,N/A,N/A,N/A,N/A
2013,CT,Reading,8,Multiracial,N/A,N/A,N/A,N/A,N/A,N/A,N/A,N/A,N/A,N/A,N/A,N/A
2013,DE,Reading,8,Multiracial,N/A,N/A,N/A,N/A,N/A,N/A,N/A,N/A,N/A,N/A,N/A,N/A
2013,DC,Reading,8,Multiracial,N/A,N/A,N/A,N/A,N/A,N/A,N/A,N/A,N/A,N/A,N/A,N/A
2013,FL,Reading,8,Multiracial,N/A,N/A,N/A,N/A,N/A,N/A,N/A,N/A,N/A,N/A,N/A,N/A
2013,GA,Reading,8,Multiracial,N/A,N/A,N/A,N/A,N/A,N/A,N/A,N/A,N/A,N/A,N/A,N/A
2013,HI,Reading,8,Multiracial,N/A,N/A,N/A,N/A,N/A,N/A,N/A,N/A,N/A,N/A,N/A,N/A
2013,ID,Reading,8,Multiracial,N/A,N/A,N/A,N/A,N/A,N/A,N/A,N/A,N/A,N/A,N/A,N/A
2013,IL,Reading,8,Multiracial,N/A,N/A,N/A,N/A,N/A,N/A,N/A,N/A,N/A,N/A,N/A,N/A
2013,IN,Reading,8,Multiracial,N/A,N/A,N/A,N/A,N/A,N/A,N/A,N/A,N/A,N/A,N/A,N/A
2013,IA,Reading,8,Multiracial,N/A,N/A,N/A,N/A,N/A,N/A,N/A,N/A,N/A,N/A,N/A,N/A
2013,KS,Reading,8,Multiracial,N/A,N/A,N/A,N/A,N/A,N/A,N/A,N/A,N/A,N/A,N/A,N/A
2013,KY,Reading,8,Multiracial,N/A,N/A,N/A,N/A,N/A,N/A,N/A,N/A,N/A,N/A,N/A,N/A
2013,LA,Reading,8,Multiracial,N/A,N/A,N/A,N/A,N/A,N/A,N/A,N/A,N/A,N/A,N/A,N/A
2013,ME,Reading,8,Multiracial,N/A,N/A,N/A,N/A,N/A,N/A,N/A,N/A,N/A,N/A,N/A,N/A
2013,MD,Reading,8,Multiracial,N/A,N/A,N/A,N/A,N/A,N/A,N/A,N/A,N/A,N/A,N/A,N/A
2013,MA,Reading,8,Multiracial,N/A,N/A,N/A,N/A,N/A,N/A,N/A,N/A,N/A,N/A,N/A,N/A
2013,MI,Reading,8,Multiracial,N/A,N/A,N/A,N/A,N/A,N/A,N/A,N/A,N/A,N/A,N/A,N/A
2013,MN,Reading,8,Multiracial,N/A,N/A,N/A,N/A,N/A,N/A,N/A,N/A,N/A,N/A,N/A,N/A
2013,MS,Reading,8,Multiracial,N/A,N/A,N/A,N/A,N/A,N/A,N/A,N/A,N/A,N/A,N/A,N/A
2013,MO,Reading,8,Multiracial,N/A,N/A,N/A,N/A,N/A,N/A,N/A,N/A,N/A,N/A,N/A,N/A
2013,MT,Reading,8,Multiracial,N/A,N/A,N/A,N/A,N/A,N/A,N/A,N/A,N/A,N/A,N/A,N/A
2013,NE,Reading,8,Multiracial,N/A,N/A,N/A,N/A,N/A,N/A,N/A,N/A,N/A,N/A,N/A,N/A
2013,NV,Reading,8,Multiracial,N/A,N/A,N/A,N/A,N/A,N/A,N/A,N/A,N/A,N/A,N/A,N/A
2013,NH,Reading,8,Multiracial,N/A,N/A,N/A,N/A,N/A,N/A,N/A,N/A,N/A,N/A,N/A,N/A
2013,NJ,Reading,8,Multiracial,N/A,N/A,N/A,N/A,N/A,N/A,N/A,N/A,N/A,N/A,N/A,N/A
2013,NM,Reading,8,Multiracial,N/A,N/A,N/A,N/A,N/A,N/A,N/A,N/A,N/A,N/A,N/A,N/A
2013,NY,Reading,8,Multiracial,N/A,N/A,N/A,N/A,N/A,N/A,N/A,N/A,N/A,N/A,N/A,N/A
2013,NC,Reading,8,Multiracial,N/A,N/A,N/A,N/A,N/A,N/A,N/A,N/A,N/A,N/A,N/A,N/A
2013,ND,Reading,8,Multiracial,N/A,N/A,N/A,N/A,N/A,N/A,N/A,N/A,N/A,N/A,N/A,N/A
2013,OH,Reading,8,Multiracial,N/A,N/A,N/A,N/A,N/A,N/A,N/A,N/A,N/A,N/A,N/A,N/A
2013,OK,Reading,8,Multiracial,N/A,N/A,N/A,N/A,N/A,N/A,N/A,N/A,N/A,N/A,N/A,N/A
2013,OR,Reading,8,Multiracial,N/A,N/A,N/A,N/A,N/A,N/A,N/A,N/A,N/A,N/A,N/A,N/A
2013,PA,Reading,8,Multiracial,N/A,N/A,N/A,N/A,N/A,N/A,N/A,N/A,N/A,N/A,N/A,N/A
2013,RI,Reading,8,Multiracial,N/A,N/A,N/A,N/A,N/A,N/A,N/A,N/A,N/A,N/A,N/A,N/A
2013,SC,Reading,8,Multiracial,N/A,N/A,N/A,N/A,N/A,N/A,N/A,N/A,N/A,N/A,N/A,N/A
2013,SD,Reading,8,Multiracial,N/A,N/A,N/A,N/A,N/A,N/A,N/A,N/A,N/A,N/A,N/A,N/A
2013,TN,Reading,8,Multiracial,N/A,N/A,N/A,N/A,N/A,N/A,N/A,N/A,N/A,N/A,N/A,N/A
2013,TX,Reading,8,Multiracial,N/A,N/A,N/A,N/A,N/A,N/A,N/A,N/A,N/A,N/A,N/A,N/A
2013,UT,Reading,8,Multiracial,N/A,N/A,N/A,N/A,N/A,N/A,N/A,N/A,N/A,N/A,N/A,N/A
2013,VT,Reading,8,Multiracial,N/A,N/A,N/A,N/A,N/A,N/A,N/A,N/A,N/A,N/A,N/A,N/A
2013,VA,Reading,8,Multiracial,N/A,N/A,N/A,N/A,N/A,N/A,N/A,N/A,N/A,N/A,N/A,N/A
2013,WA,Reading,8,Multiracial,N/A,N/A,N/A,N/A,N/A,N/A,N/A,N/A,N/A,N/A,N/A,N/A
2013,WV,Reading,8,Multiracial,N/A,N/A,N/A,N/A,N/A,N/A,N/A,N/A,N/A,N/A,N/A,N/A
2013,WI,Reading,8,Multiracial,N/A,N/A,N/A,N/A,N/A,N/A,N/A,N/A,N/A,N/A,N/A,N/A
2013,WY,Reading,8,Multiracial,N/A,N/A,N/A,N/A,N/A,N/A,N/A,N/A,N/A,N/A,N/A,N/A
