Year,Jurisdiction,Subject,Grade,Subgroup,Mean,25th Percentile,50th Percentile,75th Percentile,Standard Deviation,Cumulative achievement level - Below Basic,Discrete achievement level - At Basic,Cumulative achievement level - At or above Basic,Discrete achievement level - At Proficient,Cumulative achievement level - At or above Proficient,Discrete achievement level - At Advanced,Cumulative achievement level - At Advanced
2015,AL,Mathematics,4,All,230.98,213.63,231.84,249.88,27.44,25.40,48.52,74.60,23.83,26.08,2.25,2.25
2015,AK,Mathematics,4,All,236.33,216.86,237.78,257.25,31.03,22.29,42.59,77.71,29.10,35.11,6.01,6.01
2015,AZ,Mathematics,4,All,237.61,217.95,239.59,258.67,30.21,21.23,40.93,78.77,31.84,37.84,6.00,6.00
2015,AR,Mathematics,4,All,235.22,217.50,236.65,254.34,27.52,21.40,46.65,78.60,28.47,31.95,3.48,3.48
2015,CA,Mathematics,4,All,231.55,211.48,232.81,252.60,31.11,27.64,43.20,72.36,24.50,29.16,4.66,4.66
2015,CO,Mathematics,4,All,241.56,221.92,243.28,263.06,30.79,17.99,39.35,82.01,34.22,42.66,8.43,8.43
2015,CT,Mathematics,4,All,240.16,219.99,242.01,261.61,30.20,19.47,39.64,80.53,33.74,40.89,7.16,7.16
2015,DE,Mathematics,4,All,238.68,220.99,239.94,258.08,27.94,18.24,44.96,81.76,31.72,36.80,5.08,5.08
2015,DC,Mathematics,4,All,231.31,208.30,231.60,254.94,34.30,30.82,38.50,69.18,23.64,30.68,7.05,7.05
2015,FL,Mathematics,4,All,242.66,225.02,243.64,261.21,27.56,15.02,42.96,84.98,34.92,42.03,7.10,7.10
2015,GA,Mathematics,4,All,236.45,216.63,237.44,256.82,28.90,22.28,43.09,77.72,29.49,34.63,5.14,5.14
2015,HI,Mathematics,4,All,237.90,218.13,239.65,260.32,31.33,21.24,40.47,78.76,31.70,38.28,6.59,6.59
2015,ID,Mathematics,4,All,238.80,219.39,240.03,259.53,29.00,19.82,42.02,80.18,32.33,38.15,5.83,5.83
2015,IL,Mathematics,4,All,237.31,216.30,238.20,259.71,32.24,22.93,40.42,77.07,28.82,36.64,7.83,7.83
2015,IN,Mathematics,4,All,247.65,230.69,248.84,265.91,27.04,10.73,39.52,89.27,40.37,49.75,9.38,9.38
2015,IA,Mathematics,4,All,243.34,224.37,244.80,264.27,29.65,15.88,39.82,84.12,35.60,44.30,8.70,8.70
2015,KS,Mathematics,4,All,241.07,222.68,242.86,261.16,29.27,17.12,41.55,82.88,34.20,41.32,7.13,7.13
2015,KY,Mathematics,4,All,241.73,223.57,242.58,260.38,27.81,15.92,43.59,84.08,33.45,40.48,7.03,7.03
2015,LA,Mathematics,4,All,234.28,216.43,234.93,252.61,26.90,22.48,47.88,77.52,26.14,29.64,3.50,3.50
2015,ME,Mathematics,4,All,242.24,224.16,242.76,261.50,28.21,15.19,43.70,84.81,33.65,41.11,7.46,7.46
2015,MD,Mathematics,4,All,239.50,218.73,241.45,261.39,31.52,21.06,38.78,78.94,32.29,40.15,7.86,7.86
2015,MA,Mathematics,4,All,250.57,231.79,251.76,269.90,28.68,10.40,35.66,89.60,40.84,53.94,13.10,13.10
2015,MI,Mathematics,4,All,235.73,216.64,236.93,256.24,29.76,22.50,43.54,77.50,29.01,33.95,4.95,4.95
2015,MN,Mathematics,4,All,249.58,230.32,251.65,271.32,31.54,12.80,33.78,87.20,39.13,53.42,14.29,14.29
2015,MS,Mathematics,4,All,234.24,216.31,234.86,252.68,26.81,22.33,48.11,77.67,26.16,29.55,3.39,3.39
2015,MO,Mathematics,4,All,238.96,221.32,240.83,259.06,28.80,18.13,43.50,81.87,33.26,38.37,5.12,5.12
2015,MT,Mathematics,4,All,241.29,223.21,242.63,260.94,27.95,16.26,42.80,83.74,34.53,40.95,6.42,6.42
2015,NE,Mathematics,4,All,243.86,226.63,246.09,263.11,27.70,14.31,40.14,85.69,38.50,45.55,7.06,7.06
2015,NV,Mathematics,4,All,233.83,214.93,235.64,254.36,29.64,24.05,44.07,75.95,27.77,31.88,4.11,4.11
2015,NH,Mathematics,4,All,249.15,232.47,249.95,267.01,26.38,8.99,39.58,91.01,41.41,51.43,10.03,10.03
2015,NJ,Mathematics,4,All,245.38,227.14,246.80,264.97,28.96,13.73,39.40,86.27,37.51,46.87,9.36,9.36
2015,NM,Mathematics,4,All,231.17,212.64,232.08,250.57,28.58,26.54,46.57,73.46,23.70,26.88,3.18,3.18
2015,NY,Mathematics,4,All,236.80,217.95,237.97,256.70,28.92,21.13,43.96,78.87,29.65,34.91,5.27,5.27
2015,NC,Mathematics,4,All,243.74,225.65,244.95,263.48,28.34,14.79,40.86,85.21,36.26,44.36,8.10,8.10
2015,ND,Mathematics,4,All,244.71,227.71,245.52,263.18,27.13,12.45,42.76,87.55,36.89,44.79,7.89,7.89
2015,OH,Mathematics,4,All,243.60,225.23,244.99,263.67,28.70,14.80,40.61,85.20,36.64,44.59,7.95,7.95
2015,OK,Mathematics,4,All,239.76,222.85,239.94,257.69,26.49,15.73,47.59,84.27,31.61,36.68,5.07,5.07
2015,OR,Mathematics,4,All,237.75,218.26,239.21,258.76,30.03,21.01,41.94,78.99,31.16,37.05,5.90,5.90
2015,PA,Mathematics,4,All,243.31,223.23,245.11,264.91,30.71,17.33,37.69,82.67,35.31,44.98,9.68,9.68
2015,RI,Mathematics,4,All,238.00,219.44,239.87,258.75,29.71,19.87,42.64,80.13,31.92,37.49,5.56,5.56
2015,SC,Mathematics,4,All,237.09,218.24,238.93,258.02,29.94,20.94,43.03,79.06,30.50,36.03,5.53,5.53
2015,SD,Mathematics,4,All,239.72,222.87,242.05,259.25,27.96,17.17,43.08,82.83,35.35,39.76,4.41,4.41
2015,TN,Mathematics,4,All,240.67,222.40,242.26,260.51,28.60,17.50,42.33,82.50,33.63,40.17,6.54,6.54
2015,TX,Mathematics,4,All,244.00,226.08,244.96,263.39,28.45,14.12,41.90,85.88,35.72,43.98,8.26,8.26
2015,UT,Mathematics,4,All,242.56,224.48,244.64,262.75,29.35,15.90,40.33,84.10,36.37,43.76,7.39,7.39
2015,VT,Mathematics,4,All,243.25,223.85,243.84,263.63,28.81,15.35,41.45,84.65,34.51,43.19,8.69,8.69
2015,VA,Mathematics,4,All,246.61,227.71,247.07,266.12,28.33,12.68,39.97,87.32,36.96,47.35,10.39,10.39
2015,WA,Mathematics,4,All,244.98,223.73,246.33,267.63,32.40,16.97,36.09,83.03,34.82,46.93,12.11,12.11
2015,WV,Mathematics,4,All,235.20,216.66,236.31,255.18,29.21,22.34,45.09,77.66,28.02,32.57,4.55,4.55
2015,WI,Mathematics,4,All,243.31,223.23,245.34,264.69,30.50,17.26,37.33,82.74,36.25,45.41,9.17,9.17
2015,WY,Mathematics,4,All,246.76,229.54,247.88,265.40,27.29,11.58,40.11,88.42,39.35,48.30,8.96,8.96
2015,AL,Mathematics,4,White,239.06,223.32,239.73,255.81,24.42,14.59,50.34,85.41,31.93,35.07,3.14,3.14
2015,AK,Mathematics,4,White,246.28,228.84,247.20,264.27,27.71,11.43,41.41,88.57,38.28,47.16,8.88,8.88
2015,AZ,Mathematics,4,White,250.85,234.00,252.96,269.61,27.17,9.84,33.71,90.16,45.05,56.45,11.40,11.40
2015,AR,Mathematics,4,White,240.21,223.49,241.36,258.36,26.01,15.51,46.30,84.49,33.74,38.18,4.44,4.44
2015,CA,Mathematics,4,White,245.61,229.58,247.38,263.28,26.09,11.50,41.00,88.50,40.95,47.50,6.56,6.56
2015,CO,Mathematics,4,White,252.72,235.89,254.43,270.91,26.72,7.80,34.56,92.20,44.73,57.64,12.90,12.90
2015,CT,Mathematics,4,White,248.75,231.72,250.51,267.06,26.73,10.27,37.47,89.73,42.83,52.26,9.43,9.43
2015,DE,Mathematics,4,White,247.34,231.99,249.20,265.33,26.36,10.24,39.53,89.76,42.47,50.23,7.76,7.76
2015,DC,Mathematics,4,White,273.76,259.64,275.35,289.87,24.30,1.90,12.82,98.10,47.53,85.28,37.75,37.75
2015,FL,Mathematics,4,White,250.86,234.16,251.40,267.78,25.12,7.49,38.64,92.51,43.28,53.87,10.59,10.59
2015,GA,Mathematics,4,White,245.36,228.82,247.00,263.15,26.01,11.78,41.59,88.22,39.72,46.64,6.91,6.91
2015,HI,Mathematics,4,White,248.01,229.21,248.81,268.88,28.66,11.79,38.23,88.21,38.86,49.98,11.12,11.12
2015,ID,Mathematics,4,White,243.47,225.23,244.51,262.73,27.29,14.50,41.66,85.50,36.78,43.83,7.05,7.05
2015,IL,Mathematics,4,White,247.62,229.66,248.26,267.49,29.17,11.38,39.61,88.62,37.66,49.01,11.35,11.35
2015,IN,Mathematics,4,White,251.80,236.07,253.10,269.09,25.48,7.34,35.92,92.66,45.91,56.74,10.83,10.83
2015,IA,Mathematics,4,White,247.60,229.69,249.11,267.09,27.64,11.49,38.32,88.51,40.49,50.19,9.69,9.69
2015,KS,Mathematics,4,White,247.30,230.51,248.79,265.42,26.57,10.92,39.37,89.08,40.84,49.71,8.87,8.87
2015,KY,Mathematics,4,White,243.83,226.41,244.68,261.92,26.93,13.55,42.94,86.45,36.17,43.51,7.35,7.35
2015,LA,Mathematics,4,White,242.19,226.01,242.68,259.01,24.87,12.78,47.40,87.22,34.74,39.82,5.08,5.08
2015,ME,Mathematics,4,White,243.36,225.59,243.77,262.27,27.64,14.04,43.49,85.96,34.68,42.47,7.79,7.79
2015,MD,Mathematics,4,White,251.85,235.66,252.80,269.88,27.18,8.26,35.70,91.74,43.92,56.04,12.12,12.12
2015,MA,Mathematics,4,White,256.13,239.46,256.71,272.96,25.11,4.78,33.20,95.22,47.16,62.01,14.85,14.85
2015,MI,Mathematics,4,White,240.72,223.63,241.40,259.23,26.64,15.40,45.54,84.60,33.95,39.06,5.11,5.11
2015,MN,Mathematics,4,White,256.83,239.21,257.88,275.58,27.23,6.05,31.39,93.95,45.22,62.56,17.34,17.34
2015,MS,Mathematics,4,White,244.89,229.36,245.30,261.36,24.02,9.65,46.49,90.35,38.14,43.85,5.71,5.71
2015,MO,Mathematics,4,White,243.64,227.38,244.94,261.70,26.45,12.40,43.77,87.60,37.85,43.84,5.99,5.99
2015,MT,Mathematics,4,White,245.43,228.32,246.45,263.34,25.86,11.50,42.48,88.50,38.69,46.03,7.34,7.34
2015,NE,Mathematics,4,White,250.90,235.98,252.46,267.96,25.04,7.77,36.17,92.23,46.64,56.06,9.42,9.42
2015,NV,Mathematics,4,White,245.97,231.17,248.33,263.78,26.30,11.19,39.88,88.81,42.31,48.92,6.62,6.62
2015,NH,Mathematics,4,White,249.80,233.60,250.74,267.28,25.78,8.36,39.00,91.64,42.81,52.64,9.82,9.82
2015,NJ,Mathematics,4,White,254.24,238.83,255.51,270.70,24.69,5.67,33.60,94.33,48.66,60.73,12.07,12.07
2015,NM,Mathematics,4,White,241.34,223.82,243.26,260.00,27.39,16.33,42.27,83.67,35.68,41.40,5.72,5.72
2015,NY,Mathematics,4,White,245.14,228.37,246.73,262.86,26.36,12.04,41.37,87.96,39.23,46.60,7.36,7.36
2015,NC,Mathematics,4,White,253.42,237.32,254.72,270.30,24.95,6.11,35.16,93.89,46.68,58.73,12.05,12.05
2015,ND,Mathematics,4,White,248.71,232.69,249.21,265.68,25.21,8.30,41.35,91.70,41.30,50.34,9.04,9.04
2015,OH,Mathematics,4,White,248.81,232.37,250.10,267.15,26.41,9.44,38.89,90.56,42.26,51.67,9.41,9.41
2015,OK,Mathematics,4,White,245.08,228.78,245.42,262.34,25.09,10.46,45.35,89.54,37.51,44.19,6.68,6.68
2015,OR,Mathematics,4,White,242.64,224.35,244.20,262.43,28.28,15.68,40.95,84.32,36.27,43.36,7.09,7.09
2015,PA,Mathematics,4,White,249.68,231.92,251.36,268.97,28.00,10.73,35.90,89.27,41.55,53.37,11.82,11.82
2015,RI,Mathematics,4,White,245.94,229.62,247.62,264.61,26.92,11.85,40.27,88.15,40.19,47.88,7.69,7.69
2015,SC,Mathematics,4,White,246.71,230.35,247.78,265.03,26.50,10.36,41.69,89.64,39.62,47.94,8.32,8.32
2015,SD,Mathematics,4,White,245.54,230.30,247.07,262.47,24.51,10.09,43.08,89.91,41.62,46.82,5.20,5.20
2015,TN,Mathematics,4,White,245.91,229.23,247.55,264.36,27.07,12.00,40.41,88.00,39.56,47.58,8.02,8.02
2015,TX,Mathematics,4,White,254.61,237.75,255.74,273.23,26.81,6.95,32.99,93.05,45.51,60.06,14.54,14.54
2015,UT,Mathematics,4,White,246.67,229.75,248.34,265.36,27.50,11.71,39.29,88.29,40.37,49.01,8.63,8.63
2015,VT,Mathematics,4,White,243.76,224.47,244.24,263.89,28.35,14.75,41.61,85.25,34.87,43.64,8.77,8.77
2015,VA,Mathematics,4,White,252.74,235.87,253.87,270.71,25.86,7.43,35.47,92.57,44.45,57.11,12.65,12.65
2015,WA,Mathematics,4,White,251.27,232.98,253.02,271.20,28.70,10.17,34.25,89.83,41.93,55.58,13.65,13.65
2015,WV,Mathematics,4,White,235.99,217.78,237.34,255.88,28.78,21.27,45.14,78.73,29.09,33.58,4.49,4.49
2015,WI,Mathematics,4,White,250.10,232.26,251.67,268.82,26.97,9.93,36.24,90.07,42.72,53.83,11.11,11.11
2015,WY,Mathematics,4,White,250.50,234.24,251.53,267.83,25.71,8.11,37.99,91.89,43.70,53.90,10.20,10.20
2015,AL,Mathematics,4,Black,217.15,201.38,218.09,234.40,25.72,43.42,46.28,56.58,10.06,10.30,999.00,999.00
2015,AK,Mathematics,4,Black,221.09,204.48,221.28,237.37,24.76,39.19,47.09,60.81,12.73,13.72,0.99,0.99
2015,AZ,Mathematics,4,Black,231.08,210.26,233.54,254.57,30.58,28.34,39.78,71.66,28.75,31.88,3.13,3.13
2015,AR,Mathematics,4,Black,220.81,203.73,221.89,239.59,26.56,38.53,46.58,61.47,14.65,14.89,999.00,999.00
2015,CA,Mathematics,4,Black,222.32,203.61,223.69,242.92,29.24,37.41,44.69,62.59,16.66,17.91,1.25,1.25
2015,CO,Mathematics,4,Black,221.10,198.73,222.64,245.02,31.80,40.01,39.45,59.99,18.48,20.54,2.06,2.06
2015,CT,Mathematics,4,Black,218.40,200.14,218.58,236.62,26.93,42.66,44.53,57.34,12.29,12.81,0.52,0.52
2015,DE,Mathematics,4,Black,226.72,210.32,228.57,244.88,25.90,29.37,51.41,70.63,18.41,19.22,0.81,0.81
2015,DC,Mathematics,4,Black,222.73,202.89,223.89,244.24,30.16,37.63,42.58,62.37,18.11,19.79,1.68,1.68
2015,FL,Mathematics,4,Black,227.80,210.43,229.19,245.86,25.78,29.24,49.82,70.76,19.67,20.93,1.27,1.27
2015,GA,Mathematics,4,Black,223.84,205.30,223.47,242.87,27.54,36.45,44.59,63.55,17.47,18.96,1.48,1.48
2015,HI,Mathematics,4,Black,999.00,999.00,999.00,999.00,999.00,999.00,999.00,999.00,999.00,999.00,999.00,999.00
2015,ID,Mathematics,4,Black,999.00,999.00,999.00,999.00,999.00,999.00,999.00,999.00,999.00,999.00,999.00,999.00
2015,IL,Mathematics,4,Black,215.04,195.76,215.08,235.18,28.66,48.55,39.37,51.45,11.44,12.08,0.64,0.64
2015,IN,Mathematics,4,Black,229.44,212.72,230.33,246.86,25.81,26.32,51.76,73.68,20.16,21.92,1.76,1.76
2015,IA,Mathematics,4,Black,222.09,202.00,225.64,243.36,31.77,36.78,44.92,63.22,15.97,18.30,2.34,2.34
2015,KS,Mathematics,4,Black,217.79,198.46,219.43,238.23,29.17,42.58,43.88,57.42,12.62,13.54,0.92,0.92
2015,KY,Mathematics,4,Black,226.30,208.56,226.66,244.32,25.65,31.63,48.74,68.37,18.81,19.63,0.82,0.82
2015,LA,Mathematics,4,Black,223.73,206.64,224.02,240.69,25.54,35.03,49.37,64.97,14.42,15.60,1.18,1.18
2015,ME,Mathematics,4,Black,222.54,202.41,223.39,242.69,31.48,36.37,45.47,63.63,15.29,18.16,2.88,2.88
2015,MD,Mathematics,4,Black,223.96,204.29,224.28,245.23,29.04,36.59,42.50,63.41,19.36,20.91,1.55,1.55
2015,MA,Mathematics,4,Black,230.42,212.83,231.30,249.74,25.35,26.55,47.32,73.45,25.20,26.13,0.93,0.93
2015,MI,Mathematics,4,Black,212.36,193.78,212.12,231.11,27.28,53.05,37.07,46.95,9.44,9.88,999.00,999.00
2015,MN,Mathematics,4,Black,226.80,205.59,226.39,249.12,31.83,35.43,39.56,64.57,20.90,25.01,4.11,4.11
2015,MS,Mathematics,4,Black,223.54,207.01,223.96,240.62,24.78,34.75,50.10,65.25,14.45,15.14,0.70,0.70
2015,MO,Mathematics,4,Black,220.05,201.96,221.05,238.94,28.83,40.00,44.68,60.00,14.30,15.32,1.02,1.02
2015,MT,Mathematics,4,Black,999.00,999.00,999.00,999.00,999.00,999.00,999.00,999.00,999.00,999.00,999.00,999.00
2015,NE,Mathematics,4,Black,217.43,199.40,218.79,237.07,26.81,42.39,45.83,57.61,11.59,11.77,999.00,999.00
2015,NV,Mathematics,4,Black,218.47,199.83,220.79,239.41,28.50,41.07,44.38,58.93,14.30,14.55,999.00,999.00
2015,NH,Mathematics,4,Black,999.00,999.00,999.00,999.00,999.00,999.00,999.00,999.00,999.00,999.00,999.00,999.00
2015,NJ,Mathematics,4,Black,227.58,210.75,229.31,245.79,26.16,28.83,49.99,71.17,20.29,21.18,0.89,0.89
2015,NM,Mathematics,4,Black,999.00,999.00,999.00,999.00,999.00,999.00,999.00,999.00,999.00,999.00,999.00,999.00
2015,NY,Mathematics,4,Black,220.61,202.71,220.98,238.59,26.76,39.76,45.75,60.24,13.69,14.49,0.81,0.81
2015,NC,Mathematics,4,Black,228.89,211.98,230.32,246.63,25.75,27.19,50.86,72.81,20.43,21.95,1.52,1.52
2015,ND,Mathematics,4,Black,230.66,212.12,232.82,248.39,28.20,27.15,48.50,72.85,20.74,24.35,3.61,3.61
2015,OH,Mathematics,4,Black,219.63,204.10,220.16,237.54,25.96,39.45,48.11,60.55,11.99,12.44,999.00,999.00
2015,OK,Mathematics,4,Black,223.19,208.19,223.98,239.73,26.32,33.15,52.02,66.85,13.76,14.84,1.07,1.07
2015,OR,Mathematics,4,Black,216.97,196.56,218.80,242.34,31.97,44.54,38.21,55.46,16.75,17.25,0.50,0.50
2015,PA,Mathematics,4,Black,218.89,198.99,218.84,238.52,28.55,43.60,41.65,56.40,13.49,14.75,1.26,1.26
2015,RI,Mathematics,4,Black,222.22,204.43,224.68,241.59,27.45,35.24,48.26,64.76,16.05,16.50,999.00,999.00
2015,SC,Mathematics,4,Black,221.17,202.83,222.40,240.71,27.82,38.40,45.75,61.60,15.05,15.85,0.79,0.79
2015,SD,Mathematics,4,Black,218.27,200.51,217.73,234.50,26.79,44.03,45.30,55.97,8.17,10.67,2.50,2.50
2015,TN,Mathematics,4,Black,225.60,207.17,226.80,244.64,27.06,33.21,47.14,66.79,18.38,19.65,1.28,1.28
2015,TX,Mathematics,4,Black,233.04,215.23,234.96,251.60,26.44,23.74,47.56,76.26,26.55,28.70,2.16,2.16
2015,UT,Mathematics,4,Black,999.00,999.00,999.00,999.00,999.00,999.00,999.00,999.00,999.00,999.00,999.00,999.00
2015,VT,Mathematics,4,Black,999.00,999.00,999.00,999.00,999.00,999.00,999.00,999.00,999.00,999.00,999.00,999.00
2015,VA,Mathematics,4,Black,231.20,214.43,231.77,248.93,25.59,24.40,50.59,75.60,23.35,25.00,1.66,1.66
2015,WA,Mathematics,4,Black,229.13,210.11,229.20,247.87,30.81,28.88,47.25,71.12,19.08,23.88,4.80,4.80
2015,WV,Mathematics,4,Black,217.50,200.10,217.94,235.18,27.15,43.61,45.17,56.39,10.24,11.22,0.98,0.98
2015,WI,Mathematics,4,Black,212.39,190.29,210.16,233.69,29.70,53.81,33.21,46.19,12.06,12.98,0.92,0.92
2015,WY,Mathematics,4,Black,999.00,999.00,999.00,999.00,999.00,999.00,999.00,999.00,999.00,999.00,999.00,999.00
2015,AL,Mathematics,4,Hispanic,220.93,203.13,223.51,240.24,27.21,36.97,48.68,63.03,14.03,14.35,999.00,999.00
2015,AK,Mathematics,4,Hispanic,235.32,217.03,236.62,252.91,26.86,21.79,47.89,78.21,26.41,30.32,3.91,3.91
2015,AZ,Mathematics,4,Hispanic,228.76,211.18,230.13,248.63,28.10,28.19,47.26,71.81,22.39,24.55,2.15,2.15
2015,AR,Mathematics,4,Hispanic,230.61,213.82,232.60,249.11,26.59,25.19,49.54,74.81,23.92,25.27,1.35,1.35
2015,CA,Mathematics,4,Hispanic,221.64,203.37,222.77,241.48,28.63,37.67,45.76,62.33,15.33,16.57,1.24,1.24
2015,CO,Mathematics,4,Hispanic,226.85,208.76,227.86,246.74,28.50,30.92,46.74,69.08,20.46,22.34,1.87,1.87
2015,CT,Mathematics,4,Hispanic,223.69,205.41,223.98,242.94,27.71,35.42,45.71,64.58,17.68,18.86,1.19,1.19
2015,DE,Mathematics,4,Hispanic,232.42,215.97,232.47,249.12,25.15,22.32,52.39,77.68,22.74,25.29,2.56,2.56
2015,DC,Mathematics,4,Hispanic,231.15,212.13,234.18,252.50,31.25,26.77,43.50,73.23,26.08,29.74,3.66,3.66
2015,FL,Mathematics,4,Hispanic,239.81,223.39,241.09,257.83,26.86,16.42,45.78,83.58,33.01,37.80,4.79,4.79
2015,GA,Mathematics,4,Hispanic,233.65,214.96,234.05,251.57,27.23,24.13,48.01,75.87,23.82,27.87,4.05,4.05
2015,HI,Mathematics,4,Hispanic,236.40,219.74,238.06,256.26,29.24,19.91,45.42,80.09,30.40,34.66,4.26,4.26
2015,ID,Mathematics,4,Hispanic,220.92,202.04,220.63,239.42,27.43,40.28,44.44,59.72,14.08,15.28,1.21,1.21
2015,IL,Mathematics,4,Hispanic,228.44,209.36,228.90,247.97,28.54,30.12,46.02,69.88,21.11,23.86,2.75,2.75
2015,IN,Mathematics,4,Hispanic,240.20,224.52,240.15,256.09,24.89,13.70,51.03,86.30,30.33,35.27,4.94,4.94
2015,IA,Mathematics,4,Hispanic,226.45,207.69,226.81,245.34,28.22,32.69,46.59,67.31,18.28,20.72,2.44,2.44
2015,KS,Mathematics,4,Hispanic,228.17,210.58,229.53,247.49,28.31,28.59,48.15,71.41,21.35,23.26,1.91,1.91
2015,KY,Mathematics,4,Hispanic,234.33,215.94,236.10,253.02,28.37,22.77,47.07,77.23,25.86,30.15,4.30,4.30
2015,LA,Mathematics,4,Hispanic,237.61,219.74,239.08,255.64,26.33,18.27,46.59,81.73,31.29,35.14,3.85,3.85
2015,ME,Mathematics,4,Hispanic,999.00,999.00,999.00,999.00,999.00,999.00,999.00,999.00,999.00,999.00,999.00,999.00
2015,MD,Mathematics,4,Hispanic,229.40,209.83,230.73,248.44,28.61,29.06,46.23,70.94,21.53,24.71,3.18,3.18
2015,MA,Mathematics,4,Hispanic,231.79,213.21,232.14,251.96,27.92,25.92,45.69,74.08,25.46,28.39,2.93,2.93
2015,MI,Mathematics,4,Hispanic,223.36,202.10,223.20,244.89,32.91,38.38,40.64,61.62,17.64,20.98,3.34,3.34
2015,MN,Mathematics,4,Hispanic,232.05,213.31,233.34,253.26,31.65,25.66,43.95,74.34,25.57,30.39,4.83,4.83
2015,MS,Mathematics,4,Hispanic,228.74,209.68,227.84,247.11,26.35,30.28,46.07,69.72,21.33,23.65,2.32,2.32
2015,MO,Mathematics,4,Hispanic,233.06,213.74,236.43,252.85,28.38,25.53,44.37,74.47,26.73,30.10,3.37,3.37
2015,MT,Mathematics,4,Hispanic,230.87,212.60,229.83,249.61,26.94,26.84,47.63,73.16,22.50,25.52,3.02,3.02
2015,NE,Mathematics,4,Hispanic,229.88,213.18,230.31,246.88,24.28,26.11,51.59,73.89,20.99,22.30,1.31,1.31
2015,NV,Mathematics,4,Hispanic,226.83,208.99,228.30,246.23,27.77,30.52,47.94,69.48,20.01,21.54,1.53,1.53
2015,NH,Mathematics,4,Hispanic,236.82,222.07,235.87,252.96,27.72,15.73,53.39,84.27,25.68,30.88,5.20,5.20
2015,NJ,Mathematics,4,Hispanic,232.23,215.85,234.24,250.67,26.15,22.84,49.61,77.16,25.96,27.55,1.59,1.59
2015,NM,Mathematics,4,Hispanic,228.63,211.04,229.58,246.92,27.44,28.51,48.82,71.49,20.45,22.66,2.22,2.22
2015,NY,Mathematics,4,Hispanic,228.38,211.73,229.54,246.04,25.96,27.61,51.02,72.39,19.98,21.36,1.38,1.38
2015,NC,Mathematics,4,Hispanic,235.18,216.48,236.87,254.81,27.11,22.45,45.03,77.55,29.65,32.52,2.87,2.87
2015,ND,Mathematics,4,Hispanic,224.33,210.21,225.40,239.84,24.05,29.84,55.82,70.16,14.07,14.34,999.00,999.00
2015,OH,Mathematics,4,Hispanic,235.93,218.60,236.54,255.92,27.23,20.22,46.63,79.78,29.11,33.15,4.04,4.04
2015,OK,Mathematics,4,Hispanic,232.09,215.15,232.82,250.15,25.72,23.41,49.97,76.59,24.79,26.63,1.83,1.83
2015,OR,Mathematics,4,Hispanic,224.23,205.30,225.50,244.19,28.51,35.04,45.49,64.96,18.03,19.47,1.43,1.43
2015,PA,Mathematics,4,Hispanic,225.59,206.76,226.28,245.58,28.59,33.66,45.40,66.34,19.03,20.94,1.92,1.92
2015,RI,Mathematics,4,Hispanic,223.34,206.43,224.11,242.28,28.23,34.34,47.57,65.66,17.00,18.10,1.10,1.10
2015,SC,Mathematics,4,Hispanic,232.73,212.22,236.22,257.03,32.91,26.42,39.80,73.58,29.55,33.78,4.23,4.23
2015,SD,Mathematics,4,Hispanic,227.37,208.17,226.78,245.75,26.93,32.45,47.01,67.55,17.48,20.54,3.07,3.07
2015,TN,Mathematics,4,Hispanic,235.48,218.73,236.12,254.09,25.78,19.57,48.93,80.43,28.88,31.50,2.62,2.62
2015,TX,Mathematics,4,Hispanic,239.16,222.68,240.52,257.52,26.64,16.21,47.17,83.79,32.36,36.62,4.26,4.26
2015,UT,Mathematics,4,Hispanic,226.00,207.25,227.21,246.84,29.42,32.74,44.76,67.26,20.90,22.50,1.60,1.60
2015,VT,Mathematics,4,Hispanic,999.00,999.00,999.00,999.00,999.00,999.00,999.00,999.00,999.00,999.00,999.00,999.00
2015,VA,Mathematics,4,Hispanic,234.82,218.56,235.74,252.66,25.18,20.20,50.39,79.80,27.23,29.41,2.18,2.18
2015,WA,Mathematics,4,Hispanic,227.92,208.32,228.12,248.49,29.47,31.48,44.00,68.52,21.82,24.52,2.71,2.71
2015,WV,Mathematics,4,Hispanic,999.00,999.00,999.00,999.00,999.00,999.00,999.00,999.00,999.00,999.00,999.00,999.00
2015,WI,Mathematics,4,Hispanic,228.77,211.04,229.36,246.92,27.32,28.33,49.08,71.67,20.39,22.59,2.20,2.20
2015,WY,Mathematics,4,Hispanic,234.35,217.34,235.03,251.03,25.28,21.31,50.85,78.69,24.83,27.83,3.01,3.01
2015,AL,Mathematics,4,Asian,999.00,999.00,999.00,999.00,999.00,999.00,999.00,999.00,999.00,999.00,999.00,999.00
2015,AK,Mathematics,4,Asian,230.31,211.26,231.69,250.47,32.05,27.60,45.81,72.40,21.51,26.59,5.08,5.08
2015,AZ,Mathematics,4,Asian,251.79,236.18,254.81,270.92,28.12,11.05,28.59,88.95,48.22,60.37,12.14,12.14
2015,AR,Mathematics,4,Asian,999.00,999.00,999.00,999.00,999.00,999.00,999.00,999.00,999.00,999.00,999.00,999.00
2015,CA,Mathematics,4,Asian,251.70,232.43,251.95,272.08,30.89,10.66,35.25,89.34,36.82,54.09,17.27,17.27
2015,CO,Mathematics,4,Asian,245.46,228.18,248.27,265.56,30.82,14.77,36.45,85.23,38.35,48.78,10.43,10.43
2015,CT,Mathematics,4,Asian,258.63,241.03,260.70,277.36,28.49,7.00,26.95,93.00,46.41,66.05,19.64,19.64
2015,DE,Mathematics,4,Asian,256.50,237.34,260.14,277.41,28.94,8.42,28.56,91.58,43.42,63.03,19.61,19.61
2015,DC,Mathematics,4,Asian,999.00,999.00,999.00,999.00,999.00,999.00,999.00,999.00,999.00,999.00,999.00,999.00
2015,FL,Mathematics,4,Asian,259.56,241.01,260.32,280.70,29.48,7.76,27.45,92.24,41.14,64.79,23.66,23.66
2015,GA,Mathematics,4,Asian,259.96,239.35,260.41,280.49,28.80,6.23,28.81,93.77,41.88,64.96,23.08,23.08
2015,HI,Mathematics,4,Asian,235.41,215.30,237.35,258.21,31.76,23.90,40.48,76.10,29.91,35.61,5.71,5.71
2015,ID,Mathematics,4,Asian,999.00,999.00,999.00,999.00,999.00,999.00,999.00,999.00,999.00,999.00,999.00,999.00
2015,IL,Mathematics,4,Asian,262.07,243.68,265.71,282.08,31.26,6.25,24.27,93.75,44.42,69.48,25.06,25.06
2015,IN,Mathematics,4,Asian,999.00,999.00,999.00,999.00,999.00,999.00,999.00,999.00,999.00,999.00,999.00,999.00
2015,IA,Mathematics,4,Asian,249.78,228.63,248.28,275.71,32.50,12.12,39.78,87.88,29.28,48.10,18.82,18.82
2015,KS,Mathematics,4,Asian,254.12,232.19,254.48,279.32,31.36,10.29,33.47,89.71,34.08,56.24,22.15,22.15
2015,KY,Mathematics,4,Asian,258.31,237.71,262.31,287.59,37.72,11.98,26.33,88.02,29.20,61.70,32.50,32.50
2015,LA,Mathematics,4,Asian,999.00,999.00,999.00,999.00,999.00,999.00,999.00,999.00,999.00,999.00,999.00,999.00
2015,ME,Mathematics,4,Asian,999.00,999.00,999.00,999.00,999.00,999.00,999.00,999.00,999.00,999.00,999.00,999.00
2015,MD,Mathematics,4,Asian,260.12,240.61,263.67,281.55,32.02,9.36,22.70,90.64,43.46,67.94,24.48,24.48
2015,MA,Mathematics,4,Asian,273.17,255.87,274.48,292.07,27.63,2.23,16.67,97.77,42.79,81.10,38.31,38.31
2015,MI,Mathematics,4,Asian,253.62,232.50,254.52,275.00,31.88,11.21,31.39,88.79,38.79,57.40,18.61,18.61
2015,MN,Mathematics,4,Asian,242.63,215.90,245.61,269.22,40.78,23.73,30.21,76.27,29.14,46.05,16.91,16.91
2015,MS,Mathematics,4,Asian,999.00,999.00,999.00,999.00,999.00,999.00,999.00,999.00,999.00,999.00,999.00,999.00
2015,MO,Mathematics,4,Asian,999.00,999.00,999.00,999.00,999.00,999.00,999.00,999.00,999.00,999.00,999.00,999.00
2015,MT,Mathematics,4,Asian,999.00,999.00,999.00,999.00,999.00,999.00,999.00,999.00,999.00,999.00,999.00,999.00
2015,NE,Mathematics,4,Asian,999.00,999.00,999.00,999.00,999.00,999.00,999.00,999.00,999.00,999.00,999.00,999.00
2015,NV,Mathematics,4,Asian,247.08,225.20,247.63,269.86,31.41,14.49,37.68,85.51,33.23,47.83,14.59,14.59
2015,NH,Mathematics,4,Asian,261.46,243.26,263.27,282.33,28.83,4.77,26.58,95.23,42.94,68.65,25.71,25.71
2015,NJ,Mathematics,4,Asian,270.00,252.56,270.44,288.50,25.70,1.91,18.84,98.09,46.86,79.26,32.39,32.39
2015,NM,Mathematics,4,Asian,999.00,999.00,999.00,999.00,999.00,999.00,999.00,999.00,999.00,999.00,999.00,999.00
2015,NY,Mathematics,4,Asian,251.70,233.71,253.98,272.47,31.34,11.64,31.14,88.36,41.91,57.23,15.32,15.32
2015,NC,Mathematics,4,Asian,258.11,236.37,261.78,283.40,35.83,11.84,23.30,88.16,37.84,64.86,27.02,27.02
2015,ND,Mathematics,4,Asian,999.00,999.00,999.00,999.00,999.00,999.00,999.00,999.00,999.00,999.00,999.00,999.00
2015,OH,Mathematics,4,Asian,999.00,999.00,999.00,999.00,999.00,999.00,999.00,999.00,999.00,999.00,999.00,999.00
2015,OK,Mathematics,4,Asian,999.00,999.00,999.00,999.00,999.00,999.00,999.00,999.00,999.00,999.00,999.00,999.00
2015,OR,Mathematics,4,Asian,249.66,230.12,247.07,268.66,30.27,8.83,43.52,91.17,34.03,47.64,13.62,13.62
2015,PA,Mathematics,4,Asian,261.29,241.53,258.50,280.39,27.80,2.59,32.91,97.41,40.61,64.50,23.89,23.89
2015,RI,Mathematics,4,Asian,238.22,217.33,241.36,264.42,35.79,21.81,36.21,78.19,32.33,41.97,9.64,9.64
2015,SC,Mathematics,4,Asian,999.00,999.00,999.00,999.00,999.00,999.00,999.00,999.00,999.00,999.00,999.00,999.00
2015,SD,Mathematics,4,Asian,999.00,999.00,999.00,999.00,999.00,999.00,999.00,999.00,999.00,999.00,999.00,999.00
2015,TN,Mathematics,4,Asian,257.02,239.80,257.92,277.76,28.30,6.60,32.55,93.40,40.88,60.85,19.98,19.98
2015,TX,Mathematics,4,Asian,271.41,256.41,273.61,288.77,26.24,2.81,15.63,97.19,45.21,81.56,36.35,36.35
2015,UT,Mathematics,4,Asian,234.50,216.10,235.44,254.74,32.12,22.56,47.16,77.44,23.57,30.27,6.70,6.70
2015,VT,Mathematics,4,Asian,999.00,999.00,999.00,999.00,999.00,999.00,999.00,999.00,999.00,999.00,999.00,999.00
2015,VA,Mathematics,4,Asian,270.39,252.38,270.03,289.67,26.47,1.92,18.91,98.08,45.47,79.17,33.71,33.71
2015,WA,Mathematics,4,Asian,262.78,240.88,266.44,288.98,36.88,11.25,19.81,88.75,37.21,68.94,31.73,31.73
2015,WV,Mathematics,4,Asian,999.00,999.00,999.00,999.00,999.00,999.00,999.00,999.00,999.00,999.00,999.00,999.00
2015,WI,Mathematics,4,Asian,250.30,223.69,250.90,272.29,33.49,14.87,32.73,85.13,34.20,52.40,18.20,18.20
2015,WY,Mathematics,4,Asian,999.00,999.00,999.00,999.00,999.00,999.00,999.00,999.00,999.00,999.00,999.00,999.00
2015,AL,Mathematics,4,American Indian or Alaskan Native,999.00,999.00,999.00,999.00,999.00,999.00,999.00,999.00,999.00,999.00,999.00,999.00
2015,AK,Mathematics,4,American Indian or Alaskan Native,219.41,199.07,220.15,240.52,30.91,41.82,40.92,58.18,15.81,17.26,1.45,1.45
2015,AZ,Mathematics,4,American Indian or Alaskan Native,219.61,199.16,222.35,241.24,28.77,40.47,43.89,59.53,15.43,15.64,999.00,999.00
2015,AR,Mathematics,4,American Indian or Alaskan Native,999.00,999.00,999.00,999.00,999.00,999.00,999.00,999.00,999.00,999.00,999.00,999.00
2015,CA,Mathematics,4,American Indian or Alaskan Native,999.00,999.00,999.00,999.00,999.00,999.00,999.00,999.00,999.00,999.00,999.00,999.00
2015,CO,Mathematics,4,American Indian or Alaskan Native,999.00,999.00,999.00,999.00,999.00,999.00,999.00,999.00,999.00,999.00,999.00,999.00
2015,CT,Mathematics,4,American Indian or Alaskan Native,999.00,999.00,999.00,999.00,999.00,999.00,999.00,999.00,999.00,999.00,999.00,999.00
2015,DE,Mathematics,4,American Indian or Alaskan Native,999.00,999.00,999.00,999.00,999.00,999.00,999.00,999.00,999.00,999.00,999.00,999.00
2015,DC,Mathematics,4,American Indian or Alaskan Native,999.00,999.00,999.00,999.00,999.00,999.00,999.00,999.00,999.00,999.00,999.00,999.00
2015,FL,Mathematics,4,American Indian or Alaskan Native,999.00,999.00,999.00,999.00,999.00,999.00,999.00,999.00,999.00,999.00,999.00,999.00
2015,GA,Mathematics,4,American Indian or Alaskan Native,999.00,999.00,999.00,999.00,999.00,999.00,999.00,999.00,999.00,999.00,999.00,999.00
2015,HI,Mathematics,4,American Indian or Alaskan Native,999.00,999.00,999.00,999.00,999.00,999.00,999.00,999.00,999.00,999.00,999.00,999.00
2015,ID,Mathematics,4,American Indian or Alaskan Native,999.00,999.00,999.00,999.00,999.00,999.00,999.00,999.00,999.00,999.00,999.00,999.00
2015,IL,Mathematics,4,American Indian or Alaskan Native,999.00,999.00,999.00,999.00,999.00,999.00,999.00,999.00,999.00,999.00,999.00,999.00
2015,IN,Mathematics,4,American Indian or Alaskan Native,999.00,999.00,999.00,999.00,999.00,999.00,999.00,999.00,999.00,999.00,999.00,999.00
2015,IA,Mathematics,4,American Indian or Alaskan Native,999.00,999.00,999.00,999.00,999.00,999.00,999.00,999.00,999.00,999.00,999.00,999.00
2015,KS,Mathematics,4,American Indian or Alaskan Native,999.00,999.00,999.00,999.00,999.00,999.00,999.00,999.00,999.00,999.00,999.00,999.00
2015,KY,Mathematics,4,American Indian or Alaskan Native,999.00,999.00,999.00,999.00,999.00,999.00,999.00,999.00,999.00,999.00,999.00,999.00
2015,LA,Mathematics,4,American Indian or Alaskan Native,999.00,999.00,999.00,999.00,999.00,999.00,999.00,999.00,999.00,999.00,999.00,999.00
2015,ME,Mathematics,4,American Indian or Alaskan Native,999.00,999.00,999.00,999.00,999.00,999.00,999.00,999.00,999.00,999.00,999.00,999.00
2015,MD,Mathematics,4,American Indian or Alaskan Native,999.00,999.00,999.00,999.00,999.00,999.00,999.00,999.00,999.00,999.00,999.00,999.00
2015,MA,Mathematics,4,American Indian or Alaskan Native,999.00,999.00,999.00,999.00,999.00,999.00,999.00,999.00,999.00,999.00,999.00,999.00
2015,MI,Mathematics,4,American Indian or Alaskan Native,999.00,999.00,999.00,999.00,999.00,999.00,999.00,999.00,999.00,999.00,999.00,999.00
2015,MN,Mathematics,4,American Indian or Alaskan Native,223.13,203.81,224.87,244.99,30.33,37.40,41.67,62.60,19.23,20.93,1.69,1.69
2015,MS,Mathematics,4,American Indian or Alaskan Native,999.00,999.00,999.00,999.00,999.00,999.00,999.00,999.00,999.00,999.00,999.00,999.00
2015,MO,Mathematics,4,American Indian or Alaskan Native,999.00,999.00,999.00,999.00,999.00,999.00,999.00,999.00,999.00,999.00,999.00,999.00
2015,MT,Mathematics,4,American Indian or Alaskan Native,216.22,198.36,217.75,235.23,27.52,44.98,43.91,55.02,10.64,11.11,999.00,999.00
2015,NE,Mathematics,4,American Indian or Alaskan Native,999.00,999.00,999.00,999.00,999.00,999.00,999.00,999.00,999.00,999.00,999.00,999.00
2015,NV,Mathematics,4,American Indian or Alaskan Native,999.00,999.00,999.00,999.00,999.00,999.00,999.00,999.00,999.00,999.00,999.00,999.00
2015,NH,Mathematics,4,American Indian or Alaskan Native,999.00,999.00,999.00,999.00,999.00,999.00,999.00,999.00,999.00,999.00,999.00,999.00
2015,NJ,Mathematics,4,American Indian or Alaskan Native,999.00,999.00,999.00,999.00,999.00,999.00,999.00,999.00,999.00,999.00,999.00,999.00
2015,NM,Mathematics,4,American Indian or Alaskan Native,218.24,199.80,220.18,237.88,30.15,42.21,44.44,57.79,12.06,13.35,1.29,1.29
2015,NY,Mathematics,4,American Indian or Alaskan Native,999.00,999.00,999.00,999.00,999.00,999.00,999.00,999.00,999.00,999.00,999.00,999.00
2015,NC,Mathematics,4,American Indian or Alaskan Native,228.54,210.06,230.21,248.63,31.31,29.61,45.34,70.39,20.94,25.05,4.11,4.11
2015,ND,Mathematics,4,American Indian or Alaskan Native,224.83,207.57,225.28,241.85,27.38,33.41,49.42,66.59,15.12,17.17,2.05,2.05
2015,OH,Mathematics,4,American Indian or Alaskan Native,999.00,999.00,999.00,999.00,999.00,999.00,999.00,999.00,999.00,999.00,999.00,999.00
2015,OK,Mathematics,4,American Indian or Alaskan Native,235.07,218.85,234.33,251.31,25.36,19.28,52.83,80.72,24.43,27.90,3.47,3.47
2015,OR,Mathematics,4,American Indian or Alaskan Native,999.00,999.00,999.00,999.00,999.00,999.00,999.00,999.00,999.00,999.00,999.00,999.00
2015,PA,Mathematics,4,American Indian or Alaskan Native,999.00,999.00,999.00,999.00,999.00,999.00,999.00,999.00,999.00,999.00,999.00,999.00
2015,RI,Mathematics,4,American Indian or Alaskan Native,999.00,999.00,999.00,999.00,999.00,999.00,999.00,999.00,999.00,999.00,999.00,999.00
2015,SC,Mathematics,4,American Indian or Alaskan Native,999.00,999.00,999.00,999.00,999.00,999.00,999.00,999.00,999.00,999.00,999.00,999.00
2015,SD,Mathematics,4,American Indian or Alaskan Native,216.40,195.96,217.87,236.86,31.31,45.17,40.73,54.83,12.68,14.11,1.43,1.43
2015,TN,Mathematics,4,American Indian or Alaskan Native,999.00,999.00,999.00,999.00,999.00,999.00,999.00,999.00,999.00,999.00,999.00,999.00
2015,TX,Mathematics,4,American Indian or Alaskan Native,999.00,999.00,999.00,999.00,999.00,999.00,999.00,999.00,999.00,999.00,999.00,999.00
2015,UT,Mathematics,4,American Indian or Alaskan Native,999.00,999.00,999.00,999.00,999.00,999.00,999.00,999.00,999.00,999.00,999.00,999.00
2015,VT,Mathematics,4,American Indian or Alaskan Native,999.00,999.00,999.00,999.00,999.00,999.00,999.00,999.00,999.00,999.00,999.00,999.00
2015,VA,Mathematics,4,American Indian or Alaskan Native,999.00,999.00,999.00,999.00,999.00,999.00,999.00,999.00,999.00,999.00,999.00,999.00
2015,WA,Mathematics,4,American Indian or Alaskan Native,215.63,196.56,216.91,233.40,29.20,44.73,44.75,55.27,8.53,10.51,1.98,1.98
2015,WV,Mathematics,4,American Indian or Alaskan Native,999.00,999.00,999.00,999.00,999.00,999.00,999.00,999.00,999.00,999.00,999.00,999.00
2015,WI,Mathematics,4,American Indian or Alaskan Native,231.42,213.72,231.84,249.34,27.50,25.19,49.72,74.81,22.44,25.09,2.65,2.65
2015,WY,Mathematics,4,American Indian or Alaskan Native,220.00,200.47,221.35,240.89,33.27,40.55,41.86,59.45,14.98,17.59,2.60,2.60
2015,AL,Mathematics,4,Hawaiian,999.00,999.00,999.00,999.00,999.00,999.00,999.00,999.00,999.00,999.00,999.00,999.00
2015,AK,Mathematics,4,Hawaiian,243.44,225.04,243.84,261.58,28.30,14.22,43.49,85.78,34.16,42.29,8.13,8.13
2015,AZ,Mathematics,4,Hawaiian,999.00,999.00,999.00,999.00,999.00,999.00,999.00,999.00,999.00,999.00,999.00,999.00
2015,AR,Mathematics,4,Hawaiian,999.00,999.00,999.00,999.00,999.00,999.00,999.00,999.00,999.00,999.00,999.00,999.00
2015,CA,Mathematics,4,Hawaiian,256.61,235.45,256.24,280.31,33.56,10.27,30.31,89.73,35.45,59.42,23.97,23.97
2015,CO,Mathematics,4,Hawaiian,251.69,233.18,251.69,271.34,28.32,9.02,37.17,90.98,39.08,53.81,14.73,14.73
2015,CT,Mathematics,4,Hawaiian,999.00,999.00,999.00,999.00,999.00,999.00,999.00,999.00,999.00,999.00,999.00,999.00
2015,DE,Mathematics,4,Hawaiian,241.38,225.63,244.53,260.19,25.75,15.16,42.18,84.84,39.75,42.67,2.92,2.92
2015,DC,Mathematics,4,Hawaiian,999.00,999.00,999.00,999.00,999.00,999.00,999.00,999.00,999.00,999.00,999.00,999.00
2015,FL,Mathematics,4,Hawaiian,243.57,225.42,243.92,261.22,25.26,13.14,44.32,86.86,36.59,42.53,5.95,5.95
2015,GA,Mathematics,4,Hawaiian,238.13,217.77,237.93,259.25,26.78,20.25,41.70,79.75,34.08,38.05,3.96,3.96
2015,HI,Mathematics,4,Hawaiian,241.00,220.29,244.35,264.09,32.44,20.12,35.54,79.88,35.92,44.34,8.42,8.42
2015,ID,Mathematics,4,Hawaiian,999.00,999.00,999.00,999.00,999.00,999.00,999.00,999.00,999.00,999.00,999.00,999.00
2015,IL,Mathematics,4,Hawaiian,244.22,222.70,246.39,265.12,31.26,16.58,36.67,83.42,36.08,46.76,10.68,10.68
2015,IN,Mathematics,4,Hawaiian,243.76,227.57,245.89,261.00,24.79,12.28,43.08,87.72,39.59,44.64,5.05,5.05
2015,IA,Mathematics,4,Hawaiian,234.52,213.18,234.28,254.92,32.46,26.10,42.92,73.90,22.12,30.98,8.86,8.86
2015,KS,Mathematics,4,Hawaiian,239.72,221.29,240.73,260.12,29.63,17.76,43.96,82.24,31.77,38.28,6.52,6.52
2015,KY,Mathematics,4,Hawaiian,243.13,224.44,242.12,262.02,27.98,14.57,45.71,85.43,30.16,39.72,9.56,9.56
2015,LA,Mathematics,4,Hawaiian,999.00,999.00,999.00,999.00,999.00,999.00,999.00,999.00,999.00,999.00,999.00,999.00
2015,ME,Mathematics,4,Hawaiian,999.00,999.00,999.00,999.00,999.00,999.00,999.00,999.00,999.00,999.00,999.00,999.00
2015,MD,Mathematics,4,Hawaiian,245.10,227.26,247.07,265.02,29.68,15.33,37.22,84.67,38.63,47.46,8.83,8.83
2015,MA,Mathematics,4,Hawaiian,253.50,235.22,251.93,276.13,29.46,9.82,35.67,90.18,35.05,54.51,19.46,19.46
2015,MI,Mathematics,4,Hawaiian,999.00,999.00,999.00,999.00,999.00,999.00,999.00,999.00,999.00,999.00,999.00,999.00
2015,MN,Mathematics,4,Hawaiian,248.00,229.16,249.35,268.47,30.95,12.21,37.23,87.79,37.72,50.57,12.85,12.85
2015,MS,Mathematics,4,Hawaiian,999.00,999.00,999.00,999.00,999.00,999.00,999.00,999.00,999.00,999.00,999.00,999.00
2015,MO,Mathematics,4,Hawaiian,242.59,227.48,246.05,264.70,30.07,16.23,38.49,83.77,38.31,45.28,6.97,6.97
2015,MT,Mathematics,4,Hawaiian,238.87,219.94,237.98,258.69,26.74,17.90,46.31,82.10,30.71,35.79,5.08,5.08
2015,NE,Mathematics,4,Hawaiian,233.55,217.30,236.58,251.74,26.19,21.96,48.89,78.04,27.48,29.15,1.66,1.66
2015,NV,Mathematics,4,Hawaiian,237.42,217.68,237.78,256.90,28.91,21.26,43.92,78.74,28.01,34.82,6.81,6.81
2015,NH,Mathematics,4,Hawaiian,999.00,999.00,999.00,999.00,999.00,999.00,999.00,999.00,999.00,999.00,999.00,999.00
2015,NJ,Mathematics,4,Hawaiian,999.00,999.00,999.00,999.00,999.00,999.00,999.00,999.00,999.00,999.00,999.00,999.00
2015,NM,Mathematics,4,Hawaiian,999.00,999.00,999.00,999.00,999.00,999.00,999.00,999.00,999.00,999.00,999.00,999.00
2015,NY,Mathematics,4,Hawaiian,999.00,999.00,999.00,999.00,999.00,999.00,999.00,999.00,999.00,999.00,999.00,999.00
2015,NC,Mathematics,4,Hawaiian,248.78,228.60,248.02,267.18,25.79,7.48,43.76,92.52,37.49,48.76,11.27,11.27
2015,ND,Mathematics,4,Hawaiian,999.00,999.00,999.00,999.00,999.00,999.00,999.00,999.00,999.00,999.00,999.00,999.00
2015,OH,Mathematics,4,Hawaiian,237.14,221.67,238.20,255.85,25.60,16.76,48.17,83.24,33.24,35.07,1.83,1.83
2015,OK,Mathematics,4,Hawaiian,242.47,226.19,242.55,259.29,25.02,11.85,47.10,88.15,36.61,41.06,4.45,4.45
2015,OR,Mathematics,4,Hawaiian,240.48,219.91,240.09,263.24,29.71,19.13,40.88,80.87,32.48,39.99,7.51,7.51
2015,PA,Mathematics,4,Hawaiian,242.87,223.01,243.32,265.95,29.54,16.96,39.01,83.04,36.20,44.03,7.83,7.83
2015,RI,Mathematics,4,Hawaiian,230.83,211.94,231.02,249.19,31.17,26.54,47.86,73.46,20.36,25.60,5.23,5.23
2015,SC,Mathematics,4,Hawaiian,239.57,222.01,239.70,256.48,25.34,16.06,48.50,83.94,30.45,35.44,4.99,4.99
2015,SD,Mathematics,4,Hawaiian,235.73,220.55,239.16,254.30,25.00,19.48,46.64,80.52,33.55,33.88,999.00,999.00
2015,TN,Mathematics,4,Hawaiian,999.00,999.00,999.00,999.00,999.00,999.00,999.00,999.00,999.00,999.00,999.00,999.00
2015,TX,Mathematics,4,Hawaiian,252.24,235.90,254.08,269.31,30.94,8.28,34.34,91.72,44.57,57.38,12.81,12.81
2015,UT,Mathematics,4,Hawaiian,999.00,999.00,999.00,999.00,999.00,999.00,999.00,999.00,999.00,999.00,999.00,999.00
2015,VT,Mathematics,4,Hawaiian,999.00,999.00,999.00,999.00,999.00,999.00,999.00,999.00,999.00,999.00,999.00,999.00
2015,VA,Mathematics,4,Hawaiian,248.72,229.52,247.40,266.91,27.16,9.89,42.17,90.11,35.04,47.95,12.90,12.90
2015,WA,Mathematics,4,Hawaiian,243.71,223.80,245.00,265.69,32.04,16.88,38.02,83.12,34.45,45.10,10.65,10.65
2015,WV,Mathematics,4,Hawaiian,228.18,212.04,228.64,244.79,29.45,27.65,52.13,72.35,15.64,20.21,4.58,4.58
2015,WI,Mathematics,4,Hawaiian,245.61,224.23,248.39,266.20,30.37,16.46,34.46,83.54,38.52,49.08,10.56,10.56
2015,WY,Mathematics,4,Hawaiian,999.00,999.00,999.00,999.00,999.00,999.00,999.00,999.00,999.00,999.00,999.00,999.00
2015,AL,Mathematics,4,Multiracial,N/A,N/A,N/A,N/A,N/A,N/A,N/A,N/A,N/A,N/A,N/A,N/A
2015,AK,Mathematics,4,Multiracial,N/A,N/A,N/A,N/A,N/A,N/A,N/A,N/A,N/A,N/A,N/A,N/A
2015,AZ,Mathematics,4,Multiracial,N/A,N/A,N/A,N/A,N/A,N/A,N/A,N/A,N/A,N/A,N/A,N/A
2015,AR,Mathematics,4,Multiracial,N/A,N/A,N/A,N/A,N/A,N/A,N/A,N/A,N/A,N/A,N/A,N/A
2015,CA,Mathematics,4,Multiracial,N/A,N/A,N/A,N/A,N/A,N/A,N/A,N/A,N/A,N/A,N/A,N/A
2015,CO,Mathematics,4,Multiracial,N/A,N/A,N/A,N/A,N/A,N/A,N/A,N/A,N/A,N/A,N/A,N/A
2015,CT,Mathematics,4,Multiracial,N/A,N/A,N/A,N/A,N/A,N/A,N/A,N/A,N/A,N/A,N/A,N/A
2015,DE,Mathematics,4,Multiracial,N/A,N/A,N/A,N/A,N/A,N/A,N/A,N/A,N/A,N/A,N/A,N/A
2015,DC,Mathematics,4,Multiracial,N/A,N/A,N/A,N/A,N/A,N/A,N/A,N/A,N/A,N/A,N/A,N/A
2015,FL,Mathematics,4,Multiracial,N/A,N/A,N/A,N/A,N/A,N/A,N/A,N/A,N/A,N/A,N/A,N/A
2015,GA,Mathematics,4,Multiracial,N/A,N/A,N/A,N/A,N/A,N/A,N/A,N/A,N/A,N/A,N/A,N/A
2015,HI,Mathematics,4,Multiracial,N/A,N/A,N/A,N/A,N/A,N/A,N/A,N/A,N/A,N/A,N/A,N/A
2015,ID,Mathematics,4,Multiracial,N/A,N/A,N/A,N/A,N/A,N/A,N/A,N/A,N/A,N/A,N/A,N/A
2015,IL,Mathematics,4,Multiracial,N/A,N/A,N/A,N/A,N/A,N/A,N/A,N/A,N/A,N/A,N/A,N/A
2015,IN,Mathematics,4,Multiracial,N/A,N/A,N/A,N/A,N/A,N/A,N/A,N/A,N/A,N/A,N/A,N/A
2015,IA,Mathematics,4,Multiracial,N/A,N/A,N/A,N/A,N/A,N/A,N/A,N/A,N/A,N/A,N/A,N/A
2015,KS,Mathematics,4,Multiracial,N/A,N/A,N/A,N/A,N/A,N/A,N/A,N/A,N/A,N/A,N/A,N/A
2015,KY,Mathematics,4,Multiracial,N/A,N/A,N/A,N/A,N/A,N/A,N/A,N/A,N/A,N/A,N/A,N/A
2015,LA,Mathematics,4,Multiracial,N/A,N/A,N/A,N/A,N/A,N/A,N/A,N/A,N/A,N/A,N/A,N/A
2015,ME,Mathematics,4,Multiracial,N/A,N/A,N/A,N/A,N/A,N/A,N/A,N/A,N/A,N/A,N/A,N/A
2015,MD,Mathematics,4,Multiracial,N/A,N/A,N/A,N/A,N/A,N/A,N/A,N/A,N/A,N/A,N/A,N/A
2015,MA,Mathematics,4,Multiracial,N/A,N/A,N/A,N/A,N/A,N/A,N/A,N/A,N/A,N/A,N/A,N/A
2015,MI,Mathematics,4,Multiracial,N/A,N/A,N/A,N/A,N/A,N/A,N/A,N/A,N/A,N/A,N/A,N/A
2015,MN,Mathematics,4,Multiracial,N/A,N/A,N/A,N/A,N/A,N/A,N/A,N/A,N/A,N/A,N/A,N/A
2015,MS,Mathematics,4,Multiracial,N/A,N/A,N/A,N/A,N/A,N/A,N/A,N/A,N/A,N/A,N/A,N/A
2015,MO,Mathematics,4,Multiracial,N/A,N/A,N/A,N/A,N/A,N/A,N/A,N/A,N/A,N/A,N/A,N/A
2015,MT,Mathematics,4,Multiracial,N/A,N/A,N/A,N/A,N/A,N/A,N/A,N/A,N/A,N/A,N/A,N/A
2015,NE,Mathematics,4,Multiracial,N/A,N/A,N/A,N/A,N/A,N/A,N/A,N/A,N/A,N/A,N/A,N/A
2015,NV,Mathematics,4,Multiracial,N/A,N/A,N/A,N/A,N/A,N/A,N/A,N/A,N/A,N/A,N/A,N/A
2015,NH,Mathematics,4,Multiracial,N/A,N/A,N/A,N/A,N/A,N/A,N/A,N/A,N/A,N/A,N/A,N/A
2015,NJ,Mathematics,4,Multiracial,N/A,N/A,N/A,N/A,N/A,N/A,N/A,N/A,N/A,N/A,N/A,N/A
2015,NM,Mathematics,4,Multiracial,N/A,N/A,N/A,N/A,N/A,N/A,N/A,N/A,N/A,N/A,N/A,N/A
2015,NY,Mathematics,4,Multiracial,N/A,N/A,N/A,N/A,N/A,N/A,N/A,N/A,N/A,N/A,N/A,N/A
2015,NC,Mathematics,4,Multiracial,N/A,N/A,N/A,N/A,N/A,N/A,N/A,N/A,N/A,N/A,N/A,N/A
2015,ND,Mathematics,4,Multiracial,N/A,N/A,N/A,N/A,N/A,N/A,N/A,N/A,N/A,N/A,N/A,N/A
2015,OH,Mathematics,4,Multiracial,N/A,N/A,N/A,N/A,N/A,N/A,N/A,N/A,N/A,N/A,N/A,N/A
2015,OK,Mathematics,4,Multiracial,N/A,N/A,N/A,N/A,N/A,N/A,N/A,N/A,N/A,N/A,N/A,N/A
2015,OR,Mathematics,4,Multiracial,N/A,N/A,N/A,N/A,N/A,N/A,N/A,N/A,N/A,N/A,N/A,N/A
2015,PA,Mathematics,4,Multiracial,N/A,N/A,N/A,N/A,N/A,N/A,N/A,N/A,N/A,N/A,N/A,N/A
2015,RI,Mathematics,4,Multiracial,N/A,N/A,N/A,N/A,N/A,N/A,N/A,N/A,N/A,N/A,N/A,N/A
2015,SC,Mathematics,4,Multiracial,N/A,N/A,N/A,N/A,N/A,N/A,N/A,N/A,N/A,N/A,N/A,N/A
2015,SD,Mathematics,4,Multiracial,N/A,N/A,N/A,N/A,N/A,N/A,N/A,N/A,N/A,N/A,N/A,N/A
2015,TN,Mathematics,4,Multiracial,N/A,N/A,N/A,N/A,N/A,N/A,N/A,N/A,N/A,N/A,N/A,N/A
2015,TX,Mathematics,4,Multiracial,N/A,N/A,N/A,N/A,N/A,N/A,N/A,N/A,N/A,N/A,N/A,N/A
2015,UT,Mathematics,4,Multiracial,N/A,N/A,N/A,N/A,N/A,N/A,N/A,N/A,N/A,N/A,N/A,N/A
2015,VT,Mathematics,4,Multiracial,N/A,N/A,N/A,N/A,N/A,N/A,N/A,N/A,N/A,N/A,N/A,N/A
2015,VA,Mathematics,4,Multiracial,N/A,N/A,N/A,N/A,N/A,N/A,N/A,N/A,N/A,N/A,N/A,N/A
2015,WA,Mathematics,4,Multiracial,N/A,N/A,N/A,N/A,N/A,N/A,N/A,N/A,N/A,N/A,N/A,N/A
2015,WV,Mathematics,4,Multiracial,N/A,N/A,N/A,N/A,N/A,N/A,N/A,N/A,N/A,N/A,N/A,N/A
2015,WI,Mathematics,4,Multiracial,N/A,N/A,N/A,N/A,N/A,N/A,N/A,N/A,N/A,N/A,N/A,N/A
2015,WY,Mathematics,4,Multiracial,N/A,N/A,N/A,N/A,N/A,N/A,N/A,N/A,N/A,N/A,N/A,N/A
2015,AL,Mathematics,8,All,266.56,243.74,266.92,289.83,35.19,44.31,38.48,55.69,14.27,17.20,2.94,2.94
2015,AK,Mathematics,8,All,280.49,257.30,282.67,305.56,36.85,29.05,39.13,70.95,25.00,31.82,6.83,6.83
2015,AZ,Mathematics,8,All,282.92,258.90,284.01,309.23,36.82,27.78,37.39,72.22,26.92,34.83,7.91,7.91
2015,AR,Mathematics,8,All,275.06,252.57,276.25,298.94,34.42,34.08,41.00,65.92,21.09,24.92,3.83,3.83
2015,CA,Mathematics,8,All,275.32,249.51,275.81,301.42,38.10,36.15,36.73,63.85,20.70,27.12,6.42,6.42
2015,CO,Mathematics,8,All,285.54,259.86,285.97,311.79,37.72,26.76,36.31,73.24,26.61,36.93,10.33,10.33
2015,CT,Mathematics,8,All,283.96,258.69,285.34,310.40,38.24,27.72,36.22,72.28,26.33,36.06,9.73,9.73
2015,DE,Mathematics,8,All,279.81,255.88,279.22,304.30,35.66,31.05,39.42,68.95,22.41,29.53,7.12,7.12
2015,DC,Mathematics,8,All,263.06,236.09,262.93,290.49,40.53,48.96,31.89,51.04,14.88,19.14,4.27,4.27
2015,FL,Mathematics,8,All,275.32,250.73,274.95,300.35,35.43,35.87,38.00,64.13,20.98,26.12,5.14,5.14
2015,GA,Mathematics,8,All,278.71,254.37,277.37,302.93,36.43,32.68,38.97,67.32,20.99,28.35,7.37,7.37
2015,HI,Mathematics,8,All,279.34,256.26,280.56,304.26,35.78,30.19,39.79,69.81,24.12,30.02,5.90,5.90
2015,ID,Mathematics,8,All,283.74,262.11,285.21,307.13,33.62,24.92,41.04,75.08,27.90,34.03,6.13,6.13
2015,IL,Mathematics,8,All,281.97,259.01,282.69,306.29,35.89,27.67,40.13,72.33,25.01,32.20,7.19,7.19
2015,IN,Mathematics,8,All,287.18,264.58,288.74,311.86,35.84,22.78,38.54,77.22,29.52,38.68,9.16,9.16
2015,IA,Mathematics,8,All,286.42,263.35,287.61,311.00,35.91,23.81,38.87,76.19,28.02,37.31,9.29,9.29
2015,KS,Mathematics,8,All,283.87,262.69,284.74,306.86,33.32,24.45,42.35,75.55,26.84,33.19,6.36,6.36
2015,KY,Mathematics,8,All,277.95,254.75,277.66,301.90,34.53,32.35,40.00,67.65,22.16,27.65,5.49,5.49
2015,LA,Mathematics,8,All,268.43,246.14,267.56,290.58,32.77,43.29,38.81,56.71,15.26,17.90,2.63,2.63
2015,ME,Mathematics,8,All,284.88,263.03,286.25,309.23,35.30,24.19,40.44,75.81,27.47,35.36,7.89,7.89
2015,MD,Mathematics,8,All,283.15,256.74,283.08,310.09,38.96,29.30,36.01,70.70,24.82,34.69,9.87,9.87
2015,MA,Mathematics,8,All,296.91,270.95,299.71,324.75,39.28,19.13,30.08,80.87,32.63,50.79,18.16,18.16
2015,MI,Mathematics,8,All,278.17,254.02,278.43,302.91,36.05,32.35,39.13,67.65,21.93,28.53,6.60,6.60
2015,MN,Mathematics,8,All,294.15,272.21,297.06,319.89,36.50,17.98,34.21,82.02,34.51,47.81,13.30,13.30
2015,MS,Mathematics,8,All,270.58,246.94,271.51,295.48,35.63,39.74,38.43,60.26,18.56,21.83,3.27,3.27
2015,MO,Mathematics,8,All,280.82,257.54,281.45,305.53,36.20,29.04,39.55,70.96,24.56,31.41,6.86,6.86
2015,MT,Mathematics,8,All,287.46,266.13,289.48,311.48,34.17,21.40,39.69,78.60,31.08,38.91,7.83,7.83
2015,NE,Mathematics,8,All,286.50,264.88,288.46,310.75,34.89,22.59,39.70,77.41,29.70,37.72,8.02,8.02
2015,NV,Mathematics,8,All,275.17,251.10,275.49,300.13,36.41,35.31,38.62,64.69,20.60,26.07,5.47,5.47
2015,NH,Mathematics,8,All,294.41,273.00,295.86,317.77,34.04,16.20,37.46,83.80,33.93,46.34,12.41,12.41
2015,NJ,Mathematics,8,All,293.37,267.47,295.21,321.45,40.91,21.32,32.48,78.68,29.87,46.19,16.32,16.32
2015,NM,Mathematics,8,All,270.90,248.79,271.51,293.95,34.19,38.84,40.60,61.16,17.48,20.56,3.08,3.08
2015,NY,Mathematics,8,All,280.09,255.81,280.52,305.43,36.59,30.54,38.54,69.46,23.66,30.92,7.26,7.26
2015,NC,Mathematics,8,All,281.33,255.38,282.05,307.46,37.94,30.63,36.77,69.37,23.74,32.60,8.86,8.86
2015,ND,Mathematics,8,All,288.24,268.08,290.30,310.85,32.96,19.79,40.99,80.21,31.82,39.22,7.40,7.40
2015,OH,Mathematics,8,All,285.06,262.25,285.85,309.39,36.04,24.75,39.87,75.25,26.70,35.38,8.68,8.68
2015,OK,Mathematics,8,All,274.59,254.01,276.08,296.91,32.53,32.91,44.20,67.09,20.16,22.89,2.73,2.73
2015,OR,Mathematics,8,All,282.81,259.36,283.51,307.84,35.36,27.48,38.82,72.52,26.56,33.71,7.15,7.15
2015,PA,Mathematics,8,All,283.67,257.87,284.96,310.97,38.52,28.39,35.58,71.61,26.52,36.02,9.50,9.50
2015,RI,Mathematics,8,All,281.45,259.29,282.77,306.33,35.45,27.56,40.48,72.44,25.61,31.96,6.35,6.35
2015,SC,Mathematics,8,All,275.83,252.50,275.80,299.79,35.07,34.52,39.78,65.48,20.44,25.70,5.26,5.26
2015,SD,Mathematics,8,All,284.64,264.60,286.07,306.91,32.86,22.60,43.73,77.40,27.72,33.67,5.96,5.96
2015,TN,Mathematics,8,All,278.20,254.16,279.26,303.34,37.07,32.08,38.70,67.92,22.79,29.22,6.43,6.43
2015,TX,Mathematics,8,All,283.79,261.67,283.90,306.45,33.33,25.26,42.45,74.74,25.13,32.29,7.16,7.16
2015,UT,Mathematics,8,All,286.12,263.64,288.39,311.11,36.03,23.69,38.43,76.31,29.63,37.88,8.25,8.25
2015,VT,Mathematics,8,All,290.36,266.70,291.78,315.81,35.95,21.40,36.51,78.60,30.68,42.09,11.40,11.40
2015,VA,Mathematics,8,All,287.71,263.38,287.73,312.13,35.72,23.71,38.64,76.29,27.44,37.64,10.20,10.20
2015,WA,Mathematics,8,All,286.51,260.95,288.61,313.80,39.60,25.74,34.93,74.26,28.06,39.33,11.27,11.27
2015,WV,Mathematics,8,All,271.45,249.46,272.07,294.11,33.54,38.20,41.27,61.80,17.54,20.53,2.99,2.99
2015,WI,Mathematics,8,All,289.08,265.39,290.84,314.27,36.25,22.30,36.92,77.70,29.95,40.78,10.83,10.83
2015,WY,Mathematics,8,All,286.67,265.89,287.44,308.39,32.19,21.54,43.20,78.46,28.07,35.27,7.19,7.19
2015,AL,Mathematics,8,White,276.23,255.10,276.40,297.61,32.41,32.38,44.15,67.62,19.46,23.47,4.01,4.01
2015,AK,Mathematics,8,White,294.80,275.62,295.83,315.48,31.68,13.61,40.94,86.39,34.59,45.45,10.86,10.86
2015,AZ,Mathematics,8,White,297.44,276.90,299.56,319.95,32.49,13.52,35.73,86.48,38.09,50.75,12.66,12.66
2015,AR,Mathematics,8,White,282.65,262.10,283.55,304.30,31.62,24.95,44.17,75.05,25.87,30.88,5.01,5.01
2015,CA,Mathematics,8,White,290.95,269.52,293.29,315.05,34.14,18.65,38.03,81.35,33.57,43.32,9.74,9.74
2015,CO,Mathematics,8,White,297.45,275.04,298.24,320.19,33.73,14.86,36.01,85.14,34.62,49.13,14.51,14.51
2015,CT,Mathematics,8,White,294.81,273.67,296.24,317.34,33.24,15.81,37.74,84.19,34.21,46.45,12.24,12.24
2015,DE,Mathematics,8,White,290.85,268.00,290.92,315.00,33.71,19.81,38.84,80.19,30.54,41.35,10.81,10.81
2015,DC,Mathematics,8,White,315.72,298.33,319.92,338.50,33.71,8.05,17.75,91.95,42.45,74.20,31.75,31.75
2015,FL,Mathematics,8,White,285.47,262.04,285.83,309.51,33.86,24.94,39.00,75.06,28.19,36.06,7.86,7.86
2015,GA,Mathematics,8,White,291.22,268.37,291.35,315.07,34.14,19.30,39.25,80.70,30.33,41.45,11.13,11.13
2015,HI,Mathematics,8,White,286.50,265.26,287.42,307.41,32.51,22.06,43.46,77.94,26.44,34.48,8.04,8.04
2015,ID,Mathematics,8,White,288.22,268.06,290.20,310.18,31.89,19.97,41.22,80.03,31.98,38.81,6.83,6.83
2015,IL,Mathematics,8,White,290.09,269.53,291.07,312.35,33.11,18.32,41.34,81.68,31.37,40.34,8.97,8.97
2015,IN,Mathematics,8,White,293.65,272.96,295.12,316.00,32.91,15.84,39.02,84.16,34.42,45.14,10.72,10.72
2015,IA,Mathematics,8,White,290.51,267.95,291.74,314.02,33.84,19.77,38.88,80.23,31.08,41.35,10.27,10.27
2015,KS,Mathematics,8,White,289.33,269.26,290.00,310.88,30.78,18.46,43.08,81.54,31.16,38.46,7.29,7.29
2015,KY,Mathematics,8,White,280.71,258.20,280.41,303.99,33.51,28.91,41.37,71.09,23.79,29.72,5.93,5.93
2015,LA,Mathematics,8,White,280.28,259.56,280.08,300.57,30.24,27.68,45.45,72.32,22.70,26.87,4.16,4.16
2015,ME,Mathematics,8,White,286.11,264.44,287.16,309.82,34.38,22.90,40.92,77.10,28.14,36.18,8.04,8.04
2015,MD,Mathematics,8,White,296.51,272.92,297.86,320.73,35.27,16.72,34.70,83.28,34.00,48.58,14.57,14.57
2015,MA,Mathematics,8,White,303.52,282.15,306.42,328.12,34.78,12.46,29.00,87.54,38.48,58.54,20.06,20.06
2015,MI,Mathematics,8,White,285.08,263.96,285.19,307.50,32.86,23.13,43.22,76.87,26.31,33.66,7.34,7.34
2015,MN,Mathematics,8,White,302.02,282.08,303.98,324.31,32.17,10.54,33.42,89.46,39.83,56.03,16.20,16.20
2015,MS,Mathematics,8,White,284.29,263.66,285.72,306.56,31.45,23.39,42.97,76.61,28.51,33.64,5.14,5.14
2015,MO,Mathematics,8,White,285.48,263.64,286.17,309.30,34.77,23.50,40.81,76.50,27.91,35.69,7.78,7.78
2015,MT,Mathematics,8,White,292.12,271.74,293.60,314.28,31.66,16.32,40.28,83.68,34.62,43.40,8.78,8.78
2015,NE,Mathematics,8,White,294.54,274.81,295.44,315.53,29.93,13.90,40.59,86.10,35.97,45.51,9.54,9.54
2015,NV,Mathematics,8,White,287.95,265.52,288.68,311.18,33.80,21.85,40.21,78.15,28.85,37.94,9.09,9.09
2015,NH,Mathematics,8,White,295.34,274.67,296.60,317.87,32.78,14.77,38.09,85.23,34.98,47.13,12.15,12.15
2015,NJ,Mathematics,8,White,301.27,280.53,303.67,325.20,35.40,12.71,31.87,87.29,37.68,55.42,17.74,17.74
2015,NM,Mathematics,8,White,285.40,264.63,285.71,308.28,32.66,22.64,42.75,77.36,27.82,34.61,6.78,6.78
2015,NY,Mathematics,8,White,289.52,267.56,290.12,312.84,33.50,19.92,40.32,80.08,30.37,39.76,9.39,9.39
2015,NC,Mathematics,8,White,292.21,269.13,292.48,316.70,34.70,19.42,37.95,80.58,29.90,42.62,12.73,12.73
2015,ND,Mathematics,8,White,293.09,274.25,294.20,313.22,29.31,14.23,42.09,85.77,35.56,43.67,8.12,8.12
2015,OH,Mathematics,8,White,290.93,269.29,291.05,313.55,32.74,18.27,41.36,81.73,30.41,40.37,9.96,9.96
2015,OK,Mathematics,8,White,280.86,262.06,281.79,302.22,30.65,24.99,46.24,75.01,25.36,28.77,3.41,3.41
2015,OR,Mathematics,8,White,288.66,267.00,290.20,312.44,33.15,20.59,39.22,79.41,32.20,40.19,7.99,7.99
2015,PA,Mathematics,8,White,292.46,270.33,293.89,316.48,34.23,18.22,37.67,81.78,32.98,44.11,11.14,11.14
2015,RI,Mathematics,8,White,290.41,269.15,291.68,313.76,32.46,18.64,40.26,81.36,32.37,41.10,8.73,8.73
2015,SC,Mathematics,8,White,287.57,266.82,287.83,309.01,31.54,20.27,43.67,79.73,28.62,36.06,7.44,7.44
2015,SD,Mathematics,8,White,290.35,271.47,290.94,310.31,29.63,15.91,45.20,84.09,31.89,38.89,7.00,7.00
2015,TN,Mathematics,8,White,284.72,262.49,285.79,307.61,34.03,24.53,41.13,75.47,26.92,34.34,7.42,7.42
2015,TX,Mathematics,8,White,297.62,277.62,297.74,318.91,30.58,11.77,39.79,88.23,36.12,48.43,12.31,12.31
2015,UT,Mathematics,8,White,292.21,271.21,293.48,314.93,32.84,17.38,39.45,82.62,33.39,43.16,9.78,9.78
2015,VT,Mathematics,8,White,291.18,268.02,292.84,316.04,35.01,20.39,36.61,79.61,31.77,43.00,11.23,11.23
2015,VA,Mathematics,8,White,295.29,273.37,295.84,318.32,32.86,15.90,37.83,84.10,33.92,46.27,12.35,12.35
2015,WA,Mathematics,8,White,293.93,271.49,296.20,318.66,36.61,18.15,35.02,81.85,33.48,46.83,13.35,13.35
2015,WV,Mathematics,8,White,272.32,250.47,273.13,294.89,33.51,36.91,41.93,63.09,18.05,21.16,3.11,3.11
2015,WI,Mathematics,8,White,296.17,275.13,296.91,318.21,32.59,14.32,38.25,85.68,34.71,47.43,12.72,12.72
2015,WY,Mathematics,8,White,290.31,270.31,290.92,311.34,30.99,17.59,42.99,82.41,31.30,39.42,8.12,8.12
2015,AL,Mathematics,8,Black,247.80,227.56,248.55,269.21,31.98,67.02,28.21,32.98,4.38,4.77,999.00,999.00
2015,AK,Mathematics,8,Black,268.87,249.34,267.87,288.80,30.47,42.30,40.77,57.70,15.00,16.93,1.93,1.93
2015,AZ,Mathematics,8,Black,269.11,244.42,270.01,292.35,39.59,40.58,40.35,59.42,12.64,19.07,6.43,6.43
2015,AR,Mathematics,8,Black,255.33,233.57,255.17,277.88,33.47,57.97,32.28,42.03,8.92,9.76,0.84,0.84
2015,CA,Mathematics,8,Black,260.33,235.87,257.11,285.02,33.71,54.65,30.87,45.35,13.09,14.48,1.39,1.39
2015,CO,Mathematics,8,Black,260.35,233.13,260.71,286.08,36.68,50.99,34.17,49.01,12.96,14.84,1.87,1.87
2015,CT,Mathematics,8,Black,256.42,233.77,256.99,278.42,35.68,56.88,30.98,43.12,10.70,12.15,1.45,1.45
2015,DE,Mathematics,8,Black,263.38,242.39,263.98,284.23,31.97,47.43,39.78,52.57,11.33,12.79,1.45,1.45
2015,DC,Mathematics,8,Black,256.66,231.94,258.10,282.07,37.11,54.34,32.76,45.66,11.56,12.90,1.34,1.34
2015,FL,Mathematics,8,Black,258.31,236.08,257.90,279.64,32.45,54.98,34.25,45.02,9.63,10.77,1.13,1.13
2015,GA,Mathematics,8,Black,263.75,243.13,263.67,284.07,31.64,47.73,39.41,52.27,11.06,12.86,1.80,1.80
2015,HI,Mathematics,8,Black,999.00,999.00,999.00,999.00,999.00,999.00,999.00,999.00,999.00,999.00,999.00,999.00
2015,ID,Mathematics,8,Black,999.00,999.00,999.00,999.00,999.00,999.00,999.00,999.00,999.00,999.00,999.00,999.00
2015,IL,Mathematics,8,Black,260.59,238.88,260.90,282.72,32.50,51.15,36.74,48.85,11.20,12.11,0.92,0.92
2015,IN,Mathematics,8,Black,256.95,234.82,257.31,278.07,32.59,56.13,33.55,43.87,9.25,10.31,1.06,1.06
2015,IA,Mathematics,8,Black,253.61,232.24,254.57,274.96,33.54,59.86,32.24,40.14,6.84,7.89,1.05,1.05
2015,KS,Mathematics,8,Black,262.71,242.34,264.71,284.63,33.82,45.93,40.82,54.07,12.01,13.24,1.24,1.24
2015,KY,Mathematics,8,Black,257.48,234.27,255.94,279.83,33.67,57.17,30.36,42.83,11.44,12.47,1.04,1.04
2015,LA,Mathematics,8,Black,254.71,235.40,254.24,273.72,29.16,60.78,32.27,39.22,6.59,6.95,999.00,999.00
2015,ME,Mathematics,8,Black,999.00,999.00,999.00,999.00,999.00,999.00,999.00,999.00,999.00,999.00,999.00,999.00
2015,MD,Mathematics,8,Black,262.72,240.49,263.59,285.29,34.10,47.77,38.09,52.23,12.29,14.14,1.84,1.84
2015,MA,Mathematics,8,Black,268.00,243.01,265.46,294.73,36.60,46.45,31.22,53.55,18.66,22.33,3.67,3.67
2015,MI,Mathematics,8,Black,250.57,231.55,250.38,269.16,29.22,65.97,28.66,34.03,4.91,5.37,999.00,999.00
2015,MN,Mathematics,8,Black,261.88,240.31,263.64,286.57,35.97,47.90,38.39,52.10,11.67,13.71,2.05,2.05
2015,MS,Mathematics,8,Black,257.13,235.35,257.62,280.13,33.44,55.30,34.53,44.70,9.34,10.17,0.83,0.83
2015,MO,Mathematics,8,Black,257.80,235.83,257.21,280.88,32.25,55.59,33.70,44.41,9.91,10.71,0.80,0.80
2015,MT,Mathematics,8,Black,999.00,999.00,999.00,999.00,999.00,999.00,999.00,999.00,999.00,999.00,999.00,999.00
2015,NE,Mathematics,8,Black,253.63,226.41,251.89,282.15,39.46,59.50,27.01,40.50,11.37,13.49,2.12,2.12
2015,NV,Mathematics,8,Black,255.68,234.93,255.32,275.02,31.23,58.57,33.32,41.43,6.94,8.11,1.17,1.17
2015,NH,Mathematics,8,Black,999.00,999.00,999.00,999.00,999.00,999.00,999.00,999.00,999.00,999.00,999.00,999.00
2015,NJ,Mathematics,8,Black,268.70,247.11,270.15,293.06,37.47,40.47,40.01,59.53,15.77,19.52,3.75,3.75
2015,NM,Mathematics,8,Black,999.00,999.00,999.00,999.00,999.00,999.00,999.00,999.00,999.00,999.00,999.00,999.00
2015,NY,Mathematics,8,Black,264.07,241.19,264.21,287.42,34.05,47.51,37.27,52.49,13.19,15.21,2.02,2.02
2015,NC,Mathematics,8,Black,262.94,238.49,262.29,287.58,35.98,49.61,33.90,50.39,14.03,16.49,2.46,2.46
2015,ND,Mathematics,8,Black,263.28,239.25,264.78,287.39,37.17,47.31,35.38,52.69,14.12,17.30,3.18,3.18
2015,OH,Mathematics,8,Black,259.03,236.92,260.74,281.90,33.05,51.63,37.05,48.37,10.77,11.33,0.56,0.56
2015,OK,Mathematics,8,Black,259.95,241.35,259.84,279.83,27.72,53.46,38.52,46.54,7.88,8.02,999.00,999.00
2015,OR,Mathematics,8,Black,999.00,999.00,999.00,999.00,999.00,999.00,999.00,999.00,999.00,999.00,999.00,999.00
2015,PA,Mathematics,8,Black,253.22,230.60,253.58,274.52,32.46,61.05,30.94,38.95,7.24,8.01,0.77,0.77
2015,RI,Mathematics,8,Black,258.31,232.98,260.53,283.14,37.26,52.11,34.38,47.89,11.93,13.51,1.58,1.58
2015,SC,Mathematics,8,Black,256.22,235.60,255.97,276.47,31.17,58.01,33.61,41.99,7.36,8.39,1.02,1.02
2015,SD,Mathematics,8,Black,999.00,999.00,999.00,999.00,999.00,999.00,999.00,999.00,999.00,999.00,999.00,999.00
2015,TN,Mathematics,8,Black,253.39,230.30,254.22,276.51,35.08,58.91,31.86,41.09,8.06,9.23,1.17,1.17
2015,TX,Mathematics,8,Black,267.37,245.53,268.30,288.68,32.86,42.54,41.40,57.46,13.55,16.05,2.50,2.50
2015,UT,Mathematics,8,Black,999.00,999.00,999.00,999.00,999.00,999.00,999.00,999.00,999.00,999.00,999.00,999.00
2015,VT,Mathematics,8,Black,999.00,999.00,999.00,999.00,999.00,999.00,999.00,999.00,999.00,999.00,999.00,999.00
2015,VA,Mathematics,8,Black,265.05,245.40,265.99,284.61,30.35,44.75,43.62,55.25,9.94,11.63,1.69,1.69
2015,WA,Mathematics,8,Black,257.08,232.70,261.74,284.58,38.45,50.13,36.51,49.87,12.79,13.37,0.58,0.58
2015,WV,Mathematics,8,Black,256.07,236.34,255.42,274.15,30.31,59.34,32.24,40.66,7.26,8.42,1.16,1.16
2015,WI,Mathematics,8,Black,248.58,226.53,246.82,268.36,31.95,68.55,24.69,31.45,5.52,6.76,1.24,1.24
2015,WY,Mathematics,8,Black,999.00,999.00,999.00,999.00,999.00,999.00,999.00,999.00,999.00,999.00,999.00,999.00
2015,AL,Mathematics,8,Hispanic,260.24,238.23,261.82,282.46,32.89,50.15,38.72,49.85,9.99,11.12,1.14,1.14
2015,AK,Mathematics,8,Hispanic,279.06,258.22,279.74,300.27,31.47,28.82,45.48,71.18,20.73,25.70,4.97,4.97
2015,AZ,Mathematics,8,Hispanic,273.08,250.86,273.10,297.14,34.55,37.14,39.42,62.86,19.77,23.44,3.67,3.67
2015,AR,Mathematics,8,Hispanic,268.84,247.93,270.19,291.79,32.04,40.10,42.22,59.90,16.69,17.67,0.99,0.99
2015,CA,Mathematics,8,Hispanic,262.59,240.47,263.57,285.79,33.86,48.29,38.31,51.71,11.75,13.40,1.65,1.65
2015,CO,Mathematics,8,Hispanic,268.89,246.79,268.06,291.73,34.53,42.31,38.91,57.69,15.43,18.77,3.34,3.34
2015,CT,Mathematics,8,Hispanic,261.41,239.13,261.73,284.81,34.08,50.26,35.93,49.74,12.32,13.81,1.48,1.48
2015,DE,Mathematics,8,Hispanic,269.72,249.69,269.11,290.28,29.35,40.15,43.32,59.85,15.26,16.53,1.26,1.26
2015,DC,Mathematics,8,Hispanic,265.32,241.29,265.67,292.20,38.85,45.74,34.86,54.26,15.62,19.39,3.77,3.77
2015,FL,Mathematics,8,Hispanic,272.03,248.96,271.99,295.41,33.96,38.56,39.70,61.44,18.23,21.74,3.51,3.51
2015,GA,Mathematics,8,Hispanic,270.22,249.41,269.94,291.82,33.92,39.65,41.14,60.35,15.97,19.21,3.24,3.24
2015,HI,Mathematics,8,Hispanic,271.45,250.08,273.34,294.13,34.52,35.83,44.42,64.17,15.81,19.75,3.94,3.94
2015,ID,Mathematics,8,Hispanic,263.77,243.81,264.80,284.03,31.36,45.86,41.84,54.14,11.02,12.30,1.28,1.28
2015,IL,Mathematics,8,Hispanic,273.32,252.16,274.46,296.42,33.28,34.86,42.71,65.14,19.78,22.43,2.65,2.65
2015,IN,Mathematics,8,Hispanic,270.82,250.91,272.45,296.57,35.45,36.33,40.72,63.67,21.19,22.95,1.76,1.76
2015,IA,Mathematics,8,Hispanic,269.18,248.11,272.30,292.92,38.16,37.16,43.63,62.84,15.45,19.21,3.76,3.76
2015,KS,Mathematics,8,Hispanic,273.57,252.67,274.21,296.26,33.99,35.29,42.29,64.71,18.50,22.43,3.93,3.93
2015,KY,Mathematics,8,Hispanic,273.86,252.08,272.51,295.20,33.63,35.79,42.81,64.21,17.46,21.40,3.94,3.94
2015,LA,Mathematics,8,Hispanic,270.67,250.61,268.67,291.65,31.32,39.45,41.50,60.55,16.12,19.05,2.93,2.93
2015,ME,Mathematics,8,Hispanic,999.00,999.00,999.00,999.00,999.00,999.00,999.00,999.00,999.00,999.00,999.00,999.00
2015,MD,Mathematics,8,Hispanic,273.33,250.00,275.49,298.00,33.31,36.13,40.04,63.87,21.72,23.84,2.11,2.11
2015,MA,Mathematics,8,Hispanic,271.03,245.60,273.67,297.65,37.72,39.05,37.21,60.95,19.39,23.74,4.35,4.35
2015,MI,Mathematics,8,Hispanic,269.14,248.14,271.21,291.34,35.20,38.04,43.57,61.96,14.70,18.39,3.70,3.70
2015,MN,Mathematics,8,Hispanic,271.54,247.07,273.35,295.50,33.96,38.35,39.59,61.65,19.09,22.06,2.97,2.97
2015,MS,Mathematics,8,Hispanic,269.27,244.89,270.25,293.02,36.58,40.89,40.40,59.11,14.80,18.71,3.91,3.91
2015,MO,Mathematics,8,Hispanic,269.74,246.86,270.10,295.83,36.23,40.98,36.78,59.02,19.09,22.23,3.14,3.14
2015,MT,Mathematics,8,Hispanic,275.05,255.59,277.05,298.37,33.59,31.78,44.10,68.22,22.10,24.12,2.02,2.02
2015,NE,Mathematics,8,Hispanic,266.24,244.23,268.44,288.98,33.51,42.51,41.81,57.49,13.99,15.69,1.70,1.70
2015,NV,Mathematics,8,Hispanic,265.71,244.51,266.77,289.08,34.05,43.94,39.72,56.06,14.42,16.34,1.92,1.92
2015,NH,Mathematics,8,Hispanic,270.27,246.80,273.27,295.71,37.66,37.92,40.20,62.08,18.15,21.88,3.73,3.73
2015,NJ,Mathematics,8,Hispanic,272.17,247.58,273.54,297.65,36.89,37.75,38.46,62.25,19.64,23.79,4.16,4.16
2015,NM,Mathematics,8,Hispanic,266.49,245.89,267.22,288.43,32.25,43.28,41.10,56.72,14.28,15.63,1.35,1.35
2015,NY,Mathematics,8,Hispanic,268.48,246.57,269.50,291.69,34.14,41.50,39.89,58.50,15.86,18.61,2.76,2.76
2015,NC,Mathematics,8,Hispanic,272.65,250.13,274.10,296.70,34.86,36.65,40.67,63.35,19.59,22.68,3.09,3.09
2015,ND,Mathematics,8,Hispanic,276.06,256.39,276.14,296.00,30.59,31.13,46.79,68.87,18.84,22.08,3.25,3.25
2015,OH,Mathematics,8,Hispanic,265.52,235.51,270.11,296.98,44.10,42.87,33.40,57.13,21.20,23.73,2.53,2.53
2015,OK,Mathematics,8,Hispanic,265.90,245.85,267.88,287.17,31.21,42.43,43.71,57.57,12.75,13.86,1.11,1.11
2015,OR,Mathematics,8,Hispanic,266.45,245.54,266.09,287.50,32.27,45.05,39.30,54.95,13.54,15.65,2.11,2.11
2015,PA,Mathematics,8,Hispanic,261.45,237.15,261.65,284.66,35.99,50.47,35.49,49.53,10.59,14.04,3.45,3.45
2015,RI,Mathematics,8,Hispanic,264.51,244.41,267.24,287.03,32.08,43.52,43.00,56.48,12.65,13.48,0.83,0.83
2015,SC,Mathematics,8,Hispanic,272.30,247.68,272.30,294.89,35.39,37.76,40.05,62.24,17.12,22.19,5.07,5.07
2015,SD,Mathematics,8,Hispanic,271.83,251.92,271.36,291.13,32.69,37.83,44.04,62.17,14.72,18.13,3.41,3.41
2015,TN,Mathematics,8,Hispanic,273.04,249.31,273.56,297.86,34.14,37.06,39.07,62.94,20.49,23.87,3.38,3.38
2015,TX,Mathematics,8,Hispanic,276.67,256.26,276.59,297.29,30.88,31.41,45.39,68.59,19.60,23.20,3.60,3.60
2015,UT,Mathematics,8,Hispanic,261.58,238.13,264.08,287.51,35.74,47.90,37.38,52.10,13.54,14.73,1.19,1.19
2015,VT,Mathematics,8,Hispanic,999.00,999.00,999.00,999.00,999.00,999.00,999.00,999.00,999.00,999.00,999.00,999.00
2015,VA,Mathematics,8,Hispanic,279.16,256.44,280.91,302.14,33.51,30.38,41.10,69.62,23.52,28.53,5.01,5.01
2015,WA,Mathematics,8,Hispanic,269.13,244.66,270.24,293.65,35.68,41.50,38.26,58.50,17.05,20.24,3.20,3.20
2015,WV,Mathematics,8,Hispanic,999.00,999.00,999.00,999.00,999.00,999.00,999.00,999.00,999.00,999.00,999.00,999.00
2015,WI,Mathematics,8,Hispanic,270.84,246.50,269.21,294.05,34.65,41.32,38.22,58.68,16.41,20.45,4.05,4.05
2015,WY,Mathematics,8,Hispanic,273.08,253.24,274.20,292.12,29.48,34.66,47.37,65.34,15.97,17.97,2.00,2.00
2015,AL,Mathematics,8,Asian,999.00,999.00,999.00,999.00,999.00,999.00,999.00,999.00,999.00,999.00,999.00,999.00
2015,AK,Mathematics,8,Asian,274.63,251.15,276.64,299.16,34.87,34.13,40.66,65.87,21.68,25.21,3.54,3.54
2015,AZ,Mathematics,8,Asian,305.27,284.00,308.04,328.26,32.14,9.94,27.81,90.06,42.51,62.25,19.74,19.74
2015,AR,Mathematics,8,Asian,999.00,999.00,999.00,999.00,999.00,999.00,999.00,999.00,999.00,999.00,999.00,999.00
2015,CA,Mathematics,8,Asian,303.27,279.92,304.18,329.41,37.39,12.74,30.99,87.26,34.09,56.27,22.17,22.17
2015,CO,Mathematics,8,Asian,302.80,274.18,310.88,332.82,43.71,17.73,23.04,82.27,34.36,59.23,24.87,24.87
2015,CT,Mathematics,8,Asian,309.50,281.29,308.47,341.91,39.63,11.00,31.05,89.00,25.61,57.95,32.34,32.34
2015,DE,Mathematics,8,Asian,317.01,292.20,316.28,341.24,33.39,3.62,27.49,96.38,35.87,68.89,33.02,33.02
2015,DC,Mathematics,8,Asian,999.00,999.00,999.00,999.00,999.00,999.00,999.00,999.00,999.00,999.00,999.00,999.00
2015,FL,Mathematics,8,Asian,296.69,275.22,300.13,321.14,34.99,17.04,32.04,82.96,36.09,50.92,14.84,14.84
2015,GA,Mathematics,8,Asian,316.52,291.23,319.81,344.43,38.28,9.60,21.93,90.40,32.82,68.46,35.64,35.64
2015,HI,Mathematics,8,Asian,278.54,254.81,279.76,304.64,36.51,31.59,38.29,68.41,24.39,30.12,5.73,5.73
2015,ID,Mathematics,8,Asian,999.00,999.00,999.00,999.00,999.00,999.00,999.00,999.00,999.00,999.00,999.00,999.00
2015,IL,Mathematics,8,Asian,308.80,283.12,308.18,337.54,37.79,11.68,29.16,88.32,30.83,59.16,28.33,28.33
2015,IN,Mathematics,8,Asian,999.00,999.00,999.00,999.00,999.00,999.00,999.00,999.00,999.00,999.00,999.00,999.00
2015,IA,Mathematics,8,Asian,290.75,262.42,290.11,318.77,37.99,23.92,35.85,76.08,26.01,40.23,14.22,14.22
2015,KS,Mathematics,8,Asian,301.33,269.39,309.06,332.07,40.32,19.49,21.54,80.51,35.35,58.98,23.63,23.63
2015,KY,Mathematics,8,Asian,303.75,283.52,303.96,330.68,37.32,13.75,28.36,86.25,34.34,57.90,23.56,23.56
2015,LA,Mathematics,8,Asian,999.00,999.00,999.00,999.00,999.00,999.00,999.00,999.00,999.00,999.00,999.00,999.00
2015,ME,Mathematics,8,Asian,999.00,999.00,999.00,999.00,999.00,999.00,999.00,999.00,999.00,999.00,999.00,999.00
2015,MD,Mathematics,8,Asian,313.52,288.79,317.96,340.11,40.35,10.16,22.05,89.84,35.50,67.78,32.28,32.28
2015,MA,Mathematics,8,Asian,323.87,295.22,326.89,353.06,38.57,5.86,21.62,94.14,28.16,72.52,44.35,44.35
2015,MI,Mathematics,8,Asian,312.91,292.92,318.85,339.31,38.21,10.71,19.43,89.29,38.56,69.87,31.31,31.31
2015,MN,Mathematics,8,Asian,292.85,266.95,297.16,320.62,40.70,21.52,30.36,78.48,33.30,48.13,14.83,14.83
2015,MS,Mathematics,8,Asian,999.00,999.00,999.00,999.00,999.00,999.00,999.00,999.00,999.00,999.00,999.00,999.00
2015,MO,Mathematics,8,Asian,999.00,999.00,999.00,999.00,999.00,999.00,999.00,999.00,999.00,999.00,999.00,999.00
2015,MT,Mathematics,8,Asian,999.00,999.00,999.00,999.00,999.00,999.00,999.00,999.00,999.00,999.00,999.00,999.00
2015,NE,Mathematics,8,Asian,999.00,999.00,999.00,999.00,999.00,999.00,999.00,999.00,999.00,999.00,999.00,999.00
2015,NV,Mathematics,8,Asian,294.27,269.30,297.01,322.10,38.06,19.27,32.73,80.73,32.69,48.00,15.31,15.31
2015,NH,Mathematics,8,Asian,312.23,292.14,318.14,342.73,40.64,13.16,17.73,86.84,34.68,69.11,34.43,34.43
2015,NJ,Mathematics,8,Asian,331.15,309.22,333.52,355.06,34.42,3.32,13.93,96.68,32.34,82.75,50.41,50.41
2015,NM,Mathematics,8,Asian,999.00,999.00,999.00,999.00,999.00,999.00,999.00,999.00,999.00,999.00,999.00,999.00
2015,NY,Mathematics,8,Asian,297.69,270.56,301.30,326.43,39.43,18.36,29.55,81.64,32.67,52.09,19.42,19.42
2015,NC,Mathematics,8,Asian,309.31,273.45,314.33,343.54,43.17,17.42,22.69,82.58,24.90,59.88,34.98,34.98
2015,ND,Mathematics,8,Asian,999.00,999.00,999.00,999.00,999.00,999.00,999.00,999.00,999.00,999.00,999.00,999.00
2015,OH,Mathematics,8,Asian,304.90,269.77,316.68,343.19,53.18,21.32,16.00,78.68,26.97,62.68,35.71,35.71
2015,OK,Mathematics,8,Asian,999.00,999.00,999.00,999.00,999.00,999.00,999.00,999.00,999.00,999.00,999.00,999.00
2015,OR,Mathematics,8,Asian,304.22,277.85,300.35,333.74,39.29,14.63,34.19,85.37,25.33,51.19,25.86,25.86
2015,PA,Mathematics,8,Asian,316.41,287.22,319.86,347.38,43.38,13.24,18.48,86.76,30.79,68.28,37.49,37.49
2015,RI,Mathematics,8,Asian,299.36,273.45,297.78,323.58,35.47,14.14,36.96,85.86,31.80,48.90,17.10,17.10
2015,SC,Mathematics,8,Asian,999.00,999.00,999.00,999.00,999.00,999.00,999.00,999.00,999.00,999.00,999.00,999.00
2015,SD,Mathematics,8,Asian,999.00,999.00,999.00,999.00,999.00,999.00,999.00,999.00,999.00,999.00,999.00,999.00
2015,TN,Mathematics,8,Asian,999.00,999.00,999.00,999.00,999.00,999.00,999.00,999.00,999.00,999.00,999.00,999.00
2015,TX,Mathematics,8,Asian,311.55,290.95,313.03,332.82,30.70,5.07,28.06,94.93,41.84,66.87,25.04,25.04
2015,UT,Mathematics,8,Asian,999.00,999.00,999.00,999.00,999.00,999.00,999.00,999.00,999.00,999.00,999.00,999.00
2015,VT,Mathematics,8,Asian,999.00,999.00,999.00,999.00,999.00,999.00,999.00,999.00,999.00,999.00,999.00,999.00
2015,VA,Mathematics,8,Asian,316.53,294.38,317.71,340.16,35.69,7.14,22.65,92.86,38.61,70.21,31.60,31.60
2015,WA,Mathematics,8,Asian,308.53,283.15,310.54,335.99,38.51,12.56,25.57,87.44,34.44,61.87,27.43,27.43
2015,WV,Mathematics,8,Asian,999.00,999.00,999.00,999.00,999.00,999.00,999.00,999.00,999.00,999.00,999.00,999.00
2015,WI,Mathematics,8,Asian,295.24,268.55,293.27,321.41,36.48,17.96,37.92,82.04,29.36,44.12,14.76,14.76
2015,WY,Mathematics,8,Asian,999.00,999.00,999.00,999.00,999.00,999.00,999.00,999.00,999.00,999.00,999.00,999.00
2015,AL,Mathematics,8,American Indian or Alaskan Native,999.00,999.00,999.00,999.00,999.00,999.00,999.00,999.00,999.00,999.00,999.00,999.00
2015,AK,Mathematics,8,American Indian or Alaskan Native,257.14,233.59,258.21,282.34,36.60,54.50,33.25,45.50,10.63,12.25,1.62,1.62
2015,AZ,Mathematics,8,American Indian or Alaskan Native,260.47,233.51,261.05,284.37,40.23,51.34,33.22,48.66,11.37,15.45,4.08,4.08
2015,AR,Mathematics,8,American Indian or Alaskan Native,999.00,999.00,999.00,999.00,999.00,999.00,999.00,999.00,999.00,999.00,999.00,999.00
2015,CA,Mathematics,8,American Indian or Alaskan Native,999.00,999.00,999.00,999.00,999.00,999.00,999.00,999.00,999.00,999.00,999.00,999.00
2015,CO,Mathematics,8,American Indian or Alaskan Native,999.00,999.00,999.00,999.00,999.00,999.00,999.00,999.00,999.00,999.00,999.00,999.00
2015,CT,Mathematics,8,American Indian or Alaskan Native,999.00,999.00,999.00,999.00,999.00,999.00,999.00,999.00,999.00,999.00,999.00,999.00
2015,DE,Mathematics,8,American Indian or Alaskan Native,999.00,999.00,999.00,999.00,999.00,999.00,999.00,999.00,999.00,999.00,999.00,999.00
2015,DC,Mathematics,8,American Indian or Alaskan Native,999.00,999.00,999.00,999.00,999.00,999.00,999.00,999.00,999.00,999.00,999.00,999.00
2015,FL,Mathematics,8,American Indian or Alaskan Native,999.00,999.00,999.00,999.00,999.00,999.00,999.00,999.00,999.00,999.00,999.00,999.00
2015,GA,Mathematics,8,American Indian or Alaskan Native,999.00,999.00,999.00,999.00,999.00,999.00,999.00,999.00,999.00,999.00,999.00,999.00
2015,HI,Mathematics,8,American Indian or Alaskan Native,999.00,999.00,999.00,999.00,999.00,999.00,999.00,999.00,999.00,999.00,999.00,999.00
2015,ID,Mathematics,8,American Indian or Alaskan Native,999.00,999.00,999.00,999.00,999.00,999.00,999.00,999.00,999.00,999.00,999.00,999.00
2015,IL,Mathematics,8,American Indian or Alaskan Native,999.00,999.00,999.00,999.00,999.00,999.00,999.00,999.00,999.00,999.00,999.00,999.00
2015,IN,Mathematics,8,American Indian or Alaskan Native,999.00,999.00,999.00,999.00,999.00,999.00,999.00,999.00,999.00,999.00,999.00,999.00
2015,IA,Mathematics,8,American Indian or Alaskan Native,999.00,999.00,999.00,999.00,999.00,999.00,999.00,999.00,999.00,999.00,999.00,999.00
2015,KS,Mathematics,8,American Indian or Alaskan Native,999.00,999.00,999.00,999.00,999.00,999.00,999.00,999.00,999.00,999.00,999.00,999.00
2015,KY,Mathematics,8,American Indian or Alaskan Native,999.00,999.00,999.00,999.00,999.00,999.00,999.00,999.00,999.00,999.00,999.00,999.00
2015,LA,Mathematics,8,American Indian or Alaskan Native,999.00,999.00,999.00,999.00,999.00,999.00,999.00,999.00,999.00,999.00,999.00,999.00
2015,ME,Mathematics,8,American Indian or Alaskan Native,999.00,999.00,999.00,999.00,999.00,999.00,999.00,999.00,999.00,999.00,999.00,999.00
2015,MD,Mathematics,8,American Indian or Alaskan Native,999.00,999.00,999.00,999.00,999.00,999.00,999.00,999.00,999.00,999.00,999.00,999.00
2015,MA,Mathematics,8,American Indian or Alaskan Native,999.00,999.00,999.00,999.00,999.00,999.00,999.00,999.00,999.00,999.00,999.00,999.00
2015,MI,Mathematics,8,American Indian or Alaskan Native,999.00,999.00,999.00,999.00,999.00,999.00,999.00,999.00,999.00,999.00,999.00,999.00
2015,MN,Mathematics,8,American Indian or Alaskan Native,261.00,237.83,266.16,288.54,40.14,46.03,37.15,53.97,15.09,16.83,1.74,1.74
2015,MS,Mathematics,8,American Indian or Alaskan Native,999.00,999.00,999.00,999.00,999.00,999.00,999.00,999.00,999.00,999.00,999.00,999.00
2015,MO,Mathematics,8,American Indian or Alaskan Native,999.00,999.00,999.00,999.00,999.00,999.00,999.00,999.00,999.00,999.00,999.00,999.00
2015,MT,Mathematics,8,American Indian or Alaskan Native,256.34,234.66,257.06,279.70,34.61,55.97,33.32,44.03,9.51,10.71,1.20,1.20
2015,NE,Mathematics,8,American Indian or Alaskan Native,999.00,999.00,999.00,999.00,999.00,999.00,999.00,999.00,999.00,999.00,999.00,999.00
2015,NV,Mathematics,8,American Indian or Alaskan Native,999.00,999.00,999.00,999.00,999.00,999.00,999.00,999.00,999.00,999.00,999.00,999.00
2015,NH,Mathematics,8,American Indian or Alaskan Native,999.00,999.00,999.00,999.00,999.00,999.00,999.00,999.00,999.00,999.00,999.00,999.00
2015,NJ,Mathematics,8,American Indian or Alaskan Native,999.00,999.00,999.00,999.00,999.00,999.00,999.00,999.00,999.00,999.00,999.00,999.00
2015,NM,Mathematics,8,American Indian or Alaskan Native,258.72,236.14,259.39,281.53,34.97,53.20,35.20,46.80,9.39,11.60,2.21,2.21
2015,NY,Mathematics,8,American Indian or Alaskan Native,999.00,999.00,999.00,999.00,999.00,999.00,999.00,999.00,999.00,999.00,999.00,999.00
2015,NC,Mathematics,8,American Indian or Alaskan Native,261.03,235.41,257.81,286.92,35.07,55.06,28.35,44.94,14.68,16.60,1.91,1.91
2015,ND,Mathematics,8,American Indian or Alaskan Native,259.67,235.93,260.00,285.51,38.69,52.54,32.10,47.46,12.91,15.36,2.46,2.46
2015,OH,Mathematics,8,American Indian or Alaskan Native,999.00,999.00,999.00,999.00,999.00,999.00,999.00,999.00,999.00,999.00,999.00,999.00
2015,OK,Mathematics,8,American Indian or Alaskan Native,268.79,247.89,271.45,292.64,34.52,39.26,42.76,60.74,16.19,17.99,1.80,1.80
2015,OR,Mathematics,8,American Indian or Alaskan Native,999.00,999.00,999.00,999.00,999.00,999.00,999.00,999.00,999.00,999.00,999.00,999.00
2015,PA,Mathematics,8,American Indian or Alaskan Native,999.00,999.00,999.00,999.00,999.00,999.00,999.00,999.00,999.00,999.00,999.00,999.00
2015,RI,Mathematics,8,American Indian or Alaskan Native,999.00,999.00,999.00,999.00,999.00,999.00,999.00,999.00,999.00,999.00,999.00,999.00
2015,SC,Mathematics,8,American Indian or Alaskan Native,999.00,999.00,999.00,999.00,999.00,999.00,999.00,999.00,999.00,999.00,999.00,999.00
2015,SD,Mathematics,8,American Indian or Alaskan Native,259.64,238.17,260.83,281.03,35.05,51.50,37.59,48.50,9.49,10.91,1.42,1.42
2015,TN,Mathematics,8,American Indian or Alaskan Native,999.00,999.00,999.00,999.00,999.00,999.00,999.00,999.00,999.00,999.00,999.00,999.00
2015,TX,Mathematics,8,American Indian or Alaskan Native,999.00,999.00,999.00,999.00,999.00,999.00,999.00,999.00,999.00,999.00,999.00,999.00
2015,UT,Mathematics,8,American Indian or Alaskan Native,240.10,207.51,241.19,268.21,41.47,69.78,19.32,30.22,10.90,10.90,999.00,999.00
2015,VT,Mathematics,8,American Indian or Alaskan Native,999.00,999.00,999.00,999.00,999.00,999.00,999.00,999.00,999.00,999.00,999.00,999.00
2015,VA,Mathematics,8,American Indian or Alaskan Native,999.00,999.00,999.00,999.00,999.00,999.00,999.00,999.00,999.00,999.00,999.00,999.00
2015,WA,Mathematics,8,American Indian or Alaskan Native,264.00,240.96,263.78,290.52,43.43,48.11,34.42,51.89,10.44,17.47,7.02,7.02
2015,WV,Mathematics,8,American Indian or Alaskan Native,999.00,999.00,999.00,999.00,999.00,999.00,999.00,999.00,999.00,999.00,999.00,999.00
2015,WI,Mathematics,8,American Indian or Alaskan Native,274.03,248.19,277.15,299.13,35.40,36.99,37.66,63.01,20.99,25.35,4.36,4.36
2015,WY,Mathematics,8,American Indian or Alaskan Native,251.30,229.99,251.18,273.91,30.81,63.14,31.01,36.86,5.77,5.84,999.00,999.00
2015,AL,Mathematics,8,Hawaiian,999.00,999.00,999.00,999.00,999.00,999.00,999.00,999.00,999.00,999.00,999.00,999.00
2015,AK,Mathematics,8,Hawaiian,284.67,261.38,284.55,308.70,33.18,26.32,39.48,73.68,26.61,34.20,7.59,7.59
2015,AZ,Mathematics,8,Hawaiian,999.00,999.00,999.00,999.00,999.00,999.00,999.00,999.00,999.00,999.00,999.00,999.00
2015,AR,Mathematics,8,Hawaiian,999.00,999.00,999.00,999.00,999.00,999.00,999.00,999.00,999.00,999.00,999.00,999.00
2015,CA,Mathematics,8,Hawaiian,288.73,266.08,297.50,315.87,38.50,22.22,30.85,77.78,37.71,46.93,9.22,9.22
2015,CO,Mathematics,8,Hawaiian,289.62,261.77,291.12,315.82,39.04,25.31,32.77,74.69,28.21,41.92,13.71,13.71
2015,CT,Mathematics,8,Hawaiian,999.00,999.00,999.00,999.00,999.00,999.00,999.00,999.00,999.00,999.00,999.00,999.00
2015,DE,Mathematics,8,Hawaiian,999.00,999.00,999.00,999.00,999.00,999.00,999.00,999.00,999.00,999.00,999.00,999.00
2015,DC,Mathematics,8,Hawaiian,999.00,999.00,999.00,999.00,999.00,999.00,999.00,999.00,999.00,999.00,999.00,999.00
2015,FL,Mathematics,8,Hawaiian,282.16,259.13,282.62,305.32,33.89,27.40,41.60,72.60,23.92,31.00,7.08,7.08
2015,GA,Mathematics,8,Hawaiian,277.33,254.58,275.23,300.53,35.10,33.94,39.92,66.06,19.64,26.14,6.50,6.50
2015,HI,Mathematics,8,Hawaiian,284.75,264.28,285.46,306.59,33.69,22.78,43.36,77.22,26.81,33.86,7.06,7.06
2015,ID,Mathematics,8,Hawaiian,999.00,999.00,999.00,999.00,999.00,999.00,999.00,999.00,999.00,999.00,999.00,999.00
2015,IL,Mathematics,8,Hawaiian,999.00,999.00,999.00,999.00,999.00,999.00,999.00,999.00,999.00,999.00,999.00,999.00
2015,IN,Mathematics,8,Hawaiian,281.43,259.70,278.21,300.74,33.96,27.67,45.53,72.33,18.12,26.80,8.68,8.68
2015,IA,Mathematics,8,Hawaiian,282.65,256.89,282.51,308.50,39.60,28.53,37.60,71.47,23.63,33.87,10.24,10.24
2015,KS,Mathematics,8,Hawaiian,278.29,259.59,280.61,297.82,28.84,27.81,47.98,72.19,22.09,24.21,2.13,2.13
2015,KY,Mathematics,8,Hawaiian,265.87,240.37,263.85,290.15,36.06,47.38,33.72,52.62,15.18,18.90,3.72,3.72
2015,LA,Mathematics,8,Hawaiian,999.00,999.00,999.00,999.00,999.00,999.00,999.00,999.00,999.00,999.00,999.00,999.00
2015,ME,Mathematics,8,Hawaiian,999.00,999.00,999.00,999.00,999.00,999.00,999.00,999.00,999.00,999.00,999.00,999.00
2015,MD,Mathematics,8,Hawaiian,290.11,264.96,286.64,312.93,36.26,21.85,41.46,78.15,23.43,36.69,13.26,13.26
2015,MA,Mathematics,8,Hawaiian,999.00,999.00,999.00,999.00,999.00,999.00,999.00,999.00,999.00,999.00,999.00,999.00
2015,MI,Mathematics,8,Hawaiian,999.00,999.00,999.00,999.00,999.00,999.00,999.00,999.00,999.00,999.00,999.00,999.00
2015,MN,Mathematics,8,Hawaiian,283.62,258.91,285.47,310.27,34.15,27.64,35.55,72.36,31.04,36.82,5.78,5.78
2015,MS,Mathematics,8,Hawaiian,999.00,999.00,999.00,999.00,999.00,999.00,999.00,999.00,999.00,999.00,999.00,999.00
2015,MO,Mathematics,8,Hawaiian,999.00,999.00,999.00,999.00,999.00,999.00,999.00,999.00,999.00,999.00,999.00,999.00
2015,MT,Mathematics,8,Hawaiian,286.52,263.99,283.88,309.22,35.36,23.45,42.08,76.55,23.88,34.48,10.60,10.60
2015,NE,Mathematics,8,Hawaiian,284.81,262.26,283.89,305.77,37.19,25.00,42.37,75.00,22.47,32.62,10.15,10.15
2015,NV,Mathematics,8,Hawaiian,280.92,255.77,284.72,307.45,36.23,28.62,37.84,71.38,28.42,33.54,5.12,5.12
2015,NH,Mathematics,8,Hawaiian,999.00,999.00,999.00,999.00,999.00,999.00,999.00,999.00,999.00,999.00,999.00,999.00
2015,NJ,Mathematics,8,Hawaiian,999.00,999.00,999.00,999.00,999.00,999.00,999.00,999.00,999.00,999.00,999.00,999.00
2015,NM,Mathematics,8,Hawaiian,999.00,999.00,999.00,999.00,999.00,999.00,999.00,999.00,999.00,999.00,999.00,999.00
2015,NY,Mathematics,8,Hawaiian,999.00,999.00,999.00,999.00,999.00,999.00,999.00,999.00,999.00,999.00,999.00,999.00
2015,NC,Mathematics,8,Hawaiian,274.13,247.83,278.03,301.44,35.99,36.70,36.61,63.30,23.57,26.69,3.12,3.12
2015,ND,Mathematics,8,Hawaiian,999.00,999.00,999.00,999.00,999.00,999.00,999.00,999.00,999.00,999.00,999.00,999.00
2015,OH,Mathematics,8,Hawaiian,280.44,258.46,282.55,302.69,31.26,28.41,43.27,71.59,23.76,28.32,4.56,4.56
2015,OK,Mathematics,8,Hawaiian,273.43,251.28,274.00,296.99,34.74,35.94,41.06,64.06,19.22,23.00,3.79,3.79
2015,OR,Mathematics,8,Hawaiian,280.84,256.24,283.18,306.04,36.81,29.80,38.31,70.20,24.07,31.88,7.81,7.81
2015,PA,Mathematics,8,Hawaiian,274.20,249.92,275.33,302.93,37.32,36.22,34.62,63.78,24.98,29.16,4.18,4.18
2015,RI,Mathematics,8,Hawaiian,273.95,253.23,277.51,296.12,33.44,33.43,45.28,66.57,18.62,21.29,2.66,2.66
2015,SC,Mathematics,8,Hawaiian,999.00,999.00,999.00,999.00,999.00,999.00,999.00,999.00,999.00,999.00,999.00,999.00
2015,SD,Mathematics,8,Hawaiian,999.00,999.00,999.00,999.00,999.00,999.00,999.00,999.00,999.00,999.00,999.00,999.00
2015,TN,Mathematics,8,Hawaiian,999.00,999.00,999.00,999.00,999.00,999.00,999.00,999.00,999.00,999.00,999.00,999.00
2015,TX,Mathematics,8,Hawaiian,292.78,270.04,294.86,314.56,33.85,19.69,36.37,80.31,31.25,43.94,12.69,12.69
2015,UT,Mathematics,8,Hawaiian,999.00,999.00,999.00,999.00,999.00,999.00,999.00,999.00,999.00,999.00,999.00,999.00
2015,VT,Mathematics,8,Hawaiian,999.00,999.00,999.00,999.00,999.00,999.00,999.00,999.00,999.00,999.00,999.00,999.00
2015,VA,Mathematics,8,Hawaiian,293.40,273.52,293.70,316.64,31.20,15.63,40.00,84.37,34.70,44.37,9.66,9.66
2015,WA,Mathematics,8,Hawaiian,285.07,259.29,290.08,312.44,40.75,26.69,33.56,73.31,29.44,39.76,10.32,10.32
2015,WV,Mathematics,8,Hawaiian,999.00,999.00,999.00,999.00,999.00,999.00,999.00,999.00,999.00,999.00,999.00,999.00
2015,WI,Mathematics,8,Hawaiian,999.00,999.00,999.00,999.00,999.00,999.00,999.00,999.00,999.00,999.00,999.00,999.00
2015,WY,Mathematics,8,Hawaiian,999.00,999.00,999.00,999.00,999.00,999.00,999.00,999.00,999.00,999.00,999.00,999.00
2015,AL,Mathematics,8,Multiracial,N/A,N/A,N/A,N/A,N/A,N/A,N/A,N/A,N/A,N/A,N/A,N/A
2015,AK,Mathematics,8,Multiracial,N/A,N/A,N/A,N/A,N/A,N/A,N/A,N/A,N/A,N/A,N/A,N/A
2015,AZ,Mathematics,8,Multiracial,N/A,N/A,N/A,N/A,N/A,N/A,N/A,N/A,N/A,N/A,N/A,N/A
2015,AR,Mathematics,8,Multiracial,N/A,N/A,N/A,N/A,N/A,N/A,N/A,N/A,N/A,N/A,N/A,N/A
2015,CA,Mathematics,8,Multiracial,N/A,N/A,N/A,N/A,N/A,N/A,N/A,N/A,N/A,N/A,N/A,N/A
2015,CO,Mathematics,8,Multiracial,N/A,N/A,N/A,N/A,N/A,N/A,N/A,N/A,N/A,N/A,N/A,N/A
2015,CT,Mathematics,8,Multiracial,N/A,N/A,N/A,N/A,N/A,N/A,N/A,N/A,N/A,N/A,N/A,N/A
2015,DE,Mathematics,8,Multiracial,N/A,N/A,N/A,N/A,N/A,N/A,N/A,N/A,N/A,N/A,N/A,N/A
2015,DC,Mathematics,8,Multiracial,N/A,N/A,N/A,N/A,N/A,N/A,N/A,N/A,N/A,N/A,N/A,N/A
2015,FL,Mathematics,8,Multiracial,N/A,N/A,N/A,N/A,N/A,N/A,N/A,N/A,N/A,N/A,N/A,N/A
2015,GA,Mathematics,8,Multiracial,N/A,N/A,N/A,N/A,N/A,N/A,N/A,N/A,N/A,N/A,N/A,N/A
2015,HI,Mathematics,8,Multiracial,N/A,N/A,N/A,N/A,N/A,N/A,N/A,N/A,N/A,N/A,N/A,N/A
2015,ID,Mathematics,8,Multiracial,N/A,N/A,N/A,N/A,N/A,N/A,N/A,N/A,N/A,N/A,N/A,N/A
2015,IL,Mathematics,8,Multiracial,N/A,N/A,N/A,N/A,N/A,N/A,N/A,N/A,N/A,N/A,N/A,N/A
2015,IN,Mathematics,8,Multiracial,N/A,N/A,N/A,N/A,N/A,N/A,N/A,N/A,N/A,N/A,N/A,N/A
2015,IA,Mathematics,8,Multiracial,N/A,N/A,N/A,N/A,N/A,N/A,N/A,N/A,N/A,N/A,N/A,N/A
2015,KS,Mathematics,8,Multiracial,N/A,N/A,N/A,N/A,N/A,N/A,N/A,N/A,N/A,N/A,N/A,N/A
2015,KY,Mathematics,8,Multiracial,N/A,N/A,N/A,N/A,N/A,N/A,N/A,N/A,N/A,N/A,N/A,N/A
2015,LA,Mathematics,8,Multiracial,N/A,N/A,N/A,N/A,N/A,N/A,N/A,N/A,N/A,N/A,N/A,N/A
2015,ME,Mathematics,8,Multiracial,N/A,N/A,N/A,N/A,N/A,N/A,N/A,N/A,N/A,N/A,N/A,N/A
2015,MD,Mathematics,8,Multiracial,N/A,N/A,N/A,N/A,N/A,N/A,N/A,N/A,N/A,N/A,N/A,N/A
2015,MA,Mathematics,8,Multiracial,N/A,N/A,N/A,N/A,N/A,N/A,N/A,N/A,N/A,N/A,N/A,N/A
2015,MI,Mathematics,8,Multiracial,N/A,N/A,N/A,N/A,N/A,N/A,N/A,N/A,N/A,N/A,N/A,N/A
2015,MN,Mathematics,8,Multiracial,N/A,N/A,N/A,N/A,N/A,N/A,N/A,N/A,N/A,N/A,N/A,N/A
2015,MS,Mathematics,8,Multiracial,N/A,N/A,N/A,N/A,N/A,N/A,N/A,N/A,N/A,N/A,N/A,N/A
2015,MO,Mathematics,8,Multiracial,N/A,N/A,N/A,N/A,N/A,N/A,N/A,N/A,N/A,N/A,N/A,N/A
2015,MT,Mathematics,8,Multiracial,N/A,N/A,N/A,N/A,N/A,N/A,N/A,N/A,N/A,N/A,N/A,N/A
2015,NE,Mathematics,8,Multiracial,N/A,N/A,N/A,N/A,N/A,N/A,N/A,N/A,N/A,N/A,N/A,N/A
2015,NV,Mathematics,8,Multiracial,N/A,N/A,N/A,N/A,N/A,N/A,N/A,N/A,N/A,N/A,N/A,N/A
2015,NH,Mathematics,8,Multiracial,N/A,N/A,N/A,N/A,N/A,N/A,N/A,N/A,N/A,N/A,N/A,N/A
2015,NJ,Mathematics,8,Multiracial,N/A,N/A,N/A,N/A,N/A,N/A,N/A,N/A,N/A,N/A,N/A,N/A
2015,NM,Mathematics,8,Multiracial,N/A,N/A,N/A,N/A,N/A,N/A,N/A,N/A,N/A,N/A,N/A,N/A
2015,NY,Mathematics,8,Multiracial,N/A,N/A,N/A,N/A,N/A,N/A,N/A,N/A,N/A,N/A,N/A,N/A
2015,NC,Mathematics,8,Multiracial,N/A,N/A,N/A,N/A,N/A,N/A,N/A,N/A,N/A,N/A,N/A,N/A
2015,ND,Mathematics,8,Multiracial,N/A,N/A,N/A,N/A,N/A,N/A,N/A,N/A,N/A,N/A,N/A,N/A
2015,OH,Mathematics,8,Multiracial,N/A,N/A,N/A,N/A,N/A,N/A,N/A,N/A,N/A,N/A,N/A,N/A
2015,OK,Mathematics,8,Multiracial,N/A,N/A,N/A,N/A,N/A,N/A,N/A,N/A,N/A,N/A,N/A,N/A
2015,OR,Mathematics,8,Multiracial,N/A,N/A,N/A,N/A,N/A,N/A,N/A,N/A,N/A,N/A,N/A,N/A
2015,PA,Mathematics,8,Multiracial,N/A,N/A,N/A,N/A,N/A,N/A,N/A,N/A,N/A,N/A,N/A,N/A
2015,RI,Mathematics,8,Multiracial,N/A,N/A,N/A,N/A,N/A,N/A,N/A,N/A,N/A,N/A,N/A,N/A
2015,SC,Mathematics,8,Multiracial,N/A,N/A,N/A,N/A,N/A,N/A,N/A,N/A,N/A,N/A,N/A,N/A
2015,SD,Mathematics,8,Multiracial,N/A,N/A,N/A,N/A,N/A,N/A,N/A,N/A,N/A,N/A,N/A,N/A
2015,TN,Mathematics,8,Multiracial,N/A,N/A,N/A,N/A,N/A,N/A,N/A,N/A,N/A,N/A,N/A,N/A
2015,TX,Mathematics,8,Multiracial,N/A,N/A,N/A,N/A,N/A,N/A,N/A,N/A,N/A,N/A,N/A,N/A
2015,UT,Mathematics,8,Multiracial,N/A,N/A,N/A,N/A,N/A,N/A,N/A,N/A,N/A,N/A,N/A,N/A
2015,VT,Mathematics,8,Multiracial,N/A,N/A,N/A,N/A,N/A,N/A,N/A,N/A,N/A,N/A,N/A,N/A
2015,VA,Mathematics,8,Multiracial,N/A,N/A,N/A,N/A,N/A,N/A,N/A,N/A,N/A,N/A,N/A,N/A
2015,WA,Mathematics,8,Multiracial,N/A,N/A,N/A,N/A,N/A,N/A,N/A,N/A,N/A,N/A,N/A,N/A
2015,WV,Mathematics,8,Multiracial,N/A,N/A,N/A,N/A,N/A,N/A,N/A,N/A,N/A,N/A,N/A,N/A
2015,WI,Mathematics,8,Multiracial,N/A,N/A,N/A,N/A,N/A,N/A,N/A,N/A,N/A,N/A,N/A,N/A
2015,WY,Mathematics,8,Multiracial,N/A,N/A,N/A,N/A,N/A,N/A,N/A,N/A,N/A,N/A,N/A,N/A
2015,AL,Reading,4,All,217.05,196.70,220.93,241.00,34.92,35.50,35.80,64.50,23.92,28.70,4.77,4.77
2015,AK,Reading,4,All,212.79,189.58,219.75,242.67,43.36,38.76,31.31,61.24,23.55,29.93,6.38,6.38
2015,AZ,Reading,4,All,215.31,192.86,219.41,242.65,39.51,38.26,32.13,61.74,22.81,29.61,6.80,6.80
2015,AR,Reading,4,All,218.08,196.20,222.56,243.66,36.70,34.95,33.53,65.05,25.33,31.52,6.19,6.19
2015,CA,Reading,4,All,212.68,188.33,216.53,240.87,40.19,41.38,30.83,58.62,21.58,27.80,6.21,6.21
2015,CO,Reading,4,All,224.02,202.80,228.24,250.04,37.27,29.39,32.01,70.61,28.90,38.60,9.70,9.70
2015,CT,Reading,4,All,228.95,207.20,232.37,253.96,36.25,25.66,30.88,74.34,30.52,43.46,12.94,12.94
2015,DE,Reading,4,All,223.70,202.19,227.37,248.62,36.44,29.92,32.97,70.08,27.95,37.12,9.16,9.16
2015,DC,Reading,4,All,212.31,185.59,213.82,240.71,41.59,44.31,28.39,55.69,18.89,27.30,8.41,8.41
2015,FL,Reading,4,All,227.19,207.55,229.18,248.74,30.98,25.46,36.03,74.54,30.41,38.51,8.10,8.10
2015,GA,Reading,4,All,222.01,200.54,224.53,245.67,33.73,31.93,34.44,68.07,26.48,33.63,7.16,7.16
2015,HI,Reading,4,All,215.12,192.50,219.09,242.00,38.63,38.60,32.34,61.40,22.79,29.06,6.27,6.27
2015,ID,Reading,4,All,221.69,200.50,226.39,247.48,36.82,31.32,32.60,68.68,28.51,36.08,7.57,7.57
2015,IL,Reading,4,All,222.02,199.40,225.28,247.97,37.18,31.90,32.62,68.10,26.23,35.48,9.25,9.25
2015,IN,Reading,4,All,227.28,207.82,230.27,250.15,33.02,25.18,34.92,74.82,30.87,39.90,9.03,9.03
2015,IA,Reading,4,All,223.63,203.57,228.08,248.80,37.00,28.77,33.55,71.23,28.81,37.68,8.87,8.87
2015,KS,Reading,4,All,221.09,198.90,225.13,247.40,38.30,32.50,32.30,67.50,26.44,35.20,8.76,8.76
2015,KY,Reading,4,All,228.06,207.40,230.61,250.72,33.17,25.48,34.09,74.52,30.37,40.43,10.06,10.06
2015,LA,Reading,4,All,216.20,194.02,219.86,241.18,36.16,36.88,34.58,63.12,22.75,28.54,5.79,5.79
2015,ME,Reading,4,All,223.73,203.51,226.80,247.07,34.04,28.89,35.53,71.11,27.61,35.59,7.98,7.98
2015,MD,Reading,4,All,222.94,199.31,225.51,248.87,36.51,32.41,31.06,67.59,27.03,36.53,9.50,9.50
2015,MA,Reading,4,All,235.28,216.09,237.79,257.57,31.88,18.25,32.02,81.75,35.35,49.73,14.39,14.39
2015,MI,Reading,4,All,216.31,194.98,219.86,241.30,35.56,36.91,34.50,63.09,23.55,28.58,5.03,5.03
2015,MN,Reading,4,All,223.35,202.64,228.82,249.75,38.77,29.28,31.71,70.72,29.91,39.01,9.10,9.10
2015,MS,Reading,4,All,214.11,192.77,217.23,238.99,35.82,39.56,34.40,60.44,21.46,26.04,4.58,4.58
2015,MO,Reading,4,All,222.73,201.48,226.74,247.55,36.47,30.49,33.22,69.51,27.77,36.29,8.51,8.51
2015,MT,Reading,4,All,224.76,205.02,228.20,248.07,34.11,27.67,35.04,72.33,29.16,37.29,8.13,8.13
2015,NE,Reading,4,All,226.63,206.84,230.23,250.21,34.51,26.02,34.06,73.98,30.45,39.92,9.47,9.47
2015,NV,Reading,4,All,214.43,191.28,218.50,241.90,39.09,39.43,31.54,60.57,22.84,29.04,6.20,6.20
2015,NH,Reading,4,All,231.95,212.95,235.00,254.09,32.25,20.98,33.15,79.02,34.19,45.88,11.69,11.69
2015,NJ,Reading,4,All,229.49,208.47,232.11,253.15,34.51,24.57,32.68,75.43,30.88,42.75,11.87,11.87
2015,NM,Reading,4,All,207.24,183.59,211.83,235.74,40.31,45.95,31.14,54.05,19.17,22.91,3.74,3.74
2015,NY,Reading,4,All,222.65,200.46,225.80,247.51,36.19,31.57,32.77,68.43,26.77,35.66,8.88,8.88
2015,NC,Reading,4,All,225.81,205.10,228.88,249.37,34.16,27.44,34.07,72.56,29.21,38.49,9.28,9.28
2015,ND,Reading,4,All,224.69,205.86,228.12,247.23,32.85,26.86,36.34,73.14,29.76,36.80,7.04,7.04
2015,OH,Reading,4,All,224.93,204.93,228.16,248.75,34.57,27.72,34.53,72.28,29.30,37.75,8.45,8.45
2015,OK,Reading,4,All,221.83,203.45,225.34,244.12,32.57,29.30,38.12,70.70,27.06,32.58,5.52,5.52
2015,OR,Reading,4,All,220.22,198.76,224.70,246.17,38.13,32.61,33.45,67.39,25.94,33.94,8.00,8.00
2015,PA,Reading,4,All,226.67,206.30,231.06,251.79,36.63,26.38,32.45,73.62,30.51,41.17,10.66,10.66
2015,RI,Reading,4,All,225.49,204.63,230.13,250.55,36.19,27.52,32.41,72.48,30.39,40.07,9.67,9.67
2015,SC,Reading,4,All,217.97,194.76,223.00,246.10,40.72,35.48,31.05,64.52,25.19,33.47,8.28,8.28
2015,SD,Reading,4,All,220.47,199.84,224.98,246.39,38.07,32.02,33.34,67.98,26.96,34.65,7.69,7.69
2015,TN,Reading,4,All,218.61,196.47,223.49,245.38,39.20,34.33,32.44,65.67,25.68,33.22,7.54,7.54
2015,TX,Reading,4,All,217.94,195.76,221.25,243.41,36.64,35.97,33.39,64.03,23.82,30.64,6.81,6.81
2015,UT,Reading,4,All,226.14,207.05,230.37,250.45,36.21,25.76,34.11,74.24,30.54,40.13,9.59,9.59
2015,VT,Reading,4,All,230.10,209.34,233.65,253.83,35.16,24.00,31.30,76.00,32.25,44.70,12.45,12.45
2015,VA,Reading,4,All,228.97,206.52,231.79,254.43,36.67,26.14,30.95,73.86,29.39,42.91,13.52,13.52
2015,WA,Reading,4,All,225.89,202.37,229.31,252.53,37.91,29.43,30.16,70.57,28.41,40.42,12.01,12.01
2015,WV,Reading,4,All,216.25,194.48,221.36,242.33,37.44,35.97,34.06,64.03,24.42,29.97,5.55,5.55
2015,WI,Reading,4,All,223.36,202.79,227.41,247.82,35.17,29.15,33.91,70.85,28.98,36.94,7.96,7.96
2015,WY,Reading,4,All,228.16,208.23,231.12,251.15,32.90,24.77,34.00,75.23,31.58,41.23,9.65,9.65
2015,AL,Reading,4,White,225.56,207.98,229.15,246.55,31.86,24.97,38.06,75.03,30.38,36.97,6.59,6.59
2015,AK,Reading,4,White,227.59,208.83,232.38,251.87,36.41,24.31,33.35,75.69,32.38,42.34,9.96,9.96
2015,AZ,Reading,4,White,229.16,209.97,233.27,253.16,35.23,23.57,32.47,76.43,32.97,43.96,11.00,11.00
2015,AR,Reading,4,White,224.49,204.72,228.53,247.72,34.33,27.89,34.77,72.11,29.51,37.34,7.83,7.83
2015,CA,Reading,4,White,231.24,211.29,235.10,254.02,32.91,22.42,31.58,77.58,34.63,45.99,11.36,11.36
2015,CO,Reading,4,White,235.75,217.45,238.67,256.95,31.45,17.15,31.95,82.85,37.20,50.90,13.69,13.69
2015,CT,Reading,4,White,239.60,221.41,242.19,260.99,31.96,14.69,29.45,85.31,38.06,55.86,17.80,17.80
2015,DE,Reading,4,White,236.12,218.18,238.81,257.01,31.73,16.79,32.18,83.21,37.07,51.03,13.96,13.96
2015,DC,Reading,4,White,260.39,244.23,262.16,279.42,30.01,4.99,14.28,95.01,38.68,80.74,42.06,42.06
2015,FL,Reading,4,White,235.43,217.55,237.46,255.04,28.37,16.21,34.47,83.79,38.14,49.32,11.18,11.18
2015,GA,Reading,4,White,232.03,213.42,234.47,252.83,31.07,20.17,34.63,79.83,34.84,45.20,10.36,10.36
2015,HI,Reading,4,White,232.97,214.62,236.52,255.39,33.65,19.78,32.62,80.22,34.60,47.59,13.00,13.00
2015,ID,Reading,4,White,226.96,206.78,230.58,250.27,33.26,26.04,33.44,73.96,31.86,40.52,8.66,8.66
2015,IL,Reading,4,White,233.22,214.04,235.41,255.10,32.20,19.64,33.91,80.36,33.80,46.46,12.66,12.66
2015,IN,Reading,4,White,231.45,213.51,234.02,252.78,31.06,20.05,35.55,79.95,34.14,44.39,10.25,10.25
2015,IA,Reading,4,White,227.64,208.40,231.68,251.50,35.42,24.61,33.66,75.39,31.44,41.73,10.29,10.29
2015,KS,Reading,4,White,227.34,206.95,231.26,251.82,36.01,25.84,32.53,74.16,30.90,41.63,10.73,10.73
2015,KY,Reading,4,White,230.73,211.02,233.25,252.63,32.24,22.54,33.71,77.46,32.75,43.75,11.00,11.00
2015,LA,Reading,4,White,226.27,207.73,228.66,248.17,32.38,25.32,37.26,74.68,29.10,37.42,8.32,8.32
2015,ME,Reading,4,White,224.77,204.64,227.48,247.61,33.16,27.86,35.78,72.14,28.15,36.35,8.20,8.20
2015,MD,Reading,4,White,235.36,215.62,238.47,258.44,33.74,19.30,29.89,80.70,35.63,50.81,15.18,15.18
2015,MA,Reading,4,White,242.15,224.82,243.77,261.53,27.90,10.99,30.65,89.01,40.94,58.36,17.43,17.43
2015,MI,Reading,4,White,220.63,201.20,224.09,243.92,33.92,31.55,36.27,68.45,26.59,32.18,5.59,5.59
2015,MN,Reading,4,White,232.02,213.21,235.41,254.23,32.49,20.63,32.75,79.37,35.27,46.62,11.35,11.35
2015,MS,Reading,4,White,226.63,208.32,229.55,248.77,32.20,24.65,37.11,75.35,30.62,38.24,7.62,7.62
2015,MO,Reading,4,White,228.66,209.14,232.07,251.35,33.94,24.12,33.72,75.88,31.93,42.16,10.23,10.23
2015,MT,Reading,4,White,228.97,210.58,231.80,250.49,31.81,22.72,36.02,77.28,32.15,41.26,9.11,9.11
2015,NE,Reading,4,White,234.02,215.95,236.55,254.98,30.91,18.26,33.82,81.74,35.94,47.92,11.98,11.98
2015,NV,Reading,4,White,227.93,207.82,231.49,252.50,35.28,25.14,32.49,74.86,31.75,42.37,10.62,10.62
2015,NH,Reading,4,White,233.15,214.46,236.08,254.91,31.56,19.60,33.02,80.40,35.36,47.38,12.02,12.02
2015,NJ,Reading,4,White,238.70,220.48,240.96,259.13,30.80,14.90,30.76,85.10,38.66,54.34,15.68,15.68
2015,NM,Reading,4,White,224.60,205.54,229.09,248.98,35.21,27.00,34.14,73.00,30.93,38.87,7.93,7.93
2015,NY,Reading,4,White,233.83,214.43,237.37,256.26,33.21,20.13,30.64,79.87,35.65,49.22,13.57,13.57
2015,NC,Reading,4,White,236.26,217.84,238.53,257.38,31.03,17.10,32.16,82.90,36.21,50.73,14.53,14.53
2015,ND,Reading,4,White,228.75,211.30,231.35,249.33,30.25,22.17,37.24,77.83,32.79,40.59,7.80,7.80
2015,OH,Reading,4,White,229.94,211.33,232.80,251.83,32.17,22.03,34.81,77.97,33.52,43.16,9.64,9.64
2015,OK,Reading,4,White,226.22,209.23,229.51,247.02,30.22,23.99,38.67,76.01,31.32,37.34,6.02,6.02
2015,OR,Reading,4,White,227.34,207.88,230.46,250.14,33.42,25.04,35.25,74.96,30.26,39.71,9.45,9.45
2015,PA,Reading,4,White,234.35,216.88,237.15,255.88,32.49,17.79,33.37,82.21,35.69,48.84,13.14,13.14
2015,RI,Reading,4,White,234.29,216.58,237.81,256.21,32.28,18.45,31.82,81.55,36.83,49.73,12.89,12.89
2015,SC,Reading,4,White,230.45,212.05,234.69,254.75,36.15,22.00,32.44,78.00,33.27,45.56,12.29,12.29
2015,SD,Reading,4,White,227.37,208.14,230.71,250.33,33.75,24.86,34.51,75.14,31.35,40.63,9.28,9.28
2015,TN,Reading,4,White,225.42,205.80,229.73,250.17,36.96,26.82,33.76,73.18,29.88,39.41,9.53,9.53
2015,TX,Reading,4,White,234.79,216.58,237.67,256.22,30.93,17.95,32.50,82.05,36.92,49.55,12.63,12.63
2015,UT,Reading,4,White,231.19,213.42,234.46,253.38,33.32,20.51,34.49,79.49,33.84,45.00,11.17,11.17
2015,VT,Reading,4,White,230.58,209.90,234.08,254.19,34.80,23.52,31.27,76.48,32.65,45.21,12.56,12.56
2015,VA,Reading,4,White,237.53,217.09,239.88,260.32,32.78,17.61,29.98,82.39,35.22,52.41,17.19,17.19
2015,WA,Reading,4,White,233.99,214.96,237.03,257.04,33.65,19.45,31.89,80.55,34.50,48.66,14.15,14.15
2015,WV,Reading,4,White,216.62,194.89,221.67,242.66,37.46,35.66,33.90,64.34,24.70,30.44,5.74,5.74
2015,WI,Reading,4,White,231.01,213.14,233.93,252.06,31.08,20.61,34.98,79.39,34.57,44.41,9.84,9.84
2015,WY,Reading,4,White,231.84,212.93,234.25,253.54,31.11,20.61,34.44,79.39,34.03,44.95,10.92,10.92
2015,AL,Reading,4,Black,203.56,182.96,206.21,227.52,34.46,51.96,33.05,48.04,13.59,14.99,1.40,1.40
2015,AK,Reading,4,Black,209.28,185.79,214.06,237.27,40.14,43.75,31.73,56.25,18.79,24.52,5.74,5.74
2015,AZ,Reading,4,Black,216.92,195.22,218.90,240.19,33.99,37.07,35.59,62.93,21.40,27.34,5.94,5.94
2015,AR,Reading,4,Black,202.00,177.40,204.84,229.73,37.90,53.19,29.32,46.81,15.19,17.49,2.30,2.30
2015,CA,Reading,4,Black,198.21,175.65,203.49,226.76,39.85,53.70,32.74,46.30,12.40,13.55,1.15,1.15
2015,CO,Reading,4,Black,214.34,191.84,220.88,240.47,37.58,37.00,35.81,63.00,22.70,27.18,4.49,4.49
2015,CT,Reading,4,Black,205.01,185.31,208.24,228.81,33.81,49.60,34.96,50.40,13.94,15.45,1.51,1.51
2015,DE,Reading,4,Black,210.03,189.37,213.02,234.15,34.61,44.33,34.41,55.67,18.44,21.26,2.82,2.82
2015,DC,Reading,4,Black,203.66,180.07,206.58,229.88,37.33,51.61,30.82,48.39,14.89,17.57,2.68,2.68
2015,FL,Reading,4,Black,212.86,193.59,214.77,233.78,30.15,41.60,38.06,58.40,17.97,20.34,2.37,2.37
2015,GA,Reading,4,Black,212.08,190.56,214.48,235.26,32.51,42.53,35.75,57.47,18.63,21.72,3.09,3.09
2015,HI,Reading,4,Black,999.00,999.00,999.00,999.00,999.00,999.00,999.00,999.00,999.00,999.00,999.00,999.00
2015,ID,Reading,4,Black,999.00,999.00,999.00,999.00,999.00,999.00,999.00,999.00,999.00,999.00,999.00,999.00
2015,IL,Reading,4,Black,201.73,177.61,204.31,227.22,35.66,54.41,30.20,45.59,13.06,15.38,2.32,2.32
2015,IN,Reading,4,Black,211.82,191.77,213.38,234.67,33.19,43.56,34.82,56.44,18.15,21.62,3.48,3.48
2015,IA,Reading,4,Black,195.35,170.36,199.24,224.64,38.67,58.85,27.14,41.15,13.34,14.01,0.67,0.67
2015,KS,Reading,4,Black,198.39,173.68,201.80,227.18,39.68,56.49,28.20,43.51,13.53,15.31,1.78,1.78
2015,KY,Reading,4,Black,212.15,189.90,214.96,236.08,34.10,41.41,35.71,58.59,19.30,22.88,3.58,3.58
2015,LA,Reading,4,Black,203.50,179.52,206.73,229.48,36.06,51.37,31.59,48.63,14.70,17.04,2.34,2.34
2015,ME,Reading,4,Black,195.96,171.97,201.70,226.11,42.31,55.70,30.14,44.30,12.10,14.16,2.06,2.06
2015,MD,Reading,4,Black,207.58,186.31,209.60,231.09,32.95,48.12,33.68,51.88,16.17,18.20,2.03,2.03
2015,MA,Reading,4,Black,217.14,198.09,218.98,237.93,30.41,35.47,39.76,64.53,21.36,24.77,3.41,3.41
2015,MI,Reading,4,Black,192.43,169.23,193.16,217.32,33.82,65.63,25.86,34.37,7.99,8.51,0.52,0.52
2015,MN,Reading,4,Black,195.07,167.80,198.05,226.95,42.37,57.79,26.09,42.21,14.44,16.11,1.67,1.67
2015,MS,Reading,4,Black,201.84,180.64,204.59,226.33,35.16,53.93,31.83,46.07,12.65,14.24,1.60,1.60
2015,MO,Reading,4,Black,202.01,179.66,204.77,227.78,35.72,53.15,31.50,46.85,13.70,15.35,1.64,1.64
2015,MT,Reading,4,Black,999.00,999.00,999.00,999.00,999.00,999.00,999.00,999.00,999.00,999.00,999.00,999.00
2015,NE,Reading,4,Black,208.38,184.80,211.83,233.95,37.51,45.67,32.76,54.33,17.73,21.57,3.85,3.85
2015,NV,Reading,4,Black,199.87,176.76,201.26,225.01,35.74,57.67,28.21,42.33,12.28,14.12,1.83,1.83
2015,NH,Reading,4,Black,999.00,999.00,999.00,999.00,999.00,999.00,999.00,999.00,999.00,999.00,999.00,999.00
2015,NJ,Reading,4,Black,213.17,193.07,214.96,235.72,32.48,41.68,35.82,58.32,19.07,22.49,3.42,3.42
2015,NM,Reading,4,Black,999.00,999.00,999.00,999.00,999.00,999.00,999.00,999.00,999.00,999.00,999.00,999.00
2015,NY,Reading,4,Black,207.54,185.44,209.64,231.04,34.31,48.17,33.39,51.83,15.50,18.44,2.94,2.94
2015,NC,Reading,4,Black,214.00,194.35,216.04,235.74,30.88,39.98,37.51,60.02,19.82,22.51,2.69,2.69
2015,ND,Reading,4,Black,208.35,186.13,211.11,234.48,36.11,46.25,32.27,53.75,18.29,21.48,3.19,3.19
2015,OH,Reading,4,Black,204.74,183.61,208.45,228.50,34.61,49.59,34.68,50.41,13.88,15.74,1.86,1.86
2015,OK,Reading,4,Black,205.04,183.54,207.91,229.25,35.20,49.91,33.35,50.09,14.10,16.75,2.64,2.64
2015,OR,Reading,4,Black,999.00,999.00,999.00,999.00,999.00,999.00,999.00,999.00,999.00,999.00,999.00,999.00
2015,PA,Reading,4,Black,204.75,183.64,207.66,229.52,35.46,50.24,32.79,49.76,14.87,16.97,2.11,2.11
2015,RI,Reading,4,Black,214.53,193.43,216.86,239.20,33.50,39.98,33.51,60.02,23.04,26.51,3.46,3.46
2015,SC,Reading,4,Black,199.58,177.12,203.18,226.99,38.98,55.39,29.60,44.61,13.26,15.01,1.75,1.75
2015,SD,Reading,4,Black,201.51,182.32,206.78,226.29,39.84,51.68,32.98,48.32,13.49,15.34,1.85,1.85
2015,TN,Reading,4,Black,199.31,175.40,203.05,227.93,39.27,54.79,28.99,45.21,14.56,16.22,1.66,1.66
2015,TX,Reading,4,Black,204.77,184.20,208.87,229.53,35.37,49.09,34.35,50.91,14.73,16.56,1.84,1.84
2015,UT,Reading,4,Black,999.00,999.00,999.00,999.00,999.00,999.00,999.00,999.00,999.00,999.00,999.00,999.00
2015,VT,Reading,4,Black,999.00,999.00,999.00,999.00,999.00,999.00,999.00,999.00,999.00,999.00,999.00,999.00
2015,VA,Reading,4,Black,208.20,186.43,210.88,231.76,34.31,46.45,34.33,53.55,16.31,19.23,2.92,2.92
2015,WA,Reading,4,Black,214.75,193.03,216.25,237.74,32.65,40.77,34.72,59.23,20.11,24.52,4.41,4.41
2015,WV,Reading,4,Black,210.38,189.54,213.32,234.62,34.80,43.96,34.69,56.04,18.03,21.35,3.32,3.32
2015,WI,Reading,4,Black,193.32,167.97,195.51,220.98,38.04,62.28,26.32,37.72,9.78,11.41,1.62,1.62
2015,WY,Reading,4,Black,999.00,999.00,999.00,999.00,999.00,999.00,999.00,999.00,999.00,999.00,999.00,999.00
2015,AL,Reading,4,Hispanic,198.62,172.31,198.76,226.17,36.89,58.28,26.08,41.72,13.76,15.64,1.88,1.88
2015,AK,Reading,4,Hispanic,215.03,193.67,218.94,240.35,36.81,37.59,34.34,62.41,22.63,28.07,5.44,5.44
2015,AZ,Reading,4,Hispanic,204.37,183.54,208.52,230.92,38.68,49.40,32.68,50.60,15.10,17.92,2.82,2.82
2015,AR,Reading,4,Hispanic,210.40,188.68,214.57,236.41,36.55,42.28,34.44,57.72,20.04,23.28,3.24,3.24
2015,CA,Reading,4,Hispanic,200.70,176.81,204.41,227.94,39.11,53.96,29.74,46.04,13.91,16.31,2.40,2.40
2015,CO,Reading,4,Hispanic,206.36,183.18,209.76,232.87,38.38,48.00,31.87,52.00,16.36,20.13,3.77,3.77
2015,CT,Reading,4,Hispanic,210.47,189.13,211.92,234.41,34.80,45.06,33.37,54.94,17.38,21.57,4.19,4.19
2015,DE,Reading,4,Hispanic,210.16,188.68,214.87,235.36,36.96,42.62,35.30,57.38,18.62,22.08,3.46,3.46
2015,DC,Reading,4,Hispanic,206.81,181.41,210.26,234.90,40.01,48.02,29.63,51.98,18.10,22.35,4.25,4.25
2015,FL,Reading,4,Hispanic,223.95,204.78,225.67,245.24,30.99,28.56,37.55,71.44,27.33,33.89,6.55,6.55
2015,GA,Reading,4,Hispanic,211.33,188.56,212.10,235.18,34.07,45.25,32.67,54.75,17.58,22.07,4.49,4.49
2015,HI,Reading,4,Hispanic,212.36,194.32,217.06,238.06,39.99,38.73,36.35,61.27,20.47,24.91,4.45,4.45
2015,ID,Reading,4,Hispanic,199.71,175.82,204.85,228.93,41.35,53.37,30.11,46.63,14.24,16.52,2.29,2.29
2015,IL,Reading,4,Hispanic,211.01,188.63,214.78,236.18,36.58,42.31,34.63,57.69,18.85,23.06,4.21,4.21
2015,IN,Reading,4,Hispanic,215.84,194.81,219.82,241.75,36.47,37.42,33.48,62.58,23.84,29.09,5.26,5.26
2015,IA,Reading,4,Hispanic,209.19,188.93,213.84,233.95,35.47,43.31,36.34,56.69,18.41,20.35,1.93,1.93
2015,KS,Reading,4,Hispanic,207.89,185.69,211.85,233.56,38.03,46.15,33.37,53.85,16.82,20.48,3.66,3.66
2015,KY,Reading,4,Hispanic,216.17,198.21,217.20,236.14,29.95,37.44,39.81,62.56,19.44,22.75,3.31,3.31
2015,LA,Reading,4,Hispanic,216.76,197.99,223.55,242.69,37.62,32.45,37.26,67.55,25.47,30.28,4.81,4.81
2015,ME,Reading,4,Hispanic,999.00,999.00,999.00,999.00,999.00,999.00,999.00,999.00,999.00,999.00,999.00,999.00
2015,MD,Reading,4,Hispanic,209.91,187.88,211.69,233.58,34.27,46.12,32.83,53.88,17.62,21.05,3.42,3.42
2015,MA,Reading,4,Hispanic,214.59,194.79,217.64,238.01,33.25,38.54,36.61,61.46,21.46,24.85,3.39,3.39
2015,MI,Reading,4,Hispanic,205.93,185.45,208.80,230.53,33.86,48.58,34.21,51.42,15.81,17.21,1.39,1.39
2015,MN,Reading,4,Hispanic,198.81,177.64,208.06,231.13,46.81,50.06,31.76,49.94,16.63,18.19,1.56,1.56
2015,MS,Reading,4,Hispanic,210.01,189.69,211.12,232.79,29.96,45.71,35.24,54.29,17.85,19.05,1.20,1.20
2015,MO,Reading,4,Hispanic,208.90,185.49,213.63,238.37,41.42,43.70,30.94,56.30,19.49,25.36,5.86,5.86
2015,MT,Reading,4,Hispanic,218.71,197.20,219.25,241.54,33.12,36.69,34.15,63.31,23.00,29.16,6.16,6.16
2015,NE,Reading,4,Hispanic,207.75,187.12,211.59,231.86,34.86,45.74,35.89,54.26,15.88,18.37,2.50,2.50
2015,NV,Reading,4,Hispanic,204.44,181.52,208.66,231.93,38.98,49.26,31.72,50.74,16.21,19.02,2.81,2.81
2015,NH,Reading,4,Hispanic,217.04,196.72,221.22,240.42,33.14,35.66,36.62,64.34,23.59,27.72,4.13,4.13
2015,NJ,Reading,4,Hispanic,216.03,196.06,219.34,239.24,33.13,36.29,37.08,63.71,22.83,26.63,3.80,3.80
2015,NM,Reading,4,Hispanic,202.50,179.85,206.76,229.78,38.55,51.26,31.52,48.74,15.17,17.21,2.05,2.05
2015,NY,Reading,4,Hispanic,209.02,189.58,212.63,232.64,34.23,44.23,36.88,55.77,16.89,18.89,2.00,2.00
2015,NC,Reading,4,Hispanic,211.91,191.40,216.68,236.58,34.54,39.49,37.45,60.51,20.60,23.05,2.45,2.45
2015,ND,Reading,4,Hispanic,204.84,187.38,208.94,226.44,35.43,48.84,36.41,51.16,11.94,14.76,2.81,2.81
2015,OH,Reading,4,Hispanic,210.38,189.29,215.70,236.30,36.57,40.78,36.21,59.22,20.54,23.02,2.48,2.48
2015,OK,Reading,4,Hispanic,212.62,194.62,216.00,234.58,32.92,39.53,39.03,60.47,18.75,21.43,2.68,2.68
2015,OR,Reading,4,Hispanic,202.29,180.07,207.41,230.88,41.53,50.75,31.05,49.25,15.16,18.20,3.04,3.04
2015,PA,Reading,4,Hispanic,201.34,176.50,204.99,229.72,40.83,52.92,29.52,47.08,14.51,17.56,3.05,3.05
2015,RI,Reading,4,Hispanic,206.88,183.36,211.24,233.46,37.85,46.29,33.41,53.71,16.97,20.30,3.33,3.33
2015,SC,Reading,4,Hispanic,203.29,176.10,207.16,234.35,42.95,50.65,27.89,49.35,16.93,21.46,4.53,4.53
2015,SD,Reading,4,Hispanic,202.22,180.79,207.16,230.66,41.59,50.68,31.31,49.32,15.90,18.01,2.11,2.11
2015,TN,Reading,4,Hispanic,213.51,190.92,215.94,240.01,37.14,40.94,32.05,59.06,22.36,27.01,4.64,4.64
2015,TX,Reading,4,Hispanic,210.15,188.41,213.68,234.81,35.24,43.69,34.72,56.31,18.48,21.59,3.11,3.11
2015,UT,Reading,4,Hispanic,204.48,183.44,208.77,231.68,39.19,49.08,31.72,50.92,16.56,19.20,2.64,2.64
2015,VT,Reading,4,Hispanic,999.00,999.00,999.00,999.00,999.00,999.00,999.00,999.00,999.00,999.00,999.00,999.00
2015,VA,Reading,4,Hispanic,217.24,193.11,221.88,244.34,38.28,36.12,32.14,63.88,24.89,31.74,6.85,6.85
2015,WA,Reading,4,Hispanic,202.61,178.58,203.41,227.48,35.90,55.20,28.17,44.80,13.95,16.62,2.68,2.68
2015,WV,Reading,4,Hispanic,999.00,999.00,999.00,999.00,999.00,999.00,999.00,999.00,999.00,999.00,999.00,999.00
2015,WI,Reading,4,Hispanic,208.70,186.88,212.02,232.24,32.68,45.41,35.81,54.59,16.66,18.78,2.12,2.12
2015,WY,Reading,4,Hispanic,215.66,194.33,218.21,239.92,33.60,38.63,34.14,61.37,23.21,27.23,4.02,4.02
2015,AL,Reading,4,Asian,999.00,999.00,999.00,999.00,999.00,999.00,999.00,999.00,999.00,999.00,999.00,999.00
2015,AK,Reading,4,Asian,210.21,187.87,213.84,235.44,37.80,43.06,34.39,56.94,17.98,22.55,4.56,4.56
2015,AZ,Reading,4,Asian,999.00,999.00,999.00,999.00,999.00,999.00,999.00,999.00,999.00,999.00,999.00,999.00
2015,AR,Reading,4,Asian,999.00,999.00,999.00,999.00,999.00,999.00,999.00,999.00,999.00,999.00,999.00,999.00
2015,CA,Reading,4,Asian,235.81,217.31,238.13,257.66,34.23,17.26,32.52,82.74,34.73,50.23,15.50,15.50
2015,CO,Reading,4,Asian,999.00,999.00,999.00,999.00,999.00,999.00,999.00,999.00,999.00,999.00,999.00,999.00
2015,CT,Reading,4,Asian,235.36,214.22,241.24,262.58,39.35,20.66,25.79,79.34,33.60,53.55,19.95,19.95
2015,DE,Reading,4,Asian,238.91,216.07,242.39,265.48,38.35,19.45,24.90,80.55,32.60,55.65,23.05,23.05
2015,DC,Reading,4,Asian,999.00,999.00,999.00,999.00,999.00,999.00,999.00,999.00,999.00,999.00,999.00,999.00
2015,FL,Reading,4,Asian,243.89,227.45,246.91,265.06,31.08,12.61,24.19,87.39,41.82,63.20,21.38,21.38
2015,GA,Reading,4,Asian,240.50,218.37,242.96,261.97,30.23,15.71,28.53,84.29,38.21,55.76,17.55,17.55
2015,HI,Reading,4,Asian,210.64,187.69,214.02,237.71,38.70,43.59,31.75,56.41,19.71,24.66,4.95,4.95
2015,ID,Reading,4,Asian,999.00,999.00,999.00,999.00,999.00,999.00,999.00,999.00,999.00,999.00,999.00,999.00
2015,IL,Reading,4,Asian,245.26,228.36,249.51,269.32,35.50,13.29,21.29,86.71,39.32,65.42,26.11,26.11
2015,IN,Reading,4,Asian,999.00,999.00,999.00,999.00,999.00,999.00,999.00,999.00,999.00,999.00,999.00,999.00
2015,IA,Reading,4,Asian,232.92,212.60,236.70,258.89,37.52,21.66,29.87,78.34,31.40,48.47,17.06,17.06
2015,KS,Reading,4,Asian,237.32,217.41,239.27,260.75,34.27,17.17,30.84,82.83,35.28,51.99,16.71,16.71
2015,KY,Reading,4,Asian,243.15,217.31,246.79,270.61,38.79,18.81,21.77,81.19,33.17,59.42,26.25,26.25
2015,LA,Reading,4,Asian,999.00,999.00,999.00,999.00,999.00,999.00,999.00,999.00,999.00,999.00,999.00,999.00
2015,ME,Reading,4,Asian,999.00,999.00,999.00,999.00,999.00,999.00,999.00,999.00,999.00,999.00,999.00,999.00
2015,MD,Reading,4,Asian,237.69,219.92,243.35,261.48,35.46,17.63,25.21,82.37,40.88,57.16,16.28,16.28
2015,MA,Reading,4,Asian,249.14,228.94,253.04,272.38,32.46,10.94,20.92,89.06,37.18,68.14,30.96,30.96
2015,MI,Reading,4,Asian,235.88,217.05,237.47,256.59,31.05,16.10,34.99,83.90,34.19,48.91,14.72,14.72
2015,MN,Reading,4,Asian,221.74,197.89,223.33,247.90,39.72,34.02,32.60,65.98,21.69,33.38,11.69,11.69
2015,MS,Reading,4,Asian,999.00,999.00,999.00,999.00,999.00,999.00,999.00,999.00,999.00,999.00,999.00,999.00
2015,MO,Reading,4,Asian,999.00,999.00,999.00,999.00,999.00,999.00,999.00,999.00,999.00,999.00,999.00,999.00
2015,MT,Reading,4,Asian,999.00,999.00,999.00,999.00,999.00,999.00,999.00,999.00,999.00,999.00,999.00,999.00
2015,NE,Reading,4,Asian,999.00,999.00,999.00,999.00,999.00,999.00,999.00,999.00,999.00,999.00,999.00,999.00
2015,NV,Reading,4,Asian,233.07,213.77,237.07,256.57,34.06,20.65,30.39,79.35,35.85,48.96,13.11,13.11
2015,NH,Reading,4,Asian,241.91,225.70,241.83,260.68,30.41,10.62,33.48,89.38,37.68,55.89,18.21,18.21
2015,NJ,Reading,4,Asian,250.05,229.78,252.18,271.93,31.77,9.56,23.73,90.44,37.16,66.71,29.55,29.55
2015,NM,Reading,4,Asian,999.00,999.00,999.00,999.00,999.00,999.00,999.00,999.00,999.00,999.00,999.00,999.00
2015,NY,Reading,4,Asian,235.51,214.11,237.93,260.27,35.51,19.99,30.00,80.01,32.58,50.01,17.44,17.44
2015,NC,Reading,4,Asian,241.51,222.08,244.52,263.68,33.81,15.82,24.98,84.18,39.13,59.20,20.06,20.06
2015,ND,Reading,4,Asian,999.00,999.00,999.00,999.00,999.00,999.00,999.00,999.00,999.00,999.00,999.00,999.00
2015,OH,Reading,4,Asian,242.97,218.81,247.59,269.25,35.48,17.65,24.28,82.35,32.11,58.07,25.96,25.96
2015,OK,Reading,4,Asian,999.00,999.00,999.00,999.00,999.00,999.00,999.00,999.00,999.00,999.00,999.00,999.00
2015,OR,Reading,4,Asian,227.68,204.27,235.26,258.16,41.64,27.19,25.92,72.81,32.42,46.89,14.48,14.48
2015,PA,Reading,4,Asian,232.78,207.10,239.91,262.00,39.35,26.08,22.48,73.92,34.15,51.44,17.29,17.29
2015,RI,Reading,4,Asian,223.75,201.64,226.65,253.19,39.96,31.53,31.74,68.47,24.07,36.73,12.66,12.66
2015,SC,Reading,4,Asian,999.00,999.00,999.00,999.00,999.00,999.00,999.00,999.00,999.00,999.00,999.00,999.00
2015,SD,Reading,4,Asian,999.00,999.00,999.00,999.00,999.00,999.00,999.00,999.00,999.00,999.00,999.00,999.00
2015,TN,Reading,4,Asian,999.00,999.00,999.00,999.00,999.00,999.00,999.00,999.00,999.00,999.00,999.00,999.00
2015,TX,Reading,4,Asian,248.38,228.86,252.63,272.40,34.61,13.19,20.37,86.81,36.23,66.44,30.21,30.21
2015,UT,Reading,4,Asian,231.97,212.28,231.41,255.35,34.74,20.47,35.98,79.53,29.99,43.55,13.55,13.55
2015,VT,Reading,4,Asian,999.00,999.00,999.00,999.00,999.00,999.00,999.00,999.00,999.00,999.00,999.00,999.00
2015,VA,Reading,4,Asian,247.79,225.63,250.29,271.70,33.73,12.67,23.90,87.33,34.21,63.43,29.22,29.22
2015,WA,Reading,4,Asian,244.14,219.37,247.37,270.51,37.81,17.30,23.37,82.70,31.56,59.33,27.77,27.77
2015,WV,Reading,4,Asian,999.00,999.00,999.00,999.00,999.00,999.00,999.00,999.00,999.00,999.00,999.00,999.00
2015,WI,Reading,4,Asian,222.15,200.00,223.13,246.65,35.06,32.37,33.15,67.63,25.54,34.47,8.93,8.93
2015,WY,Reading,4,Asian,999.00,999.00,999.00,999.00,999.00,999.00,999.00,999.00,999.00,999.00,999.00,999.00
2015,AL,Reading,4,American Indian or Alaskan Native,999.00,999.00,999.00,999.00,999.00,999.00,999.00,999.00,999.00,999.00,999.00,999.00
2015,AK,Reading,4,American Indian or Alaskan Native,184.00,156.02,190.38,218.68,47.41,65.59,23.87,34.41,9.35,10.54,1.19,1.19
2015,AZ,Reading,4,American Indian or Alaskan Native,191.05,167.39,194.62,219.35,42.73,64.34,24.53,35.66,8.24,11.12,2.88,2.88
2015,AR,Reading,4,American Indian or Alaskan Native,999.00,999.00,999.00,999.00,999.00,999.00,999.00,999.00,999.00,999.00,999.00,999.00
2015,CA,Reading,4,American Indian or Alaskan Native,999.00,999.00,999.00,999.00,999.00,999.00,999.00,999.00,999.00,999.00,999.00,999.00
2015,CO,Reading,4,American Indian or Alaskan Native,999.00,999.00,999.00,999.00,999.00,999.00,999.00,999.00,999.00,999.00,999.00,999.00
2015,CT,Reading,4,American Indian or Alaskan Native,999.00,999.00,999.00,999.00,999.00,999.00,999.00,999.00,999.00,999.00,999.00,999.00
2015,DE,Reading,4,American Indian or Alaskan Native,999.00,999.00,999.00,999.00,999.00,999.00,999.00,999.00,999.00,999.00,999.00,999.00
2015,DC,Reading,4,American Indian or Alaskan Native,999.00,999.00,999.00,999.00,999.00,999.00,999.00,999.00,999.00,999.00,999.00,999.00
2015,FL,Reading,4,American Indian or Alaskan Native,999.00,999.00,999.00,999.00,999.00,999.00,999.00,999.00,999.00,999.00,999.00,999.00
2015,GA,Reading,4,American Indian or Alaskan Native,999.00,999.00,999.00,999.00,999.00,999.00,999.00,999.00,999.00,999.00,999.00,999.00
2015,HI,Reading,4,American Indian or Alaskan Native,999.00,999.00,999.00,999.00,999.00,999.00,999.00,999.00,999.00,999.00,999.00,999.00
2015,ID,Reading,4,American Indian or Alaskan Native,999.00,999.00,999.00,999.00,999.00,999.00,999.00,999.00,999.00,999.00,999.00,999.00
2015,IL,Reading,4,American Indian or Alaskan Native,999.00,999.00,999.00,999.00,999.00,999.00,999.00,999.00,999.00,999.00,999.00,999.00
2015,IN,Reading,4,American Indian or Alaskan Native,999.00,999.00,999.00,999.00,999.00,999.00,999.00,999.00,999.00,999.00,999.00,999.00
2015,IA,Reading,4,American Indian or Alaskan Native,999.00,999.00,999.00,999.00,999.00,999.00,999.00,999.00,999.00,999.00,999.00,999.00
2015,KS,Reading,4,American Indian or Alaskan Native,999.00,999.00,999.00,999.00,999.00,999.00,999.00,999.00,999.00,999.00,999.00,999.00
2015,KY,Reading,4,American Indian or Alaskan Native,999.00,999.00,999.00,999.00,999.00,999.00,999.00,999.00,999.00,999.00,999.00,999.00
2015,LA,Reading,4,American Indian or Alaskan Native,999.00,999.00,999.00,999.00,999.00,999.00,999.00,999.00,999.00,999.00,999.00,999.00
2015,ME,Reading,4,American Indian or Alaskan Native,999.00,999.00,999.00,999.00,999.00,999.00,999.00,999.00,999.00,999.00,999.00,999.00
2015,MD,Reading,4,American Indian or Alaskan Native,999.00,999.00,999.00,999.00,999.00,999.00,999.00,999.00,999.00,999.00,999.00,999.00
2015,MA,Reading,4,American Indian or Alaskan Native,999.00,999.00,999.00,999.00,999.00,999.00,999.00,999.00,999.00,999.00,999.00,999.00
2015,MI,Reading,4,American Indian or Alaskan Native,999.00,999.00,999.00,999.00,999.00,999.00,999.00,999.00,999.00,999.00,999.00,999.00
2015,MN,Reading,4,American Indian or Alaskan Native,197.51,173.52,200.69,222.97,44.52,59.20,26.32,40.80,9.71,14.48,4.77,4.77
2015,MS,Reading,4,American Indian or Alaskan Native,999.00,999.00,999.00,999.00,999.00,999.00,999.00,999.00,999.00,999.00,999.00,999.00
2015,MO,Reading,4,American Indian or Alaskan Native,999.00,999.00,999.00,999.00,999.00,999.00,999.00,999.00,999.00,999.00,999.00,999.00
2015,MT,Reading,4,American Indian or Alaskan Native,199.41,173.90,202.55,226.43,38.75,56.01,28.44,43.99,12.69,15.55,2.86,2.86
2015,NE,Reading,4,American Indian or Alaskan Native,999.00,999.00,999.00,999.00,999.00,999.00,999.00,999.00,999.00,999.00,999.00,999.00
2015,NV,Reading,4,American Indian or Alaskan Native,999.00,999.00,999.00,999.00,999.00,999.00,999.00,999.00,999.00,999.00,999.00,999.00
2015,NH,Reading,4,American Indian or Alaskan Native,999.00,999.00,999.00,999.00,999.00,999.00,999.00,999.00,999.00,999.00,999.00,999.00
2015,NJ,Reading,4,American Indian or Alaskan Native,999.00,999.00,999.00,999.00,999.00,999.00,999.00,999.00,999.00,999.00,999.00,999.00
2015,NM,Reading,4,American Indian or Alaskan Native,183.66,158.86,187.79,215.25,45.88,69.09,21.01,30.91,8.90,9.89,1.00,1.00
2015,NY,Reading,4,American Indian or Alaskan Native,999.00,999.00,999.00,999.00,999.00,999.00,999.00,999.00,999.00,999.00,999.00,999.00
2015,NC,Reading,4,American Indian or Alaskan Native,198.30,171.25,202.49,230.48,45.40,54.78,26.10,45.22,15.11,19.12,4.00,4.00
2015,ND,Reading,4,American Indian or Alaskan Native,204.20,180.72,207.92,230.76,37.65,50.19,31.97,49.81,15.05,17.85,2.80,2.80
2015,OH,Reading,4,American Indian or Alaskan Native,999.00,999.00,999.00,999.00,999.00,999.00,999.00,999.00,999.00,999.00,999.00,999.00
2015,OK,Reading,4,American Indian or Alaskan Native,223.24,206.01,225.89,244.22,32.85,26.87,40.07,73.13,26.65,33.06,6.41,6.41
2015,OR,Reading,4,American Indian or Alaskan Native,192.40,165.88,194.10,220.11,44.09,63.52,21.27,36.48,10.97,15.20,4.24,4.24
2015,PA,Reading,4,American Indian or Alaskan Native,999.00,999.00,999.00,999.00,999.00,999.00,999.00,999.00,999.00,999.00,999.00,999.00
2015,RI,Reading,4,American Indian or Alaskan Native,999.00,999.00,999.00,999.00,999.00,999.00,999.00,999.00,999.00,999.00,999.00,999.00
2015,SC,Reading,4,American Indian or Alaskan Native,999.00,999.00,999.00,999.00,999.00,999.00,999.00,999.00,999.00,999.00,999.00,999.00
2015,SD,Reading,4,American Indian or Alaskan Native,191.70,166.76,197.69,222.48,42.82,60.65,27.89,39.35,9.87,11.46,1.59,1.59
2015,TN,Reading,4,American Indian or Alaskan Native,999.00,999.00,999.00,999.00,999.00,999.00,999.00,999.00,999.00,999.00,999.00,999.00
2015,TX,Reading,4,American Indian or Alaskan Native,999.00,999.00,999.00,999.00,999.00,999.00,999.00,999.00,999.00,999.00,999.00,999.00
2015,UT,Reading,4,American Indian or Alaskan Native,999.00,999.00,999.00,999.00,999.00,999.00,999.00,999.00,999.00,999.00,999.00,999.00
2015,VT,Reading,4,American Indian or Alaskan Native,999.00,999.00,999.00,999.00,999.00,999.00,999.00,999.00,999.00,999.00,999.00,999.00
2015,VA,Reading,4,American Indian or Alaskan Native,999.00,999.00,999.00,999.00,999.00,999.00,999.00,999.00,999.00,999.00,999.00,999.00
2015,WA,Reading,4,American Indian or Alaskan Native,197.51,169.44,202.28,230.26,44.69,55.28,24.55,44.72,17.46,20.17,2.72,2.72
2015,WV,Reading,4,American Indian or Alaskan Native,999.00,999.00,999.00,999.00,999.00,999.00,999.00,999.00,999.00,999.00,999.00,999.00
2015,WI,Reading,4,American Indian or Alaskan Native,206.91,181.39,209.93,235.12,46.79,46.79,29.91,53.21,13.45,23.29,9.85,9.85
2015,WY,Reading,4,American Indian or Alaskan Native,204.11,177.14,205.79,232.23,40.35,52.81,26.51,47.19,15.28,20.69,5.41,5.41
2015,AL,Reading,4,Hawaiian,999.00,999.00,999.00,999.00,999.00,999.00,999.00,999.00,999.00,999.00,999.00,999.00
2015,AK,Reading,4,Hawaiian,217.34,197.40,222.61,242.50,36.60,34.54,34.90,65.46,25.32,30.56,5.24,5.24
2015,AZ,Reading,4,Hawaiian,999.00,999.00,999.00,999.00,999.00,999.00,999.00,999.00,999.00,999.00,999.00,999.00
2015,AR,Reading,4,Hawaiian,999.00,999.00,999.00,999.00,999.00,999.00,999.00,999.00,999.00,999.00,999.00,999.00
2015,CA,Reading,4,Hawaiian,228.26,206.38,231.10,253.52,35.74,26.81,31.61,73.19,28.86,41.58,12.72,12.72
2015,CO,Reading,4,Hawaiian,232.47,214.50,234.31,253.39,32.77,19.33,35.99,80.67,31.97,44.67,12.71,12.71
2015,CT,Reading,4,Hawaiian,999.00,999.00,999.00,999.00,999.00,999.00,999.00,999.00,999.00,999.00,999.00,999.00
2015,DE,Reading,4,Hawaiian,228.81,206.66,234.04,255.08,37.60,26.11,28.54,73.89,32.38,45.35,12.97,12.97
2015,DC,Reading,4,Hawaiian,999.00,999.00,999.00,999.00,999.00,999.00,999.00,999.00,999.00,999.00,999.00,999.00
2015,FL,Reading,4,Hawaiian,226.28,207.50,224.92,244.34,26.12,25.25,41.19,74.75,26.91,33.56,6.66,6.66
2015,GA,Reading,4,Hawaiian,221.75,199.89,222.88,246.91,33.85,33.97,31.70,66.03,27.05,34.33,7.27,7.27
2015,HI,Reading,4,Hawaiian,224.60,202.69,229.05,249.84,34.26,29.79,30.87,70.21,31.68,39.34,7.65,7.65
2015,ID,Reading,4,Hawaiian,999.00,999.00,999.00,999.00,999.00,999.00,999.00,999.00,999.00,999.00,999.00,999.00
2015,IL,Reading,4,Hawaiian,224.22,200.42,228.22,252.80,39.25,29.75,30.37,70.25,28.15,39.88,11.73,11.73
2015,IN,Reading,4,Hawaiian,228.39,207.70,229.50,250.47,30.15,25.81,33.71,74.19,32.30,40.47,8.17,8.17
2015,IA,Reading,4,Hawaiian,226.72,209.24,230.44,249.22,36.21,24.06,36.70,75.94,30.57,39.24,8.68,8.68
2015,KS,Reading,4,Hawaiian,218.30,196.96,221.93,246.79,40.84,35.27,31.49,64.73,23.86,33.23,9.37,9.37
2015,KY,Reading,4,Hawaiian,224.78,202.16,225.18,248.67,34.06,30.32,35.16,69.68,24.23,34.52,10.29,10.29
2015,LA,Reading,4,Hawaiian,999.00,999.00,999.00,999.00,999.00,999.00,999.00,999.00,999.00,999.00,999.00,999.00
2015,ME,Reading,4,Hawaiian,999.00,999.00,999.00,999.00,999.00,999.00,999.00,999.00,999.00,999.00,999.00,999.00
2015,MD,Reading,4,Hawaiian,236.30,211.52,242.80,263.77,38.35,22.45,23.24,77.55,34.06,54.31,20.25,20.25
2015,MA,Reading,4,Hawaiian,233.06,213.91,234.09,251.94,29.00,20.76,36.41,79.24,30.85,42.82,11.97,11.97
2015,MI,Reading,4,Hawaiian,222.55,199.57,228.82,247.92,36.24,30.26,32.72,69.74,29.15,37.02,7.88,7.88
2015,MN,Reading,4,Hawaiian,218.32,195.16,223.92,247.21,38.17,35.21,29.67,64.79,29.50,35.12,5.62,5.62
2015,MS,Reading,4,Hawaiian,999.00,999.00,999.00,999.00,999.00,999.00,999.00,999.00,999.00,999.00,999.00,999.00
2015,MO,Reading,4,Hawaiian,215.31,196.44,220.71,241.16,36.95,36.48,34.51,63.52,24.91,29.01,4.10,4.10
2015,MT,Reading,4,Hawaiian,222.36,203.13,226.17,242.42,30.25,29.67,38.96,70.33,26.87,31.37,4.50,4.50
2015,NE,Reading,4,Hawaiian,219.28,198.65,222.16,245.79,36.65,32.65,34.80,67.35,25.39,32.55,7.15,7.15
2015,NV,Reading,4,Hawaiian,223.38,202.14,228.34,247.99,36.94,29.41,33.12,70.59,28.79,37.47,8.68,8.68
2015,NH,Reading,4,Hawaiian,999.00,999.00,999.00,999.00,999.00,999.00,999.00,999.00,999.00,999.00,999.00,999.00
2015,NJ,Reading,4,Hawaiian,999.00,999.00,999.00,999.00,999.00,999.00,999.00,999.00,999.00,999.00,999.00,999.00
2015,NM,Reading,4,Hawaiian,999.00,999.00,999.00,999.00,999.00,999.00,999.00,999.00,999.00,999.00,999.00,999.00
2015,NY,Reading,4,Hawaiian,999.00,999.00,999.00,999.00,999.00,999.00,999.00,999.00,999.00,999.00,999.00,999.00
2015,NC,Reading,4,Hawaiian,228.25,209.15,235.94,252.60,34.35,23.80,28.78,76.20,38.58,47.42,8.84,8.84
2015,ND,Reading,4,Hawaiian,999.00,999.00,999.00,999.00,999.00,999.00,999.00,999.00,999.00,999.00,999.00,999.00
2015,OH,Reading,4,Hawaiian,220.59,197.27,222.31,247.50,36.41,34.18,33.53,65.82,23.21,32.28,9.07,9.07
2015,OK,Reading,4,Hawaiian,224.60,205.20,227.62,246.61,32.08,27.89,36.57,72.11,28.52,35.53,7.01,7.01
2015,OR,Reading,4,Hawaiian,223.05,202.31,224.71,245.42,34.03,30.47,36.52,69.53,24.69,33.01,8.32,8.32
2015,PA,Reading,4,Hawaiian,222.29,198.68,224.41,248.60,36.24,32.92,30.17,67.08,28.47,36.91,8.44,8.44
2015,RI,Reading,4,Hawaiian,220.58,202.48,225.72,246.15,37.76,30.24,35.13,69.76,27.73,34.63,6.90,6.90
2015,SC,Reading,4,Hawaiian,218.96,201.55,222.19,243.75,37.36,32.04,36.99,67.96,24.96,30.97,6.01,6.01
2015,SD,Reading,4,Hawaiian,220.12,199.58,220.54,244.17,33.47,35.18,34.50,64.82,23.64,30.31,6.68,6.68
2015,TN,Reading,4,Hawaiian,224.81,202.57,230.44,249.73,35.93,28.33,32.70,71.67,29.40,38.97,9.58,9.58
2015,TX,Reading,4,Hawaiian,225.05,207.52,226.82,245.90,31.33,26.76,38.91,73.24,27.73,34.33,6.60,6.60
2015,UT,Reading,4,Hawaiian,999.00,999.00,999.00,999.00,999.00,999.00,999.00,999.00,999.00,999.00,999.00,999.00
2015,VT,Reading,4,Hawaiian,999.00,999.00,999.00,999.00,999.00,999.00,999.00,999.00,999.00,999.00,999.00,999.00
2015,VA,Reading,4,Hawaiian,237.32,218.49,238.65,259.22,34.24,16.23,33.04,83.77,33.13,50.73,17.60,17.60
2015,WA,Reading,4,Hawaiian,225.41,203.41,230.70,252.11,38.37,28.51,30.36,71.49,30.62,41.13,10.51,10.51
2015,WV,Reading,4,Hawaiian,210.95,192.73,218.50,233.73,33.67,38.87,41.55,61.13,18.16,19.58,1.42,1.42
2015,WI,Reading,4,Hawaiian,999.00,999.00,999.00,999.00,999.00,999.00,999.00,999.00,999.00,999.00,999.00,999.00
2015,WY,Reading,4,Hawaiian,999.00,999.00,999.00,999.00,999.00,999.00,999.00,999.00,999.00,999.00,999.00,999.00
2015,AL,Reading,4,Multiracial,N/A,N/A,N/A,N/A,N/A,N/A,N/A,N/A,N/A,N/A,N/A,N/A
2015,AK,Reading,4,Multiracial,N/A,N/A,N/A,N/A,N/A,N/A,N/A,N/A,N/A,N/A,N/A,N/A
2015,AZ,Reading,4,Multiracial,N/A,N/A,N/A,N/A,N/A,N/A,N/A,N/A,N/A,N/A,N/A,N/A
2015,AR,Reading,4,Multiracial,N/A,N/A,N/A,N/A,N/A,N/A,N/A,N/A,N/A,N/A,N/A,N/A
2015,CA,Reading,4,Multiracial,N/A,N/A,N/A,N/A,N/A,N/A,N/A,N/A,N/A,N/A,N/A,N/A
2015,CO,Reading,4,Multiracial,N/A,N/A,N/A,N/A,N/A,N/A,N/A,N/A,N/A,N/A,N/A,N/A
2015,CT,Reading,4,Multiracial,N/A,N/A,N/A,N/A,N/A,N/A,N/A,N/A,N/A,N/A,N/A,N/A
2015,DE,Reading,4,Multiracial,N/A,N/A,N/A,N/A,N/A,N/A,N/A,N/A,N/A,N/A,N/A,N/A
2015,DC,Reading,4,Multiracial,N/A,N/A,N/A,N/A,N/A,N/A,N/A,N/A,N/A,N/A,N/A,N/A
2015,FL,Reading,4,Multiracial,N/A,N/A,N/A,N/A,N/A,N/A,N/A,N/A,N/A,N/A,N/A,N/A
2015,GA,Reading,4,Multiracial,N/A,N/A,N/A,N/A,N/A,N/A,N/A,N/A,N/A,N/A,N/A,N/A
2015,HI,Reading,4,Multiracial,N/A,N/A,N/A,N/A,N/A,N/A,N/A,N/A,N/A,N/A,N/A,N/A
2015,ID,Reading,4,Multiracial,N/A,N/A,N/A,N/A,N/A,N/A,N/A,N/A,N/A,N/A,N/A,N/A
2015,IL,Reading,4,Multiracial,N/A,N/A,N/A,N/A,N/A,N/A,N/A,N/A,N/A,N/A,N/A,N/A
2015,IN,Reading,4,Multiracial,N/A,N/A,N/A,N/A,N/A,N/A,N/A,N/A,N/A,N/A,N/A,N/A
2015,IA,Reading,4,Multiracial,N/A,N/A,N/A,N/A,N/A,N/A,N/A,N/A,N/A,N/A,N/A,N/A
2015,KS,Reading,4,Multiracial,N/A,N/A,N/A,N/A,N/A,N/A,N/A,N/A,N/A,N/A,N/A,N/A
2015,KY,Reading,4,Multiracial,N/A,N/A,N/A,N/A,N/A,N/A,N/A,N/A,N/A,N/A,N/A,N/A
2015,LA,Reading,4,Multiracial,N/A,N/A,N/A,N/A,N/A,N/A,N/A,N/A,N/A,N/A,N/A,N/A
2015,ME,Reading,4,Multiracial,N/A,N/A,N/A,N/A,N/A,N/A,N/A,N/A,N/A,N/A,N/A,N/A
2015,MD,Reading,4,Multiracial,N/A,N/A,N/A,N/A,N/A,N/A,N/A,N/A,N/A,N/A,N/A,N/A
2015,MA,Reading,4,Multiracial,N/A,N/A,N/A,N/A,N/A,N/A,N/A,N/A,N/A,N/A,N/A,N/A
2015,MI,Reading,4,Multiracial,N/A,N/A,N/A,N/A,N/A,N/A,N/A,N/A,N/A,N/A,N/A,N/A
2015,MN,Reading,4,Multiracial,N/A,N/A,N/A,N/A,N/A,N/A,N/A,N/A,N/A,N/A,N/A,N/A
2015,MS,Reading,4,Multiracial,N/A,N/A,N/A,N/A,N/A,N/A,N/A,N/A,N/A,N/A,N/A,N/A
2015,MO,Reading,4,Multiracial,N/A,N/A,N/A,N/A,N/A,N/A,N/A,N/A,N/A,N/A,N/A,N/A
2015,MT,Reading,4,Multiracial,N/A,N/A,N/A,N/A,N/A,N/A,N/A,N/A,N/A,N/A,N/A,N/A
2015,NE,Reading,4,Multiracial,N/A,N/A,N/A,N/A,N/A,N/A,N/A,N/A,N/A,N/A,N/A,N/A
2015,NV,Reading,4,Multiracial,N/A,N/A,N/A,N/A,N/A,N/A,N/A,N/A,N/A,N/A,N/A,N/A
2015,NH,Reading,4,Multiracial,N/A,N/A,N/A,N/A,N/A,N/A,N/A,N/A,N/A,N/A,N/A,N/A
2015,NJ,Reading,4,Multiracial,N/A,N/A,N/A,N/A,N/A,N/A,N/A,N/A,N/A,N/A,N/A,N/A
2015,NM,Reading,4,Multiracial,N/A,N/A,N/A,N/A,N/A,N/A,N/A,N/A,N/A,N/A,N/A,N/A
2015,NY,Reading,4,Multiracial,N/A,N/A,N/A,N/A,N/A,N/A,N/A,N/A,N/A,N/A,N/A,N/A
2015,NC,Reading,4,Multiracial,N/A,N/A,N/A,N/A,N/A,N/A,N/A,N/A,N/A,N/A,N/A,N/A
2015,ND,Reading,4,Multiracial,N/A,N/A,N/A,N/A,N/A,N/A,N/A,N/A,N/A,N/A,N/A,N/A
2015,OH,Reading,4,Multiracial,N/A,N/A,N/A,N/A,N/A,N/A,N/A,N/A,N/A,N/A,N/A,N/A
2015,OK,Reading,4,Multiracial,N/A,N/A,N/A,N/A,N/A,N/A,N/A,N/A,N/A,N/A,N/A,N/A
2015,OR,Reading,4,Multiracial,N/A,N/A,N/A,N/A,N/A,N/A,N/A,N/A,N/A,N/A,N/A,N/A
2015,PA,Reading,4,Multiracial,N/A,N/A,N/A,N/A,N/A,N/A,N/A,N/A,N/A,N/A,N/A,N/A
2015,RI,Reading,4,Multiracial,N/A,N/A,N/A,N/A,N/A,N/A,N/A,N/A,N/A,N/A,N/A,N/A
2015,SC,Reading,4,Multiracial,N/A,N/A,N/A,N/A,N/A,N/A,N/A,N/A,N/A,N/A,N/A,N/A
2015,SD,Reading,4,Multiracial,N/A,N/A,N/A,N/A,N/A,N/A,N/A,N/A,N/A,N/A,N/A,N/A
2015,TN,Reading,4,Multiracial,N/A,N/A,N/A,N/A,N/A,N/A,N/A,N/A,N/A,N/A,N/A,N/A
2015,TX,Reading,4,Multiracial,N/A,N/A,N/A,N/A,N/A,N/A,N/A,N/A,N/A,N/A,N/A,N/A
2015,UT,Reading,4,Multiracial,N/A,N/A,N/A,N/A,N/A,N/A,N/A,N/A,N/A,N/A,N/A,N/A
2015,VT,Reading,4,Multiracial,N/A,N/A,N/A,N/A,N/A,N/A,N/A,N/A,N/A,N/A,N/A,N/A
2015,VA,Reading,4,Multiracial,N/A,N/A,N/A,N/A,N/A,N/A,N/A,N/A,N/A,N/A,N/A,N/A
2015,WA,Reading,4,Multiracial,N/A,N/A,N/A,N/A,N/A,N/A,N/A,N/A,N/A,N/A,N/A,N/A
2015,WV,Reading,4,Multiracial,N/A,N/A,N/A,N/A,N/A,N/A,N/A,N/A,N/A,N/A,N/A,N/A
2015,WI,Reading,4,Multiracial,N/A,N/A,N/A,N/A,N/A,N/A,N/A,N/A,N/A,N/A,N/A,N/A
2015,WY,Reading,4,Multiracial,N/A,N/A,N/A,N/A,N/A,N/A,N/A,N/A,N/A,N/A,N/A,N/A
2015,AL,Reading,8,All,258.75,239.27,260.96,281.60,34.24,28.53,45.87,71.47,23.68,25.60,1.92,1.92
2015,AK,Reading,8,All,260.32,237.62,264.64,286.68,37.69,29.21,39.44,70.79,28.72,31.35,2.63,2.63
2015,AZ,Reading,8,All,262.77,241.90,265.06,286.48,34.06,26.10,42.79,73.90,28.69,31.11,2.43,2.43
2015,AR,Reading,8,All,258.77,237.25,261.45,282.82,34.97,29.92,43.26,70.08,24.64,26.82,2.18,2.18
2015,CA,Reading,8,All,258.99,237.34,261.98,284.42,36.66,29.77,41.83,70.23,25.90,28.41,2.51,2.51
2015,CO,Reading,8,All,268.07,247.17,271.29,292.02,33.94,21.72,40.05,78.28,34.92,38.23,3.31,3.31
2015,CT,Reading,8,All,273.05,252.26,275.48,297.06,35.43,18.06,38.67,81.94,36.81,43.27,6.46,6.46
2015,DE,Reading,8,All,262.61,241.19,265.02,286.71,35.32,26.61,42.31,73.39,27.94,31.07,3.13,3.13
2015,DC,Reading,8,All,247.65,222.90,248.51,272.73,38.50,43.98,37.42,56.02,16.08,18.60,2.51,2.51
2015,FL,Reading,8,All,263.38,243.09,264.78,285.83,32.15,24.96,44.71,75.04,27.96,30.33,2.37,2.37
2015,GA,Reading,8,All,262.27,241.19,264.50,285.95,34.94,26.55,43.20,73.45,27.32,30.25,2.93,2.93
2015,HI,Reading,8,All,257.35,235.30,259.68,281.67,35.27,31.95,42.36,68.05,23.44,25.69,2.25,2.25
2015,ID,Reading,8,All,268.55,250.18,271.50,290.68,32.14,18.88,43.87,81.12,34.64,37.25,2.61,2.61
2015,IL,Reading,8,All,266.81,245.77,268.57,290.39,34.64,22.52,42.35,77.48,31.05,35.12,4.07,4.07
2015,IN,Reading,8,All,268.25,248.35,270.67,291.39,33.88,20.47,42.46,79.53,33.35,37.07,3.72,3.72
2015,IA,Reading,8,All,268.20,249.64,270.42,289.76,31.84,19.18,45.20,80.82,32.77,35.62,2.85,2.85
2015,KS,Reading,8,All,266.77,247.10,269.39,289.00,32.80,21.43,43.76,78.57,31.85,34.81,2.96,2.96
2015,KY,Reading,8,All,267.77,246.60,269.63,291.08,33.68,22.09,41.76,77.91,32.01,36.15,4.14,4.14
2015,LA,Reading,8,All,255.47,233.61,257.37,279.32,34.14,33.98,42.71,66.02,21.73,23.31,1.58,1.58
2015,ME,Reading,8,All,268.39,250.07,270.76,289.11,30.25,18.86,45.59,81.14,33.38,35.55,2.18,2.18
2015,MD,Reading,8,All,267.91,244.34,269.04,293.20,35.67,23.78,38.85,76.22,32.10,37.37,5.27,5.27
2015,MA,Reading,8,All,274.50,253.81,277.56,298.37,34.65,17.08,37.23,82.92,39.48,45.69,6.21,6.21
2015,MI,Reading,8,All,264.50,243.70,266.21,286.90,32.68,24.40,43.79,75.60,29.08,31.81,2.73,2.73
2015,MN,Reading,8,All,270.24,250.67,272.99,293.52,33.98,18.85,41.47,81.15,35.54,39.69,4.14,4.14
2015,MS,Reading,8,All,251.98,230.56,254.17,275.73,34.71,37.17,42.79,62.83,18.94,20.05,1.10,1.10
2015,MO,Reading,8,All,266.88,245.35,269.63,290.76,34.40,23.03,40.66,76.97,32.82,36.31,3.49,3.49
2015,MT,Reading,8,All,269.96,251.16,271.37,290.72,30.55,17.61,45.53,82.39,33.67,36.87,3.20,3.20
2015,NE,Reading,8,All,269.43,250.72,272.12,291.38,32.11,18.55,43.66,81.45,34.66,37.79,3.13,3.13
2015,NV,Reading,8,All,259.42,238.19,261.88,283.40,34.12,29.46,43.13,70.54,25.55,27.41,1.85,1.85
2015,NH,Reading,8,All,274.81,255.55,277.20,296.74,31.77,15.03,39.96,84.97,40.11,45.01,4.90,4.90
2015,NJ,Reading,8,All,270.85,249.31,272.97,295.22,35.37,19.96,39.45,80.04,35.00,40.59,5.59,5.59
2015,NM,Reading,8,All,253.23,232.93,255.65,276.41,33.28,34.86,45.02,65.14,19.24,20.12,0.88,0.88
2015,NY,Reading,8,All,263.25,240.36,265.55,288.67,36.47,27.11,40.13,72.89,28.93,32.76,3.83,3.83
2015,NC,Reading,8,All,260.59,238.84,264.09,286.04,37.85,28.27,41.36,71.73,27.07,30.37,3.30,3.30
2015,ND,Reading,8,All,266.96,248.83,269.26,287.52,29.90,19.66,46.67,80.34,32.03,33.66,1.64,1.64
2015,OH,Reading,8,All,265.88,244.06,268.40,290.76,35.40,24.11,40.37,75.89,31.70,35.53,3.83,3.83
2015,OK,Reading,8,All,262.67,244.25,266.17,284.66,32.70,24.05,46.53,75.95,27.85,29.43,1.57,1.57
2015,OR,Reading,8,All,267.67,247.37,269.63,290.60,33.65,21.24,43.10,78.76,31.82,35.66,3.84,3.84
2015,PA,Reading,8,All,268.75,246.37,271.61,293.83,35.31,22.43,38.47,77.57,34.57,39.10,4.53,4.53
2015,RI,Reading,8,All,265.05,243.68,267.83,290.03,36.28,24.38,40.86,75.62,30.99,34.76,3.77,3.77
2015,SC,Reading,8,All,260.33,239.23,262.36,283.57,33.76,28.64,43.60,71.36,25.57,27.76,2.19,2.19
2015,SD,Reading,8,All,267.08,248.16,269.26,288.47,31.45,20.23,45.40,79.77,31.89,34.37,2.48,2.48
2015,TN,Reading,8,All,264.77,243.81,266.70,288.05,33.67,24.35,42.84,75.65,29.77,32.81,3.04,3.04
2015,TX,Reading,8,All,260.66,240.27,262.89,283.86,34.59,27.53,44.46,72.47,25.54,28.01,2.47,2.47
2015,UT,Reading,8,All,269.43,249.71,271.80,291.80,33.00,19.47,42.58,80.53,34.12,37.95,3.83,3.83
2015,VT,Reading,8,All,273.96,253.41,276.16,296.92,33.03,16.72,39.46,83.28,38.23,43.82,5.59,5.59
2015,VA,Reading,8,All,266.84,245.71,269.57,290.60,34.16,22.70,41.41,77.30,32.50,35.89,3.39,3.39
2015,WA,Reading,8,All,267.25,245.46,270.09,292.30,36.01,23.20,39.39,76.80,32.98,37.42,4.43,4.43
2015,WV,Reading,8,All,260.19,240.02,262.83,282.91,32.84,27.72,45.06,72.28,25.54,27.21,1.67,1.67
2015,WI,Reading,8,All,269.53,248.54,272.15,292.91,33.88,20.67,40.36,79.33,34.72,38.97,4.25,4.25
2015,WY,Reading,8,All,268.80,249.69,270.59,289.82,30.93,19.04,44.98,80.96,33.04,35.98,2.94,2.94
2015,AL,Reading,8,White,266.87,248.43,268.21,287.47,30.78,19.53,47.69,80.47,30.29,32.78,2.49,2.49
2015,AK,Reading,8,White,275.96,257.38,278.15,296.96,30.52,13.54,40.49,86.46,41.36,45.97,4.62,4.62
2015,AZ,Reading,8,White,276.23,257.96,279.10,297.07,30.75,13.41,39.31,86.59,42.85,47.29,4.44,4.44
2015,AR,Reading,8,White,266.08,246.78,268.45,288.06,32.07,21.80,44.74,78.20,30.92,33.46,2.54,2.54
2015,CA,Reading,8,White,273.94,254.63,276.44,296.44,31.80,15.42,40.39,84.58,40.09,44.19,4.10,4.10
2015,CO,Reading,8,White,277.39,259.84,280.53,297.99,29.93,12.50,37.97,87.50,45.29,49.54,4.25,4.25
2015,CT,Reading,8,White,281.68,262.61,283.18,302.87,31.87,10.60,36.63,89.40,44.11,52.77,8.66,8.66
2015,DE,Reading,8,White,272.61,252.98,275.45,295.16,33.22,17.20,40.24,82.80,37.82,42.56,4.75,4.75
2015,DC,Reading,8,White,299.07,282.37,302.07,318.91,30.84,4.91,18.95,95.09,55.65,76.14,20.49,20.49
2015,FL,Reading,8,White,271.65,252.29,273.55,292.93,30.90,16.98,42.86,83.02,36.35,40.16,3.81,3.81
2015,GA,Reading,8,White,273.36,254.31,275.52,294.95,31.99,15.38,41.73,84.62,38.69,42.89,4.20,4.20
2015,HI,Reading,8,White,270.10,250.06,271.50,292.14,33.08,19.11,42.49,80.89,33.71,38.40,4.70,4.70
2015,ID,Reading,8,White,272.93,255.38,275.31,293.60,30.03,14.69,43.32,85.31,38.91,41.98,3.07,3.07
2015,IL,Reading,8,White,275.72,256.61,277.58,297.24,31.62,13.95,40.61,86.05,40.11,45.44,5.33,5.33
2015,IN,Reading,8,White,272.40,253.30,274.73,294.29,32.46,16.18,42.19,83.82,37.28,41.63,4.35,4.35
2015,IA,Reading,8,White,270.85,253.22,272.78,291.38,30.56,15.85,45.83,84.15,35.41,38.32,2.91,2.91
2015,KS,Reading,8,White,272.36,254.80,274.74,292.84,30.47,15.23,43.63,84.77,37.90,41.14,3.24,3.24
2015,KY,Reading,8,White,270.55,249.87,272.56,293.10,32.89,19.22,41.69,80.78,34.51,39.09,4.58,4.58
2015,LA,Reading,8,White,265.67,246.79,268.04,286.95,31.17,21.65,45.87,78.35,30.23,32.48,2.25,2.25
2015,ME,Reading,8,White,268.95,250.93,271.18,289.39,29.89,18.08,45.92,81.92,33.81,35.99,2.18,2.18
2015,MD,Reading,8,White,279.04,257.65,280.60,301.68,32.19,13.25,37.24,86.75,41.70,49.51,7.81,7.81
2015,MA,Reading,8,White,281.17,263.70,283.44,301.71,30.12,10.44,36.23,89.56,46.79,53.32,6.53,6.53
2015,MI,Reading,8,White,269.96,251.01,271.65,290.71,30.56,18.24,44.24,81.76,34.45,37.52,3.07,3.07
2015,MN,Reading,8,White,276.03,257.86,277.97,297.15,31.00,13.27,40.93,86.73,40.95,45.80,4.85,4.85
2015,MS,Reading,8,White,265.78,247.58,267.95,287.05,30.96,20.85,46.79,79.15,30.50,32.36,1.86,1.86
2015,MO,Reading,8,White,271.21,251.20,273.71,293.95,32.74,18.59,40.57,81.41,36.80,40.84,4.04,4.04
2015,MT,Reading,8,White,273.49,255.41,274.52,293.40,29.20,14.02,45.15,85.98,37.08,40.82,3.75,3.75
2015,NE,Reading,8,White,275.21,258.15,277.10,295.19,29.57,12.82,42.93,87.18,40.33,44.25,3.92,3.92
2015,NV,Reading,8,White,270.21,252.37,273.04,291.20,30.88,17.60,43.98,82.40,35.66,38.42,2.76,2.76
2015,NH,Reading,8,White,275.28,256.08,277.53,296.92,31.28,14.52,40.00,85.48,40.60,45.48,4.88,4.88
2015,NJ,Reading,8,White,278.02,259.12,279.95,299.49,31.19,12.36,39.16,87.64,42.40,48.48,6.08,6.08
2015,NM,Reading,8,White,268.04,250.09,270.02,288.74,29.86,18.34,46.90,81.66,32.77,34.75,1.98,1.98
2015,NY,Reading,8,White,272.71,251.45,274.83,295.87,33.43,18.34,38.87,81.66,37.41,42.79,5.38,5.38
2015,NC,Reading,8,White,270.55,251.52,273.48,293.81,35.70,18.83,40.88,81.17,35.16,40.29,5.13,5.13
2015,ND,Reading,8,White,270.09,252.77,271.96,289.27,27.85,15.95,47.53,84.05,34.77,36.53,1.76,1.76
2015,OH,Reading,8,White,270.85,250.15,273.44,294.12,33.34,18.87,40.56,81.13,36.19,40.57,4.38,4.38
2015,OK,Reading,8,White,267.55,250.42,271.10,288.10,30.24,19.11,46.06,80.89,33.15,34.83,1.68,1.68
2015,OR,Reading,8,White,273.78,254.12,275.39,295.57,31.45,15.83,41.54,84.17,37.84,42.63,4.79,4.79
2015,PA,Reading,8,White,276.35,257.23,278.79,298.44,31.67,14.36,38.48,85.64,41.88,47.16,5.28,5.28
2015,RI,Reading,8,White,274.54,254.93,276.74,296.71,32.29,15.25,40.32,84.75,39.45,44.43,4.98,4.98
2015,SC,Reading,8,White,270.60,252.33,272.33,291.08,30.44,16.69,45.42,83.31,34.66,37.90,3.23,3.23
2015,SD,Reading,8,White,270.93,253.28,272.58,290.42,29.01,15.60,46.45,84.40,35.39,37.95,2.56,2.56
2015,TN,Reading,8,White,270.49,251.40,272.05,291.83,31.57,17.81,44.11,82.19,34.33,38.08,3.75,3.75
2015,TX,Reading,8,White,273.95,256.04,275.68,295.10,31.40,14.45,43.03,85.55,38.17,42.52,4.35,4.35
2015,UT,Reading,8,White,273.99,255.28,275.79,294.77,30.82,14.89,42.40,85.11,38.28,42.71,4.42,4.42
2015,VT,Reading,8,White,274.68,254.24,276.60,297.08,32.10,15.85,39.92,84.15,38.69,44.23,5.54,5.54
2015,VA,Reading,8,White,274.13,254.77,276.47,295.80,31.42,15.43,40.62,84.57,39.60,43.95,4.35,4.35
2015,WA,Reading,8,White,275.43,255.65,277.47,297.39,32.18,15.13,39.53,84.87,39.66,45.34,5.68,5.68
2015,WV,Reading,8,White,260.51,240.66,263.12,282.96,32.73,27.14,45.55,72.86,25.61,27.32,1.71,1.71
2015,WI,Reading,8,White,274.97,256.16,277.08,296.03,31.24,14.47,41.00,85.53,39.73,44.53,4.80,4.80
2015,WY,Reading,8,White,272.06,253.56,273.51,292.15,29.40,15.74,44.91,84.26,36.05,39.35,3.30,3.30
2015,AL,Reading,8,Black,243.24,223.56,247.09,266.10,34.20,45.06,43.38,54.94,11.29,11.55,999.00,999.00
2015,AK,Reading,8,Black,247.99,230.23,253.28,270.93,32.49,37.24,49.07,62.76,13.49,13.68,999.00,999.00
2015,AZ,Reading,8,Black,249.47,229.19,251.02,274.32,36.03,39.54,41.29,60.46,18.06,19.16,1.10,1.10
2015,AR,Reading,8,Black,238.35,215.95,240.75,261.45,33.20,52.59,39.05,47.41,7.93,8.36,999.00,999.00
2015,CA,Reading,8,Black,248.19,226.19,250.90,271.04,33.33,40.38,43.89,59.62,15.16,15.74,0.58,0.58
2015,CO,Reading,8,Black,254.96,236.87,256.62,276.29,32.26,32.12,47.94,67.88,19.02,19.94,0.92,0.92
2015,CT,Reading,8,Black,250.87,228.55,251.26,274.47,34.41,40.18,39.94,59.82,18.79,19.89,1.10,1.10
2015,DE,Reading,8,Black,248.88,228.74,251.81,271.88,33.59,39.33,44.82,60.67,15.15,15.86,0.71,0.71
2015,DC,Reading,8,Black,241.62,218.89,243.64,265.54,34.87,49.28,38.54,50.72,11.54,12.18,0.63,0.63
2015,FL,Reading,8,Black,251.14,233.23,251.93,271.22,30.23,36.81,47.92,63.19,14.54,15.27,0.72,0.72
2015,GA,Reading,8,Black,248.35,227.61,250.72,271.09,33.40,40.55,43.99,59.45,14.64,15.46,0.82,0.82
2015,HI,Reading,8,Black,257.73,239.13,261.89,279.30,31.01,29.15,48.25,70.85,22.04,22.60,0.56,0.56
2015,ID,Reading,8,Black,999.00,999.00,999.00,999.00,999.00,999.00,999.00,999.00,999.00,999.00,999.00,999.00
2015,IL,Reading,8,Black,246.55,226.38,248.11,267.63,31.44,43.73,43.30,56.27,12.26,12.97,0.71,0.71
2015,IN,Reading,8,Black,252.18,230.99,253.75,274.81,34.08,37.47,43.81,62.53,17.33,18.72,1.39,1.39
2015,IA,Reading,8,Black,245.20,224.29,246.40,266.62,32.49,45.53,41.38,54.47,12.60,13.09,999.00,999.00
2015,KS,Reading,8,Black,246.46,226.50,248.65,269.83,32.92,42.85,43.27,57.15,13.35,13.87,0.52,0.52
2015,KY,Reading,8,Black,246.82,225.89,247.66,268.77,31.92,44.48,40.86,55.52,14.00,14.66,0.66,0.66
2015,LA,Reading,8,Black,243.21,222.67,244.32,265.45,32.38,48.20,39.85,51.80,11.71,11.95,999.00,999.00
2015,ME,Reading,8,Black,246.30,222.99,246.13,270.29,33.05,46.16,37.72,53.84,15.43,16.12,0.69,0.69
2015,MD,Reading,8,Black,251.18,229.60,251.71,274.05,33.14,39.51,41.57,60.49,17.85,18.92,1.07,1.07
2015,MA,Reading,8,Black,251.97,232.66,252.51,273.64,32.37,37.03,44.71,62.97,17.38,18.26,0.88,0.88
2015,MI,Reading,8,Black,243.02,224.28,244.99,263.43,29.20,47.22,44.10,52.78,8.60,8.67,999.00,999.00
2015,MN,Reading,8,Black,246.82,223.93,251.39,272.97,35.64,40.92,42.98,59.08,15.86,16.10,999.00,999.00
2015,MS,Reading,8,Black,239.86,220.81,241.83,261.14,31.64,51.49,40.25,48.51,8.01,8.26,999.00,999.00
2015,MO,Reading,8,Black,245.99,226.87,248.30,269.18,33.28,43.28,42.95,56.72,13.45,13.77,999.00,999.00
2015,MT,Reading,8,Black,999.00,999.00,999.00,999.00,999.00,999.00,999.00,999.00,999.00,999.00,999.00,999.00
2015,NE,Reading,8,Black,245.39,223.64,247.75,270.17,32.75,44.58,41.07,55.42,14.15,14.35,999.00,999.00
2015,NV,Reading,8,Black,248.60,229.72,250.39,269.74,32.89,40.32,43.78,59.68,15.28,15.90,0.62,0.62
2015,NH,Reading,8,Black,999.00,999.00,999.00,999.00,999.00,999.00,999.00,999.00,999.00,999.00,999.00,999.00
2015,NJ,Reading,8,Black,252.91,231.63,254.94,275.98,34.34,35.93,43.71,64.07,18.90,20.36,1.46,1.46
2015,NM,Reading,8,Black,999.00,999.00,999.00,999.00,999.00,999.00,999.00,999.00,999.00,999.00,999.00,999.00
2015,NY,Reading,8,Black,247.97,224.59,250.26,273.25,35.08,42.28,40.25,57.72,16.81,17.47,0.66,0.66
2015,NC,Reading,8,Black,243.23,220.91,246.62,267.53,35.47,45.76,41.35,54.24,12.28,12.89,0.61,0.61
2015,ND,Reading,8,Black,254.64,237.68,256.69,273.01,25.92,31.01,53.99,68.99,14.84,15.00,999.00,999.00
2015,OH,Reading,8,Black,245.24,225.03,246.64,267.84,34.13,45.39,40.98,54.61,12.86,13.63,0.77,0.77
2015,OK,Reading,8,Black,244.32,224.68,248.31,266.97,31.44,43.46,47.28,56.54,9.19,9.26,999.00,999.00
2015,OR,Reading,8,Black,999.00,999.00,999.00,999.00,999.00,999.00,999.00,999.00,999.00,999.00,999.00,999.00
2015,PA,Reading,8,Black,244.72,224.52,245.24,266.93,32.58,47.01,39.52,52.99,13.13,13.48,999.00,999.00
2015,RI,Reading,8,Black,247.51,228.35,251.04,270.12,33.83,39.63,45.82,60.37,14.11,14.55,999.00,999.00
2015,SC,Reading,8,Black,243.60,223.64,244.70,265.53,31.82,47.79,40.99,52.21,10.93,11.22,999.00,999.00
2015,SD,Reading,8,Black,259.27,240.41,260.38,279.14,28.79,26.61,50.70,73.39,21.78,22.69,0.90,0.90
2015,TN,Reading,8,Black,246.87,225.38,247.65,269.12,31.88,44.15,40.63,55.85,14.87,15.21,999.00,999.00
2015,TX,Reading,8,Black,251.26,230.84,252.63,274.84,35.62,37.99,42.56,62.01,17.93,19.45,1.53,1.53
2015,UT,Reading,8,Black,999.00,999.00,999.00,999.00,999.00,999.00,999.00,999.00,999.00,999.00,999.00,999.00
2015,VT,Reading,8,Black,999.00,999.00,999.00,999.00,999.00,999.00,999.00,999.00,999.00,999.00,999.00,999.00
2015,VA,Reading,8,Black,249.30,228.53,252.52,272.41,33.48,38.81,45.11,61.19,15.43,16.08,0.64,0.64
2015,WA,Reading,8,Black,250.00,226.51,255.24,277.72,38.91,37.35,41.09,62.65,20.21,21.57,1.36,1.36
2015,WV,Reading,8,Black,250.19,223.89,252.16,275.26,33.84,40.87,38.76,59.13,19.96,20.37,999.00,999.00
2015,WI,Reading,8,Black,240.86,220.32,241.61,262.69,32.60,51.76,38.32,48.24,9.32,9.92,0.61,0.61
2015,WY,Reading,8,Black,999.00,999.00,999.00,999.00,999.00,999.00,999.00,999.00,999.00,999.00,999.00,999.00
2015,AL,Reading,8,Hispanic,252.48,232.89,255.85,275.48,36.06,35.09,44.31,64.91,18.91,20.60,1.68,1.68
2015,AK,Reading,8,Hispanic,262.73,243.89,266.99,285.07,31.57,24.54,44.80,75.46,29.54,30.66,1.12,1.12
2015,AZ,Reading,8,Hispanic,254.22,234.71,255.76,275.78,31.57,33.76,46.73,66.24,18.59,19.51,0.92,0.92
2015,AR,Reading,8,Hispanic,254.93,236.09,257.84,277.54,34.89,31.98,47.02,68.02,19.40,21.00,1.60,1.60
2015,CA,Reading,8,Hispanic,248.55,227.43,252.44,273.41,35.56,39.15,43.25,60.85,16.97,17.59,0.63,0.63
2015,CO,Reading,8,Hispanic,253.41,231.76,255.87,276.65,33.89,35.71,43.59,64.29,19.57,20.70,1.13,1.13
2015,CT,Reading,8,Hispanic,255.65,236.10,259.69,279.45,35.86,30.78,45.94,69.22,21.57,23.28,1.72,1.72
2015,DE,Reading,8,Hispanic,252.86,233.40,255.40,274.60,32.61,34.85,46.93,65.15,17.27,18.22,0.94,0.94
2015,DC,Reading,8,Hispanic,248.61,227.82,252.48,274.01,38.21,39.41,41.95,60.59,17.10,18.64,1.54,1.54
2015,FL,Reading,8,Hispanic,259.83,239.96,261.63,282.13,31.51,27.99,45.74,72.01,25.04,26.27,1.22,1.22
2015,GA,Reading,8,Hispanic,256.50,237.40,258.51,277.49,32.00,30.35,48.68,69.65,19.47,20.97,1.51,1.51
2015,HI,Reading,8,Hispanic,257.64,236.23,260.27,282.51,35.46,31.64,41.89,68.36,24.43,26.47,2.04,2.04
2015,ID,Reading,8,Hispanic,253.03,234.35,256.17,275.66,32.98,33.37,47.52,66.63,18.39,19.11,0.72,0.72
2015,IL,Reading,8,Hispanic,256.52,238.35,259.11,278.41,33.06,29.72,48.33,70.28,20.73,21.95,1.22,1.22
2015,IN,Reading,8,Hispanic,257.34,237.75,260.98,280.78,34.69,29.98,45.05,70.02,23.57,24.97,1.40,1.40
2015,IA,Reading,8,Hispanic,255.70,237.73,257.99,276.04,29.39,30.42,50.90,69.58,18.23,18.68,999.00,999.00
2015,KS,Reading,8,Hispanic,254.30,233.75,256.11,276.83,31.81,33.81,45.89,66.19,19.39,20.31,0.92,0.92
2015,KY,Reading,8,Hispanic,266.28,247.89,266.69,285.90,30.12,20.31,49.03,79.69,27.99,30.66,2.67,2.67
2015,LA,Reading,8,Hispanic,257.60,238.13,261.90,281.43,34.51,29.31,45.53,70.69,24.01,25.16,1.15,1.15
2015,ME,Reading,8,Hispanic,999.00,999.00,999.00,999.00,999.00,999.00,999.00,999.00,999.00,999.00,999.00,999.00
2015,MD,Reading,8,Hispanic,258.24,236.43,259.89,283.02,35.15,30.71,42.50,69.29,24.75,26.79,2.04,2.04
2015,MA,Reading,8,Hispanic,248.99,229.37,252.29,273.07,34.96,38.78,43.81,61.22,16.94,17.40,999.00,999.00
2015,MI,Reading,8,Hispanic,262.69,240.11,264.65,286.32,34.93,27.29,41.31,72.71,28.54,31.40,2.86,2.86
2015,MN,Reading,8,Hispanic,259.98,236.89,261.76,284.31,36.95,29.85,41.57,70.15,24.64,28.58,3.93,3.93
2015,MS,Reading,8,Hispanic,999.00,999.00,999.00,999.00,999.00,999.00,999.00,999.00,999.00,999.00,999.00,999.00
2015,MO,Reading,8,Hispanic,258.33,233.85,264.22,284.32,36.13,30.97,40.15,69.03,27.22,28.89,1.67,1.67
2015,MT,Reading,8,Hispanic,256.91,236.13,260.23,278.35,31.61,30.11,48.25,69.89,20.37,21.64,1.27,1.27
2015,NE,Reading,8,Hispanic,256.78,237.91,258.47,277.06,30.63,30.66,48.48,69.34,19.88,20.87,0.98,0.98
2015,NV,Reading,8,Hispanic,250.01,229.76,252.28,272.49,32.87,38.56,44.61,61.44,16.26,16.83,0.57,0.57
2015,NH,Reading,8,Hispanic,262.48,243.26,265.81,287.28,35.57,25.32,42.91,74.68,29.28,31.77,2.49,2.49
2015,NJ,Reading,8,Hispanic,254.44,234.55,257.01,277.60,34.63,33.29,45.35,66.71,20.24,21.37,1.13,1.13
2015,NM,Reading,8,Hispanic,249.21,229.80,251.62,271.00,31.41,39.02,46.13,60.98,14.45,14.85,999.00,999.00
2015,NY,Reading,8,Hispanic,253.65,231.65,256.42,277.97,36.42,34.93,42.99,65.07,20.14,22.08,1.94,1.94
2015,NC,Reading,8,Hispanic,251.96,233.06,256.55,276.90,36.90,34.33,44.81,65.67,19.84,20.86,1.02,1.02
2015,ND,Reading,8,Hispanic,260.68,242.87,263.66,281.63,30.20,24.70,49.93,75.30,24.50,25.37,0.87,0.87
2015,OH,Reading,8,Hispanic,255.49,233.70,261.08,282.78,38.30,31.85,41.67,68.15,25.01,26.48,1.47,1.47
2015,OK,Reading,8,Hispanic,256.87,238.29,258.87,278.41,31.19,30.34,47.46,69.66,21.65,22.20,0.55,0.55
2015,OR,Reading,8,Hispanic,252.11,233.68,254.96,273.94,33.02,34.99,47.33,65.01,16.69,17.68,1.00,1.00
2015,PA,Reading,8,Hispanic,249.60,227.53,253.33,273.82,37.45,39.14,42.46,60.86,16.34,18.40,2.05,2.05
2015,RI,Reading,8,Hispanic,244.88,223.70,248.42,269.86,35.93,42.88,42.24,57.12,14.49,14.88,999.00,999.00
2015,SC,Reading,8,Hispanic,249.43,227.64,251.24,272.28,33.02,40.74,42.60,59.26,15.91,16.65,0.74,0.74
2015,SD,Reading,8,Hispanic,260.12,244.09,261.03,278.21,27.75,24.29,53.94,75.71,21.58,21.77,999.00,999.00
2015,TN,Reading,8,Hispanic,256.76,236.07,258.41,279.70,32.53,31.71,44.87,68.29,22.27,23.42,1.15,1.15
2015,TX,Reading,8,Hispanic,252.49,232.98,255.34,274.73,32.91,34.90,46.56,65.10,17.73,18.54,0.81,0.81
2015,UT,Reading,8,Hispanic,251.68,230.69,254.44,275.66,35.02,36.71,43.68,63.29,18.63,19.61,0.99,0.99
2015,VT,Reading,8,Hispanic,999.00,999.00,999.00,999.00,999.00,999.00,999.00,999.00,999.00,999.00,999.00,999.00
2015,VA,Reading,8,Hispanic,257.46,234.98,260.25,281.04,32.95,32.43,42.35,67.57,23.93,25.22,1.29,1.29
2015,WA,Reading,8,Hispanic,250.03,227.68,252.70,274.94,35.52,39.30,41.39,60.70,18.24,19.31,1.07,1.07
2015,WV,Reading,8,Hispanic,999.00,999.00,999.00,999.00,999.00,999.00,999.00,999.00,999.00,999.00,999.00,999.00
2015,WI,Reading,8,Hispanic,254.83,230.40,255.30,279.38,35.38,38.52,37.84,61.48,20.92,23.64,2.72,2.72
2015,WY,Reading,8,Hispanic,258.23,239.00,261.11,279.96,31.20,28.35,48.01,71.65,22.56,23.64,1.07,1.07
2015,AL,Reading,8,Asian,999.00,999.00,999.00,999.00,999.00,999.00,999.00,999.00,999.00,999.00,999.00,999.00
2015,AK,Reading,8,Asian,255.07,235.92,256.30,276.76,31.90,33.18,46.40,66.82,19.24,20.43,1.19,1.19
2015,AZ,Reading,8,Asian,999.00,999.00,999.00,999.00,999.00,999.00,999.00,999.00,999.00,999.00,999.00,999.00
2015,AR,Reading,8,Asian,262.00,236.73,263.50,290.09,40.67,30.80,37.19,69.20,25.18,32.00,6.83,6.83
2015,CA,Reading,8,Asian,278.50,258.22,280.12,301.08,33.51,13.83,37.26,86.17,40.50,48.91,8.41,8.41
2015,CO,Reading,8,Asian,287.82,268.34,290.77,309.27,30.33,8.84,28.54,91.16,51.18,62.62,11.44,11.44
2015,CT,Reading,8,Asian,282.67,261.95,285.01,304.72,31.76,12.22,32.45,87.78,45.65,55.33,9.68,9.68
2015,DE,Reading,8,Asian,284.25,265.59,286.96,306.54,34.02,10.92,30.35,89.08,48.21,58.72,10.51,10.51
2015,DC,Reading,8,Asian,999.00,999.00,999.00,999.00,999.00,999.00,999.00,999.00,999.00,999.00,999.00,999.00
2015,FL,Reading,8,Asian,282.96,265.06,285.35,304.07,29.56,7.86,37.11,92.14,48.53,55.04,6.51,6.51
2015,GA,Reading,8,Asian,280.43,260.95,281.34,303.11,32.52,11.32,37.85,88.68,42.86,50.83,7.98,7.98
2015,HI,Reading,8,Asian,254.30,232.03,256.23,278.60,35.27,35.37,41.85,64.63,20.97,22.78,1.80,1.80
2015,ID,Reading,8,Asian,999.00,999.00,999.00,999.00,999.00,999.00,999.00,999.00,999.00,999.00,999.00,999.00
2015,IL,Reading,8,Asian,289.95,273.25,291.85,309.89,30.96,5.68,29.30,94.32,52.96,65.01,12.06,12.06
2015,IN,Reading,8,Asian,999.00,999.00,999.00,999.00,999.00,999.00,999.00,999.00,999.00,999.00,999.00,999.00
2015,IA,Reading,8,Asian,999.00,999.00,999.00,999.00,999.00,999.00,999.00,999.00,999.00,999.00,999.00,999.00
2015,KS,Reading,8,Asian,286.75,261.22,290.12,312.62,37.05,12.96,28.79,87.04,41.31,58.25,16.93,16.93
2015,KY,Reading,8,Asian,274.99,248.33,284.31,305.83,43.08,22.71,24.78,77.29,41.31,52.51,11.20,11.20
2015,LA,Reading,8,Asian,999.00,999.00,999.00,999.00,999.00,999.00,999.00,999.00,999.00,999.00,999.00,999.00
2015,ME,Reading,8,Asian,999.00,999.00,999.00,999.00,999.00,999.00,999.00,999.00,999.00,999.00,999.00,999.00
2015,MD,Reading,8,Asian,291.04,270.53,292.12,313.50,31.92,7.09,28.97,92.91,48.21,63.93,15.72,15.72
2015,MA,Reading,8,Asian,290.03,269.32,293.84,316.18,37.58,10.34,25.21,89.66,46.12,64.45,18.32,18.32
2015,MI,Reading,8,Asian,281.08,258.57,283.38,304.72,33.57,13.04,35.26,86.96,41.43,51.70,10.27,10.27
2015,MN,Reading,8,Asian,263.62,242.71,265.34,288.55,35.94,25.29,42.85,74.71,27.92,31.86,3.94,3.94
2015,MS,Reading,8,Asian,999.00,999.00,999.00,999.00,999.00,999.00,999.00,999.00,999.00,999.00,999.00,999.00
2015,MO,Reading,8,Asian,999.00,999.00,999.00,999.00,999.00,999.00,999.00,999.00,999.00,999.00,999.00,999.00
2015,MT,Reading,8,Asian,999.00,999.00,999.00,999.00,999.00,999.00,999.00,999.00,999.00,999.00,999.00,999.00
2015,NE,Reading,8,Asian,999.00,999.00,999.00,999.00,999.00,999.00,999.00,999.00,999.00,999.00,999.00,999.00
2015,NV,Reading,8,Asian,273.48,250.68,277.29,298.27,35.25,19.75,34.27,80.25,40.25,45.98,5.72,5.72
2015,NH,Reading,8,Asian,287.09,271.97,288.72,306.70,29.78,7.12,30.46,92.88,52.91,62.43,9.51,9.51
2015,NJ,Reading,8,Asian,294.07,273.76,296.93,316.39,31.41,6.87,24.17,93.13,51.38,68.96,17.58,17.58
2015,NM,Reading,8,Asian,999.00,999.00,999.00,999.00,999.00,999.00,999.00,999.00,999.00,999.00,999.00,999.00
2015,NY,Reading,8,Asian,272.43,251.20,274.40,297.26,37.19,19.33,38.36,80.67,34.78,42.31,7.54,7.54
2015,NC,Reading,8,Asian,278.43,258.31,284.32,303.35,34.46,14.15,32.10,85.85,46.53,53.75,7.22,7.22
2015,ND,Reading,8,Asian,999.00,999.00,999.00,999.00,999.00,999.00,999.00,999.00,999.00,999.00,999.00,999.00
2015,OH,Reading,8,Asian,272.02,237.61,279.02,307.70,46.62,27.91,23.20,72.09,36.18,48.89,12.71,12.71
2015,OK,Reading,8,Asian,999.00,999.00,999.00,999.00,999.00,999.00,999.00,999.00,999.00,999.00,999.00,999.00
2015,OR,Reading,8,Asian,269.73,250.94,271.79,291.58,33.30,18.65,43.63,81.35,33.25,37.72,4.47,4.47
2015,PA,Reading,8,Asian,289.16,269.34,292.92,314.25,35.65,11.19,25.24,88.81,47.18,63.56,16.38,16.38
2015,RI,Reading,8,Asian,277.07,254.44,281.94,304.97,41.58,19.57,29.72,80.43,37.65,50.71,13.06,13.06
2015,SC,Reading,8,Asian,999.00,999.00,999.00,999.00,999.00,999.00,999.00,999.00,999.00,999.00,999.00,999.00
2015,SD,Reading,8,Asian,999.00,999.00,999.00,999.00,999.00,999.00,999.00,999.00,999.00,999.00,999.00,999.00
2015,TN,Reading,8,Asian,999.00,999.00,999.00,999.00,999.00,999.00,999.00,999.00,999.00,999.00,999.00,999.00
2015,TX,Reading,8,Asian,282.57,260.37,286.48,307.55,35.78,11.79,33.25,88.21,43.33,54.96,11.63,11.63
2015,UT,Reading,8,Asian,260.64,238.70,262.62,283.26,34.48,28.29,44.47,71.71,23.26,27.24,3.98,3.98
2015,VT,Reading,8,Asian,999.00,999.00,999.00,999.00,999.00,999.00,999.00,999.00,999.00,999.00,999.00,999.00
2015,VA,Reading,8,Asian,286.93,269.39,289.43,307.51,29.87,7.97,31.14,92.03,51.22,60.89,9.68,9.68
2015,WA,Reading,8,Asian,278.90,258.80,282.56,302.30,35.37,13.94,34.19,86.06,43.46,51.88,8.42,8.42
2015,WV,Reading,8,Asian,999.00,999.00,999.00,999.00,999.00,999.00,999.00,999.00,999.00,999.00,999.00,999.00
2015,WI,Reading,8,Asian,271.05,247.74,271.95,297.22,33.91,21.07,39.32,78.93,34.23,39.61,5.38,5.38
2015,WY,Reading,8,Asian,999.00,999.00,999.00,999.00,999.00,999.00,999.00,999.00,999.00,999.00,999.00,999.00
2015,AL,Reading,8,American Indian or Alaskan Native,999.00,999.00,999.00,999.00,999.00,999.00,999.00,999.00,999.00,999.00,999.00,999.00
2015,AK,Reading,8,American Indian or Alaskan Native,231.03,206.66,233.76,257.92,37.68,60.18,31.23,39.82,8.49,8.59,999.00,999.00
2015,AZ,Reading,8,American Indian or Alaskan Native,243.72,222.60,245.26,268.72,36.71,47.15,38.17,52.85,14.00,14.68,0.68,0.68
2015,AR,Reading,8,American Indian or Alaskan Native,999.00,999.00,999.00,999.00,999.00,999.00,999.00,999.00,999.00,999.00,999.00,999.00
2015,CA,Reading,8,American Indian or Alaskan Native,999.00,999.00,999.00,999.00,999.00,999.00,999.00,999.00,999.00,999.00,999.00,999.00
2015,CO,Reading,8,American Indian or Alaskan Native,999.00,999.00,999.00,999.00,999.00,999.00,999.00,999.00,999.00,999.00,999.00,999.00
2015,CT,Reading,8,American Indian or Alaskan Native,999.00,999.00,999.00,999.00,999.00,999.00,999.00,999.00,999.00,999.00,999.00,999.00
2015,DE,Reading,8,American Indian or Alaskan Native,999.00,999.00,999.00,999.00,999.00,999.00,999.00,999.00,999.00,999.00,999.00,999.00
2015,DC,Reading,8,American Indian or Alaskan Native,999.00,999.00,999.00,999.00,999.00,999.00,999.00,999.00,999.00,999.00,999.00,999.00
2015,FL,Reading,8,American Indian or Alaskan Native,999.00,999.00,999.00,999.00,999.00,999.00,999.00,999.00,999.00,999.00,999.00,999.00
2015,GA,Reading,8,American Indian or Alaskan Native,999.00,999.00,999.00,999.00,999.00,999.00,999.00,999.00,999.00,999.00,999.00,999.00
2015,HI,Reading,8,American Indian or Alaskan Native,999.00,999.00,999.00,999.00,999.00,999.00,999.00,999.00,999.00,999.00,999.00,999.00
2015,ID,Reading,8,American Indian or Alaskan Native,999.00,999.00,999.00,999.00,999.00,999.00,999.00,999.00,999.00,999.00,999.00,999.00
2015,IL,Reading,8,American Indian or Alaskan Native,999.00,999.00,999.00,999.00,999.00,999.00,999.00,999.00,999.00,999.00,999.00,999.00
2015,IN,Reading,8,American Indian or Alaskan Native,999.00,999.00,999.00,999.00,999.00,999.00,999.00,999.00,999.00,999.00,999.00,999.00
2015,IA,Reading,8,American Indian or Alaskan Native,999.00,999.00,999.00,999.00,999.00,999.00,999.00,999.00,999.00,999.00,999.00,999.00
2015,KS,Reading,8,American Indian or Alaskan Native,999.00,999.00,999.00,999.00,999.00,999.00,999.00,999.00,999.00,999.00,999.00,999.00
2015,KY,Reading,8,American Indian or Alaskan Native,999.00,999.00,999.00,999.00,999.00,999.00,999.00,999.00,999.00,999.00,999.00,999.00
2015,LA,Reading,8,American Indian or Alaskan Native,999.00,999.00,999.00,999.00,999.00,999.00,999.00,999.00,999.00,999.00,999.00,999.00
2015,ME,Reading,8,American Indian or Alaskan Native,999.00,999.00,999.00,999.00,999.00,999.00,999.00,999.00,999.00,999.00,999.00,999.00
2015,MD,Reading,8,American Indian or Alaskan Native,999.00,999.00,999.00,999.00,999.00,999.00,999.00,999.00,999.00,999.00,999.00,999.00
2015,MA,Reading,8,American Indian or Alaskan Native,999.00,999.00,999.00,999.00,999.00,999.00,999.00,999.00,999.00,999.00,999.00,999.00
2015,MI,Reading,8,American Indian or Alaskan Native,999.00,999.00,999.00,999.00,999.00,999.00,999.00,999.00,999.00,999.00,999.00,999.00
2015,MN,Reading,8,American Indian or Alaskan Native,250.43,225.21,251.44,276.53,40.78,40.54,37.21,59.46,18.59,22.25,3.66,3.66
2015,MS,Reading,8,American Indian or Alaskan Native,999.00,999.00,999.00,999.00,999.00,999.00,999.00,999.00,999.00,999.00,999.00,999.00
2015,MO,Reading,8,American Indian or Alaskan Native,999.00,999.00,999.00,999.00,999.00,999.00,999.00,999.00,999.00,999.00,999.00,999.00
2015,MT,Reading,8,American Indian or Alaskan Native,248.87,230.66,250.26,268.66,29.82,40.17,46.92,59.83,12.54,12.92,999.00,999.00
2015,NE,Reading,8,American Indian or Alaskan Native,999.00,999.00,999.00,999.00,999.00,999.00,999.00,999.00,999.00,999.00,999.00,999.00
2015,NV,Reading,8,American Indian or Alaskan Native,999.00,999.00,999.00,999.00,999.00,999.00,999.00,999.00,999.00,999.00,999.00,999.00
2015,NH,Reading,8,American Indian or Alaskan Native,999.00,999.00,999.00,999.00,999.00,999.00,999.00,999.00,999.00,999.00,999.00,999.00
2015,NJ,Reading,8,American Indian or Alaskan Native,999.00,999.00,999.00,999.00,999.00,999.00,999.00,999.00,999.00,999.00,999.00,999.00
2015,NM,Reading,8,American Indian or Alaskan Native,242.63,217.71,244.74,269.77,38.74,48.23,36.05,51.77,14.69,15.72,1.03,1.03
2015,NY,Reading,8,American Indian or Alaskan Native,999.00,999.00,999.00,999.00,999.00,999.00,999.00,999.00,999.00,999.00,999.00,999.00
2015,NC,Reading,8,American Indian or Alaskan Native,249.55,218.64,250.01,283.98,44.38,44.37,28.84,55.63,22.68,26.79,4.11,4.11
2015,ND,Reading,8,American Indian or Alaskan Native,245.35,222.84,246.27,269.75,36.60,45.48,38.64,54.52,14.72,15.88,1.16,1.16
2015,OH,Reading,8,American Indian or Alaskan Native,999.00,999.00,999.00,999.00,999.00,999.00,999.00,999.00,999.00,999.00,999.00,999.00
2015,OK,Reading,8,American Indian or Alaskan Native,260.59,243.03,264.41,283.17,35.89,25.02,47.58,74.98,25.46,27.40,1.94,1.94
2015,OR,Reading,8,American Indian or Alaskan Native,999.00,999.00,999.00,999.00,999.00,999.00,999.00,999.00,999.00,999.00,999.00,999.00
2015,PA,Reading,8,American Indian or Alaskan Native,999.00,999.00,999.00,999.00,999.00,999.00,999.00,999.00,999.00,999.00,999.00,999.00
2015,RI,Reading,8,American Indian or Alaskan Native,999.00,999.00,999.00,999.00,999.00,999.00,999.00,999.00,999.00,999.00,999.00,999.00
2015,SC,Reading,8,American Indian or Alaskan Native,999.00,999.00,999.00,999.00,999.00,999.00,999.00,999.00,999.00,999.00,999.00,999.00
2015,SD,Reading,8,American Indian or Alaskan Native,246.74,223.31,246.48,269.31,35.10,45.44,38.40,54.56,14.42,16.16,1.74,1.74
2015,TN,Reading,8,American Indian or Alaskan Native,999.00,999.00,999.00,999.00,999.00,999.00,999.00,999.00,999.00,999.00,999.00,999.00
2015,TX,Reading,8,American Indian or Alaskan Native,999.00,999.00,999.00,999.00,999.00,999.00,999.00,999.00,999.00,999.00,999.00,999.00
2015,UT,Reading,8,American Indian or Alaskan Native,247.12,224.33,244.15,265.92,34.81,48.71,37.00,51.29,10.60,14.29,3.69,3.69
2015,VT,Reading,8,American Indian or Alaskan Native,999.00,999.00,999.00,999.00,999.00,999.00,999.00,999.00,999.00,999.00,999.00,999.00
2015,VA,Reading,8,American Indian or Alaskan Native,999.00,999.00,999.00,999.00,999.00,999.00,999.00,999.00,999.00,999.00,999.00,999.00
2015,WA,Reading,8,American Indian or Alaskan Native,251.48,225.93,252.95,276.77,38.59,40.98,37.87,59.02,17.68,21.15,3.46,3.46
2015,WV,Reading,8,American Indian or Alaskan Native,999.00,999.00,999.00,999.00,999.00,999.00,999.00,999.00,999.00,999.00,999.00,999.00
2015,WI,Reading,8,American Indian or Alaskan Native,252.80,231.77,256.11,276.99,35.18,34.38,44.22,65.62,20.42,21.40,0.97,0.97
2015,WY,Reading,8,American Indian or Alaskan Native,999.00,999.00,999.00,999.00,999.00,999.00,999.00,999.00,999.00,999.00,999.00,999.00
2015,AL,Reading,8,Hawaiian,999.00,999.00,999.00,999.00,999.00,999.00,999.00,999.00,999.00,999.00,999.00,999.00
2015,AK,Reading,8,Hawaiian,270.01,250.71,273.37,291.81,31.61,19.59,41.52,80.41,35.79,38.89,3.10,3.10
2015,AZ,Reading,8,Hawaiian,999.00,999.00,999.00,999.00,999.00,999.00,999.00,999.00,999.00,999.00,999.00,999.00
2015,AR,Reading,8,Hawaiian,999.00,999.00,999.00,999.00,999.00,999.00,999.00,999.00,999.00,999.00,999.00,999.00
2015,CA,Reading,8,Hawaiian,262.97,246.79,266.01,287.24,33.90,23.23,45.32,76.77,30.37,31.45,1.09,1.09
2015,CO,Reading,8,Hawaiian,272.24,250.03,274.95,297.69,36.75,18.99,37.81,81.01,36.88,43.20,6.32,6.32
2015,CT,Reading,8,Hawaiian,999.00,999.00,999.00,999.00,999.00,999.00,999.00,999.00,999.00,999.00,999.00,999.00
2015,DE,Reading,8,Hawaiian,999.00,999.00,999.00,999.00,999.00,999.00,999.00,999.00,999.00,999.00,999.00,999.00
2015,DC,Reading,8,Hawaiian,999.00,999.00,999.00,999.00,999.00,999.00,999.00,999.00,999.00,999.00,999.00,999.00
2015,FL,Reading,8,Hawaiian,261.39,239.11,260.61,285.62,32.29,29.56,41.21,70.44,25.95,29.23,3.28,3.28
2015,GA,Reading,8,Hawaiian,279.04,256.81,279.45,304.10,38.42,15.65,35.38,84.35,37.77,48.97,11.20,11.20
2015,HI,Reading,8,Hawaiian,263.57,244.71,266.90,286.58,34.58,23.79,44.49,76.21,28.58,31.72,3.14,3.14
2015,ID,Reading,8,Hawaiian,999.00,999.00,999.00,999.00,999.00,999.00,999.00,999.00,999.00,999.00,999.00,999.00
2015,IL,Reading,8,Hawaiian,999.00,999.00,999.00,999.00,999.00,999.00,999.00,999.00,999.00,999.00,999.00,999.00
2015,IN,Reading,8,Hawaiian,259.50,236.05,260.92,283.49,33.23,31.60,41.23,68.40,24.92,27.17,2.25,2.25
2015,IA,Reading,8,Hawaiian,999.00,999.00,999.00,999.00,999.00,999.00,999.00,999.00,999.00,999.00,999.00,999.00
2015,KS,Reading,8,Hawaiian,257.59,237.69,259.38,278.67,34.02,31.01,45.94,68.99,20.45,23.06,2.60,2.60
2015,KY,Reading,8,Hawaiian,261.23,241.13,264.61,284.05,34.54,26.28,45.39,73.72,25.68,28.33,2.64,2.64
2015,LA,Reading,8,Hawaiian,999.00,999.00,999.00,999.00,999.00,999.00,999.00,999.00,999.00,999.00,999.00,999.00
2015,ME,Reading,8,Hawaiian,999.00,999.00,999.00,999.00,999.00,999.00,999.00,999.00,999.00,999.00,999.00,999.00
2015,MD,Reading,8,Hawaiian,274.64,252.80,276.72,296.70,32.07,16.46,38.89,83.54,39.38,44.65,5.27,5.27
2015,MA,Reading,8,Hawaiian,278.69,252.38,277.51,307.95,36.27,17.05,35.04,82.95,33.98,47.91,13.93,13.93
2015,MI,Reading,8,Hawaiian,999.00,999.00,999.00,999.00,999.00,999.00,999.00,999.00,999.00,999.00,999.00,999.00
2015,MN,Reading,8,Hawaiian,259.96,241.81,261.21,282.22,30.76,25.95,48.44,74.05,24.53,25.61,1.08,1.08
2015,MS,Reading,8,Hawaiian,999.00,999.00,999.00,999.00,999.00,999.00,999.00,999.00,999.00,999.00,999.00,999.00
2015,MO,Reading,8,Hawaiian,999.00,999.00,999.00,999.00,999.00,999.00,999.00,999.00,999.00,999.00,999.00,999.00
2015,MT,Reading,8,Hawaiian,999.00,999.00,999.00,999.00,999.00,999.00,999.00,999.00,999.00,999.00,999.00,999.00
2015,NE,Reading,8,Hawaiian,999.00,999.00,999.00,999.00,999.00,999.00,999.00,999.00,999.00,999.00,999.00,999.00
2015,NV,Reading,8,Hawaiian,264.95,242.14,268.06,290.52,34.79,25.65,38.94,74.35,32.76,35.41,2.66,2.66
2015,NH,Reading,8,Hawaiian,999.00,999.00,999.00,999.00,999.00,999.00,999.00,999.00,999.00,999.00,999.00,999.00
2015,NJ,Reading,8,Hawaiian,999.00,999.00,999.00,999.00,999.00,999.00,999.00,999.00,999.00,999.00,999.00,999.00
2015,NM,Reading,8,Hawaiian,999.00,999.00,999.00,999.00,999.00,999.00,999.00,999.00,999.00,999.00,999.00,999.00
2015,NY,Reading,8,Hawaiian,999.00,999.00,999.00,999.00,999.00,999.00,999.00,999.00,999.00,999.00,999.00,999.00
2015,NC,Reading,8,Hawaiian,268.80,250.80,270.48,289.64,30.20,18.57,44.66,81.43,34.39,36.77,2.38,2.38
2015,ND,Reading,8,Hawaiian,999.00,999.00,999.00,999.00,999.00,999.00,999.00,999.00,999.00,999.00,999.00,999.00
2015,OH,Reading,8,Hawaiian,260.24,239.10,263.55,283.91,34.47,28.38,43.56,71.62,25.71,28.06,2.35,2.35
2015,OK,Reading,8,Hawaiian,263.43,246.07,266.35,286.46,33.58,22.24,47.53,77.76,28.23,30.23,1.99,1.99
2015,OR,Reading,8,Hawaiian,271.62,252.06,275.09,294.98,35.18,19.37,38.53,80.63,36.69,42.10,5.40,5.40
2015,PA,Reading,8,Hawaiian,259.86,233.64,258.07,285.13,35.64,35.20,36.80,64.80,22.97,28.00,5.02,5.02
2015,RI,Reading,8,Hawaiian,265.81,241.21,265.40,288.09,33.83,26.26,41.27,73.74,27.04,32.47,5.43,5.43
2015,SC,Reading,8,Hawaiian,267.23,246.80,265.54,285.93,29.33,20.41,48.62,79.59,28.20,30.97,2.77,2.77
2015,SD,Reading,8,Hawaiian,999.00,999.00,999.00,999.00,999.00,999.00,999.00,999.00,999.00,999.00,999.00,999.00
2015,TN,Reading,8,Hawaiian,999.00,999.00,999.00,999.00,999.00,999.00,999.00,999.00,999.00,999.00,999.00,999.00
2015,TX,Reading,8,Hawaiian,273.74,251.16,273.65,294.52,28.92,15.78,41.88,84.22,37.87,42.34,4.47,4.47
2015,UT,Reading,8,Hawaiian,270.39,249.89,272.37,292.82,33.15,18.45,42.69,81.55,34.06,38.85,4.79,4.79
2015,VT,Reading,8,Hawaiian,999.00,999.00,999.00,999.00,999.00,999.00,999.00,999.00,999.00,999.00,999.00,999.00
2015,VA,Reading,8,Hawaiian,267.38,247.62,269.11,288.28,29.88,20.66,45.10,79.34,31.97,34.23,2.27,2.27
2015,WA,Reading,8,Hawaiian,261.54,236.26,263.11,288.13,36.63,30.51,37.05,69.49,29.19,32.43,3.24,3.24
2015,WV,Reading,8,Hawaiian,999.00,999.00,999.00,999.00,999.00,999.00,999.00,999.00,999.00,999.00,999.00,999.00
2015,WI,Reading,8,Hawaiian,999.00,999.00,999.00,999.00,999.00,999.00,999.00,999.00,999.00,999.00,999.00,999.00
2015,WY,Reading,8,Hawaiian,999.00,999.00,999.00,999.00,999.00,999.00,999.00,999.00,999.00,999.00,999.00,999.00
2015,AL,Reading,8,Multiracial,N/A,N/A,N/A,N/A,N/A,N/A,N/A,N/A,N/A,N/A,N/A,N/A
2015,AK,Reading,8,Multiracial,N/A,N/A,N/A,N/A,N/A,N/A,N/A,N/A,N/A,N/A,N/A,N/A
2015,AZ,Reading,8,Multiracial,N/A,N/A,N/A,N/A,N/A,N/A,N/A,N/A,N/A,N/A,N/A,N/A
2015,AR,Reading,8,Multiracial,N/A,N/A,N/A,N/A,N/A,N/A,N/A,N/A,N/A,N/A,N/A,N/A
2015,CA,Reading,8,Multiracial,N/A,N/A,N/A,N/A,N/A,N/A,N/A,N/A,N/A,N/A,N/A,N/A
2015,CO,Reading,8,Multiracial,N/A,N/A,N/A,N/A,N/A,N/A,N/A,N/A,N/A,N/A,N/A,N/A
2015,CT,Reading,8,Multiracial,N/A,N/A,N/A,N/A,N/A,N/A,N/A,N/A,N/A,N/A,N/A,N/A
2015,DE,Reading,8,Multiracial,N/A,N/A,N/A,N/A,N/A,N/A,N/A,N/A,N/A,N/A,N/A,N/A
2015,DC,Reading,8,Multiracial,N/A,N/A,N/A,N/A,N/A,N/A,N/A,N/A,N/A,N/A,N/A,N/A
2015,FL,Reading,8,Multiracial,N/A,N/A,N/A,N/A,N/A,N/A,N/A,N/A,N/A,N/A,N/A,N/A
2015,GA,Reading,8,Multiracial,N/A,N/A,N/A,N/A,N/A,N/A,N/A,N/A,N/A,N/A,N/A,N/A
2015,HI,Reading,8,Multiracial,N/A,N/A,N/A,N/A,N/A,N/A,N/A,N/A,N/A,N/A,N/A,N/A
2015,ID,Reading,8,Multiracial,N/A,N/A,N/A,N/A,N/A,N/A,N/A,N/A,N/A,N/A,N/A,N/A
2015,IL,Reading,8,Multiracial,N/A,N/A,N/A,N/A,N/A,N/A,N/A,N/A,N/A,N/A,N/A,N/A
2015,IN,Reading,8,Multiracial,N/A,N/A,N/A,N/A,N/A,N/A,N/A,N/A,N/A,N/A,N/A,N/A
2015,IA,Reading,8,Multiracial,N/A,N/A,N/A,N/A,N/A,N/A,N/A,N/A,N/A,N/A,N/A,N/A
2015,KS,Reading,8,Multiracial,N/A,N/A,N/A,N/A,N/A,N/A,N/A,N/A,N/A,N/A,N/A,N/A
2015,KY,Reading,8,Multiracial,N/A,N/A,N/A,N/A,N/A,N/A,N/A,N/A,N/A,N/A,N/A,N/A
2015,LA,Reading,8,Multiracial,N/A,N/A,N/A,N/A,N/A,N/A,N/A,N/A,N/A,N/A,N/A,N/A
2015,ME,Reading,8,Multiracial,N/A,N/A,N/A,N/A,N/A,N/A,N/A,N/A,N/A,N/A,N/A,N/A
2015,MD,Reading,8,Multiracial,N/A,N/A,N/A,N/A,N/A,N/A,N/A,N/A,N/A,N/A,N/A,N/A
2015,MA,Reading,8,Multiracial,N/A,N/A,N/A,N/A,N/A,N/A,N/A,N/A,N/A,N/A,N/A,N/A
2015,MI,Reading,8,Multiracial,N/A,N/A,N/A,N/A,N/A,N/A,N/A,N/A,N/A,N/A,N/A,N/A
2015,MN,Reading,8,Multiracial,N/A,N/A,N/A,N/A,N/A,N/A,N/A,N/A,N/A,N/A,N/A,N/A
2015,MS,Reading,8,Multiracial,N/A,N/A,N/A,N/A,N/A,N/A,N/A,N/A,N/A,N/A,N/A,N/A
2015,MO,Reading,8,Multiracial,N/A,N/A,N/A,N/A,N/A,N/A,N/A,N/A,N/A,N/A,N/A,N/A
2015,MT,Reading,8,Multiracial,N/A,N/A,N/A,N/A,N/A,N/A,N/A,N/A,N/A,N/A,N/A,N/A
2015,NE,Reading,8,Multiracial,N/A,N/A,N/A,N/A,N/A,N/A,N/A,N/A,N/A,N/A,N/A,N/A
2015,NV,Reading,8,Multiracial,N/A,N/A,N/A,N/A,N/A,N/A,N/A,N/A,N/A,N/A,N/A,N/A
2015,NH,Reading,8,Multiracial,N/A,N/A,N/A,N/A,N/A,N/A,N/A,N/A,N/A,N/A,N/A,N/A
2015,NJ,Reading,8,Multiracial,N/A,N/A,N/A,N/A,N/A,N/A,N/A,N/A,N/A,N/A,N/A,N/A
2015,NM,Reading,8,Multiracial,N/A,N/A,N/A,N/A,N/A,N/A,N/A,N/A,N/A,N/A,N/A,N/A
2015,NY,Reading,8,Multiracial,N/A,N/A,N/A,N/A,N/A,N/A,N/A,N/A,N/A,N/A,N/A,N/A
2015,NC,Reading,8,Multiracial,N/A,N/A,N/A,N/A,N/A,N/A,N/A,N/A,N/A,N/A,N/A,N/A
2015,ND,Reading,8,Multiracial,N/A,N/A,N/A,N/A,N/A,N/A,N/A,N/A,N/A,N/A,N/A,N/A
2015,OH,Reading,8,Multiracial,N/A,N/A,N/A,N/A,N/A,N/A,N/A,N/A,N/A,N/A,N/A,N/A
2015,OK,Reading,8,Multiracial,N/A,N/A,N/A,N/A,N/A,N/A,N/A,N/A,N/A,N/A,N/A,N/A
2015,OR,Reading,8,Multiracial,N/A,N/A,N/A,N/A,N/A,N/A,N/A,N/A,N/A,N/A,N/A,N/A
2015,PA,Reading,8,Multiracial,N/A,N/A,N/A,N/A,N/A,N/A,N/A,N/A,N/A,N/A,N/A,N/A
2015,RI,Reading,8,Multiracial,N/A,N/A,N/A,N/A,N/A,N/A,N/A,N/A,N/A,N/A,N/A,N/A
2015,SC,Reading,8,Multiracial,N/A,N/A,N/A,N/A,N/A,N/A,N/A,N/A,N/A,N/A,N/A,N/A
2015,SD,Reading,8,Multiracial,N/A,N/A,N/A,N/A,N/A,N/A,N/A,N/A,N/A,N/A,N/A,N/A
2015,TN,Reading,8,Multiracial,N/A,N/A,N/A,N/A,N/A,N/A,N/A,N/A,N/A,N/A,N/A,N/A
2015,TX,Reading,8,Multiracial,N/A,N/A,N/A,N/A,N/A,N/A,N/A,N/A,N/A,N/A,N/A,N/A
2015,UT,Reading,8,Multiracial,N/A,N/A,N/A,N/A,N/A,N/A,N/A,N/A,N/A,N/A,N/A,N/A
2015,VT,Reading,8,Multiracial,N/A,N/A,N/A,N/A,N/A,N/A,N/A,N/A,N/A,N/A,N/A,N/A
2015,VA,Reading,8,Multiracial,N/A,N/A,N/A,N/A,N/A,N/A,N/A,N/A,N/A,N/A,N/A,N/A
2015,WA,Reading,8,Multiracial,N/A,N/A,N/A,N/A,N/A,N/A,N/A,N/A,N/A,N/A,N/A,N/A
2015,WV,Reading,8,Multiracial,N/A,N/A,N/A,N/A,N/A,N/A,N/A,N/A,N/A,N/A,N/A,N/A
2015,WI,Reading,8,Multiracial,N/A,N/A,N/A,N/A,N/A,N/A,N/A,N/A,N/A,N/A,N/A,N/A
2015,WY,Reading,8,Multiracial,N/A,N/A,N/A,N/A,N/A,N/A,N/A,N/A,N/A,N/A,N/A,N/A
