Jurisdiction,Year,Subject,Grade,White,Black,Hispanic,English Language Learners,Non-English Language Learners,Economically Disadvantaged,Not Economically Disadvantaged,Special Education,Non-Special Education,White_Black_Gap,White_Hispanic_Gap,ELL_Gap,ECONDIS_Gap,SPED_Gap
AL,2009,Mathematics,4,237.19,211.14,219.87,NA,228.38,217.3,240.67,193.66,231.41,26.05000000000001,17.319999999999993,NA,23.369999999999976,37.75
AK,2009,Mathematics,4,248.99,225.33,232.03,202.16,241.03,225.99,246.56,217.57,241.01,23.659999999999997,16.960000000000008,38.870000000000005,20.569999999999993,23.439999999999998
AZ,2009,Mathematics,4,243.07,221.81,220.11,201.32,234.93,219.11,243.37,209.19,232.89,21.25999999999999,22.95999999999998,33.610000000000014,24.25999999999999,23.69999999999999
AR,2009,Mathematics,4,245.29,217.11,233.15,227.32,238.14,228.76,250.38,215.25,240.27,28.17999999999998,12.139999999999986,10.819999999999993,21.620000000000005,25.02000000000001
CA,2009,Mathematics,4,247.09,217.27,219.29,210.83,240.28,219.64,246.04,207.59,233.67,29.819999999999993,27.80000000000001,29.44999999999999,26.400000000000006,26.079999999999984
CO,2009,Mathematics,4,251.81,224.56,228.41,215.74,246.41,227.65,252.41,218.15,245.93,27.25,23.400000000000006,30.669999999999987,24.75999999999999,27.78
CT,2009,Mathematics,4,252.78,222.01,226.72,215.58,246.37,225.18,253.09,221.96,247.79,30.77000000000001,26.060000000000002,30.789999999999992,27.909999999999997,25.829999999999984
DE,2009,Mathematics,4,248.89,225.88,231.2,221.2,240.16,229.01,247.59,220.01,242.3,23.00999999999999,17.689999999999998,18.960000000000008,18.580000000000013,22.29000000000002
DC,2009,Mathematics,4,270.06,212.92,227.21,215.2,219.55,211.32,242.2,192.73,222.37,57.140000000000015,42.849999999999994,4.350000000000023,30.879999999999995,29.640000000000015
FL,2009,Mathematics,4,250.28,228.17,237.88,225.76,243.27,234.74,250.87,230.24,244.07,22.110000000000014,12.400000000000006,17.51000000000002,16.129999999999995,13.829999999999984
GA,2009,Mathematics,4,246.89,221.49,231.45,220.33,236.69,225.4,249.33,215.21,238.21,25.399999999999977,15.439999999999998,16.359999999999985,23.930000000000007,23
HI,2009,Mathematics,4,246.77,232.23,230.06,208.72,238.71,224.32,245.02,195.82,239.87,14.54000000000002,16.710000000000008,29.99000000000001,20.700000000000017,44.05000000000001
ID,2009,Mathematics,4,243.81,NA,224.63,209.62,242.66,233.71,246.47,219.42,243.3,NA,19.180000000000007,33.03999999999999,12.759999999999991,23.880000000000024
IL,2009,Mathematics,4,248.7,216.19,227.25,214.56,240.04,223.62,250.82,222.94,240.65,32.50999999999999,21.44999999999999,25.47999999999999,27.19999999999999,17.710000000000008
IN,2009,Mathematics,4,246.76,222.35,230.28,226.22,243.35,232.46,250.9,227.75,244.95,24.409999999999997,16.47999999999999,17.129999999999995,18.439999999999998,17.19999999999999
IA,2009,Mathematics,4,245.09,225.66,223.47,221.42,243.58,232.06,248.84,219.93,245.85,19.430000000000007,21.620000000000005,22.160000000000025,16.78,25.919999999999987
KS,2009,Mathematics,4,250.84,223.98,233.14,231.35,246.73,236.32,253.91,227.38,247.63,26.860000000000014,17.700000000000017,15.379999999999995,17.590000000000003,20.25
KY,2009,Mathematics,4,241.14,219.79,227.28,232.42,238.94,228.84,249.47,225.59,240.74,21.349999999999994,13.859999999999985,6.52000000000001,20.629999999999995,15.150000000000006
LA,2009,Mathematics,4,240.57,217.92,230.33,225.5,229.52,223.06,244.67,214.61,232.74,22.650000000000006,10.23999999999998,4.02000000000001,21.609999999999985,18.129999999999995
ME,2009,Mathematics,4,245.02,228.47,NA,NA,244.7,234.96,250.92,224.6,248.58,16.55000000000001,NA,NA,15.95999999999998,23.980000000000018
MD,2009,Mathematics,4,254.69,228.16,237.53,226.79,244.75,229.15,253.27,228.5,245.48,26.53,17.159999999999997,17.960000000000008,24.120000000000005,16.97999999999999
MA,2009,Mathematics,4,257.96,236.48,232.22,221.32,254.42,237.05,260.01,236.75,254.94,21.47999999999999,25.73999999999998,33.099999999999994,22.95999999999998,18.189999999999998
MI,2009,Mathematics,4,243.18,211.62,226.77,215.5,236.95,222.2,247.13,219.96,238.42,31.560000000000002,16.409999999999997,21.44999999999999,24.930000000000007,18.45999999999998
MN,2009,Mathematics,4,254.8,226.79,231.96,223.66,251.57,233.65,256.75,232.09,252.04,28.01000000000002,22.840000000000003,27.909999999999997,23.099999999999994,19.94999999999999
MS,2009,Mathematics,4,240.64,215.12,NA,NA,227.37,220.57,242.41,212.3,228.72,25.519999999999982,NA,NA,21.840000000000003,16.419999999999987
MO,2009,Mathematics,4,244.81,221.14,236.8,NA,240.98,228.56,250.01,225.37,242.78,23.670000000000016,8.009999999999991,NA,21.44999999999999,17.409999999999997
MT,2009,Mathematics,4,246.95,NA,241.1,214.29,245.3,235.48,250.67,223.36,246.84,NA,5.849999999999994,31.01000000000002,15.189999999999998,23.47999999999999
NE,2009,Mathematics,4,244.83,212.57,223.71,213.4,240.51,227.35,247.08,221.67,241.99,32.26000000000002,21.120000000000005,27.109999999999985,19.730000000000018,20.32000000000002
NV,2009,Mathematics,4,245.19,218,226.67,219.82,238.98,226.13,241.75,218.17,237.01,27.189999999999998,18.52000000000001,19.159999999999997,15.620000000000005,18.840000000000003
NH,2009,Mathematics,4,251.98,NA,233.96,229.81,251.63,237.41,255.06,231.25,255.04,NA,18.019999999999982,21.819999999999993,17.650000000000006,23.789999999999992
NJ,2009,Mathematics,4,255.35,228.19,231.79,215.84,247.48,229.06,254.86,230.07,249.14,27.159999999999997,23.560000000000002,31.639999999999986,25.80000000000001,19.069999999999993
NM,2009,Mathematics,4,245.12,224.75,224.1,207.62,234.35,222.91,245.29,211.87,232.25,20.370000000000005,21.02000000000001,26.72999999999999,22.379999999999995,20.379999999999995
NY,2009,Mathematics,4,247.63,225.19,230.62,218.04,242.42,232.61,248.89,219.77,244.47,22.439999999999998,17.00999999999999,24.379999999999995,16.279999999999973,24.69999999999999
NC,2009,Mathematics,4,253.75,226.28,235.97,228.62,244.68,232.19,254.62,224.19,246.71,27.47,17.78,16.060000000000002,22.430000000000007,22.52000000000001
ND,2009,Mathematics,4,247.88,NA,NA,NA,245.42,235.94,249.68,230.99,247.3,NA,NA,NA,13.740000000000009,16.310000000000002
OH,2009,Mathematics,4,249.34,222.14,233.02,239.28,243.78,229.77,253.22,220.14,246.65,27.200000000000017,16.319999999999993,4.5,23.44999999999999,26.51000000000002
OK,2009,Mathematics,4,241.37,222.27,229.39,218.64,237.53,230.85,243.91,220.12,238.98,19.099999999999994,11.980000000000018,18.890000000000015,13.060000000000002,18.859999999999985
OR,2009,Mathematics,4,242.88,223.41,221.49,212.52,241.34,227.2,247.68,218.38,241.19,19.47,21.389999999999986,28.819999999999993,20.480000000000018,22.810000000000002
PA,2009,Mathematics,4,249.35,222.86,227.13,214.8,244.4,228.4,253.21,222.43,246.87,26.48999999999998,22.22,29.599999999999994,24.810000000000002,24.439999999999998
RI,2009,Mathematics,4,246.57,220.57,218.68,208.54,240.58,223.79,249.24,213.87,243.5,26,27.889999999999986,32.04000000000002,25.450000000000017,29.629999999999995
SC,2009,Mathematics,4,245.15,220.2,231.97,231.53,235.89,225.66,248.1,211.18,239.29,24.950000000000017,13.180000000000007,4.359999999999985,22.439999999999998,28.109999999999985
SD,2009,Mathematics,4,246.58,224.51,233.13,NA,242.71,231.65,248.21,225.57,244.59,22.07000000000002,13.450000000000017,NA,16.560000000000002,19.02000000000001
TN,2009,Mathematics,4,238.54,212.6,224.7,212.22,232.3,221.97,242.01,210.31,234.38,25.939999999999998,13.840000000000003,20.080000000000013,20.039999999999992,24.069999999999993
TX,2009,Mathematics,4,253.74,231.01,233.35,228.34,243.61,232.62,252.29,221.8,241.95,22.730000000000018,20.390000000000015,15.27000000000001,19.669999999999987,20.149999999999977
UT,2009,Mathematics,4,245.69,220.68,218.73,208.51,243.17,226.89,247.52,218.8,242.84,25.00999999999999,26.960000000000008,34.66,20.630000000000024,24.039999999999992
VT,2009,Mathematics,4,248.26,NA,NA,NA,248.16,235.39,254.17,226,252.2,NA,NA,NA,18.78,26.19999999999999
VA,2009,Mathematics,4,250.69,225.04,233.85,229.44,244,229.79,249.78,224.72,245.65,25.650000000000006,16.840000000000003,14.560000000000002,19.99000000000001,20.930000000000007
WA,2009,Mathematics,4,247.02,227.4,226.71,213.56,245.38,231.19,251.46,217.42,245.31,19.620000000000005,20.310000000000002,31.819999999999993,20.27000000000001,27.890000000000015
WV,2009,Mathematics,4,233.44,225.13,NA,NA,233.01,226.7,241.47,216.86,236.05,8.310000000000002,NA,NA,14.77000000000001,19.189999999999998
WI,2009,Mathematics,4,249.73,216.75,228.15,223.02,244.9,229.25,252.42,221.96,246.87,32.97999999999999,21.579999999999984,21.879999999999995,23.169999999999987,24.909999999999997
WY,2009,Mathematics,4,244.32,NA,230.84,NA,242.61,234.44,246.05,227.12,244.63,NA,13.47999999999999,NA,11.610000000000014,17.50999999999999
AL,2009,Mathematics,8,280.31,248.01,259.92,NA,268.86,255.04,281.83,220.69,273.25,32.30000000000001,20.389999999999986,NA,26.789999999999992,52.56
AK,2009,Mathematics,8,293.4,267.91,275.44,243.26,287.62,268.89,291.66,246.98,287.04,25.489999999999952,17.95999999999998,44.360000000000014,22.77000000000004,40.06000000000003
AZ,2009,Mathematics,8,291.55,268.73,265.22,223.78,280.68,261.9,291.19,235.46,281.96,22.819999999999993,26.329999999999984,56.900000000000006,29.29000000000002,46.49999999999997
AR,2009,Mathematics,8,284.18,250.52,269.06,257.08,276.74,263.96,289.67,237.72,280.97,33.66,15.120000000000005,19.660000000000025,25.710000000000036,43.25000000000003
CA,2009,Mathematics,8,289.14,250.17,256.44,236.95,278.4,258.19,285.02,229.37,273.93,38.97,32.69999999999999,41.44999999999999,26.829999999999984,44.56
CO,2009,Mathematics,8,298.67,262.6,266.67,248.1,290.27,267.5,297.69,251.66,290.91,36.06999999999999,32,42.16999999999999,30.189999999999998,39.25000000000003
CT,2009,Mathematics,8,297.74,261.02,263.41,240.25,290.13,263.46,297.59,256.09,292.81,36.72000000000003,34.329999999999984,49.879999999999995,34.129999999999995,36.72000000000003
DE,2009,Mathematics,8,294,267.05,277.57,NA,284.28,271,291.73,255.06,288.23,26.94999999999999,16.430000000000007,NA,20.730000000000018,33.170000000000016
FL,2009,Mathematics,8,288.79,263.58,273.98,240.63,281.21,268.72,289.16,251.88,283.53,25.210000000000036,14.810000000000002,40.579999999999984,20.439999999999998,31.649999999999977
GA,2009,Mathematics,8,289.4,262.49,270.31,NA,277.87,264.63,290.39,244.61,280.79,26.909999999999968,19.089999999999975,NA,25.75999999999999,36.18000000000001
HI,2009,Mathematics,8,281.93,271.01,276.16,230.65,276.42,261.39,282.22,229.88,279.34,10.920000000000016,5.769999999999982,45.77000000000001,20.83000000000004,49.45999999999998
ID,2009,Mathematics,8,291.77,NA,264.13,241.25,288.97,275.71,293.76,248.16,290.63,NA,27.639999999999986,47.72000000000003,18.05000000000001,42.47
IL,2009,Mathematics,8,293.88,254.67,268.66,249.47,283.36,263.88,294.09,250.09,286.58,39.21000000000001,25.21999999999997,33.890000000000015,30.20999999999998,36.48999999999998
IN,2009,Mathematics,8,291.22,266.05,272.81,269.75,287.29,273.23,294.84,258.12,290.03,25.170000000000016,18.410000000000025,17.54000000000002,21.609999999999957,31.909999999999968
IA,2009,Mathematics,8,286.88,259.28,266.06,NA,284.98,268.68,291.92,243.29,289.9,27.600000000000023,20.819999999999993,NA,23.24000000000001,46.609999999999985
KS,2009,Mathematics,8,294.11,264.09,273.93,260.41,290.25,275.59,298.25,253.9,292.13,30.02000000000004,20.180000000000007,29.839999999999975,22.660000000000025,38.22999999999999
KY,2009,Mathematics,8,281.76,257.73,271.71,NA,279.58,267.83,289.7,249.87,281.75,24.029999999999973,10.050000000000011,NA,21.870000000000005,31.879999999999995
LA,2009,Mathematics,8,283.29,256.71,NA,NA,272.55,263,287.82,244.29,276.73,26.58000000000004,NA,NA,24.819999999999993,32.440000000000026
ME,2009,Mathematics,8,287.17,260.5,NA,NA,286.82,272.2,293.96,256.85,291.76,26.670000000000016,NA,NA,21.75999999999999,34.90999999999997
MD,2009,Mathematics,8,302.92,265.75,274.86,248.81,289.26,267.03,297.94,264.63,289.79,37.170000000000016,28.060000000000002,40.44999999999999,30.910000000000025,25.160000000000025
MA,2009,Mathematics,8,305,271.86,271.09,237.57,300.33,278.14,307.45,270.55,303.52,33.139999999999986,33.910000000000025,62.75999999999999,29.310000000000002,32.96999999999997
MI,2009,Mathematics,8,286.16,245.83,269.5,256.19,278.76,260.27,289.14,239.07,282.65,40.33000000000001,16.660000000000025,22.569999999999993,28.870000000000005,43.579999999999984
MN,2009,Mathematics,8,300.38,263.62,268.97,255.16,296.48,273.23,302.25,262.97,298.17,36.75999999999999,31.409999999999968,41.32000000000002,29.019999999999982,35.19999999999999
MS,2009,Mathematics,8,279.44,251,NA,NA,265.15,256.16,283.01,232.85,267.7,28.439999999999998,NA,NA,26.849999999999966,34.849999999999994
MO,2009,Mathematics,8,289.94,259.66,283.92,NA,285.93,271.59,293.73,254.95,289.2,30.279999999999973,6.019999999999982,NA,22.140000000000043,34.25
MT,2009,Mathematics,8,295.84,NA,278.39,235.59,293.1,276.77,299,243.98,296.65,NA,17.44999999999999,57.51000000000002,22.230000000000018,52.66999999999999
NE,2009,Mathematics,8,291.28,252.84,262.05,245.47,285.35,267.12,294.43,252.22,288.3,38.43999999999997,29.22999999999996,39.880000000000024,27.310000000000002,36.08000000000001
NV,2009,Mathematics,8,287.05,255.62,261.7,233.66,277.57,263.08,280.26,242.02,277.21,31.430000000000007,25.350000000000023,43.91,17.180000000000007,35.18999999999997
NH,2009,Mathematics,8,292.94,NA,270.09,NA,292.81,275.88,296.11,263.94,298.48,NA,22.850000000000023,NA,20.230000000000018,34.54000000000002
NJ,2009,Mathematics,8,301.55,267.17,271.76,240.88,293.73,270.04,300.44,258.99,298.27,34.379999999999995,29.79000000000002,52.85000000000002,30.399999999999977,39.27999999999997
NM,2009,Mathematics,8,288.4,259.04,262.14,237.86,273.33,260.84,284.35,236.49,273.63,29.359999999999957,26.25999999999999,35.46999999999997,23.510000000000048,37.139999999999986
NY,2009,Mathematics,8,293.81,261.51,262.24,230.7,285.05,270.04,293.14,254.88,287.05,32.30000000000001,31.569999999999993,54.35000000000002,23.099999999999966,32.170000000000016
NC,2009,Mathematics,8,296.68,262.38,274.09,258.94,285.59,267.7,297.94,251.37,288.47,34.30000000000001,22.590000000000032,26.649999999999977,30.24000000000001,37.10000000000002
ND,2009,Mathematics,8,296.11,NA,NA,NA,293.21,280,298.04,268.07,295.8,NA,NA,NA,18.04000000000002,27.730000000000018
OH,2009,Mathematics,8,291.13,259.57,267.31,260.67,285.76,268.65,294.36,254.94,289.08,31.560000000000002,23.819999999999993,25.089999999999975,25.710000000000036,34.139999999999986
OK,2009,Mathematics,8,282.08,260.64,262.65,239.48,276.91,266.01,284.8,240.37,279.49,21.439999999999998,19.430000000000007,37.430000000000035,18.79000000000002,39.120000000000005
OR,2009,Mathematics,8,290.03,264,263.83,241.36,287.93,270.11,295.93,245.88,289.69,26.029999999999973,26.19999999999999,46.56999999999999,25.819999999999993,43.81
PA,2009,Mathematics,8,294.12,260.28,266.14,253.17,288.93,268.41,298.06,253.86,294.11,33.84000000000003,27.980000000000018,35.76000000000002,29.649999999999977,40.25
RI,2009,Mathematics,8,285.74,256.06,255.04,236.71,279.09,261.48,287.93,244.95,284.38,29.680000000000007,30.700000000000017,42.37999999999997,26.44999999999999,39.43000000000001
SC,2009,Mathematics,8,292.59,263.42,269.35,267.43,280.77,267.71,293.69,247.66,283.89,29.16999999999996,23.239999999999952,13.339999999999975,25.980000000000018,36.22999999999999
SD,2009,Mathematics,8,294.87,NA,268.1,NA,291.22,276.25,297.27,254.68,294.08,NA,26.769999999999982,NA,21.019999999999982,39.39999999999998
TN,2009,Mathematics,8,282.03,253.85,270.4,NA,275.03,261.08,285.09,238.64,277.78,28.17999999999998,11.629999999999995,NA,24.00999999999999,39.139999999999986
TX,2009,Mathematics,8,300.76,272.26,277.23,254.4,288.81,275.52,299.19,253.9,289.4,28.5,23.529999999999973,34.41,23.670000000000016,35.49999999999997
UT,2009,Mathematics,8,289.49,NA,259.23,238.52,286.17,267.67,289.7,242.54,287.41,NA,30.25999999999999,47.650000000000006,22.029999999999973,44.87000000000003
VT,2009,Mathematics,8,293.04,NA,NA,NA,293.25,276.53,299.56,260.76,299.96,NA,NA,NA,23.03000000000003,39.19999999999999
VA,2009,Mathematics,8,293.56,267.98,274.21,264.19,286.8,268.1,294.32,253.32,290,25.579999999999984,19.350000000000023,22.610000000000014,26.21999999999997,36.68000000000001
WA,2009,Mathematics,8,295.12,268.53,263.5,245.84,290.22,271.07,299.3,247.96,292.72,26.590000000000032,31.620000000000005,44.380000000000024,28.230000000000018,44.76000000000002
WV,2009,Mathematics,8,270.62,263.31,NA,NA,270.45,261.63,279.78,236.88,275.71,7.310000000000002,NA,NA,18.149999999999977,38.829999999999984
WI,2009,Mathematics,8,294.4,253.65,268.44,258.52,289.22,269.22,296.78,254.92,292.85,40.74999999999997,25.95999999999998,30.700000000000045,27.559999999999945,37.930000000000035
WY,2009,Mathematics,8,289.37,NA,269.09,NA,286.81,273.76,291.04,253.97,290.59,NA,20.28000000000003,NA,17.28000000000003,36.619999999999976
DC,2009,Mathematics,8,NA,249.07,265.43,NA,253.88,247.21,271.59,212.68,259.01,NA,NA,NA,24.379999999999967,46.329999999999984
AL,2009,Reading,4,225,200.85,199.66,NA,217.05,204.03,230.92,171.54,220.52,24.150000000000006,25.340000000000003,NA,26.889999999999986,48.98000000000002
AK,2009,Reading,4,226.18,204.3,215.01,164.84,215.87,194.24,225.22,173.16,217.7,21.879999999999995,11.170000000000016,51.03,30.97999999999999,44.53999999999999
AZ,2009,Reading,4,225.1,205.76,197.83,168.44,216.64,197.19,225.25,177.44,213.89,19.340000000000003,27.269999999999982,48.19999999999999,28.060000000000002,36.44999999999999
AR,2009,Reading,4,223.98,198.74,202.03,191.07,217.69,206.52,230.14,173.58,221.45,25.23999999999998,21.94999999999999,26.620000000000005,23.619999999999976,47.869999999999976
CA,2009,Reading,4,226.88,199.63,195.56,183.67,220.48,195.64,226.48,170.22,212.84,27.25,31.319999999999993,36.81,30.840000000000003,42.620000000000005
CO,2009,Reading,4,236.37,212.74,204.42,183.78,230.58,205.75,237.99,191.75,229.04,23.629999999999995,31.950000000000017,46.80000000000001,32.24000000000001,37.28999999999999
CT,2009,Reading,4,237.89,209.05,204.97,184.41,230.99,207.44,237.92,194.87,233.07,28.839999999999975,32.91999999999999,46.58000000000001,30.47999999999999,38.19999999999999
DE,2009,Reading,4,234.67,213.01,216.17,200.86,226.37,214.49,233.64,201.24,227.76,21.659999999999997,18.5,25.50999999999999,19.149999999999977,26.519999999999982
DC,2009,Reading,4,256.01,195.7,207.39,194.01,202.5,193.21,226.19,164.67,203.91,60.31,48.620000000000005,8.490000000000009,32.97999999999999,39.24000000000001
FL,2009,Reading,4,233.09,210.96,222.81,205.43,226.94,217.14,235.67,203.86,229.38,22.129999999999995,10.280000000000001,21.50999999999999,18.53,25.519999999999982
GA,2009,Reading,4,228.95,204.29,208.35,186.13,218.83,206.76,231.32,187.33,220.14,24.659999999999997,20.599999999999994,32.70000000000002,24.560000000000002,32.809999999999974
HI,2009,Reading,4,226.34,203.99,214.8,178.5,214.1,197.84,221.05,154.51,216.43,22.349999999999994,11.539999999999992,35.599999999999994,23.210000000000008,61.920000000000016
ID,2009,Reading,4,224.85,NA,200.69,177.36,223.15,210.73,228.69,176.1,224.89,NA,24.159999999999997,45.78999999999999,17.960000000000008,48.78999999999999
IL,2009,Reading,4,230.97,197.51,203.14,185.52,221.6,201.99,233.87,188.15,223.62,33.46000000000001,27.830000000000013,36.079999999999984,31.879999999999995,35.47
IN,2009,Reading,4,227.09,205.7,203.29,190.39,223.97,210.42,232.41,199.33,225.8,21.390000000000015,23.80000000000001,33.58000000000001,21.99000000000001,26.47
IA,2009,Reading,4,223.91,203.24,207.43,195.41,222.51,208.35,229.03,171.96,227.25,20.669999999999987,16.47999999999999,27.099999999999994,20.680000000000007,55.28999999999999
KS,2009,Reading,4,228.82,209.65,209.53,203.29,225.72,212.6,234.34,189.29,227.76,19.169999999999987,19.289999999999992,22.430000000000007,21.74000000000001,38.47
KY,2009,Reading,4,228.2,203.53,215.4,NA,225.81,215.32,236.04,204.06,227.61,24.669999999999987,12.799999999999983,NA,20.72,23.55000000000001
LA,2009,Reading,4,218.8,196.41,205.59,197.76,207.72,201.22,222.41,182.56,212.98,22.390000000000015,13.210000000000008,9.960000000000008,21.189999999999998,30.419999999999987
ME,2009,Reading,4,224.62,197.99,NA,NA,224.43,211.66,231.77,195.22,228.75,26.629999999999995,NA,NA,20.110000000000014,33.53
MD,2009,Reading,4,236.58,210.07,221.14,208.25,226.66,209.72,236.23,210.8,226.99,26.51000000000002,15.440000000000026,18.409999999999997,26.50999999999999,16.189999999999998
MA,2009,Reading,4,240.58,215.81,210.84,197.55,236.13,214.94,243.03,211.41,237.62,24.77000000000001,29.74000000000001,38.579999999999984,28.090000000000003,26.210000000000008
MI,2009,Reading,4,224.82,194.24,205.53,194.25,219,204.26,228.75,188.71,221.61,30.579999999999984,19.289999999999992,24.75,24.49000000000001,32.900000000000006
MN,2009,Reading,4,230.44,194.96,194.11,187.98,226.12,203.02,232.61,189.22,228.1,35.47999999999999,36.329999999999984,38.140000000000015,29.590000000000003,38.879999999999995
MS,2009,Reading,4,224.71,197.85,212.36,NA,210.61,202.96,227.14,182.76,213.04,26.860000000000014,12.349999999999994,NA,24.17999999999998,30.28
MO,2009,Reading,4,227.96,203.87,216.27,NA,224.27,210.44,234.1,190.76,228.06,24.090000000000003,11.689999999999998,NA,23.659999999999997,37.30000000000001
MT,2009,Reading,4,227.61,NA,218.99,188.4,225.61,213.75,232.03,191.62,227.75,NA,8.620000000000005,37.21000000000001,18.28,36.129999999999995
NE,2009,Reading,4,228.1,202.92,207.23,186.47,224.72,209.56,231.78,194.3,227.33,25.180000000000007,20.870000000000005,38.25,22.22,33.03
NV,2009,Reading,4,221.86,200.8,199.25,183.12,218,199.7,219.52,177.19,214.58,21.060000000000002,22.610000000000014,34.879999999999995,19.82000000000002,37.390000000000015
NH,2009,Reading,4,229.9,216.26,216.74,201.86,229.82,213.27,233.66,200.5,234.49,13.640000000000015,13.159999999999997,27.95999999999998,20.389999999999986,33.99000000000001
NJ,2009,Reading,4,237.26,212.6,213.32,NA,230.12,211.2,237.53,208.2,231.5,24.659999999999997,23.939999999999998,NA,26.330000000000013,23.30000000000001
NM,2009,Reading,4,223.97,205.08,201.48,174.32,212.66,199.11,224.93,170.79,211.17,18.889999999999986,22.49000000000001,38.34,25.819999999999993,40.379999999999995
NY,2009,Reading,4,232.83,209.37,210.44,188.93,226.89,213.66,235.31,196.17,228.6,23.460000000000008,22.390000000000015,37.95999999999998,21.650000000000006,32.43000000000001
NC,2009,Reading,4,230.01,203.68,204.28,189.36,220.91,204.68,232.57,186.84,224.16,26.329999999999984,25.72999999999999,31.549999999999983,27.889999999999986,37.31999999999999
ND,2009,Reading,4,228.43,NA,NA,NA,226.28,215.67,230.86,208.12,227.93,NA,NA,NA,15.190000000000026,19.810000000000002
OH,2009,Reading,4,230.44,202.76,215.13,194.3,225.14,208.31,235.08,190.71,227.53,27.680000000000007,15.310000000000002,30.839999999999975,26.77000000000001,36.81999999999999
OK,2009,Reading,4,222.91,196.84,207.24,189.69,218.17,207.41,228.62,177.98,221.03,26.069999999999993,15.669999999999987,28.47999999999999,21.210000000000008,43.05000000000001
OR,2009,Reading,4,223.45,201.7,196.19,180.66,222.87,203.95,230.71,185.42,223.08,21.75,27.25999999999999,42.21000000000001,26.76000000000002,37.660000000000025
PA,2009,Reading,4,230.29,200.64,199.3,179.02,224.79,206.24,234.51,193.47,228.19,29.650000000000006,30.98999999999998,45.76999999999998,28.269999999999982,34.72
RI,2009,Reading,4,231.1,207.24,199.74,178.88,225.14,205.34,234.63,187.14,228.93,23.859999999999985,31.359999999999985,46.25999999999999,29.289999999999992,41.79000000000002
SC,2009,Reading,4,226.41,200.1,204.66,205.83,216.4,204.48,229.95,187.72,219.24,26.310000000000002,21.75,10.569999999999993,25.47,31.52000000000001
SD,2009,Reading,4,226.75,NA,215.61,NA,222.74,208.61,229.61,199.97,224.45,NA,11.139999999999986,NA,21,24.47999999999999
TN,2009,Reading,4,224.23,196.92,201.93,180.5,217.58,205.32,228.09,188.47,218.41,27.310000000000002,22.299999999999983,37.08000000000001,22.77000000000001,29.939999999999998
TX,2009,Reading,4,232.12,212.84,209.92,197.04,223.2,209.46,232.21,184.95,220.88,19.28,22.200000000000017,26.159999999999997,22.75,35.93000000000001
UT,2009,Reading,4,225.03,201.77,194.02,182.21,221.95,205.07,226.45,186.03,221.93,23.25999999999999,31.00999999999999,39.73999999999998,21.379999999999995,35.900000000000006
VT,2009,Reading,4,229.1,213.8,NA,NA,229.19,215.28,235.53,193.73,235.34,15.299999999999983,NA,NA,20.25,41.610000000000014
VA,2009,Reading,4,233.75,209.97,214.1,201.2,228.12,209.96,234.67,195.08,230.34,23.78,19.650000000000006,26.920000000000016,24.70999999999998,35.25999999999999
WA,2009,Reading,4,228.65,208.57,200.93,180.95,225.37,207.55,232.76,186.31,225.1,20.080000000000013,27.72,44.420000000000016,25.20999999999998,38.78999999999999
WV,2009,Reading,4,215.18,203.62,NA,NA,214.58,206.25,225.84,185.46,219.74,11.560000000000002,NA,NA,19.590000000000003,34.28
WI,2009,Reading,4,226.91,191.75,201.55,190.63,221.84,201.83,231.3,183.07,225.13,35.16,25.359999999999985,31.210000000000008,29.47,42.06
WY,2009,Reading,4,224.45,NA,211.51,NA,223.9,212.1,228.2,193.06,227.63,NA,12.939999999999998,NA,16.099999999999994,34.56999999999999
AL,2009,Reading,8,264.41,237.79,245.06,NA,255.47,242.61,267.08,207.62,259.46,26.620000000000033,19.350000000000023,NA,24.46999999999997,51.839999999999975
AK,2009,Reading,8,269.45,248.95,260.34,219.15,263.68,246.67,267.44,225.27,263.8,20.5,9.110000000000014,44.53,20.77000000000001,38.53
AZ,2009,Reading,8,269.77,248.92,245.98,204.37,260.76,243.95,269.42,217,261.73,20.849999999999994,23.789999999999992,56.389999999999986,25.470000000000027,44.73000000000002
AR,2009,Reading,8,266.34,233.76,249.08,236.12,258.85,248.09,269.35,215.53,263.34,32.579999999999984,17.259999999999962,22.730000000000018,21.26000000000002,47.809999999999974
CA,2009,Reading,8,269.33,242.63,241.42,214.8,261.5,241.07,266.65,212.06,255.93,26.69999999999999,27.909999999999997,46.69999999999999,25.579999999999984,43.870000000000005
CO,2009,Reading,8,273.95,250.18,249.65,221.98,268.49,250.6,272.98,231.43,268.61,23.769999999999982,24.299999999999983,46.51000000000002,22.380000000000024,37.18000000000001
CT,2009,Reading,8,279.2,244.9,252.12,NA,272.83,250.41,279.26,237.87,276.1,34.29999999999998,27.079999999999984,NA,28.849999999999994,38.23000000000002
DE,2009,Reading,8,272.97,253.69,256.49,NA,265.57,253.44,272.02,240.35,268.22,19.28000000000003,16.480000000000018,NA,18.579999999999984,27.870000000000033
FL,2009,Reading,8,271.52,250.38,260.15,233.43,265.3,254.65,273.21,238.69,268.1,21.139999999999986,11.370000000000005,31.870000000000005,18.559999999999974,29.410000000000025
GA,2009,Reading,8,268.32,248.93,254.2,NA,260.91,249.16,271.58,224.01,263.33,19.389999999999986,14.120000000000005,NA,22.419999999999987,39.31999999999999
HI,2009,Reading,8,266.67,255.78,251.84,217.19,256.92,246.08,260.64,215.34,259.67,10.890000000000015,14.830000000000013,39.73000000000002,14.559999999999974,44.33000000000001
ID,2009,Reading,8,269.2,NA,240.99,223.83,266.37,253.88,270.68,224.11,268.01,NA,28.20999999999998,42.53999999999999,16.80000000000001,43.89999999999998
IL,2009,Reading,8,273.68,243.14,252.32,223.53,265.59,248.59,274.62,229.97,268.83,30.54000000000002,21.360000000000014,42.059999999999974,26.03,38.859999999999985
IN,2009,Reading,8,269.21,249.78,251.14,NA,266.07,254.04,272.52,236.13,268.73,19.42999999999998,18.069999999999993,NA,18.47999999999999,32.60000000000002
IA,2009,Reading,8,267.49,240.63,249.28,NA,265.56,253.35,270.46,224.68,269.7,26.860000000000014,18.210000000000008,NA,17.109999999999985,45.01999999999998
KS,2009,Reading,8,272.16,248.12,250.05,234.88,268.4,254.82,275.44,235.63,269.45,24.04000000000002,22.110000000000014,33.51999999999998,20.620000000000005,33.81999999999999
KY,2009,Reading,8,268.72,249.05,265.49,NA,267,256.79,275.92,239.18,268.56,19.670000000000016,3.230000000000018,NA,19.129999999999995,29.379999999999995
LA,2009,Reading,8,262.67,240.54,NA,NA,253.36,245.65,265.94,220.76,258.43,22.130000000000024,NA,NA,20.289999999999992,37.670000000000016
ME,2009,Reading,8,268.09,253.8,NA,NA,267.93,258.52,272.5,240.16,272.35,14.289999999999964,NA,NA,13.980000000000018,32.190000000000026
MD,2009,Reading,8,278.65,250.42,258.33,NA,267.54,249.68,274.86,246.66,268.5,28.22999999999999,20.319999999999993,NA,25.180000000000007,21.840000000000003
MA,2009,Reading,8,278.51,251.41,250.4,217.01,274.55,254.13,281.53,250.59,277.64,27.099999999999994,28.109999999999985,57.54000000000002,27.399999999999977,27.049999999999983
MI,2009,Reading,8,267.75,238.3,253.09,237.01,262.41,246.79,271,222.21,266.01,29.44999999999999,14.659999999999997,25.400000000000034,24.210000000000008,43.79999999999998
MN,2009,Reading,8,274.75,244,246.97,229.91,271.85,251.75,276.24,235.02,273.57,30.75,27.78,41.940000000000026,24.49000000000001,38.54999999999998
MS,2009,Reading,8,264.29,238.72,NA,NA,251.46,243.27,267.25,210.41,254.94,25.57000000000002,NA,NA,23.97999999999999,44.53
MO,2009,Reading,8,270.43,245.94,260.15,NA,267.04,253.2,274.66,234.94,270.5,24.49000000000001,10.28000000000003,NA,21.460000000000036,35.56
MT,2009,Reading,8,272.54,NA,NA,NA,271.37,261.17,275.16,237.76,273.51,NA,NA,NA,13.990000000000009,35.75
NE,2009,Reading,8,271.85,241.56,252.67,NA,267.8,252.6,275.25,226.18,271.24,30.29000000000002,19.180000000000035,NA,22.650000000000006,45.06
NV,2009,Reading,8,264.12,241.3,242.45,204.36,257.39,243.06,259.54,215.77,257.64,22.819999999999993,21.670000000000016,53.02999999999997,16.480000000000018,41.869999999999976
NH,2009,Reading,8,271.28,NA,256.93,NA,270.97,256.76,273.87,244.36,276.43,NA,14.349999999999966,NA,17.110000000000014,32.06999999999999
NJ,2009,Reading,8,280.95,249.76,256.1,NA,272.94,252.82,279.33,250.29,275.67,31.189999999999998,24.849999999999966,NA,26.50999999999999,25.380000000000024
NM,2009,Reading,8,271.08,245.62,247.55,210.93,258.5,246.18,267.91,219.11,257.58,25.45999999999998,23.529999999999973,47.56999999999999,21.730000000000018,38.46999999999997
NY,2009,Reading,8,274.57,245.92,247.35,212.76,265.99,251.58,275.42,232.52,268.28,28.650000000000006,27.22,53.23000000000002,23.840000000000003,35.75999999999996
NC,2009,Reading,8,270.26,242.65,248.61,226.28,261.12,245.13,270.78,220.96,264.27,27.609999999999985,21.649999999999977,34.84,25.649999999999977,43.309999999999974
ND,2009,Reading,8,271.39,NA,NA,NA,269.54,259.53,273.04,239.7,271.59,NA,NA,NA,13.510000000000048,31.889999999999986
OH,2009,Reading,8,273.28,247.04,251.13,NA,268.84,255.19,275.64,238.13,271.6,26.23999999999998,22.149999999999977,NA,20.44999999999999,33.47000000000003
OK,2009,Reading,8,263.97,246.64,245.85,224.14,260.44,250.16,268.37,222.76,264.15,17.33000000000004,18.120000000000033,36.30000000000001,18.210000000000008,41.389999999999986
OR,2009,Reading,8,268.9,NA,246.96,220.52,267.76,252.24,274.09,234.85,268.73,NA,21.93999999999997,47.23999999999998,21.849999999999966,33.880000000000024
PA,2009,Reading,8,275.65,249.49,247.48,236.85,271.24,253.1,279.42,238.82,276.22,26.159999999999968,28.169999999999987,34.390000000000015,26.32000000000002,37.400000000000034
RI,2009,Reading,8,266.78,238.08,240.86,203.55,261.28,245.24,268.61,229.24,265.76,28.69999999999996,25.91999999999996,57.72999999999996,23.370000000000005,36.51999999999998
SC,2009,Reading,8,266.74,242.85,258.74,249.39,257.46,246.17,268.65,226.61,260.08,23.890000000000015,8,8.069999999999993,22.47999999999999,33.46999999999997
SD,2009,Reading,8,273.23,NA,NA,NA,270.39,257.78,275.55,231.76,272.71,NA,NA,NA,17.77000000000004,40.94999999999999
TN,2009,Reading,8,267.42,243.11,251.85,NA,261.3,249.7,269.28,222.81,262.91,24.310000000000002,15.570000000000022,NA,19.579999999999984,40.10000000000002
TX,2009,Reading,8,273.37,248.86,251.38,216.38,263.16,249.49,272.64,222.91,263.49,24.50999999999999,21.99000000000001,46.78000000000003,23.149999999999977,40.58000000000001
UT,2009,Reading,8,269.58,NA,245.98,225.14,267.16,250.5,270.83,223.26,268.4,NA,23.599999999999994,42.02000000000004,20.329999999999984,45.139999999999986
VT,2009,Reading,8,272.33,NA,NA,NA,272.6,259.68,277.38,244.96,278.03,NA,NA,NA,17.69999999999999,33.069999999999965
VA,2009,Reading,8,272.33,249.51,256.1,233.04,266.56,250.91,272.23,235.56,269.28,22.819999999999993,16.22999999999996,33.52000000000001,21.32000000000002,33.71999999999997
WA,2009,Reading,8,272.58,244.66,248.36,213.2,268.66,254,274.69,230.67,270.33,27.919999999999987,24.21999999999997,55.460000000000036,20.689999999999998,39.66
WV,2009,Reading,8,255.02,250.02,NA,NA,254.9,246.25,263.87,216.71,260.51,5,NA,NA,17.620000000000005,43.79999999999998
WI,2009,Reading,8,270.8,237.56,250.13,240.48,266.66,249.37,272.89,228.02,270.43,33.24000000000001,20.670000000000016,26.180000000000035,23.519999999999982,42.41
WY,2009,Reading,8,269.35,NA,258.72,NA,268.65,257.09,272.54,238.01,272.11,NA,10.629999999999995,NA,15.450000000000045,34.10000000000002
DC,2009,Reading,8,NA,239.12,248.75,NA,243.18,237.18,256.08,205.45,244.91,NA,NA,NA,18.899999999999977,39.46000000000001
AL,2011,Mathematics,4,239.97,215.08,227.2,NA,231.65,222.24,243.64,198.39,234.47,24.889999999999986,12.77000000000001,NA,21.399999999999977,36.08000000000001
AK,2011,Mathematics,4,247.78,225.12,238.99,201.25,241.72,223.89,247.33,218,239.38,22.659999999999997,8.789999999999992,40.47,23.440000000000026,21.379999999999995
AZ,2011,Mathematics,4,246.36,224.27,226.6,207.69,238.82,226.73,246.57,210.03,238.16,22.090000000000003,19.76000000000002,31.129999999999995,19.840000000000003,28.129999999999995
AR,2011,Mathematics,4,244.35,219.27,232.52,227.24,238.68,230.07,251.78,212.37,241.25,25.079999999999984,11.829999999999984,11.439999999999998,21.710000000000008,28.879999999999995
CA,2011,Mathematics,4,251.64,225.21,221.7,214.14,243.33,222.01,251.27,201.62,237.12,26.42999999999998,29.939999999999998,29.190000000000026,29.26000000000002,35.5
CO,2011,Mathematics,4,254.11,225.19,229.91,218.07,249.41,230.73,256.13,216.94,247.46,28.920000000000016,24.200000000000017,31.340000000000003,25.400000000000006,30.52000000000001
CT,2011,Mathematics,4,253.29,220.49,222.45,205.17,244.78,222.97,254.19,216.4,246.25,32.79999999999998,30.840000000000003,39.610000000000014,31.22,29.849999999999994
DE,2011,Mathematics,4,249.77,227.05,231,210.74,241.41,230.8,249.9,216.95,243.92,22.72,18.77000000000001,30.669999999999987,19.099999999999994,26.97
DC,2011,Mathematics,4,272.04,214.85,223.1,211.22,222.58,213.24,246.1,190.54,225.71,57.190000000000026,48.940000000000026,11.360000000000014,32.859999999999985,35.170000000000016
FL,2011,Mathematics,4,249.69,226.39,235.77,218.85,241.82,232.33,252.09,223,242.73,23.30000000000001,13.919999999999987,22.97,19.75999999999999,19.72999999999999
GA,2011,Mathematics,4,248.81,224.07,233.21,218.58,239.38,227.23,252.46,213.63,241.23,24.74000000000001,15.599999999999994,20.799999999999983,25.230000000000018,27.599999999999994
HI,2011,Mathematics,4,248.3,232.9,236.6,212.56,242.08,228.46,248.31,193.84,242.84,15.400000000000006,11.700000000000017,29.52000000000001,19.849999999999994,49
ID,2011,Mathematics,4,244.22,NA,223.18,203.66,242.03,231.99,248.44,216.55,242.86,NA,21.039999999999992,38.370000000000005,16.44999999999999,26.310000000000002
IL,2011,Mathematics,4,248.71,219.34,226.49,215.17,240.73,225.08,251.86,217.7,241.82,29.370000000000005,22.22,25.560000000000002,26.78,24.120000000000005
IN,2011,Mathematics,4,248.51,222.87,234.35,230.65,244.82,235.05,253.01,227.37,246.54,25.639999999999986,14.159999999999997,14.169999999999987,17.95999999999998,19.169999999999987
IA,2011,Mathematics,4,245.54,224.2,228.85,220.25,243.85,232.51,249.73,215.85,246.9,21.340000000000003,16.689999999999998,23.599999999999994,17.22,31.05000000000001
KS,2011,Mathematics,4,251.09,227.03,234.7,233.01,247.94,237.64,255.09,225.24,249.36,24.060000000000002,16.390000000000015,14.930000000000007,17.450000000000017,24.120000000000005
KY,2011,Mathematics,4,242.53,225.25,235.91,224.98,241.06,232.31,251.42,223.9,243.2,17.28,6.6200000000000045,16.080000000000013,19.109999999999985,19.299999999999983
LA,2011,Mathematics,4,241.42,219.32,230.08,226.53,230.88,224.07,245.71,212.48,234.98,22.099999999999994,11.339999999999975,4.349999999999994,21.640000000000015,22.5
ME,2011,Mathematics,4,245.77,211.56,NA,212.75,245.36,234.78,252.34,218.77,249.15,34.21000000000001,NA,32.610000000000014,17.560000000000002,30.379999999999995
MD,2011,Mathematics,4,257.84,229.78,244.73,231.33,248.03,232.53,257.72,234.57,248.35,28.059999999999974,13.109999999999985,16.69999999999999,25.190000000000026,13.780000000000001
MA,2011,Mathematics,4,258.21,234.59,235.98,227.72,255.43,238.62,261.06,233.3,257.22,23.619999999999976,22.22999999999999,27.710000000000008,22.439999999999998,23.920000000000016
MI,2011,Mathematics,4,241.9,211.2,227.88,216.84,237.1,223.72,246.95,214.16,239.32,30.700000000000017,14.02000000000001,20.25999999999999,23.22999999999999,25.159999999999997
MN,2011,Mathematics,4,255.09,224.51,230.47,226.43,251.62,235.23,257.73,227.03,252.67,30.580000000000013,24.620000000000005,25.189999999999998,22.50000000000003,25.639999999999986
MS,2011,Mathematics,4,240.7,217.36,229.33,NA,229.93,223.63,246.11,213.49,231.44,23.339999999999975,11.369999999999976,NA,22.480000000000018,17.94999999999999
MO,2011,Mathematics,4,246.12,216.36,231.21,217.02,241.35,229.78,251.53,220.9,243.08,29.75999999999999,14.909999999999997,24.329999999999984,21.75,22.180000000000007
MT,2011,Mathematics,4,247.42,NA,236.92,NA,244.63,234.49,250.94,219.02,246.68,NA,10.5,NA,16.44999999999999,27.659999999999997
NE,2011,Mathematics,4,246.54,212.94,225.98,216.03,241.79,226.84,249.74,219.96,243.43,33.599999999999994,20.560000000000002,25.75999999999999,22.900000000000006,23.47
NV,2011,Mathematics,4,246.82,225.63,228.61,224.19,241.78,229.09,247.68,217.27,238.93,21.189999999999998,18.20999999999998,17.590000000000003,18.590000000000003,21.659999999999997
NH,2011,Mathematics,4,252.47,235.01,234.68,227.63,252.36,240.62,255.85,230.16,255.79,17.460000000000008,17.789999999999992,24.730000000000018,15.22999999999999,25.629999999999995
NJ,2011,Mathematics,4,255.92,230.88,233.94,216.26,248.97,232.95,256.52,225.81,251.7,25.039999999999992,21.97999999999999,32.71000000000001,23.569999999999993,25.889999999999986
NM,2011,Mathematics,4,246.64,226.1,228.22,209.19,237.39,226.48,248.48,209.64,235.88,20.539999999999992,18.419999999999987,28.19999999999999,22,26.24000000000001
NY,2011,Mathematics,4,245.34,223.56,226.01,210.82,240.11,229.23,247.66,214.67,241.52,21.78,19.330000000000013,29.29000000000002,18.430000000000007,26.850000000000023
NC,2011,Mathematics,4,253.08,228.6,238.27,229.47,245.69,234.77,255.52,225.11,247.54,24.480000000000018,14.810000000000002,16.22,20.75,22.42999999999998
ND,2011,Mathematics,4,248.8,NA,232.78,212.31,246.09,234.67,251.02,227.37,247.51,NA,16.02000000000001,33.78,16.350000000000023,20.139999999999986
OH,2011,Mathematics,4,249.09,225.73,232.51,229.7,244.54,233.56,253.45,221.3,247.22,23.360000000000014,16.580000000000013,14.840000000000003,19.889999999999986,25.919999999999987
OK,2011,Mathematics,4,242.88,223.95,227.41,215.77,238.76,231.85,246.17,216.55,239.33,18.930000000000007,15.469999999999999,22.98999999999998,14.319999999999993,22.78
OR,2011,Mathematics,4,242.67,214.72,219.79,208.62,241.4,225.73,249.86,214.49,240.39,27.94999999999999,22.879999999999995,32.78,24.130000000000024,25.899999999999977
PA,2011,Mathematics,4,251.43,223.89,225.6,213.99,246.64,231.01,255.51,222.76,249.42,27.54000000000002,25.830000000000013,32.64999999999998,24.5,26.659999999999997
RI,2011,Mathematics,4,249.34,225.47,224.23,207.19,243.91,229.35,251.96,211.84,246.12,23.870000000000005,25.110000000000014,36.72,22.610000000000014,34.28
SC,2011,Mathematics,4,248.45,220.42,233.77,234,237.5,227.19,250.76,211.19,241.06,28.03,14.679999999999978,3.5,23.569999999999993,29.870000000000005
SD,2011,Mathematics,4,245.63,226.54,226.25,208.41,242.49,230.82,248.7,222.75,244.09,19.090000000000003,19.379999999999995,34.08000000000001,17.879999999999995,21.340000000000003
TN,2011,Mathematics,4,238.68,215.95,227.88,216.4,233.48,224.54,244.63,211.25,235.48,22.730000000000018,10.800000000000011,17.079999999999984,20.090000000000003,24.22999999999999
TX,2011,Mathematics,4,253.33,231.82,235.01,228.49,244.59,234.32,253.23,220.26,242.66,21.51000000000002,18.32000000000002,16.099999999999994,18.909999999999997,22.400000000000006
UT,2011,Mathematics,4,247.18,NA,222.84,205.63,245.1,231.63,249.24,222.35,245.18,NA,24.340000000000003,39.47,17.610000000000014,22.830000000000013
VT,2011,Mathematics,4,247.55,NA,NA,NA,247.14,237.77,252.77,222.16,251.32,NA,NA,NA,15,29.159999999999997
VA,2011,Mathematics,4,251.17,228.67,236.72,227.88,246.66,231.48,253.03,225.11,247.97,22.5,14.449999999999989,18.78,21.55000000000001,22.859999999999985
WA,2011,Mathematics,4,249.26,227.08,226.07,210.83,247.18,230.17,254.62,215.9,247,22.17999999999998,23.189999999999998,36.349999999999994,24.450000000000017,31.099999999999994
WV,2011,Mathematics,4,235.07,227.28,NA,NA,234.56,226.73,243.4,217.17,238.05,7.789999999999992,NA,NA,16.670000000000016,20.880000000000024
WI,2011,Mathematics,4,250.78,217.02,227.89,223.37,246.5,231.35,254.3,221.73,248.06,33.75999999999999,22.890000000000015,23.129999999999995,22.950000000000017,26.330000000000013
WY,2011,Mathematics,4,246.35,NA,235.44,219.06,244.76,236.27,249.16,226.12,246.91,NA,10.909999999999997,25.69999999999999,12.889999999999986,20.789999999999992
AL,2011,Mathematics,8,280.13,249.82,255.02,NA,269.63,255.99,283.87,224.57,273.75,30.310000000000002,25.109999999999985,NA,27.879999999999995,49.18000000000001
AK,2011,Mathematics,8,295.89,272.92,276.92,235.38,288.81,268.58,294.08,243.51,287.82,22.96999999999997,18.96999999999997,53.43000000000001,25.5,44.31
AZ,2011,Mathematics,8,293.89,268.99,265.89,NA,280.07,267.43,291.62,234.63,283.74,24.899999999999977,28,NA,24.189999999999998,49.110000000000014
AR,2011,Mathematics,8,287.15,256.75,272.18,260.42,280.06,269.26,291.95,238.1,283.74,30.399999999999977,14.96999999999997,19.639999999999986,22.689999999999998,45.640000000000015
CA,2011,Mathematics,8,289.97,253.63,259.53,234.44,280.49,259.91,288.5,232.31,276.79,36.34000000000003,30.440000000000055,46.05000000000001,28.589999999999975,44.48000000000002
CO,2011,Mathematics,8,301.92,269.93,270.87,243.4,295.51,272.77,303.07,251.2,295.79,31.99000000000001,31.05000000000001,52.109999999999985,30.30000000000001,44.59000000000003
CT,2011,Mathematics,8,296.79,262.04,262.48,237.02,289.17,264.35,298.05,261.48,290.23,34.75,34.31,52.150000000000006,33.69999999999999,28.75
DE,2011,Mathematics,8,293.57,265.61,274.23,NA,283.54,269.66,292.7,243.41,288.08,27.95999999999998,19.339999999999975,NA,23.039999999999964,44.66999999999999
DC,2011,Mathematics,8,318.6,256.09,260.62,239.82,261.6,253.25,278.27,220.45,266.85,62.51000000000005,57.98000000000002,21.78000000000003,25.019999999999982,46.400000000000034
FL,2011,Mathematics,8,287.41,258.48,273.77,246.21,279.39,266.93,291.23,250.36,281.91,28.930000000000007,13.640000000000043,33.17999999999998,24.30000000000001,31.55000000000001
GA,2011,Mathematics,8,290.88,262.11,277.22,244.55,279.12,267.29,293.13,243.61,281.43,28.769999999999982,13.659999999999968,34.56999999999999,25.839999999999975,37.81999999999999
HI,2011,Mathematics,8,290.04,277.31,262.64,243.15,281.15,267.95,286.12,229.82,283.4,12.730000000000018,27.400000000000034,37.99999999999997,18.170000000000016,53.579999999999984
ID,2011,Mathematics,8,290.89,NA,267.28,242.07,288.46,275.59,295.42,242.82,290.13,NA,23.610000000000014,46.389999999999986,19.83000000000004,47.31
IL,2011,Mathematics,8,293.88,260.47,271.67,243.1,284.69,269.27,296.03,251.52,287.57,33.40999999999997,22.20999999999998,41.59,26.75999999999999,36.04999999999998
IN,2011,Mathematics,8,289.81,263.74,274.97,260.94,285.72,273.25,294.21,254.55,289.23,26.069999999999993,14.839999999999975,24.78000000000003,20.95999999999998,34.68000000000001
IA,2011,Mathematics,8,288.18,257.73,268.66,248.34,286.13,270.62,293.5,245.62,290.98,30.44999999999999,19.519999999999982,37.78999999999999,22.879999999999995,45.360000000000014
KS,2011,Mathematics,8,295.11,268.92,274.19,261.39,291.63,276.46,299.99,257.32,293.38,26.189999999999998,20.920000000000016,30.24000000000001,23.53000000000003,36.06
KY,2011,Mathematics,8,284.48,260.66,268.89,238.24,282.17,270.5,293.74,253.44,284.31,23.819999999999993,15.590000000000032,43.93000000000001,23.24000000000001,30.870000000000005
LA,2011,Mathematics,8,282.5,258.85,268.91,NA,273.18,264.57,286.32,243.4,277.29,23.649999999999977,13.589999999999975,NA,21.75,33.890000000000015
ME,2011,Mathematics,8,289.76,264.9,NA,272.05,289.3,276.32,297.58,257.09,295.29,24.860000000000014,NA,17.25,21.25999999999999,38.200000000000045
MD,2011,Mathematics,8,303.21,267.17,272.95,245.2,289.04,266.44,298.85,256.61,289.97,36.039999999999964,30.25999999999999,43.84000000000003,32.410000000000025,33.360000000000014
MA,2011,Mathematics,8,304.29,275.07,272.88,246.87,300.29,280.02,307.61,268,304.24,29.220000000000027,31.410000000000025,53.420000000000016,27.590000000000032,36.24000000000001
MI,2011,Mathematics,8,285.77,249.88,273.75,260.93,280.58,265.59,290.74,245.64,283.82,35.889999999999986,12.019999999999982,19.649999999999977,25.150000000000034,38.18000000000001
MN,2011,Mathematics,8,301.61,266.37,269.89,255.02,296.89,276.24,303.58,259.97,299.31,35.24000000000001,31.720000000000027,41.869999999999976,27.339999999999975,39.339999999999975
MS,2011,Mathematics,8,283.32,254.68,272.67,NA,269.32,260.31,288.08,241.43,271.22,28.639999999999986,10.649999999999977,NA,27.769999999999982,29.79000000000002
MO,2011,Mathematics,8,287.56,254.41,267.23,NA,282.25,268.65,291.82,249.4,286.26,33.150000000000006,20.329999999999984,NA,23.170000000000016,36.859999999999985
MT,2011,Mathematics,8,296.68,NA,285.09,NA,293.97,280,300.76,247.78,298.53,NA,11.590000000000032,NA,20.75999999999999,50.74999999999997
NE,2011,Mathematics,8,289.79,254.55,261.09,235.47,284.46,268.67,292.55,250.49,287.27,35.24000000000001,28.700000000000045,48.98999999999998,23.879999999999995,36.77999999999997
NV,2011,Mathematics,8,292.13,259.08,266.28,241.28,282,267.3,287.82,241.56,280.91,33.05000000000001,25.850000000000023,40.72,20.519999999999982,39.35000000000002
NH,2011,Mathematics,8,293.25,NA,265.73,NA,292.81,276.1,296.94,262.34,298.12,NA,27.519999999999982,NA,20.839999999999975,35.78000000000003
NJ,2011,Mathematics,8,304.26,271.52,274.22,244.04,295.12,273.85,302.91,261.42,299.43,32.74000000000001,30.039999999999964,51.08000000000001,29.060000000000002,38.00999999999999
NM,2011,Mathematics,8,289.82,265.41,269.42,243.34,278.48,266.68,288.13,244.9,278.05,24.409999999999968,20.399999999999977,35.140000000000015,21.44999999999999,33.150000000000006
NY,2011,Mathematics,8,290.57,264.29,262.8,238.7,282.91,268.97,292.55,249.28,285.9,26.279999999999973,27.769999999999982,44.210000000000036,23.579999999999984,36.619999999999976
NC,2011,Mathematics,8,296.11,267.11,275.09,254.5,287.84,273.46,299.53,253.68,290.79,29,21.02000000000004,33.339999999999975,26.069999999999993,37.110000000000014
ND,2011,Mathematics,8,296.17,NA,NA,NA,293.11,277.82,298.49,264.9,295.11,NA,NA,NA,20.670000000000016,30.210000000000036
OH,2011,Mathematics,8,295.21,262.54,273.42,247.57,289.19,274.34,299.22,257.9,292.16,32.66999999999996,21.789999999999964,41.620000000000005,24.880000000000052,34.26000000000005
OK,2011,Mathematics,8,286.5,262.46,264.02,236.95,280.41,269.84,289.46,246.43,281.65,24.04000000000002,22.480000000000018,43.460000000000036,19.620000000000005,35.21999999999997
OR,2011,Mathematics,8,287.43,263.45,267.65,244.78,284.9,270.92,294.61,246.74,287.43,23.980000000000018,19.78000000000003,40.119999999999976,23.689999999999998,40.69
PA,2011,Mathematics,8,294.42,257.08,268.92,242.13,287.02,267.99,298.26,251.52,291.51,37.34000000000003,25.5,44.889999999999986,30.269999999999982,39.98999999999998
RI,2011,Mathematics,8,291.72,256.45,261.27,227.29,284.69,266.6,294.73,247.63,289.3,35.27000000000004,30.450000000000045,57.400000000000006,28.129999999999995,41.670000000000016
SC,2011,Mathematics,8,292.69,262.95,272.59,266.74,281.65,268.31,294.56,244.83,284.05,29.74000000000001,20.100000000000023,14.909999999999968,26.25,39.22
SD,2011,Mathematics,8,295.45,269.8,274.01,NA,291.52,276.78,298.26,255.2,294.37,25.649999999999977,21.439999999999998,NA,21.480000000000018,39.170000000000016
TN,2011,Mathematics,8,280.58,252.25,265.71,NA,274.63,262.16,287.26,239.3,277.19,28.329999999999984,14.870000000000005,NA,25.099999999999966,37.889999999999986
TX,2011,Mathematics,8,303.55,276.91,283.21,260.63,292.91,280.72,304.17,261.35,292.35,26.639999999999986,20.340000000000032,32.28000000000003,23.44999999999999,31
UT,2011,Mathematics,8,289.47,NA,256.81,234.32,285.47,269.09,291.09,240.78,287.02,NA,32.660000000000025,51.150000000000034,22,46.23999999999998
VT,2011,Mathematics,8,294.55,NA,NA,NA,294.5,277.41,302.38,256.82,301.66,NA,NA,NA,24.96999999999997,44.84000000000003
VA,2011,Mathematics,8,296.84,268.13,278.57,257.89,290.92,270.18,298.31,257,293.22,28.70999999999998,18.269999999999982,33.03000000000003,28.129999999999995,36.22000000000003
WA,2011,Mathematics,8,293.93,264.51,269.02,240.44,290.64,272.73,298.53,243.98,293.36,29.420000000000016,24.910000000000025,50.19999999999999,25.799999999999955,49.380000000000024
WV,2011,Mathematics,8,274,259.88,NA,NA,273.42,263.73,281.56,237.95,278.07,14.120000000000005,NA,NA,17.829999999999984,40.120000000000005
WI,2011,Mathematics,8,294.87,255.63,269.67,257.39,290.32,269.15,298.8,251.55,293.84,39.24000000000001,25.19999999999999,32.93000000000001,29.650000000000034,42.289999999999964
WY,2011,Mathematics,8,291.28,NA,271.26,NA,288.49,277.2,293.47,253.41,292.37,NA,20.019999999999982,NA,16.27000000000004,38.96000000000001
AL,2011,Reading,4,229.75,204.03,204.77,189.05,221.01,209.04,235.48,177.36,223.9,25.72,24.97999999999999,31.95999999999998,26.439999999999998,46.53999999999999
AK,2011,Reading,4,223.23,206.14,211.59,152.8,216.13,191.26,223.02,168.5,214.78,17.090000000000003,11.639999999999986,63.329999999999984,31.76000000000002,46.28
AZ,2011,Reading,4,225,203.75,203.1,171.08,217.89,201.75,227.04,169.28,217.38,21.25,21.900000000000006,46.809999999999974,25.289999999999992,48.099999999999994
AR,2011,Reading,4,224.34,197.11,204.41,197.14,218.09,207.4,232.94,175.68,221.9,27.22999999999999,19.930000000000007,20.950000000000017,25.539999999999992,46.22
CA,2011,Reading,4,228.96,208.18,198.04,185.61,223.02,198.02,230.24,175.39,214.43,20.78,30.920000000000016,37.41,32.22,39.04000000000002
CO,2011,Reading,4,235.66,207.41,202.99,183.88,230.75,205.45,238.85,178.27,228.34,28.25,32.66999999999999,46.870000000000005,33.400000000000006,50.06999999999999
CT,2011,Reading,4,238.7,204.44,203.96,178.03,230.16,205.25,240.58,187.79,233.22,34.25999999999999,34.73999999999998,52.129999999999995,35.33000000000001,45.43000000000001
DE,2011,Reading,4,233.86,214.58,213.54,187.25,226.11,213.55,236.44,191.53,229.13,19.28,20.32000000000002,38.860000000000014,22.889999999999986,37.599999999999994
DC,2011,Reading,4,255.24,193.34,202.12,178.83,202.2,190.63,229.7,153.12,207.69,61.900000000000006,53.120000000000005,23.369999999999976,39.06999999999999,54.56999999999999
FL,2011,Reading,4,234.92,209.49,219.86,194.58,227.3,215.86,238.66,200.87,228.51,25.42999999999998,15.059999999999974,32.72,22.799999999999983,27.639999999999986
GA,2011,Reading,4,230.87,207.94,214.38,190.78,222.04,209.3,234.96,189.31,223.2,22.930000000000007,16.49000000000001,31.25999999999999,25.659999999999997,33.889999999999986
HI,2011,Reading,4,226.03,215.45,208.64,179.62,217.44,200.89,225.41,158.48,218.79,10.580000000000013,17.390000000000015,37.81999999999999,24.52000000000001,60.31
ID,2011,Reading,4,225.37,NA,201.49,165.74,223.32,210.36,231.22,177.16,225.18,NA,23.879999999999995,57.579999999999984,20.859999999999985,48.02000000000001
IL,2011,Reading,4,231.03,198.36,203.88,179.97,222.56,202.72,235.13,182.91,224.81,32.66999999999999,27.150000000000006,42.59,32.41,41.900000000000006
IN,2011,Reading,4,225.99,202.59,203.3,196.92,222.59,209.82,232.28,187.49,226.58,23.400000000000006,22.689999999999998,25.670000000000016,22.460000000000008,39.09
IA,2011,Reading,4,224.86,192.73,200.91,188.91,222.54,205.69,231.35,178.43,227.63,32.130000000000024,23.950000000000017,33.629999999999995,25.659999999999997,49.19999999999999
KS,2011,Reading,4,228.83,203.76,208.66,202.95,226.09,211.65,235.7,186.19,228.96,25.07000000000002,20.170000000000016,23.140000000000015,24.049999999999983,42.77000000000001
KY,2011,Reading,4,226.35,210.16,222.25,NA,225.32,215.56,236.27,206.76,226.62,16.189999999999998,4.099999999999994,NA,20.710000000000008,19.860000000000014
LA,2011,Reading,4,222.56,197.12,208.38,196.55,210.73,202.35,228.42,180.55,217.4,25.439999999999998,14.180000000000007,14.179999999999978,26.069999999999993,36.849999999999994
ME,2011,Reading,4,223.33,192.32,NA,186.03,223.28,210.39,231.88,191.35,227.94,31.01000000000002,NA,37.25,21.49000000000001,36.59
MD,2011,Reading,4,241.92,213.47,225.53,205.02,231.71,214.59,241.96,215.05,231.82,28.44999999999999,16.389999999999986,26.689999999999998,27.370000000000005,16.769999999999982
MA,2011,Reading,4,243,215.54,215.98,203.55,239.26,218.48,245.88,212.88,240.67,27.460000000000008,27.02000000000001,35.70999999999998,27.400000000000006,27.789999999999992
MI,2011,Reading,4,225.41,191.7,206.29,192.5,219.76,204.51,230.72,180.3,223.29,33.71000000000001,19.120000000000005,27.25999999999999,26.210000000000008,42.98999999999998
MN,2011,Reading,4,229.38,199.5,200.51,187.13,226.06,204.65,233.09,188.89,227.48,29.879999999999995,28.870000000000005,38.93000000000001,28.439999999999998,38.59
MS,2011,Reading,4,219.61,197.64,202.91,NA,209.56,201.83,228.63,171.03,212.79,21.970000000000027,16.700000000000017,NA,26.799999999999983,41.75999999999999
MO,2011,Reading,4,225.6,198.85,208.64,188.51,221.47,206.75,234.35,186.1,224.9,26.75,16.960000000000008,32.96000000000001,27.599999999999994,38.80000000000001
MT,2011,Reading,4,228.83,NA,217.41,174.02,226.28,213.96,233.46,191.63,228.06,NA,11.420000000000016,52.25999999999999,19.5,36.43000000000001
NE,2011,Reading,4,229.67,199.14,208.13,191.08,225.69,208.75,234.16,190.23,228.65,30.53,21.539999999999992,34.609999999999985,25.409999999999997,38.420000000000016
NV,2011,Reading,4,223.61,201.88,203.42,192.97,219.79,201.95,226.85,175.51,216.6,21.730000000000018,20.190000000000026,26.819999999999993,24.900000000000006,41.09
NH,2011,Reading,4,231.22,NA,216.57,203.41,231.05,215.91,235.52,196.88,236.22,NA,14.650000000000006,27.640000000000015,19.610000000000014,39.34
NJ,2011,Reading,4,238.97,215.64,216.11,NA,232,214.93,240.33,203.17,234.29,23.330000000000013,22.859999999999985,NA,25.400000000000006,31.120000000000005
NM,2011,Reading,4,224.69,208.02,201.82,170.62,214.39,200.13,226.84,176.61,211.6,16.669999999999987,22.870000000000005,43.76999999999998,26.710000000000008,34.98999999999998
NY,2011,Reading,4,232.16,208.14,208.57,186.86,225.77,211.71,235.57,188.77,228.19,24.02000000000001,23.590000000000003,38.91,23.859999999999985,39.41999999999999
NC,2011,Reading,4,232.25,205.71,206.57,189.19,223.9,208.26,236.05,183.8,226.99,26.539999999999992,25.680000000000007,34.71000000000001,27.79000000000002,43.19
ND,2011,Reading,4,227.97,219.63,214.3,198.48,226.17,216.1,230.68,196.08,228.59,8.340000000000003,13.669999999999987,27.689999999999998,14.580000000000013,32.50999999999999
OH,2011,Reading,4,229.23,203.67,210.81,206.14,224.38,211.51,234.96,190.47,227.25,25.560000000000002,18.419999999999987,18.24000000000001,23.450000000000017,36.78
OK,2011,Reading,4,221.29,199.26,206.87,185.56,217.09,207.8,227.86,171.94,221.46,22.03,14.419999999999987,31.53,20.060000000000002,49.52000000000001
OR,2011,Reading,4,222.29,201.97,196.16,182.61,221.89,204.25,230.44,177.24,222.43,20.319999999999993,26.129999999999995,39.27999999999997,26.189999999999998,45.19
PA,2011,Reading,4,233.44,204.28,202.21,183.29,228.36,210.81,238.13,191.16,232.79,29.159999999999997,31.22999999999999,45.07000000000002,27.319999999999993,41.629999999999995
RI,2011,Reading,4,230.23,207.65,203.98,180.03,225.11,208.07,234.56,175.93,229.13,22.579999999999984,26.25,45.08000000000001,26.49000000000001,53.19999999999999
SC,2011,Reading,4,225.62,199.12,207.78,206.7,215.34,202.44,231.24,168.29,220.99,26.5,17.840000000000003,8.640000000000015,28.80000000000001,52.70000000000002
SD,2011,Reading,4,224.8,203.82,206.88,174.7,221.64,207.04,229.35,186.46,225.08,20.980000000000018,17.920000000000016,46.94,22.310000000000002,38.620000000000005
TN,2011,Reading,4,220.75,198.14,201.26,176.78,215.84,204.04,229.51,176.71,217.69,22.610000000000014,19.49000000000001,39.06,25.47,40.97999999999999
TX,2011,Reading,4,232.62,210.36,209.72,197.09,223.04,208.91,234.5,187.59,220.08,22.25999999999999,22.900000000000006,25.94999999999999,25.590000000000003,32.49000000000001
UT,2011,Reading,4,225.75,NA,196.29,167.03,223.85,206.37,229.02,184.46,224.38,NA,29.460000000000008,56.81999999999999,22.650000000000006,39.91999999999999
VT,2011,Reading,4,227.7,205.13,NA,188.54,227.6,212.79,236.17,183.83,234.6,22.569999999999993,NA,39.06,23.379999999999995,50.76999999999998
VA,2011,Reading,4,234.85,209.58,208.96,190.12,229.05,207.04,237.18,190.54,230.89,25.269999999999982,25.889999999999986,38.93000000000001,30.140000000000015,40.349999999999994
WA,2011,Reading,4,228.86,208.83,199.37,172.42,226.22,204.3,234.85,183.45,225.35,20.03,29.49000000000001,53.80000000000001,30.549999999999983,41.900000000000006
WV,2011,Reading,4,215.61,196.34,NA,NA,214.41,204.47,225.31,182.07,220.5,19.27000000000001,NA,NA,20.840000000000003,38.43000000000001
WI,2011,Reading,4,226.79,196.48,202.38,195.37,223.4,206.29,231.97,182.25,226.97,30.310000000000002,24.409999999999997,28.03,25.680000000000007,44.72
WY,2011,Reading,4,227.33,NA,212.7,189.9,225.22,214.39,230.73,194.47,229.08,NA,14.630000000000024,35.31999999999999,16.340000000000003,34.610000000000014
AL,2011,Reading,8,267.73,242.83,246.46,NA,258.97,248.22,269.85,216.83,262.44,24.900000000000006,21.27000000000001,NA,21.630000000000024,45.609999999999985
AK,2011,Reading,8,273.51,251.69,260.01,214.97,266.6,244.79,273.09,224.54,266.14,21.819999999999993,13.5,51.630000000000024,28.299999999999983,41.599999999999994
AZ,2011,Reading,8,271.6,248.08,251.08,NA,261.34,249.44,271.02,220.55,264.34,23.52000000000001,20.52000000000001,NA,21.579999999999984,43.789999999999964
AR,2011,Reading,8,266.62,237.83,253.43,238.54,260.23,249.62,271.81,217.33,263.83,28.789999999999992,13.189999999999998,21.690000000000026,22.189999999999998,46.49999999999997
CA,2011,Reading,8,268.07,242.84,245.22,220.29,261.76,244.31,267.8,213,258.54,25.22999999999999,22.849999999999994,41.47,23.49000000000001,45.54000000000002
CO,2011,Reading,8,278.26,256.96,254.25,224,274.11,253.6,280.81,230.75,274.48,21.30000000000001,24.00999999999999,50.110000000000014,27.210000000000008,43.73000000000002
CT,2011,Reading,8,283.11,254.88,254.57,223.79,276.53,256.66,283.3,247.23,278.13,28.230000000000018,28.54000000000002,52.73999999999998,26.639999999999986,30.900000000000006
DE,2011,Reading,8,273.43,254.25,259.27,NA,266.25,256.07,273.29,230.79,269.94,19.180000000000007,14.160000000000025,NA,17.220000000000027,39.150000000000006
DC,2011,Reading,8,291.96,238.53,239.05,215.07,243.53,235.4,258.78,203.52,248.92,53.42999999999998,52.90999999999997,28.460000000000008,23.379999999999967,45.39999999999998
FL,2011,Reading,8,269.95,247.6,259.06,224.95,263.73,253.53,272.57,235.41,266.1,22.349999999999994,10.889999999999986,38.78000000000003,19.039999999999992,30.690000000000026
GA,2011,Reading,8,271.65,250.54,257.65,NA,262.76,252.8,274.49,233.77,264.4,21.109999999999985,14,NA,21.689999999999998,30.629999999999967
HI,2011,Reading,8,272.86,261.05,246.42,219.51,260.46,246.03,266.89,213.33,262.4,11.810000000000002,26.440000000000026,40.94999999999999,20.859999999999985,49.069999999999965
ID,2011,Reading,8,270.83,NA,253.86,230.51,269.3,259.31,274.9,230.66,270.86,NA,16.96999999999997,38.79000000000002,15.589999999999975,40.20000000000002
IL,2011,Reading,8,274.11,249.43,257.1,224.31,267.15,252.99,277.42,229.98,270.84,24.680000000000007,17.00999999999999,42.839999999999975,24.430000000000007,40.859999999999985
IN,2011,Reading,8,268.93,246.52,255.37,235.22,265.61,254.17,272.96,228.66,269.99,22.409999999999997,13.560000000000002,30.390000000000015,18.789999999999992,41.33000000000001
IA,2011,Reading,8,267.25,246.53,251.14,230.97,265.68,252.92,271.55,224.8,270.95,20.72,16.110000000000014,34.71000000000001,18.630000000000024,46.14999999999998
KS,2011,Reading,8,272.27,247.71,254.2,241.83,269.1,255.95,276.21,230.57,271.39,24.559999999999974,18.069999999999993,27.27000000000001,20.25999999999999,40.81999999999999
KY,2011,Reading,8,271.49,248.37,263.59,NA,269.11,260.25,277.77,244.81,270.15,23.120000000000005,7.900000000000034,NA,17.519999999999982,25.339999999999975
LA,2011,Reading,8,264.21,241.4,248.83,NA,254.93,246.53,267.9,223.07,259.63,22.809999999999974,15.379999999999967,NA,21.369999999999976,36.56
ME,2011,Reading,8,270.61,247.98,NA,NA,270.52,258.29,277.99,240.88,275.78,22.630000000000024,NA,NA,19.69999999999999,34.89999999999998
MD,2011,Reading,8,281.73,255.35,261.72,NA,271.84,252.84,279.92,247.33,272.38,26.380000000000024,20.00999999999999,NA,27.080000000000013,25.049999999999983
MA,2011,Reading,8,281.84,254.66,247.91,211.09,277.43,257.5,284.05,249.05,279.66,27.17999999999998,33.92999999999998,66.34,26.55000000000001,30.610000000000014
MI,2011,Reading,8,269.49,244.13,260.33,237.32,265.75,253.35,273.83,230.1,268.41,25.360000000000014,9.160000000000025,28.430000000000007,20.47999999999999,38.31000000000003
MN,2011,Reading,8,274.24,246.27,257.3,232.83,272.06,255.34,276.82,231.25,274.6,27.97,16.939999999999998,39.22999999999999,21.47999999999999,43.35000000000002
MS,2011,Reading,8,267.26,240.41,NA,NA,254,245.67,271.24,210.69,256.86,26.849999999999994,NA,NA,25.57000000000002,46.170000000000016
MO,2011,Reading,8,271.25,243.8,257.74,NA,267.12,254.65,275.73,224.95,272.44,27.44999999999999,13.509999999999991,NA,21.080000000000013,47.49000000000001
MT,2011,Reading,8,275.14,NA,262.23,NA,273.4,263.27,278.53,237.65,276.19,NA,12.909999999999968,NA,15.259999999999991,38.53999999999999
NE,2011,Reading,8,272.16,250.1,251.75,NA,268.46,254.68,275.91,232.18,271.82,22.06000000000003,20.410000000000025,NA,21.230000000000018,39.639999999999986
NV,2011,Reading,8,269.47,250.13,247.2,214.64,262.96,247.82,267.38,217.54,261.84,19.340000000000032,22.27000000000004,48.31999999999999,19.560000000000002,44.29999999999998
NH,2011,Reading,8,273.09,NA,253.42,NA,272.61,257.06,276.25,250.2,275.98,NA,19.669999999999987,NA,19.189999999999998,25.78000000000003
NJ,2011,Reading,8,283.95,255.69,257.24,NA,275.69,255.23,283.49,245.93,279.27,28.25999999999999,26.70999999999998,NA,28.26000000000002,33.339999999999975
NM,2011,Reading,8,269.53,247.55,251.15,218.43,260.09,249.22,267.42,223.35,258.94,21.97999999999996,18.379999999999967,41.65999999999997,18.200000000000017,35.59
NY,2011,Reading,8,275.82,251.24,250.6,216.09,268.18,254.71,277,233.92,270.94,24.579999999999984,25.22,52.09,22.289999999999992,37.02000000000001
NC,2011,Reading,8,271.37,247.05,255.64,233.02,264.25,251.83,274.32,226.63,267.94,24.319999999999993,15.730000000000018,31.22999999999999,22.48999999999998,41.31
ND,2011,Reading,8,271.77,NA,NA,NA,269.26,257.09,273.63,240.35,271.13,NA,NA,NA,16.54000000000002,30.78
OH,2011,Reading,8,274.06,246.95,251.52,224,268.76,254.85,278.32,236.02,271.86,27.110000000000014,22.539999999999992,44.75999999999999,23.47,35.84
OK,2011,Reading,8,265.38,246.87,250.67,NA,261.11,253.62,267.6,226.84,264.85,18.50999999999999,14.710000000000008,NA,13.980000000000018,38.01000000000002
OR,2011,Reading,8,269,247.72,249.84,215.43,267.21,252.53,276.25,227.32,269.05,21.28,19.159999999999997,51.77999999999997,23.72,41.73000000000002
PA,2011,Reading,8,275.25,243.73,250.18,220.29,268.52,251.79,278.31,235.07,272.83,31.52000000000001,25.069999999999993,48.22999999999999,26.52000000000001,37.75999999999999
RI,2011,Reading,8,272.46,248.14,247.6,218.81,266.6,251.07,274.96,232.78,271.11,24.319999999999993,24.859999999999985,47.79000000000002,23.889999999999986,38.33000000000001
SC,2011,Reading,8,269.46,245.64,256.72,251.24,260.68,249.96,271.09,224.36,262.89,23.819999999999993,12.739999999999952,9.439999999999998,21.129999999999967,38.52999999999997
SD,2011,Reading,8,272.92,256.37,256.49,NA,269.61,257.5,275.09,230.58,272.43,16.55000000000001,16.430000000000007,NA,17.589999999999975,41.849999999999994
TN,2011,Reading,8,264.91,240.29,254.83,NA,259.76,249.51,270.1,224.19,261.48,24.620000000000033,10.080000000000013,NA,20.590000000000032,37.29000000000002
TX,2011,Reading,8,273.74,252.1,254.18,225.17,264.37,252.63,273.74,230.24,263.4,21.640000000000015,19.560000000000002,39.20000000000002,21.110000000000014,33.15999999999997
UT,2011,Reading,8,271.75,NA,247.32,221.61,268.86,253.58,274.34,223.72,270.67,NA,24.430000000000007,47.25,20.759999999999962,46.95000000000002
VT,2011,Reading,8,274.13,NA,NA,NA,274.17,259.55,280.86,234.43,281.55,NA,NA,NA,21.310000000000002,47.120000000000005
VA,2011,Reading,8,272.68,251,259,241.39,268.55,249.55,275.64,231.22,271.54,21.680000000000007,13.680000000000007,27.160000000000025,26.089999999999975,40.32000000000002
WA,2011,Reading,8,272.24,254.36,249.54,221.9,269.81,254.79,276.1,230.31,271.94,17.879999999999995,22.700000000000017,47.91,21.31000000000003,41.629999999999995
WV,2011,Reading,8,256.5,248.77,NA,NA,256.07,246.46,264.45,214.33,261.98,7.72999999999999,NA,NA,17.98999999999998,47.650000000000006
WI,2011,Reading,8,272.38,240.23,248.36,240.06,268.52,250.82,275.26,234.63,271.69,32.150000000000006,24.019999999999982,28.45999999999998,24.439999999999998,37.06
WY,2011,Reading,8,271.68,NA,258.31,NA,269.93,259.83,274.77,233.64,274.36,NA,13.370000000000005,NA,14.939999999999998,40.72000000000003
AL,2013,Mathematics,4,241.7,215.32,228.08,208.5,233.45,223.29,246.44,209.02,235.3,26.379999999999995,13.619999999999976,24.94999999999999,23.150000000000006,26.28
AK,2013,Mathematics,4,249.06,228.15,234.62,202.4,241.58,224.42,248.55,212.71,240.21,20.909999999999997,14.439999999999998,39.18000000000001,24.130000000000024,27.5
AZ,2013,Mathematics,4,251.22,230.13,232.05,206.01,242.85,229.94,252.21,212.92,243.24,21.090000000000003,19.169999999999987,36.84,22.27000000000001,30.32000000000002
AR,2013,Mathematics,4,245.74,222.66,234.05,231.41,240.65,232.5,250.88,218.13,243.15,23.080000000000013,11.689999999999998,9.240000000000009,18.379999999999995,25.02000000000001
CA,2013,Mathematics,4,248.64,221.41,223.61,212.89,240.66,223.69,249,203.21,236.42,27.22999999999999,25.029999999999973,27.77000000000001,25.310000000000002,33.20999999999998
CO,2013,Mathematics,4,255.7,226.6,232.83,220.81,251.25,233.28,257.27,216.53,250.09,29.099999999999994,22.869999999999976,30.439999999999998,23.98999999999998,33.56
CT,2013,Mathematics,4,253.06,219.06,224.03,210.55,245.4,224.62,255.13,221.45,246.76,34,29.03,34.849999999999994,30.50999999999999,25.310000000000002
DE,2013,Mathematics,4,252.41,229.44,234.41,215.02,243.94,233.26,253.98,220.73,246.77,22.97,18,28.919999999999987,20.72,26.04000000000002
DC,2013,Mathematics,4,276.21,220.89,227.53,211.04,229.74,219.7,260.97,201.67,233.16,55.31999999999999,48.67999999999998,18.700000000000017,41.27000000000004,31.49000000000001
FL,2013,Mathematics,4,250.53,227.77,238.31,218.29,244.22,233.26,254.73,226.34,244.34,22.75999999999999,12.219999999999999,25.930000000000007,21.47,18
GA,2013,Mathematics,4,249.82,226.32,235.22,217.41,241.15,230.37,255.46,216.02,243.08,23.5,14.599999999999994,23.74000000000001,25.090000000000003,27.060000000000002
HI,2013,Mathematics,4,253.23,232.31,241.31,209.36,246.1,233.9,253.33,202.52,247.49,20.919999999999987,11.919999999999987,36.73999999999998,19.430000000000007,44.97
ID,2013,Mathematics,4,244.28,NA,225.16,208.09,242.15,233.13,248.43,215.07,243.64,NA,19.120000000000005,34.06,15.300000000000011,28.569999999999993
IL,2013,Mathematics,4,247.99,219.88,229.36,210.9,241.53,226.28,252.2,213.35,242.85,28.110000000000014,18.629999999999995,30.629999999999995,25.919999999999987,29.5
IN,2013,Mathematics,4,252.07,227.38,241.7,236.08,249.45,238.89,259.07,224.63,252.98,24.689999999999998,10.370000000000005,13.369999999999976,20.180000000000007,28.349999999999994
IA,2013,Mathematics,4,248.73,218.31,233.59,226.52,246.9,232.08,254.67,218.06,249.87,30.419999999999987,15.139999999999986,20.379999999999995,22.589999999999975,31.810000000000002
KS,2013,Mathematics,4,249.99,228.19,235.38,233.17,248.09,237.44,255.63,224.58,249.7,21.80000000000001,14.610000000000014,14.920000000000016,18.189999999999998,25.119999999999976
KY,2013,Mathematics,4,244.04,223.9,233.86,223.46,241.97,232.36,251.5,217.88,244.69,20.139999999999986,10.179999999999978,18.50999999999999,19.139999999999986,26.810000000000002
LA,2013,Mathematics,4,242.33,220.86,231.79,222,231.62,226,244.44,213.84,235.56,21.47,10.54000000000002,9.620000000000005,18.439999999999998,21.72
ME,2013,Mathematics,4,246.73,226.7,NA,216.34,246.49,236.23,254.23,222.47,251.05,20.03,NA,30.150000000000006,18,28.580000000000013
MD,2013,Mathematics,4,259.64,227.3,234.32,218.23,247.57,227.91,257.83,217.39,249.34,32.339999999999975,25.319999999999993,29.340000000000003,29.919999999999987,31.950000000000017
MA,2013,Mathematics,4,259.66,230.44,234.19,223.49,256.47,236.76,263.82,231.69,257.63,29.220000000000027,25.470000000000027,32.98000000000002,27.060000000000002,25.939999999999998
MI,2013,Mathematics,4,243.96,212.35,225.77,215.81,238.65,224.17,251.79,214.19,239.8,31.610000000000014,18.189999999999998,22.840000000000003,27.620000000000005,25.610000000000014
MN,2013,Mathematics,4,259.03,232.03,233.6,221.32,256.36,237.24,262.63,230.75,256.86,26.99999999999997,25.42999999999998,35.04000000000002,25.389999999999986,26.110000000000014
MS,2013,Mathematics,4,243.23,220.3,230.42,NA,231.18,225.73,248.4,213.83,232.95,22.92999999999998,12.810000000000002,NA,22.670000000000016,19.119999999999976
MO,2013,Mathematics,4,245.03,219.33,233.12,NA,239.91,230.17,250.26,217.76,242.72,25.69999999999999,11.909999999999997,NA,20.090000000000003,24.960000000000008
MT,2013,Mathematics,4,247.7,NA,236.61,210.73,244.89,234.36,251.69,217.02,246.85,NA,11.089999999999975,34.16,17.329999999999984,29.829999999999984
NE,2013,Mathematics,4,250.52,214.69,227.33,215.1,245.23,229.88,254.14,221.89,247.03,35.83000000000001,23.189999999999998,30.129999999999995,24.25999999999999,25.140000000000015
NV,2013,Mathematics,4,245.12,221.25,229.97,221.85,240.43,229.96,246.3,212.91,239.35,23.870000000000005,15.150000000000006,18.580000000000013,16.340000000000003,26.439999999999998
NH,2013,Mathematics,4,254.11,NA,235.92,217.8,253.83,239.47,258.38,231.02,256.91,NA,18.190000000000026,36.03,18.909999999999997,25.890000000000015
NJ,2013,Mathematics,4,254.38,228.99,234.37,218.86,247.81,232.48,256.99,222.6,251.24,25.389999999999986,20.00999999999999,28.94999999999999,24.51000000000002,28.640000000000015
NM,2013,Mathematics,4,245.51,224.98,229.38,212.38,237.24,227.9,246.89,207.55,236.47,20.53,16.129999999999995,24.860000000000014,18.98999999999998,28.919999999999987
NY,2013,Mathematics,4,248.07,224.7,228.8,210.62,242.7,230.59,251.15,218.22,244.54,23.370000000000005,19.269999999999982,32.079999999999984,20.560000000000002,26.319999999999993
NC,2013,Mathematics,4,254.01,230.29,238.96,225.61,246.12,234.59,258.67,223.14,248.43,23.72,15.049999999999983,20.50999999999999,24.080000000000013,25.29000000000002
ND,2013,Mathematics,4,249.27,239.35,237.34,NA,246.97,235.71,252.01,226.4,249.19,9.920000000000016,11.930000000000007,NA,16.299999999999983,22.789999999999992
OH,2013,Mathematics,4,251.72,221.56,237.09,233.69,245.91,232.08,257.04,223.06,249.14,30.159999999999997,14.629999999999995,12.219999999999999,24.960000000000008,26.079999999999984
OK,2013,Mathematics,4,245.15,219.43,229.23,223.58,240,232.33,248.91,219.81,242.51,25.72,15.920000000000016,16.419999999999987,16.579999999999984,22.69999999999999
OR,2013,Mathematics,4,244.89,220.3,224.17,214.3,244.08,230.06,253.53,217.81,243.68,24.589999999999975,20.72,29.78,23.47,25.870000000000005
PA,2013,Mathematics,4,249.6,225.83,229.16,216.31,244.75,231.71,254.35,223.24,247.74,23.769999999999982,20.439999999999998,28.439999999999998,22.639999999999986,24.5
RI,2013,Mathematics,4,249.82,224.1,225.67,205.36,243.87,228.99,253.48,209.91,246.15,25.72,24.150000000000006,38.50999999999999,24.48999999999998,36.24000000000001
SC,2013,Mathematics,4,246.83,221.82,228.83,230.26,237.08,227.01,252.11,209.7,240.75,25.01000000000002,18,6.820000000000022,25.100000000000023,31.05000000000001
SD,2013,Mathematics,4,246.98,221.17,225.72,213.35,242.1,229.67,249.23,219.84,244.65,25.810000000000002,21.25999999999999,28.75,19.560000000000002,24.810000000000002
TN,2013,Mathematics,4,246.53,220.72,228.92,215.86,240.73,228.48,253.86,214.2,243.8,25.810000000000002,17.610000000000014,24.869999999999976,25.380000000000024,29.600000000000023
TX,2013,Mathematics,4,255.06,230.8,234.75,229.09,245.76,233.41,256.05,218.86,244.63,24.25999999999999,20.310000000000002,16.669999999999987,22.640000000000015,25.769999999999982
UT,2013,Mathematics,4,248.2,NA,221.28,200.43,245.36,232.59,249.87,216.93,246.42,NA,26.919999999999987,44.93000000000001,17.28,29.48999999999998
VT,2013,Mathematics,4,248.5,NA,NA,NA,248.26,236.28,255.81,221.28,252.9,NA,NA,NA,19.53,31.620000000000005
VA,2013,Mathematics,4,251.56,229.19,236.43,225.33,247.75,231.26,254.62,226.46,249.1,22.370000000000005,15.129999999999995,22.419999999999987,23.360000000000014,22.639999999999986
WA,2013,Mathematics,4,251.24,230.56,229.43,216.3,249.31,233.57,256.76,223.35,249.54,20.680000000000007,21.810000000000002,33.00999999999999,23.189999999999998,26.189999999999998
WV,2013,Mathematics,4,237.71,228.29,NA,NA,237.39,233.64,248.29,219.34,241.16,9.420000000000016,NA,NA,14.650000000000006,21.819999999999993
WI,2013,Mathematics,4,252.08,216.11,227.72,223.97,246.49,231.67,255.33,219.14,248.7,35.97,24.360000000000014,22.52000000000001,23.660000000000025,29.560000000000002
WY,2013,Mathematics,4,249.21,NA,234.94,215.66,247.39,238.86,251.7,228.55,249.61,NA,14.27000000000001,31.72999999999999,12.839999999999975,21.060000000000002
AL,2013,Mathematics,8,279.57,250.16,257.07,NA,269.52,255.64,286.71,224.38,273.56,29.409999999999997,22.5,NA,31.069999999999993,49.18000000000001
AK,2013,Mathematics,8,294.47,269.88,276.66,236.67,287.02,267.24,293.62,247.61,286.89,24.590000000000032,17.810000000000002,50.349999999999994,26.379999999999995,39.27999999999997
AZ,2013,Mathematics,8,293.82,265.55,269.1,NA,280.35,267.78,294.86,239.39,284.68,28.269999999999982,24.71999999999997,NA,27.08000000000004,45.29000000000002
AR,2013,Mathematics,8,285.51,254.99,273.51,265.16,278.8,267.4,292.39,242.84,282.57,30.519999999999982,12,13.639999999999986,24.99000000000001,39.72999999999999
CA,2013,Mathematics,8,291.3,257.98,263.21,235.24,281.48,263.84,293.05,233.27,279.9,33.31999999999999,28.090000000000032,46.24000000000001,29.210000000000036,46.62999999999997
CO,2013,Mathematics,8,299.87,260.1,272.83,248.38,293.23,271.65,302.06,249.03,294.23,39.76999999999998,27.04000000000002,44.85000000000002,30.410000000000025,45.20000000000002
CT,2013,Mathematics,8,296.61,260.43,257.84,223.27,287.6,262.76,297,253.31,290.16,36.18000000000001,38.77000000000004,64.33000000000001,34.24000000000001,36.85000000000002
DE,2013,Mathematics,8,293.5,264.42,275.93,NA,282.92,269.35,294.09,248.27,288.19,29.079999999999984,17.569999999999993,NA,24.739999999999952,39.91999999999999
DC,2013,Mathematics,8,317.11,260.7,265.02,236.55,267,257.64,293.07,229.5,272.78,56.410000000000025,52.09000000000003,30.44999999999999,35.43000000000001,43.27999999999997
FL,2013,Mathematics,8,290.93,263.78,274.41,243.48,282.63,270.88,293.63,255.44,284.37,27.150000000000034,16.519999999999982,39.150000000000006,22.75,28.930000000000007
GA,2013,Mathematics,8,291.52,262.32,275.87,238.63,279.95,267.25,296.33,244.13,283.34,29.19999999999999,15.649999999999977,41.31999999999999,29.079999999999984,39.20999999999998
HI,2013,Mathematics,8,290.43,NA,279.64,250.82,284.72,272.71,291.28,233.51,287.37,NA,10.79000000000002,33.900000000000034,18.569999999999993,53.860000000000014
ID,2013,Mathematics,8,290.74,NA,267.54,238.93,288.02,276.36,294.5,247.43,289.79,NA,23.19999999999999,49.089999999999975,18.139999999999986,42.360000000000014
IL,2013,Mathematics,8,295.94,260.47,272.31,241.18,286.97,267.91,299.44,247.73,290.3,35.46999999999997,23.629999999999995,45.79000000000002,31.529999999999973,42.57000000000002
IN,2013,Mathematics,8,292.89,265.09,278.45,NA,288.49,275.41,298.33,255.55,292.71,27.80000000000001,14.439999999999998,NA,22.91999999999996,37.15999999999997
IA,2013,Mathematics,8,288.88,254.53,265.36,245.54,286.11,269.66,294.56,242.86,291.02,34.349999999999994,23.519999999999982,40.57000000000002,24.899999999999977,48.15999999999997
KS,2013,Mathematics,8,295.09,267.87,275.8,262.32,291.81,275.55,301.14,250.22,294.5,27.21999999999997,19.289999999999964,29.49000000000001,25.589999999999975,44.28
KY,2013,Mathematics,8,283.42,260.19,268.96,243.06,281.23,268.24,292.73,245.52,284.43,23.230000000000018,14.460000000000036,38.170000000000016,24.49000000000001,38.91
LA,2013,Mathematics,8,284.55,259.13,277.18,NA,272.92,265.25,286.99,241.26,277.9,25.420000000000016,7.3700000000000045,NA,21.74000000000001,36.639999999999986
ME,2013,Mathematics,8,289.67,261.82,NA,NA,289.32,275.61,298.38,257.53,295.21,27.850000000000023,NA,NA,22.769999999999982,37.68000000000001
MD,2013,Mathematics,8,298.86,268.4,279.79,246.38,287.7,270.25,298.05,252.05,291.36,30.460000000000036,19.069999999999993,41.31999999999999,27.80000000000001,39.31
MA,2013,Mathematics,8,307.47,277.17,277.37,249.06,303.28,280.74,312.84,267.96,306.83,30.30000000000001,30.100000000000023,54.21999999999997,32.099999999999966,38.870000000000005
MI,2013,Mathematics,8,286.75,251.01,261.09,240.44,281.37,265.33,292.81,244.13,284.58,35.74000000000001,25.660000000000025,40.93000000000001,27.480000000000018,40.44999999999999
MN,2013,Mathematics,8,301.22,260.07,273.16,256.26,296.81,275.18,303.97,254.63,299.8,41.150000000000034,28.060000000000002,40.55000000000001,28.79000000000002,45.170000000000016
MS,2013,Mathematics,8,284.78,254.92,279.13,NA,271.21,263.49,288.05,235.98,274.09,29.859999999999985,5.649999999999977,NA,24.560000000000002,38.109999999999985
MO,2013,Mathematics,8,288.27,260.4,275.82,NA,283.23,270.68,294.06,250.94,286.99,27.870000000000005,12.449999999999989,NA,23.379999999999995,36.05000000000001
MT,2013,Mathematics,8,293.47,NA,281.8,NA,290.04,276.67,297.22,253.49,293.33,NA,11.670000000000016,NA,20.55000000000001,39.839999999999975
NE,2013,Mathematics,8,292.19,250.45,266.88,246.45,285.98,270.73,296.03,249.78,290.04,41.74000000000001,25.310000000000002,39.53000000000003,25.299999999999955,40.26000000000002
NV,2013,Mathematics,8,288.78,262.75,268.03,235.78,281.48,268.98,290.11,239.29,282.69,26.029999999999973,20.75,45.70000000000002,21.129999999999995,43.400000000000006
NH,2013,Mathematics,8,296.89,NA,270.19,NA,296.39,278.81,300.58,265,302.12,NA,26.69999999999999,NA,21.769999999999982,37.120000000000005
NJ,2013,Mathematics,8,303.31,274.21,282.88,NA,296.78,277.45,305.95,259.26,302.93,29.100000000000023,20.430000000000007,NA,28.5,43.670000000000016
NM,2013,Mathematics,8,289.41,258.42,267.79,243.17,277.38,265.85,288.71,236.01,277.84,30.99000000000001,21.620000000000005,34.21000000000001,22.859999999999957,41.829999999999984
NY,2013,Mathematics,8,293.66,261.52,265.21,241.27,284.55,268.75,292.94,248.85,287.69,32.14000000000004,28.450000000000045,43.28,24.189999999999998,38.84
NC,2013,Mathematics,8,296.12,268.29,278.87,254.93,287.09,274.31,299.64,250.04,291.21,27.829999999999984,17.25,32.15999999999997,25.329999999999984,41.16999999999999
ND,2013,Mathematics,8,294.32,271.56,NA,NA,291.58,275.77,296.79,257.75,294.83,22.75999999999999,NA,NA,21.02000000000004,37.079999999999984
OH,2013,Mathematics,8,294.21,266.72,277.04,255.53,290.09,273.56,300.88,254.93,294.89,27.489999999999952,17.16999999999996,34.559999999999974,27.319999999999993,39.95999999999998
OK,2013,Mathematics,8,281,255.62,264.88,244.8,276.7,266.26,285.97,239.52,281.67,25.379999999999995,16.120000000000005,31.899999999999977,19.710000000000036,42.150000000000006
OR,2013,Mathematics,8,289.68,NA,265.86,230.66,285.41,271.03,298.75,248.32,288.81,NA,23.819999999999993,54.75000000000003,27.720000000000027,40.49000000000001
PA,2013,Mathematics,8,297,261.66,264.4,242.75,290.87,272.72,301.17,259.04,295.12,35.339999999999975,32.60000000000002,48.120000000000005,28.44999999999999,36.079999999999984
RI,2013,Mathematics,8,293.58,262.83,262.88,231.66,286.6,266.19,298.25,245.97,290.45,30.75,30.69999999999999,54.940000000000026,32.06,44.47999999999999
SC,2013,Mathematics,8,291.82,261,272.25,271.16,280.14,266.32,295.91,240.85,284.7,30.819999999999993,19.569999999999993,8.979999999999961,29.590000000000032,43.849999999999994
SD,2013,Mathematics,8,293.59,254.45,274.43,240.68,288.44,271,296.54,242.51,292.35,39.139999999999986,19.159999999999968,47.75999999999999,25.54000000000002,49.84000000000003
TN,2013,Mathematics,8,283.88,256.74,270.39,NA,278.28,265.11,292.08,236.34,282.23,27.139999999999986,13.490000000000009,NA,26.96999999999997,45.890000000000015
TX,2013,Mathematics,8,300.02,272.51,281.36,259.66,290.37,278.82,300.41,251.8,292.29,27.50999999999999,18.659999999999968,30.70999999999998,21.590000000000032,40.49000000000001
UT,2013,Mathematics,8,290.57,NA,257.88,229.95,286.4,269.95,293.14,239.09,289.39,NA,32.69,56.44999999999999,23.189999999999998,50.29999999999998
VT,2013,Mathematics,8,296.49,258.2,NA,NA,296.08,279.03,305.29,259.29,302.7,38.29000000000002,NA,NA,26.260000000000048,43.40999999999997
VA,2013,Mathematics,8,295.91,266.75,279.21,261.23,289.6,269.75,298.22,252.38,292.99,29.160000000000025,16.700000000000045,28.370000000000005,28.470000000000027,40.610000000000014
WA,2013,Mathematics,8,295.92,268.67,273.22,248.85,292.09,275.75,301.3,245.18,295.32,27.25,22.69999999999999,43.23999999999998,25.55000000000001,50.139999999999986
WV,2013,Mathematics,8,274.97,263.74,NA,NA,274.52,265.73,285.77,236.53,279.16,11.230000000000018,NA,NA,20.039999999999964,42.630000000000024
WI,2013,Mathematics,8,295.6,252.39,272.66,259.92,290.29,273.59,298.71,250.52,294.35,43.210000000000036,22.939999999999998,30.370000000000005,25.120000000000005,43.83000000000001
WY,2013,Mathematics,8,290.46,NA,277.82,NA,288.81,278.57,293.59,256.22,292.83,NA,12.639999999999986,NA,15.019999999999982,36.60999999999996
AL,2013,Reading,4,227.42,202.42,205.72,NA,219.27,206.63,235.55,172.52,223.3,25,21.69999999999999,NA,28.920000000000016,50.78
AK,2013,Reading,4,227.61,202.73,213.12,154.11,218.15,193.27,226.41,172.34,215.71,24.880000000000024,14.490000000000009,64.03999999999999,33.139999999999986,43.370000000000005
AZ,2013,Reading,4,228.33,205.71,202.49,158.68,217.01,200.63,228.23,166.57,218.18,22.620000000000005,25.840000000000003,58.329999999999984,27.599999999999994,51.610000000000014
AR,2013,Reading,4,225.51,200.3,210.94,202.18,219.88,208.81,233.09,176.75,224.9,25.20999999999998,14.569999999999993,17.69999999999999,24.28,48.150000000000006
CA,2013,Reading,4,231.92,201.65,200.8,182.47,222.72,200.07,231.72,172.37,215.86,30.269999999999982,31.119999999999976,40.25,31.650000000000006,43.49000000000001
CO,2013,Reading,4,237.2,202.95,210.41,191.82,232.33,209.82,239.28,177.23,231.63,34.25,26.789999999999992,40.51000000000002,29.460000000000008,54.400000000000006
CT,2013,Reading,4,238.48,207.82,209.39,181.17,232.24,209.8,241.85,198.3,234.36,30.659999999999997,29.090000000000003,51.07000000000002,32.04999999999998,36.06
DE,2013,Reading,4,234.92,213.17,215.84,183.99,226.66,214.92,237.51,190.52,230.66,21.75,19.079999999999984,42.66999999999999,22.590000000000003,40.139999999999986
DC,2013,Reading,4,258.81,196.89,208.15,181.71,207.2,194.95,245.15,158.54,213.46,61.920000000000016,50.66,25.48999999999998,50.20000000000002,54.920000000000016
FL,2013,Reading,4,236.05,212.47,224.58,199.3,230.45,218.14,241.74,204.3,231.28,23.580000000000013,11.469999999999999,31.149999999999977,23.600000000000023,26.97999999999999
GA,2013,Reading,4,232.58,209,213.06,189.18,223.01,210.77,238.76,191.18,224.79,23.580000000000013,19.52000000000001,33.829999999999984,27.98999999999998,33.609999999999985
HI,2013,Reading,4,231.1,222.82,210.59,166.29,218.7,201.13,229.46,156.93,220.42,8.280000000000001,20.50999999999999,52.41,28.330000000000013,63.48999999999998
ID,2013,Reading,4,224.36,NA,198.23,170.48,221.56,208.49,230.28,164.64,225.27,NA,26.130000000000024,51.08000000000001,21.789999999999992,60.630000000000024
IL,2013,Reading,4,230.9,198.52,204.31,173.71,222.35,202.4,235.36,178.82,224.39,32.379999999999995,26.590000000000003,48.639999999999986,32.96000000000001,45.56999999999999
IN,2013,Reading,4,229.04,206.99,215.46,202.62,226.68,214.73,236.61,187.99,231.89,22.049999999999983,13.579999999999984,24.060000000000002,21.880000000000024,43.89999999999998
IA,2013,Reading,4,227.19,199.61,209.83,194.97,225.37,208.32,233.88,172.44,231.18,27.579999999999984,17.359999999999985,30.400000000000006,25.560000000000002,58.74000000000001
KS,2013,Reading,4,229.8,199.62,207.59,202.79,226.4,209.56,238.2,182.62,229.93,30.180000000000007,22.210000000000008,23.610000000000014,28.639999999999986,47.31
KY,2013,Reading,4,227.07,204.28,220.14,197.34,225.02,213.15,236.64,189.08,228.75,22.789999999999992,6.930000000000007,27.680000000000007,23.48999999999998,39.66999999999999
LA,2013,Reading,4,223.18,197.64,211.69,201.68,210.64,202.52,229.79,176.42,218.57,25.54000000000002,11.490000000000009,8.95999999999998,27.269999999999982,42.150000000000006
ME,2013,Reading,4,225.84,192.01,NA,190.33,225.65,213.92,234.41,191.43,232.41,33.83000000000001,NA,35.31999999999999,20.49000000000001,40.97999999999999
MD,2013,Reading,4,244.37,213.79,224.07,206.58,233.05,215.76,242.4,213,233.14,30.580000000000013,20.30000000000001,26.47,26.640000000000015,20.139999999999986
MA,2013,Reading,4,240.61,209.13,208.15,192.24,236.87,213.33,244.78,201.28,238.99,31.480000000000018,32.46000000000001,44.629999999999995,31.44999999999999,37.71000000000001
MI,2013,Reading,4,224.29,196.17,209.04,193.79,219.28,205.7,231.1,174.02,222.22,28.120000000000005,15.25,25.49000000000001,25.400000000000006,48.19999999999999
MN,2013,Reading,4,232.66,207.97,207.31,187.99,230.47,209.26,237.07,191.8,231.99,24.689999999999998,25.349999999999994,42.47999999999999,27.810000000000002,40.19
MS,2013,Reading,4,222.17,196.51,206.23,NA,208.8,201.37,230.97,173.38,212.33,25.659999999999997,15.939999999999998,NA,29.599999999999994,38.95000000000002
MO,2013,Reading,4,227.92,200.07,218.78,196.71,222.9,210.64,235.74,187.12,227.52,27.849999999999994,9.139999999999986,26.189999999999998,25.100000000000023,40.400000000000006
MT,2013,Reading,4,227.54,NA,213.93,174.28,224.67,211.7,232.64,185.98,226.94,NA,13.609999999999985,50.389999999999986,20.939999999999998,40.96000000000001
NE,2013,Reading,4,229.32,202.11,207.22,189.74,225.69,209.37,234.46,181.92,229.94,27.20999999999998,22.099999999999994,35.94999999999999,25.090000000000003,48.02000000000001
NV,2013,Reading,4,226.48,200.72,202.1,185.03,222.03,203.43,230.35,163.98,220.2,25.75999999999999,24.379999999999995,37,26.919999999999987,56.22
NH,2013,Reading,4,233.42,215.26,208.79,196.11,232.83,216.29,238.21,198.85,237.4,18.159999999999997,24.629999999999995,36.72,21.920000000000016,38.55000000000001
NJ,2013,Reading,4,237.78,211.33,211.57,188.25,230.01,211.63,240.94,197.82,234.1,26.44999999999999,26.210000000000008,41.75999999999999,29.310000000000002,36.28
NM,2013,Reading,4,224.98,210.08,200.55,168.08,214.01,198.64,226.04,160.12,212.49,14.899999999999977,24.42999999999998,45.92999999999998,27.400000000000006,52.370000000000005
NY,2013,Reading,4,232.92,210.57,210.04,182.26,226.98,211.36,237.83,189.53,230.32,22.349999999999994,22.879999999999995,44.72,26.47,40.78999999999999
NC,2013,Reading,4,232.45,209.73,210.11,183.25,224.83,211.03,237.45,185.32,228.22,22.72,22.339999999999975,41.58000000000001,26.419999999999987,42.900000000000006
ND,2013,Reading,4,227.22,210.55,217.28,NA,225.03,212.55,230.02,196.18,227.49,16.669999999999987,9.939999999999998,NA,17.47,31.310000000000002
OH,2013,Reading,4,231.08,195.4,213.59,205.03,224.43,208.36,237.05,187.23,229.22,35.68000000000001,17.49000000000001,19.400000000000006,28.689999999999998,41.99000000000001
OK,2013,Reading,4,223.47,200.63,204.35,185.77,219.1,208.28,230.09,176.57,224.69,22.840000000000003,19.120000000000005,33.329999999999984,21.810000000000002,48.120000000000005
OR,2013,Reading,4,225,200.16,199.1,183,224.51,206.62,235.89,176.14,225.86,24.840000000000003,25.900000000000006,41.50999999999999,29.269999999999982,49.72000000000003
PA,2013,Reading,4,232.57,207.95,208.47,181.18,227.42,211.48,238.78,190.93,232.47,24.620000000000005,24.099999999999994,46.23999999999998,27.30000000000001,41.53999999999999
RI,2013,Reading,4,233.11,205.37,201.46,167.98,226.18,206.46,238.5,178.36,229.66,27.74000000000001,31.650000000000006,58.20000000000002,32.03999999999999,51.29999999999998
SC,2013,Reading,4,224.27,197.49,211.3,205.99,214.14,202.36,231.8,163.1,221.07,26.78,12.969999999999999,8.149999999999977,29.439999999999998,57.97
SD,2013,Reading,4,224.79,201.51,206.79,159.94,220.02,202.68,229.06,181.41,224.01,23.28,18,60.08000000000001,26.379999999999995,42.599999999999994
TN,2013,Reading,4,226.68,200.69,202.97,174.15,221.25,205.33,237.33,175.69,225.89,25.99000000000001,23.710000000000008,47.099999999999994,32,50.19999999999999
TX,2013,Reading,4,233.26,209.36,206,193.63,223.41,206.17,234.3,180.67,220.45,23.899999999999977,27.25999999999999,29.78,28.130000000000024,39.78
UT,2013,Reading,4,229.47,NA,196.49,158.72,226.32,209.5,231.79,181.3,227.76,NA,32.97999999999999,67.6,22.289999999999992,46.45999999999998
VT,2013,Reading,4,229.06,NA,NA,NA,228.82,212.94,238.59,184.56,236.43,NA,NA,NA,25.650000000000006,51.870000000000005
VA,2013,Reading,4,235.85,210.76,210.83,186.42,231.64,209.3,239.44,188.69,234.53,25.090000000000003,25.019999999999982,45.22,30.139999999999986,45.84
WA,2013,Reading,4,231.52,211.04,205.09,179.32,229.48,209.37,237.74,179.72,231.25,20.480000000000018,26.430000000000007,50.16,28.370000000000005,51.53
WV,2013,Reading,4,215.09,203.36,NA,NA,214.76,210.91,225.19,178.45,221.99,11.72999999999999,NA,NA,14.280000000000001,43.54000000000002
WI,2013,Reading,4,228.26,192.57,200.85,190.45,223.43,205.4,233.3,180.02,227.29,35.69,27.409999999999997,32.98000000000002,27.900000000000006,47.26999999999998
WY,2013,Reading,4,229.21,NA,215.22,195.94,226.64,215.23,232.96,191.48,231.68,NA,13.990000000000009,30.69999999999999,17.730000000000018,40.20000000000002
AL,2013,Reading,8,266.46,241.35,248.88,NA,257.98,246.08,272.02,209.99,261.99,25.109999999999985,17.579999999999984,NA,25.93999999999997,52
AK,2013,Reading,8,273.83,253.07,261.52,213.6,266.93,247.44,272.69,225.11,266.94,20.75999999999999,12.310000000000002,53.33000000000001,25.25,41.829999999999984
AZ,2013,Reading,8,272.31,248.22,252.06,NA,261.35,250.58,272.85,221.05,265.18,24.090000000000003,20.25,NA,22.27000000000001,44.129999999999995
AR,2013,Reading,8,268.73,243.66,255.67,244.88,263.05,252.63,274.84,222.87,267.14,25.07000000000002,13.06000000000003,18.170000000000016,22.20999999999998,44.26999999999998
CA,2013,Reading,8,275.12,247.01,252.07,220.39,266.96,250.82,276.24,220.12,264.98,28.110000000000014,23.05000000000001,46.56999999999999,25.420000000000016,44.860000000000014
CO,2013,Reading,8,279.36,247.06,256.85,231.62,274.35,256.21,280.93,234.86,275.09,32.30000000000001,22.50999999999999,42.73000000000002,24.720000000000027,40.22999999999996
CT,2013,Reading,8,282.19,256.36,255.95,221.59,276.32,255.75,284.27,239.5,279.88,25.829999999999984,26.24000000000001,54.72999999999999,28.519999999999982,40.379999999999995
DE,2013,Reading,8,273.71,252.83,260.78,NA,266.6,255.23,275.55,236.08,270.46,20.879999999999967,12.930000000000007,NA,20.32000000000002,34.37999999999997
DC,2013,Reading,8,297.09,243.3,248.31,217.64,249.43,240.72,271.31,212.27,254.98,53.789999999999964,48.77999999999997,31.79000000000002,30.590000000000003,42.70999999999998
FL,2013,Reading,8,273.79,253.79,260.44,226.2,267.62,257.22,276.9,242.73,268.98,20.00000000000003,13.350000000000023,41.420000000000016,19.67999999999995,26.25000000000003
GA,2013,Reading,8,274.12,252.41,260.39,219.67,265.42,255.27,277.7,230.08,267.79,21.710000000000008,13.730000000000018,45.75000000000003,22.42999999999998,37.71000000000001
HI,2013,Reading,8,273.71,258.16,258.39,224.35,263.81,251,269.51,214.3,265.51,15.549999999999955,15.319999999999993,39.46000000000001,18.50999999999999,51.20999999999998
ID,2013,Reading,8,273.65,NA,253.72,221.68,271.81,261.2,277.47,228.16,273.69,NA,19.92999999999998,50.129999999999995,16.27000000000004,45.53
IL,2013,Reading,8,276.42,246.32,256.57,218.65,269.18,251.98,279.58,227.97,272.39,30.100000000000023,19.850000000000023,50.53,27.599999999999994,44.41999999999999
IN,2013,Reading,8,271.18,246.17,258.96,236.02,268.31,257.17,275.82,236.16,271.99,25.01000000000002,12.220000000000027,32.28999999999999,18.649999999999977,35.83000000000001
IA,2013,Reading,8,271.63,248.17,255.89,225.82,270.08,256.59,276.64,229.25,274.45,23.460000000000008,15.740000000000009,44.25999999999999,20.05000000000001,45.19999999999999
KS,2013,Reading,8,272.47,243.94,254.14,245.05,268.67,254.13,277.55,223.97,272.35,28.53000000000003,18.33000000000004,23.620000000000005,23.420000000000016,48.380000000000024
KY,2013,Reading,8,272.41,246.98,263.28,236.7,270.1,257.96,280.75,235,272.87,25.430000000000035,9.130000000000052,33.400000000000034,22.79000000000002,37.870000000000005
LA,2013,Reading,8,268.65,245.39,259.83,NA,257.66,250.28,270.84,226.95,262.31,23.25999999999999,8.819999999999993,NA,20.559999999999974,35.360000000000014
ME,2013,Reading,8,269.75,NA,NA,NA,269.55,260.22,275.79,239.65,275.31,NA,NA,NA,15.569999999999993,35.66
MD,2013,Reading,8,282.73,259.4,265.64,NA,274.35,259.9,282.7,250.93,275.2,23.33000000000004,17.090000000000032,NA,22.80000000000001,24.269999999999982
MA,2013,Reading,8,284.9,254.65,252.77,224.39,279.76,259.59,287.8,246.09,282.98,30.24999999999997,32.12999999999997,55.370000000000005,28.210000000000036,36.890000000000015
MI,2013,Reading,8,270.57,245.5,256.88,232.44,267.03,253.97,276.06,235.47,269.34,25.069999999999993,13.689999999999998,34.589999999999975,22.090000000000003,33.869999999999976
MN,2013,Reading,8,276.57,247.89,250.97,231.05,273.3,254.55,279.05,232.93,275.73,28.680000000000007,25.599999999999994,42.25,24.5,42.80000000000001
MS,2013,Reading,8,265.98,238.98,251.7,NA,253.32,245.98,269.15,217.15,256.17,27.00000000000003,14.28000000000003,NA,23.169999999999987,39.02000000000001
MO,2013,Reading,8,272.74,244.86,266.48,NA,267.45,256.34,277.03,227.89,272.36,27.879999999999995,6.259999999999991,NA,20.689999999999998,44.47000000000003
MT,2013,Reading,8,276.16,NA,262.54,NA,272.55,261.22,278.48,232.34,275.93,NA,13.620000000000005,NA,17.25999999999999,43.59
NE,2013,Reading,8,274.56,250.66,253.95,NA,270.18,257.21,278.39,235.32,273.65,23.900000000000006,20.610000000000014,NA,21.180000000000007,38.329999999999984
NV,2013,Reading,8,272.68,247.82,251.91,216.86,265.14,253.7,271.7,220.32,266.29,24.860000000000014,20.77000000000001,48.27999999999997,18,45.97000000000003
NH,2013,Reading,8,275.4,NA,250.64,NA,275.06,259.02,279,244.1,280.12,NA,24.75999999999999,NA,19.980000000000018,36.02000000000001
NJ,2013,Reading,8,283.06,259.55,264.42,NA,277.02,260.94,284.57,246.83,281.54,23.50999999999999,18.639999999999986,NA,23.629999999999995,34.71000000000001
NM,2013,Reading,8,271.24,245.22,251.67,224.02,260.61,249.81,269.74,221.48,260.77,26.02000000000001,19.57000000000002,36.59,19.930000000000007,39.28999999999999
NY,2013,Reading,8,276.54,251.87,251.88,215.27,269.67,253.05,277.51,237.14,272.08,24.670000000000016,24.660000000000025,54.400000000000006,24.45999999999998,34.94
NC,2013,Reading,8,273.35,250.68,257.87,231.94,265.93,253.06,278.45,228.01,270.05,22.670000000000016,15.480000000000018,33.99000000000001,25.389999999999986,42.04000000000002
ND,2013,Reading,8,270.48,254.81,NA,NA,268.77,254.52,273.32,233.2,271.81,15.670000000000016,NA,NA,18.799999999999983,38.610000000000014
OH,2013,Reading,8,273.1,247.04,265.8,251.42,269.35,254.21,279.6,228.57,275.03,26.06000000000003,7.300000000000011,17.930000000000035,25.390000000000015,46.45999999999998
OK,2013,Reading,8,268.14,245.33,251.68,228.73,263.21,253.73,271.24,227.91,267.81,22.809999999999974,16.45999999999998,34.47999999999999,17.51000000000002,39.900000000000006
OR,2013,Reading,8,273.9,NA,252.72,217.83,270.02,257.51,281.36,234.7,273.34,NA,21.17999999999998,52.18999999999997,23.850000000000023,38.639999999999986
PA,2013,Reading,8,278.56,249.72,249.22,222.22,273.32,258.05,281.67,239.88,277.91,28.840000000000003,29.340000000000003,51.099999999999994,23.620000000000005,38.03000000000003
RI,2013,Reading,8,274.63,249.33,248.73,216.02,268.83,251.94,278.11,235.06,271.96,25.299999999999983,25.900000000000006,52.809999999999974,26.170000000000016,36.89999999999998
SC,2013,Reading,8,270.64,246.68,256.92,241.72,262.16,250.14,274.75,218.87,266.49,23.95999999999998,13.71999999999997,20.440000000000026,24.610000000000014,47.620000000000005
SD,2013,Reading,8,271.94,NA,258.99,NA,269.11,258.71,273.35,227.96,272.11,NA,12.949999999999989,NA,14.640000000000043,44.150000000000006
TN,2013,Reading,8,269.76,250.59,261.68,NA,265.94,256.09,275.82,225.84,269.02,19.169999999999987,8.079999999999984,NA,19.730000000000018,43.17999999999998
TX,2013,Reading,8,278.79,252.81,254.76,226.62,266.54,254.06,276.11,225.56,267.31,25.980000000000018,24.03000000000003,39.920000000000016,22.05000000000001,41.75
UT,2013,Reading,8,273.63,NA,255.87,220.42,271.74,259.53,276.39,227.26,274.17,NA,17.75999999999999,51.32000000000002,16.860000000000014,46.910000000000025
VT,2013,Reading,8,274.76,257.36,NA,NA,274.76,261.11,282.3,237.82,281.65,17.399999999999977,NA,NA,21.189999999999998,43.829999999999984
VA,2013,Reading,8,274.89,249.12,262.12,242.18,268.95,251.48,276.49,233.58,272.1,25.769999999999982,12.769999999999982,26.769999999999982,25.01000000000002,38.52000000000001
WA,2013,Reading,8,278.83,257.57,253.26,221.86,274.64,258.18,282.92,232.77,276.57,21.25999999999999,25.569999999999993,52.77999999999997,24.74000000000001,43.79999999999998
WV,2013,Reading,8,257.41,254.7,NA,NA,257.42,250.05,266.93,208.73,263.58,2.7100000000000364,NA,NA,16.879999999999995,54.849999999999994
WI,2013,Reading,8,272.78,237.34,257.65,242.35,268.88,253.9,276.35,227.67,273.38,35.43999999999997,15.129999999999995,26.53,22.450000000000017,45.71000000000001
WY,2013,Reading,8,273.19,NA,261.14,NA,271.67,262.34,275.94,239.92,275.69,NA,12.050000000000011,NA,13.600000000000023,35.77000000000001
AL,2015,Mathematics,4,239.06,217.15,220.93,NA,231.6,222.58,243.97,204.33,234.23,21.909999999999997,18.129999999999995,NA,21.389999999999986,29.899999999999977
AK,2015,Mathematics,4,246.28,221.09,235.32,209.02,241.07,225.22,248.13,210.32,240.54,25.189999999999998,10.960000000000008,32.04999999999998,22.909999999999997,30.22
AZ,2015,Mathematics,4,250.85,231.08,228.76,206.23,241.12,228.44,251.81,209.96,241.52,19.769999999999982,22.090000000000003,34.890000000000015,23.370000000000005,31.560000000000002
AR,2015,Mathematics,4,240.21,220.81,230.61,225.95,236,229.97,245.69,208.74,239.25,19.400000000000006,9.599999999999994,10.050000000000011,15.719999999999999,30.50999999999999
CA,2015,Mathematics,4,245.61,222.32,221.64,211.03,239.5,221.06,248.75,205.88,234.1,23.29000000000002,23.970000000000027,28.47,27.689999999999998,28.22
CO,2015,Mathematics,4,252.72,221.1,226.85,213.2,246.17,228.2,254.01,209.74,245.2,31.620000000000005,25.870000000000005,32.97,25.810000000000002,35.45999999999998
CT,2015,Mathematics,4,248.75,218.4,223.69,216.85,241.83,222.96,250.59,213.74,243.9,30.349999999999994,25.060000000000002,24.980000000000018,27.629999999999995,30.159999999999997
DE,2015,Mathematics,4,247.34,226.72,232.42,215.07,239.84,229.47,245.34,214.08,243.31,20.620000000000005,14.920000000000016,24.77000000000001,15.870000000000005,29.22999999999999
DC,2015,Mathematics,4,273.76,222.73,231.15,210.71,232.69,221.63,261.12,202.44,235.63,51.03,42.609999999999985,21.97999999999999,39.49000000000001,33.19
FL,2015,Mathematics,4,250.86,227.8,239.81,220.47,244.97,235.21,254.33,228.44,245.46,23.060000000000002,11.050000000000011,24.5,19.120000000000005,17.02000000000001
GA,2015,Mathematics,4,245.36,223.84,233.65,216.06,237.65,228.06,251.74,214.29,239.74,21.52000000000001,11.710000000000008,21.590000000000003,23.680000000000007,25.450000000000017
HI,2015,Mathematics,4,248.01,NA,236.4,201.29,240.62,228.65,249.32,198.41,241.68,NA,11.609999999999985,39.33000000000001,20.669999999999987,43.27000000000001
ID,2015,Mathematics,4,243.47,NA,220.92,201.11,240.65,230.08,248.61,210.69,241.87,NA,22.55000000000001,39.53999999999999,18.53,31.180000000000007
IL,2015,Mathematics,4,247.62,215.04,228.44,211.46,240.18,225.29,252.47,209.87,241.3,32.58000000000001,19.180000000000007,28.72,27.180000000000007,31.430000000000007
IN,2015,Mathematics,4,251.8,229.44,240.2,233.99,248.71,239.02,257.52,226.72,251.61,22.360000000000014,11.600000000000023,14.719999999999999,18.49999999999997,24.890000000000015
IA,2015,Mathematics,4,247.6,222.09,226.45,220.8,245.06,231.07,252.28,212.89,247.81,25.50999999999999,21.150000000000006,24.25999999999999,21.210000000000008,34.920000000000016
KS,2015,Mathematics,4,247.3,217.79,228.17,223.74,243.8,231.03,253.14,218.72,244.78,29.51000000000002,19.130000000000024,20.060000000000002,22.109999999999985,26.060000000000002
KY,2015,Mathematics,4,243.83,226.3,234.33,220.38,242.54,233.79,254.56,222.31,245,17.53,9.5,22.159999999999997,20.77000000000001,22.689999999999998
LA,2015,Mathematics,4,242.19,223.73,237.61,NA,234.36,228.32,247.41,214.7,239.12,18.460000000000008,4.579999999999984,NA,19.090000000000003,24.420000000000016
ME,2015,Mathematics,4,243.36,222.54,NA,210.91,243.3,232.75,251.09,222.18,246.69,20.82000000000002,NA,32.390000000000015,18.340000000000003,24.50999999999999
MD,2015,Mathematics,4,251.85,223.96,229.4,218.43,241.37,224.61,252.54,217.01,242.69,27.889999999999986,22.44999999999999,22.939999999999998,27.92999999999998,25.680000000000007
MA,2015,Mathematics,4,256.13,230.42,231.79,223.49,253.4,235.71,261.42,231.34,254.86,25.710000000000008,24.340000000000003,29.909999999999997,25.710000000000008,23.52000000000001
MI,2015,Mathematics,4,240.72,212.36,223.36,218.99,236.53,222.95,247.33,216.73,238.37,28.359999999999985,17.359999999999985,17.539999999999992,24.380000000000024,21.640000000000015
MN,2015,Mathematics,4,256.83,226.8,232.05,220.85,252.63,234.19,259.71,227.02,252.9,30.029999999999973,24.779999999999973,31.78,25.519999999999982,25.879999999999995
MS,2015,Mathematics,4,244.89,223.54,228.74,NA,234.52,228.57,249.84,219.18,236.28,21.349999999999994,16.149999999999977,NA,21.27000000000001,17.099999999999994
MO,2015,Mathematics,4,243.64,220.05,233.06,NA,239.51,229.58,250.31,217.19,242.3,23.589999999999975,10.579999999999984,NA,20.72999999999999,25.110000000000014
MT,2015,Mathematics,4,245.43,NA,230.87,203.98,242.49,231.36,249.86,218.22,244.2,NA,14.560000000000002,38.51000000000002,18.5,25.97999999999999
NE,2015,Mathematics,4,250.9,217.43,229.88,217.07,245.9,231.43,254.37,222.15,248.02,33.47,21.02000000000001,28.830000000000013,22.939999999999998,25.870000000000005
NV,2015,Mathematics,4,245.97,218.47,226.83,219.38,238.52,226.11,245.81,201.9,237.14,27.5,19.139999999999986,19.140000000000015,19.69999999999999,35.23999999999998
NH,2015,Mathematics,4,249.8,NA,236.82,231.56,249.7,235.73,254.68,227.3,253.67,NA,12.980000000000018,18.139999999999986,18.950000000000017,26.369999999999976
NJ,2015,Mathematics,4,254.24,227.58,232.23,NA,246.13,230.49,255.66,227.2,249.2,26.659999999999997,22.01000000000002,NA,25.169999999999987,22
NM,2015,Mathematics,4,241.34,NA,228.63,213.45,234.7,226.34,245.06,205.08,235.37,NA,12.710000000000008,21.25,18.72,30.289999999999992
NY,2015,Mathematics,4,245.14,220.61,228.38,209.31,239.13,228.36,248.13,215.59,241.39,24.529999999999973,16.75999999999999,29.819999999999993,19.769999999999982,25.799999999999983
NC,2015,Mathematics,4,253.42,228.89,235.18,216.32,245.64,234.08,258.42,218.43,247.41,24.53,18.23999999999998,29.319999999999993,24.340000000000003,28.97999999999999
ND,2015,Mathematics,4,248.71,230.66,224.33,NA,245.31,232.05,251.02,220.86,247.9,18.05000000000001,24.379999999999995,NA,18.97,27.039999999999992
OH,2015,Mathematics,4,248.81,219.63,235.93,225.28,244.4,230.06,256.72,215.77,248.22,29.180000000000007,12.879999999999995,19.120000000000005,26.660000000000025,32.44999999999999
OK,2015,Mathematics,4,245.08,223.19,232.09,220.72,241.1,232.47,251.61,221.5,243.39,21.890000000000015,12.990000000000009,20.379999999999995,19.140000000000015,21.889999999999986
OR,2015,Mathematics,4,242.64,216.97,224.23,212.72,241.49,230.33,250.13,211.06,241.58,25.669999999999987,18.409999999999997,28.77000000000001,19.799999999999983,30.52000000000001
PA,2015,Mathematics,4,249.68,218.89,225.59,216.54,244.13,229.31,253.96,220.4,248.19,30.79000000000002,24.090000000000003,27.590000000000003,24.650000000000006,27.789999999999992
RI,2015,Mathematics,4,245.94,222.22,223.34,210.15,240.17,225.65,249.03,208.8,242.38,23.72,22.599999999999994,30.019999999999982,23.379999999999995,33.579999999999984
SC,2015,Mathematics,4,246.71,221.17,232.73,232.81,237.43,228.59,251.58,213.81,240.75,25.54000000000002,13.980000000000018,4.6200000000000045,22.99000000000001,26.939999999999998
SD,2015,Mathematics,4,245.54,218.27,227.37,NA,240.69,228.68,248.24,218.88,243.58,27.269999999999982,18.169999999999987,NA,19.560000000000002,24.700000000000017
TN,2015,Mathematics,4,245.91,225.6,235.48,232.56,241.07,232.09,252.25,219.33,244.19,20.310000000000002,10.430000000000007,8.509999999999991,20.159999999999997,24.859999999999985
TX,2015,Mathematics,4,254.61,233.04,239.16,232.64,247.28,234.92,260.01,220.52,247.32,21.57000000000002,15.450000000000017,14.640000000000015,25.090000000000003,26.799999999999983
UT,2015,Mathematics,4,246.67,NA,226,206.53,244.1,230.67,249.1,216.41,245.96,NA,20.669999999999987,37.56999999999999,18.430000000000007,29.55000000000001
VT,2015,Mathematics,4,243.76,NA,NA,NA,243.54,231.57,251.81,217.83,248.29,NA,NA,NA,20.24000000000001,30.45999999999998
VA,2015,Mathematics,4,252.74,231.2,234.82,222.5,248.2,233.48,256.27,224.41,249.74,21.54000000000002,17.920000000000016,25.69999999999999,22.789999999999992,25.330000000000013
WA,2015,Mathematics,4,251.27,229.13,227.92,215.07,249.54,231.6,259.03,217.57,248.81,22.140000000000015,23.350000000000023,34.47,27.42999999999998,31.24000000000001
WV,2015,Mathematics,4,235.99,217.5,NA,NA,235.17,230.41,248.56,214.43,240.09,18.49000000000001,NA,NA,18.150000000000006,25.659999999999997
WI,2015,Mathematics,4,250.1,212.39,228.77,225.26,244.75,229.09,253.71,217.68,246.84,37.71000000000001,21.329999999999984,19.49000000000001,24.620000000000005,29.159999999999997
WY,2015,Mathematics,4,250.5,NA,234.35,216.93,247.82,237.43,253.25,224.4,250.57,NA,16.150000000000006,30.889999999999986,15.819999999999993,26.169999999999987
AL,2015,Mathematics,8,276.23,247.8,260.24,NA,267.06,254.33,281.67,224.69,270.87,28.430000000000007,15.990000000000009,NA,27.340000000000003,46.18000000000001
AK,2015,Mathematics,8,294.8,268.87,279.06,236.16,286.08,266.15,293.55,241.96,286.18,25.930000000000007,15.740000000000009,49.91999999999999,27.400000000000034,44.22
AZ,2015,Mathematics,8,297.44,269.11,273.08,233.84,284.79,272.64,296.04,245.08,287.27,28.329999999999984,24.360000000000014,50.95000000000002,23.400000000000034,42.18999999999997
AR,2015,Mathematics,8,282.65,255.33,268.84,254.81,276.63,265.85,289.3,237.95,279.53,27.319999999999965,13.810000000000002,21.819999999999993,23.44999999999999,41.579999999999984
CA,2015,Mathematics,8,290.95,260.33,262.59,238.39,281.55,263.74,292.8,234.21,279.79,30.620000000000005,28.360000000000014,43.160000000000025,29.060000000000002,45.58000000000001
CO,2015,Mathematics,8,297.45,260.35,268.89,250.48,290.1,268.45,299.71,248.45,289.61,37.099999999999966,28.560000000000002,39.62000000000003,31.25999999999999,41.160000000000025
CT,2015,Mathematics,8,294.81,256.42,261.41,232.73,285.77,261.18,296.15,250.02,290,38.389999999999986,33.39999999999998,53.03999999999999,34.96999999999997,39.97999999999999
DE,2015,Mathematics,8,290.85,263.38,269.72,NA,280.61,266.65,288.92,245.86,286.28,27.470000000000027,21.129999999999995,NA,22.27000000000004,40.41999999999996
DC,2015,Mathematics,8,315.72,256.66,265.32,232.7,264.56,253.73,293.02,227.73,271.12,59.06,50.400000000000034,31.860000000000014,39.28999999999999,43.390000000000015
FL,2015,Mathematics,8,285.47,258.31,272.03,240.39,277.44,265.68,291.96,248.59,279.26,27.160000000000025,13.440000000000055,37.05000000000001,26.279999999999973,30.669999999999987
GA,2015,Mathematics,8,291.22,263.75,270.22,242.12,279.74,266.88,299.01,245.13,282.88,27.470000000000027,21,37.620000000000005,32.129999999999995,37.75
HI,2015,Mathematics,8,286.5,NA,271.45,239.11,282.18,269.47,289.98,232.91,284.71,NA,15.050000000000011,43.06999999999999,20.50999999999999,51.79999999999998
ID,2015,Mathematics,8,288.22,NA,263.77,NA,285.03,272.01,293.35,245.97,287.87,NA,24.450000000000045,NA,21.340000000000032,41.900000000000006
IL,2015,Mathematics,8,290.09,260.59,273.32,246.77,283.85,269.1,295.57,241.37,287.91,29.5,16.769999999999982,37.08000000000001,26.46999999999997,46.54000000000002
IN,2015,Mathematics,8,293.65,256.95,270.82,260.01,288.77,274.17,298.12,252.22,292.44,36.69999999999999,22.829999999999984,28.75999999999999,23.94999999999999,40.22
IA,2015,Mathematics,8,290.51,253.61,269.18,246.28,287.98,270.29,296.16,245.19,291.97,36.89999999999998,21.329999999999984,41.70000000000002,25.870000000000005,46.78000000000003
KS,2015,Mathematics,8,289.33,262.71,273.57,265.7,286.03,271.77,294.86,246.71,288.74,26.620000000000005,15.759999999999991,20.329999999999984,23.090000000000032,42.03
KY,2015,Mathematics,8,280.71,257.48,273.86,NA,278.4,267.7,290.93,246.59,282.04,23.22999999999996,6.849999999999966,NA,23.230000000000018,35.45000000000002
LA,2015,Mathematics,8,280.28,254.71,270.67,NA,268.66,260.34,283.84,241.78,273.84,25.569999999999965,9.609999999999957,NA,23.5,32.059999999999974
ME,2015,Mathematics,8,286.11,NA,NA,NA,285.9,272.34,294.36,247.15,292.86,NA,NA,NA,22.02000000000004,45.71000000000001
MD,2015,Mathematics,8,296.51,262.72,273.33,247.37,284.32,264.37,295.91,248.21,288.61,33.789999999999964,23.180000000000007,36.94999999999999,31.54000000000002,40.400000000000006
MA,2015,Mathematics,8,303.52,268,271.03,250.73,299.64,278.71,310.88,263.53,304.25,35.51999999999998,32.49000000000001,48.91,32.170000000000016,40.72000000000003
MI,2015,Mathematics,8,285.08,250.57,269.14,258.28,278.88,263.32,290.38,241.26,282.82,34.50999999999999,15.939999999999998,20.600000000000023,27.060000000000002,41.56
MN,2015,Mathematics,8,302.02,261.88,271.54,252.47,297.01,274.84,304.62,253.08,299.54,40.139999999999986,30.47999999999996,44.53999999999999,29.78000000000003,46.46000000000001
MS,2015,Mathematics,8,284.29,257.13,269.27,NA,270.71,262.22,291.31,227.47,275.19,27.160000000000025,15.020000000000039,NA,29.089999999999975,47.72
MO,2015,Mathematics,8,285.48,257.8,269.74,NA,281.24,266.42,293.16,239.76,286.29,27.680000000000007,15.740000000000009,NA,26.74000000000001,46.53000000000003
MT,2015,Mathematics,8,292.12,NA,275.05,NA,288.35,275.56,295.52,247.17,292.47,NA,17.069999999999993,NA,19.95999999999998,45.30000000000004
NE,2015,Mathematics,8,294.54,253.63,266.24,NA,287.54,270.34,297.59,253.27,291.47,40.910000000000025,28.30000000000001,NA,27.25,38.20000000000002
NV,2015,Mathematics,8,287.95,255.68,265.71,245.59,280.28,265.24,286.85,233.49,279.57,32.26999999999998,22.24000000000001,34.68999999999997,21.610000000000014,46.079999999999984
NH,2015,Mathematics,8,295.34,NA,270.27,NA,295.42,275.18,300.3,262.12,300.8,NA,25.069999999999993,NA,25.120000000000005,38.68000000000001
NJ,2015,Mathematics,8,301.27,268.7,272.17,NA,294.27,270.1,304.69,257.01,300.89,32.56999999999999,29.099999999999966,NA,34.589999999999975,43.879999999999995
NM,2015,Mathematics,8,285.4,NA,266.49,240.05,275.69,264.63,286.94,234.33,276.12,NA,18.909999999999968,35.639999999999986,22.310000000000002,41.78999999999999
NY,2015,Mathematics,8,289.52,264.07,268.48,242.23,282.43,270.88,292.11,251.72,285.79,25.44999999999999,21.039999999999964,40.20000000000002,21.230000000000018,34.07000000000002
NC,2015,Mathematics,8,292.21,262.94,272.65,247.13,283.06,268.37,299.44,244.7,287.22,29.269999999999982,19.560000000000002,35.93000000000001,31.069999999999993,42.52000000000004
ND,2015,Mathematics,8,293.09,263.28,276.06,NA,289.12,271.25,295.74,255.59,292.96,29.810000000000002,17.029999999999973,NA,24.49000000000001,37.369999999999976
OH,2015,Mathematics,8,290.93,259.03,265.52,235.47,286.6,269.68,298.58,254.48,290.17,31.900000000000034,25.410000000000025,51.130000000000024,28.899999999999977,35.690000000000026
OK,2015,Mathematics,8,280.86,259.95,265.9,245.11,276.1,265.29,286.6,240.06,280.88,20.910000000000025,14.960000000000036,30.99000000000001,21.310000000000002,40.81999999999999
OR,2015,Mathematics,8,288.66,NA,266.45,NA,284.11,271.43,297.29,246.5,288.17,NA,22.210000000000036,NA,25.860000000000014,41.670000000000016
PA,2015,Mathematics,8,292.46,253.22,261.45,234.07,284.76,266.75,298.55,248.36,290.15,39.23999999999998,31.00999999999999,50.69,31.80000000000001,41.789999999999964
RI,2015,Mathematics,8,290.41,258.31,264.51,233.32,283.94,266.62,293.97,245.99,287.55,32.10000000000002,25.900000000000034,50.620000000000005,27.350000000000023,41.56
SC,2015,Mathematics,8,287.57,256.22,272.3,265.63,276.31,264.05,291.23,237.84,280.82,31.349999999999966,15.269999999999982,10.680000000000007,27.180000000000007,42.97999999999999
SD,2015,Mathematics,8,290.35,NA,271.83,NA,285.92,270.74,292.69,248.93,288.83,NA,18.52000000000004,NA,21.94999999999999,39.89999999999998
TN,2015,Mathematics,8,284.72,253.39,273.04,NA,278.72,266.04,292.47,241.08,283.78,31.33000000000004,11.680000000000007,NA,26.430000000000007,42.69999999999996
TX,2015,Mathematics,8,297.62,267.37,276.67,256.09,286.88,273.7,296.14,251.49,287.54,30.25,20.94999999999999,30.79000000000002,22.439999999999998,36.05000000000001
UT,2015,Mathematics,8,292.21,NA,261.58,226.47,288.21,270.87,294.08,242.3,291.05,NA,30.629999999999995,61.73999999999998,23.20999999999998,48.75
VT,2015,Mathematics,8,291.18,NA,NA,NA,290.94,277.65,298.53,251.76,298.79,NA,NA,NA,20.879999999999995,47.03000000000003
VA,2015,Mathematics,8,295.29,265.05,279.16,259.02,289.17,269.68,299.05,255.87,292.27,30.24000000000001,16.129999999999995,30.150000000000034,29.370000000000005,36.39999999999998
WA,2015,Mathematics,8,293.93,257.08,269.13,244.32,289.67,272.2,301,238.15,292.92,36.85000000000002,24.80000000000001,45.35000000000002,28.80000000000001,54.77000000000001
WV,2015,Mathematics,8,272.32,256.07,NA,NA,271.45,264.98,282.86,237.64,276.48,16.25,NA,NA,17.879999999999995,38.84000000000003
WI,2015,Mathematics,8,296.17,248.58,270.84,256.46,290.39,268.74,299.53,253.33,294.31,47.59,25.33000000000004,33.93000000000001,30.789999999999964,40.97999999999999
WY,2015,Mathematics,8,290.31,NA,273.08,NA,287.7,273.66,294.05,254.14,291.65,NA,17.230000000000018,NA,20.389999999999986,37.50999999999999
AL,2015,Reading,4,225.56,203.56,198.62,NA,217.84,208.23,231.71,180.38,221.66,22,26.939999999999998,NA,23.480000000000018,41.28
AK,2015,Reading,4,227.59,209.28,215.03,164.6,221.15,196.93,228.73,170.63,219.81,18.310000000000002,12.560000000000002,56.55000000000001,31.799999999999983,49.18000000000001
AZ,2015,Reading,4,229.16,216.92,204.37,165.32,220.81,203.08,235.9,176.68,220.7,12.240000000000009,24.789999999999992,55.49000000000001,32.81999999999999,44.01999999999998
AR,2015,Reading,4,224.49,202,210.4,203.68,219.31,210.95,233.34,180.6,223.64,22.49000000000001,14.090000000000003,15.629999999999995,22.390000000000015,43.03999999999999
CA,2015,Reading,4,231.24,198.21,200.7,182.87,224.18,200.66,233.08,164.67,217.42,33.03,30.54000000000002,41.31,32.420000000000016,52.75
CO,2015,Reading,4,235.75,214.34,206.36,185.21,230.22,208.11,237.83,177.74,229.45,21.409999999999997,29.389999999999986,45.00999999999999,29.72,51.70999999999998
CT,2015,Reading,4,239.6,205.01,210.47,190.14,231.68,209,240.14,190.76,234.18,34.59,29.129999999999995,41.54000000000002,31.139999999999986,43.420000000000016
DE,2015,Reading,4,236.12,210.03,210.16,177.47,225.96,210.35,232.46,186.73,230.35,26.090000000000003,25.960000000000008,48.49000000000001,22.110000000000014,43.620000000000005
DC,2015,Reading,4,260.39,203.66,206.81,176.65,214.43,200.21,248.03,166.83,219.2,56.72999999999999,53.579999999999984,37.78,47.81999999999999,52.369999999999976
FL,2015,Reading,4,235.43,212.86,223.95,200.95,229.91,220.1,238.71,205.45,231.53,22.569999999999993,11.480000000000018,28.960000000000008,18.610000000000014,26.080000000000013
GA,2015,Reading,4,232.03,212.08,211.33,187.73,223.67,213.88,238.82,197.5,225.07,19.94999999999999,20.69999999999999,35.94,24.939999999999998,27.569999999999993
HI,2015,Reading,4,232.97,NA,212.36,164.29,218.89,202.55,230.02,161,220.23,NA,20.609999999999985,54.599999999999994,27.47,59.22999999999999
ID,2015,Reading,4,226.96,NA,199.71,159.76,224.6,210.71,233.45,175.91,226.82,NA,27.25,64.84,22.73999999999998,50.91
IL,2015,Reading,4,233.22,201.73,211.01,183.84,226.25,208.44,239.29,190.89,226.61,31.49000000000001,22.210000000000008,42.41,30.849999999999994,35.72000000000003
IN,2015,Reading,4,231.45,211.82,215.84,199.01,229.56,217.3,237.8,197.22,233.07,19.629999999999995,15.609999999999985,30.55000000000001,20.5,35.849999999999994
IA,2015,Reading,4,227.64,195.35,209.19,197.38,225.73,209.98,234.41,174.39,230.79,32.28999999999999,18.44999999999999,28.349999999999994,24.430000000000007,56.400000000000006
KS,2015,Reading,4,227.34,198.39,207.89,201.06,224.17,207.74,238.03,176.28,228.22,28.950000000000017,19.450000000000017,23.109999999999985,30.289999999999992,51.94
KY,2015,Reading,4,230.73,212.15,216.17,200.9,228.78,219.14,241.46,202.57,231.86,18.579999999999984,14.560000000000002,27.879999999999995,22.32000000000002,29.29000000000002
LA,2015,Reading,4,226.27,203.5,216.76,NA,216.82,209.31,230.81,184.21,223.63,22.77000000000001,9.51000000000002,NA,21.5,39.41999999999999
ME,2015,Reading,4,224.77,195.96,NA,186.44,224.94,213.65,234.04,191.27,231.02,28.810000000000002,NA,38.5,20.389999999999986,39.75
MD,2015,Reading,4,235.36,207.58,209.91,192.84,225.45,207.05,236.81,187.92,227.41,27.78,25.450000000000017,32.609999999999985,29.75999999999999,39.49000000000001
MA,2015,Reading,4,242.15,217.14,214.59,199.97,238.68,219.66,246.74,209.26,240.96,25.01000000000002,27.560000000000002,38.71000000000001,27.080000000000013,31.700000000000017
MI,2015,Reading,4,220.63,192.43,205.93,202.47,216.96,203.97,227.73,178.12,221.65,28.19999999999999,14.699999999999989,14.490000000000009,23.75999999999999,43.53
MN,2015,Reading,4,232.02,195.07,198.81,178.6,228.06,204.83,236.05,186.54,228.93,36.95000000000002,33.21000000000001,49.46000000000001,31.22,42.390000000000015
MS,2015,Reading,4,226.63,201.84,210.01,NA,214.26,207.19,233.33,180.72,218.5,24.789999999999992,16.620000000000005,NA,26.140000000000015,37.78
MO,2015,Reading,4,228.66,202.01,208.9,203.43,223.24,211.46,235.63,185.2,228.43,26.650000000000006,19.75999999999999,19.810000000000002,24.169999999999987,43.23000000000002
MT,2015,Reading,4,228.97,NA,218.71,175.21,226.1,212.71,235.16,188.41,228.99,NA,10.259999999999991,50.889999999999986,22.44999999999999,40.58000000000001
NE,2015,Reading,4,234.02,208.38,207.75,192.92,229.02,212.58,239.14,190.87,233.4,25.640000000000015,26.27000000000001,36.10000000000002,26.559999999999974,42.53
NV,2015,Reading,4,227.93,199.87,204.44,189.69,222.42,205.14,227.44,168.33,219.68,28.060000000000002,23.49000000000001,32.72999999999999,22.30000000000001,51.349999999999994
NH,2015,Reading,4,233.15,NA,217.04,206.1,232.84,216.26,238.31,198.46,238.85,NA,16.110000000000014,26.74000000000001,22.05000000000001,40.389999999999986
NJ,2015,Reading,4,238.7,213.17,216.03,NA,230.62,212.95,240.23,202.69,234.9,25.53,22.669999999999987,NA,27.28,32.21000000000001
NM,2015,Reading,4,224.6,NA,202.5,170.81,214.14,201.13,225.56,161.53,215.05,NA,22.099999999999994,43.329999999999984,24.430000000000007,53.52000000000001
NY,2015,Reading,4,233.83,207.54,209.02,184.03,225.7,210.64,237.69,188.38,230.01,26.29000000000002,24.810000000000002,41.66999999999999,27.05000000000001,41.629999999999995
NC,2015,Reading,4,236.26,214,211.91,186.51,228.52,215.35,242,189.18,231.07,22.25999999999999,24.349999999999994,42.01000000000002,26.650000000000006,41.889999999999986
ND,2015,Reading,4,228.75,208.35,204.84,NA,225.65,211.67,231.15,190.24,229.5,20.400000000000006,23.909999999999997,NA,19.480000000000018,39.25999999999999
OH,2015,Reading,4,229.94,204.74,210.38,202.01,225.81,212,237.93,187.68,231.2,25.19999999999999,19.560000000000002,23.80000000000001,25.930000000000007,43.51999999999998
OK,2015,Reading,4,226.22,205.04,212.62,196.61,223.52,214.2,234.02,191.18,227.9,21.180000000000007,13.599999999999994,26.909999999999997,19.82000000000002,36.72
OR,2015,Reading,4,227.34,NA,202.29,180.23,226.15,210.22,236.78,182.89,225.54,NA,25.05000000000001,45.920000000000016,26.560000000000002,42.650000000000006
PA,2015,Reading,4,234.35,204.75,201.34,170.24,228.66,210.68,239.16,194.67,233.55,29.599999999999994,33.00999999999999,58.41999999999999,28.47999999999999,38.880000000000024
RI,2015,Reading,4,234.29,214.53,206.88,182.09,228.78,211.1,238.21,178.7,232.49,19.75999999999999,27.409999999999997,46.69,27.110000000000014,53.79000000000002
SC,2015,Reading,4,230.45,199.58,203.29,201.42,219.34,206.19,237.07,167.62,225.77,30.869999999999976,27.159999999999997,17.920000000000016,30.879999999999995,58.150000000000006
SD,2015,Reading,4,227.37,201.51,202.22,170.02,221.82,204.69,231.63,183.41,226.77,25.860000000000014,25.150000000000006,51.79999999999998,26.939999999999998,43.360000000000014
TN,2015,Reading,4,225.42,199.31,213.51,200.05,219.41,207.36,235.11,175.52,225.23,26.109999999999985,11.909999999999997,19.359999999999985,27.75,49.70999999999998
TX,2015,Reading,4,234.79,204.77,210.15,197.82,223.53,208.36,234.65,182.4,222.6,30.019999999999982,24.639999999999986,25.710000000000008,26.289999999999992,40.19999999999999
UT,2015,Reading,4,231.19,NA,204.48,174.34,228.3,212.72,233.74,182.52,231.86,NA,26.710000000000008,53.96000000000001,21.02000000000001,49.34
VT,2015,Reading,4,230.58,NA,NA,NA,230.5,217.23,239.24,190.8,237.84,NA,NA,NA,22.01000000000002,47.03999999999999
VA,2015,Reading,4,237.53,208.2,217.24,188.7,231.64,210.44,242.04,192.08,234.22,29.330000000000013,20.289999999999992,42.94,31.599999999999994,42.139999999999986
WA,2015,Reading,4,233.99,214.75,202.61,189.25,231.39,210.37,241.78,186.6,231.31,19.24000000000001,31.379999999999995,42.139999999999986,31.409999999999997,44.71000000000001
WV,2015,Reading,4,216.62,210.38,NA,NA,216.3,211.42,230.88,178.69,224.95,6.240000000000009,NA,NA,19.460000000000008,46.25999999999999
WI,2015,Reading,4,231.01,193.32,208.7,197.82,225.22,206.76,235.58,187.97,227.97,37.69,22.310000000000002,27.400000000000006,28.82000000000002,40
WY,2015,Reading,4,231.84,NA,215.66,NA,229.31,217.37,235.09,194.18,234.03,NA,16.180000000000007,NA,17.72,39.849999999999994
AL,2015,Reading,8,266.87,243.24,252.48,NA,259.21,249.59,270.31,212.82,263.49,23.629999999999995,14.390000000000015,NA,20.72,50.670000000000016
AK,2015,Reading,8,275.96,247.99,262.73,210.83,266.44,244.83,273.92,224.18,265.67,27.96999999999997,13.229999999999961,55.609999999999985,29.090000000000003,41.49000000000001
AZ,2015,Reading,8,276.23,249.47,254.22,206.05,264.85,253.72,273.55,226.16,266.96,26.76000000000002,22.01000000000002,58.80000000000001,19.830000000000013,40.79999999999998
AR,2015,Reading,8,266.08,238.35,254.93,245.04,259.79,249.7,272.99,219.98,263.55,27.72999999999999,11.149999999999977,14.750000000000028,23.29000000000002,43.57000000000002
CA,2015,Reading,8,273.94,248.19,248.55,215.28,266.09,248.79,273.43,215.01,263.67,25.75,25.389999999999986,50.809999999999974,24.640000000000015,48.660000000000025
CO,2015,Reading,8,277.39,254.96,253.41,228.82,272.94,253.35,279.67,227.71,272.59,22.42999999999998,23.97999999999999,44.120000000000005,26.32000000000002,44.87999999999997
CT,2015,Reading,8,281.68,250.87,255.65,217.27,274.86,255.69,282.24,241.9,278.34,30.810000000000002,26.03,57.59,26.55000000000001,36.43999999999997
DE,2015,Reading,8,272.61,248.88,252.86,NA,263.37,252.78,269.29,227.56,269.17,23.730000000000018,19.75,NA,16.51000000000002,41.610000000000014
DC,2015,Reading,8,299.07,241.62,248.61,217.82,249.13,238.55,275.6,217.48,254.57,57.44999999999999,50.45999999999998,31.310000000000002,37.05000000000001,37.09
FL,2015,Reading,8,271.65,251.14,259.83,225.87,265.3,256.56,274.65,238.56,266.98,20.50999999999999,11.819999999999993,39.43000000000001,18.089999999999975,28.420000000000016
GA,2015,Reading,8,273.36,248.35,256.5,233.43,263.17,253.06,276.62,226.51,265.93,25.01000000000002,16.860000000000014,29.74000000000001,23.560000000000002,39.420000000000016
HI,2015,Reading,8,270.1,257.73,257.64,213.63,260.23,246.99,267.92,216.38,261.88,12.370000000000005,12.460000000000036,46.60000000000002,20.930000000000007,45.5
ID,2015,Reading,8,272.93,NA,253.03,NA,269.86,259.39,276.11,227.61,272.94,NA,19.900000000000006,NA,16.720000000000027,45.329999999999984
IL,2015,Reading,8,275.72,246.55,256.52,219.06,269.3,255.73,278.87,233.2,271.51,29.170000000000016,19.200000000000045,50.24000000000001,23.140000000000015,38.31
IN,2015,Reading,8,272.4,252.18,257.34,248.51,269.3,256.8,279.51,234.12,273.47,20.21999999999997,15.060000000000002,20.79000000000002,22.70999999999998,39.35000000000002
IA,2015,Reading,8,270.85,245.2,255.7,235.05,269.65,255.78,275.71,229.32,273.39,25.650000000000034,15.150000000000034,34.599999999999966,19.92999999999998,44.06999999999999
KS,2015,Reading,8,272.36,246.46,254.3,250.23,268.73,255.52,277.45,231.56,271.38,25.900000000000006,18.060000000000002,18.50000000000003,21.92999999999998,39.81999999999999
KY,2015,Reading,8,270.55,246.82,266.28,235.71,268.2,259.04,278.82,236.24,271.2,23.730000000000018,4.270000000000039,32.48999999999998,19.779999999999973,34.95999999999998
LA,2015,Reading,8,265.67,243.21,257.6,NA,255.79,248.84,267.31,227.43,260.97,22.460000000000008,8.069999999999993,NA,18.47,33.54000000000002
ME,2015,Reading,8,268.95,246.3,NA,239.38,269.23,259.51,275.19,238.06,274.56,22.649999999999977,NA,29.850000000000023,15.680000000000007,36.5
MD,2015,Reading,8,279.04,251.18,258.24,231.9,268.86,252.12,279.21,239.22,271.71,27.860000000000014,20.80000000000001,36.96000000000001,27.089999999999975,32.48999999999998
MA,2015,Reading,8,281.17,251.97,248.99,225.16,277.17,260.17,285.52,245.42,280.89,29.200000000000017,32.18000000000001,52.01000000000002,25.349999999999966,35.47
MI,2015,Reading,8,269.96,243.02,262.69,236.81,265.43,252.03,274.61,231.49,268.64,26.93999999999997,7.269999999999982,28.620000000000005,22.580000000000013,37.14999999999998
MN,2015,Reading,8,276.03,246.82,259.98,233.68,272.71,254.65,278.6,232.91,275.38,29.20999999999998,16.049999999999955,39.02999999999997,23.950000000000017,42.47
MS,2015,Reading,8,265.78,239.86,NA,NA,252.54,245.13,270.08,208.88,256.39,25.91999999999996,NA,NA,24.94999999999999,47.50999999999999
MO,2015,Reading,8,271.21,245.99,258.33,NA,267.57,254.59,277.6,227.35,272.15,25.21999999999997,12.879999999999995,NA,23.01000000000002,44.79999999999998
MT,2015,Reading,8,273.49,NA,256.91,NA,270.72,258.53,278.5,235.79,274.01,NA,16.579999999999984,NA,19.970000000000027,38.22
NE,2015,Reading,8,275.21,245.39,256.78,NA,270.5,255.91,279.33,233.33,274.77,29.819999999999993,18.430000000000007,NA,23.419999999999987,41.43999999999997
NV,2015,Reading,8,270.21,248.6,250.01,225.91,265.26,250.23,269.91,219.74,263.4,21.609999999999985,20.19999999999999,39.349999999999994,19.680000000000035,43.65999999999997
NH,2015,Reading,8,275.28,NA,262.48,NA,275.28,260.12,279.61,246.15,280.53,NA,12.799999999999955,NA,19.49000000000001,34.37999999999997
NJ,2015,Reading,8,278.02,252.91,254.44,NA,271.86,251.86,279.95,243.31,276.53,25.109999999999985,23.579999999999984,NA,28.089999999999975,33.21999999999997
NM,2015,Reading,8,268.04,NA,249.21,219.18,258.34,247.47,266.27,215.69,258.55,NA,18.830000000000013,39.15999999999997,18.799999999999983,42.860000000000014
NY,2015,Reading,8,272.71,247.97,253.65,214.65,266.1,253.55,275.17,235.47,268.69,24.73999999999998,19.059999999999974,51.45000000000002,21.620000000000005,33.22
NC,2015,Reading,8,270.55,243.23,251.96,216.85,262.59,248.71,277.02,220.06,267.24,27.32000000000002,18.590000000000003,45.73999999999998,28.309999999999974,47.18000000000001
ND,2015,Reading,8,270.09,254.64,260.68,NA,267.66,254.07,272.35,233.68,271.73,15.449999999999989,9.409999999999968,NA,18.28000000000003,38.05000000000001
OH,2015,Reading,8,270.85,245.24,255.49,226.84,267.18,252.09,278.71,230.68,271.63,25.610000000000014,15.360000000000014,40.34,26.619999999999976,40.94999999999999
OK,2015,Reading,8,267.55,244.32,256.87,238.9,263.95,255.26,272.34,224.19,269.72,23.230000000000018,10.680000000000007,25.049999999999983,17.079999999999984,45.53000000000003
OR,2015,Reading,8,273.78,NA,252.11,207.03,269.44,258.37,278.85,230.83,273.25,NA,21.66999999999996,62.41,20.480000000000018,42.41999999999999
PA,2015,Reading,8,276.35,244.72,249.6,217.86,269.89,252.96,282.4,235.3,274.78,31.630000000000024,26.75000000000003,52.02999999999997,29.43999999999997,39.47999999999996
RI,2015,Reading,8,274.54,247.51,244.88,208.89,267.79,250.04,277.44,230.68,270.89,27.03000000000003,29.660000000000025,58.900000000000034,27.400000000000006,40.20999999999998
SC,2015,Reading,8,270.6,243.6,249.43,241.61,261.21,250.08,273.96,218.29,265.51,27.00000000000003,21.170000000000016,19.599999999999966,23.879999999999967,47.22
SD,2015,Reading,8,270.93,259.27,260.12,NA,268.11,255.86,273.7,231.66,271.27,11.660000000000025,10.810000000000002,NA,17.839999999999975,39.609999999999985
TN,2015,Reading,8,270.49,246.87,256.76,NA,265.65,253.71,277.59,232.38,269.22,23.620000000000005,13.730000000000018,NA,23.879999999999967,36.84000000000003
TX,2015,Reading,8,273.95,251.26,252.49,223.83,265.02,251.81,272.07,222.98,264.99,22.689999999999998,21.45999999999998,41.18999999999997,20.25999999999999,42.01000000000002
UT,2015,Reading,8,273.99,NA,251.68,213.14,271.39,255.77,277.08,226.56,274.23,NA,22.310000000000002,58.25,21.309999999999974,47.670000000000016
VT,2015,Reading,8,274.68,NA,NA,NA,274.65,260.91,282.24,240.64,281.34,NA,NA,NA,21.329999999999984,40.69999999999999
VA,2015,Reading,8,274.13,249.3,257.46,230.57,268.71,250.47,277.5,231.82,272.01,24.829999999999984,16.670000000000016,38.139999999999986,27.03,40.19
WA,2015,Reading,8,275.43,250,250.03,223.09,270.32,253.65,280.59,224.74,272.66,25.430000000000007,25.400000000000006,47.22999999999999,26.93999999999997,47.920000000000016
WV,2015,Reading,8,260.51,250.19,NA,NA,260.28,255.63,268.3,220.97,265.67,10.319999999999993,NA,NA,12.670000000000016,44.70000000000002
WI,2015,Reading,8,274.97,240.86,254.83,233.53,271.1,253.17,277.53,230.67,275.04,34.110000000000014,20.140000000000015,37.57000000000002,24.359999999999985,44.37000000000003
WY,2015,Reading,8,272.06,NA,258.23,NA,269.81,257.17,275.57,234.46,274.11,NA,13.829999999999984,NA,18.399999999999977,39.650000000000006
AL,2017,Mathematics,4,241.84,218.72,217.79,196.75,233.42,224.78,247.25,203.31,235.93,23.120000000000005,24.05000000000001,36.66999999999999,22.47,32.620000000000005
AK,2017,Mathematics,4,243.72,222.58,224.39,198.41,235.71,218.73,242.08,199.4,235.48,21.139999999999986,19.330000000000013,37.30000000000001,23.350000000000023,36.079999999999984
AZ,2017,Mathematics,4,247.17,215.95,225.91,203.96,237.96,224.21,250.67,207.64,237.5,31.22,21.25999999999999,34,26.45999999999998,29.860000000000014
AR,2017,Mathematics,4,240.28,214.3,230.35,221.35,235.25,226.63,247.63,208.67,238.07,25.97999999999999,9.930000000000007,13.900000000000006,21,29.400000000000006
CA,2017,Mathematics,4,245.35,217.53,222.52,211.1,239.68,221.48,250.46,201.88,235.51,27.819999999999993,22.829999999999984,28.580000000000013,28.980000000000018,33.629999999999995
CO,2017,Mathematics,4,250.27,222.68,226.24,212.02,245.52,226.33,252.13,206.68,244.86,27.590000000000003,24.03,33.5,25.799999999999983,38.18000000000001
CT,2017,Mathematics,4,248.64,222.16,222.92,208.43,241.89,224.42,249.46,211.53,243.73,26.47999999999999,25.72,33.45999999999998,25.04000000000002,32.19999999999999
DE,2017,Mathematics,4,246.23,222.39,228.81,216.09,238.2,224.79,245.49,207.73,242.02,23.840000000000003,17.419999999999987,22.109999999999985,20.700000000000017,34.29000000000002
DC,2017,Mathematics,4,271.92,223.58,230.18,207.63,233.29,222.92,260.82,200.44,236.7,48.34,41.74000000000001,25.659999999999997,37.900000000000006,36.25999999999999
FL,2017,Mathematics,4,255.11,233.34,241.56,223.43,248.41,239.04,257.33,230.1,249.4,21.77000000000001,13.550000000000011,24.97999999999999,18.289999999999992,19.30000000000001
GA,2017,Mathematics,4,247.01,223.29,228.45,207.57,237.78,225.77,255.31,210.42,240.16,23.72,18.560000000000002,30.210000000000008,29.539999999999992,29.74000000000001
HI,2017,Mathematics,4,248.14,NA,232.45,204.99,239.71,228.35,246.71,202.58,241.12,NA,15.689999999999998,34.72,18.360000000000014,38.53999999999999
ID,2017,Mathematics,4,244.35,NA,221.53,204.8,242.13,231.19,249.47,210.2,243.45,NA,22.819999999999993,37.329999999999984,18.28,33.25
IL,2017,Mathematics,4,249.03,217.02,226.64,209.21,241.7,223.72,253.1,209.4,242.83,32.00999999999999,22.390000000000015,32.48999999999998,29.379999999999995,33.43000000000001
IN,2017,Mathematics,4,251.23,225.81,233.88,230.84,247.51,235.45,257.83,219.65,251.5,25.419999999999987,17.349999999999994,16.669999999999987,22.379999999999995,31.849999999999994
IA,2017,Mathematics,4,247.39,214.91,231.29,214.97,244.73,229.73,253.88,209.45,248.53,32.47999999999999,16.099999999999994,29.75999999999999,24.150000000000006,39.08000000000001
KS,2017,Mathematics,4,245.64,222.54,232.65,228.79,243,230.74,251.59,215.06,245.33,23.099999999999994,12.98999999999998,14.210000000000008,20.849999999999994,30.27000000000001
KY,2017,Mathematics,4,242.84,217.53,229.58,215.49,239.92,230.4,251.62,216.04,243.13,25.310000000000002,13.259999999999991,24.42999999999998,21.22,27.090000000000003
LA,2017,Mathematics,4,242.28,215.84,223.72,214.05,229.74,222.98,245.47,204.07,234.02,26.439999999999998,18.560000000000002,15.689999999999998,22.49000000000001,29.950000000000017
ME,2017,Mathematics,4,241.21,216.28,NA,211.57,240.86,228.2,249.84,210.97,246.74,24.930000000000007,NA,29.29000000000002,21.640000000000015,35.77000000000001
MD,2017,Mathematics,4,254.27,226.38,228.88,214.34,243.65,224.91,255.09,207.5,245.31,27.890000000000015,25.390000000000015,29.310000000000002,30.180000000000007,37.81
MA,2017,Mathematics,4,255.11,229.14,234.16,221.58,252.03,232.5,256.9,225.45,254.41,25.970000000000027,20.950000000000017,30.44999999999999,24.399999999999977,28.960000000000008
MI,2017,Mathematics,4,241.66,211.1,222.84,220.47,236.85,221.81,248.74,207.56,238.85,30.560000000000002,18.819999999999993,16.379999999999995,26.930000000000007,31.289999999999992
MN,2017,Mathematics,4,256.07,222.46,228.85,211.75,252.36,230.6,260.03,228.17,251.76,33.609999999999985,27.22,40.610000000000014,29.42999999999998,23.590000000000003
MS,2017,Mathematics,4,246.35,224.21,238.64,NA,234.83,229.29,254.38,215.29,237.55,22.139999999999986,7.710000000000008,NA,25.090000000000003,22.26000000000002
MO,2017,Mathematics,4,245.02,216.17,227.48,215.12,240.41,228.1,252.4,215.69,243.54,28.850000000000023,17.54000000000002,25.289999999999992,24.30000000000001,27.849999999999994
MT,2017,Mathematics,4,245.09,NA,229.98,203.61,241.9,232.29,249.56,211.55,244.78,NA,15.110000000000014,38.28999999999999,17.27000000000001,33.22999999999999
NE,2017,Mathematics,4,252.15,219.92,233.34,220.94,247.88,234.13,256.07,221.42,250.12,32.23000000000002,18.810000000000002,26.939999999999998,21.939999999999998,28.700000000000017
NV,2017,Mathematics,4,241.08,216.14,225.26,206.35,237.16,224.59,247.18,202.36,235.37,24.940000000000026,15.820000000000022,30.810000000000002,22.590000000000003,33.00999999999999
NH,2017,Mathematics,4,246.14,NA,226.98,226.92,245.97,230.72,251.72,218.44,250.92,NA,19.159999999999997,19.05000000000001,21,32.47999999999999
NJ,2017,Mathematics,4,255.37,228.14,235.61,217.63,249.01,231.16,257.78,223.99,252.48,27.230000000000018,19.75999999999999,31.379999999999995,26.619999999999976,28.48999999999998
NM,2017,Mathematics,4,244.5,NA,225.72,205.29,234.64,224.11,248.12,201.75,234.47,NA,18.78,29.349999999999994,24.00999999999999,32.72
NY,2017,Mathematics,4,243.72,224.47,223.43,200.99,238.9,226.04,246.19,209.04,240.57,19.25,20.289999999999992,37.91,20.150000000000006,31.53
NC,2017,Mathematics,4,250.72,224.43,234.82,209.74,242.53,231.57,251.66,211.68,245.89,26.289999999999992,15.900000000000006,32.78999999999999,20.090000000000003,34.20999999999998
ND,2017,Mathematics,4,248.08,229.42,230.52,NA,244.99,232.6,250.39,215.69,248.45,18.660000000000025,17.560000000000002,NA,17.789999999999992,32.75999999999999
OH,2017,Mathematics,4,246.24,219.84,229.1,226.13,241.51,228.23,254.32,211.65,245.78,26.400000000000006,17.140000000000015,15.379999999999995,26.090000000000003,34.129999999999995
OK,2017,Mathematics,4,243.64,217.54,229.73,213.7,239.5,231.49,249.08,217,241.42,26.099999999999994,13.909999999999997,25.80000000000001,17.590000000000003,24.419999999999987
OR,2017,Mathematics,4,238.78,NA,218.47,203.92,238.57,223.65,249.55,205.65,237.26,NA,20.310000000000002,34.650000000000006,25.900000000000006,31.609999999999985
PA,2017,Mathematics,4,250.05,216.08,220.85,203.18,243.29,227.79,256.09,218.17,245.99,33.97,29.200000000000017,40.109999999999985,28.299999999999983,27.82000000000002
RI,2017,Mathematics,4,244.86,225.09,224.24,200.37,240.53,225.35,250.06,202.88,243,19.77000000000001,20.620000000000005,40.16,24.710000000000008,40.120000000000005
SC,2017,Mathematics,4,244.78,219.2,230.26,224.86,234.85,226.27,248.27,203.66,238.92,25.580000000000013,14.52000000000001,9.98999999999998,22,35.25999999999999
SD,2017,Mathematics,4,247.4,218.99,228.91,NA,242.47,229.57,250.33,217.82,245.95,28.409999999999997,18.49000000000001,NA,20.76000000000002,28.129999999999995
TN,2017,Mathematics,4,243.54,221.67,225.55,207.6,238.19,227.11,246.75,210.6,240.18,21.870000000000005,17.98999999999998,30.590000000000003,19.639999999999986,29.580000000000013
TX,2017,Mathematics,4,252.65,228.55,235.84,229.88,244.64,232.38,254.51,218.82,244.21,24.099999999999994,16.810000000000002,14.759999999999991,22.129999999999995,25.390000000000015
UT,2017,Mathematics,4,246.93,NA,226.17,210.47,245.45,230.31,250.2,213.43,246.65,NA,20.76000000000002,34.97999999999999,19.889999999999986,33.22
VT,2017,Mathematics,4,241.32,226.19,NA,NA,241.55,228.53,249.38,207.01,247.86,15.129999999999995,NA,NA,20.849999999999994,40.85000000000002
VA,2017,Mathematics,4,257.64,230.99,234.96,215.14,251.32,233.51,257.43,224.22,251.25,26.649999999999977,22.67999999999998,36.18000000000001,23.920000000000016,27.03
WA,2017,Mathematics,4,247.83,227.81,226.03,212.5,246.32,228.39,252.29,213.49,245.36,20.02000000000001,21.80000000000001,33.81999999999999,23.900000000000006,31.870000000000005
WV,2017,Mathematics,4,236.58,226.08,NA,NA,236.04,233.84,249.39,212.38,242.02,10.5,NA,NA,15.549999999999983,29.640000000000015
WI,2017,Mathematics,4,246.81,210.96,225.04,218.66,242.24,225.37,250.81,213.52,244.52,35.849999999999994,21.77000000000001,23.580000000000013,25.439999999999998,31
WY,2017,Mathematics,4,250.4,NA,237.28,214.23,248.69,238.98,254.06,222.15,251.98,NA,13.120000000000005,34.46000000000001,15.080000000000013,29.829999999999984
AL,2017,Mathematics,8,277.35,251.56,256.71,NA,269.12,257.56,285.93,229.22,272.54,25.79000000000002,20.640000000000043,NA,28.370000000000005,43.32000000000002
AK,2017,Mathematics,8,290.61,254.77,273.49,235.09,282.39,261.51,290.55,238.23,282.52,35.84,17.120000000000005,47.29999999999998,29.04000000000002,44.28999999999999
AZ,2017,Mathematics,8,296.38,272.28,269.16,233.38,284.31,269.6,293.05,240.77,286.66,24.100000000000023,27.21999999999997,50.93000000000001,23.44999999999999,45.890000000000015
AR,2017,Mathematics,8,281.75,248.44,267.02,259.26,275.08,263.25,290.54,236.42,278.85,33.31,14.730000000000018,15.819999999999993,27.29000000000002,42.430000000000035
CA,2017,Mathematics,8,293.01,254.55,262.25,238.34,282.67,261.56,295.62,235.04,281.65,38.45999999999998,30.75999999999999,44.33000000000001,34.06,46.609999999999985
CO,2017,Mathematics,8,297.89,262.55,268.1,240.96,291.08,267.77,298.61,246.39,290.87,35.339999999999975,29.789999999999964,50.119999999999976,30.840000000000032,44.48000000000002
CT,2017,Mathematics,8,295.01,257.73,263,233.41,286.14,263.65,295.08,251.75,289.74,37.27999999999997,32.00999999999999,52.72999999999999,31.430000000000007,37.99000000000001
DE,2017,Mathematics,8,288.72,262.52,267.33,NA,279.19,265.33,283.67,242.22,284.56,26.200000000000045,21.390000000000043,NA,18.340000000000032,42.34
DC,2017,Mathematics,8,322.69,256.99,263.44,235.9,267.78,254.24,303.26,229.85,273.21,65.69999999999999,59.25,31.879999999999967,49.01999999999998,43.359999999999985
FL,2017,Mathematics,8,290.62,262.1,273.14,247.45,281.19,268.73,292.97,256.59,282.59,28.519999999999982,17.480000000000018,33.74000000000001,24.24000000000001,26
GA,2017,Mathematics,8,293.28,264.03,274.67,238,282.12,267.45,298.95,251.38,284.95,29.25,18.609999999999957,44.120000000000005,31.5,33.56999999999999
HI,2017,Mathematics,8,286.35,NA,269.08,232.96,279.8,267.96,285.12,236.2,281.74,NA,17.27000000000004,46.84,17.160000000000025,45.54000000000002
ID,2017,Mathematics,8,289.36,NA,264.73,231.44,286.09,270.32,294.12,237.19,289.35,NA,24.629999999999995,54.64999999999998,23.80000000000001,52.160000000000025
IL,2017,Mathematics,8,291.38,256.71,271.62,246.67,283.35,266.64,295.75,241.59,287.76,34.670000000000016,19.75999999999999,36.680000000000035,29.110000000000014,46.16999999999999
IN,2017,Mathematics,8,291.55,270.29,275.7,270.71,288.61,273.11,299.2,258.68,292.24,21.25999999999999,15.850000000000023,17.900000000000034,26.089999999999975,33.56
IA,2017,Mathematics,8,289.57,255.22,273.48,248.83,287.54,269.86,295.91,242.29,292.4,34.349999999999994,16.089999999999975,38.71000000000001,26.05000000000001,50.109999999999985
KS,2017,Mathematics,8,293.18,259.31,269.07,263.17,288.12,270.48,298.43,246.97,290.46,33.870000000000005,24.110000000000014,24.94999999999999,27.94999999999999,43.48999999999998
KY,2017,Mathematics,8,281.88,252.19,269.33,242.89,278.35,265.34,293.02,243,282.44,29.689999999999998,12.550000000000011,35.460000000000036,27.680000000000007,39.44
LA,2017,Mathematics,8,278.96,252.24,262.56,NA,267.23,258.36,284.89,240.43,271.68,26.71999999999997,16.399999999999977,NA,26.529999999999973,31.25
ME,2017,Mathematics,8,284.41,NA,NA,NA,284.67,269.48,294.21,244.88,292.82,NA,NA,NA,24.72999999999996,47.94
MD,2017,Mathematics,8,295.45,261.56,267.15,237.37,283,261.13,295.36,242.83,286.2,33.889999999999986,28.30000000000001,45.629999999999995,34.23000000000002,43.369999999999976
MA,2017,Mathematics,8,303.26,270.67,274.31,249.93,300.23,278.14,304.56,263.41,304.33,32.589999999999975,28.94999999999999,50.30000000000001,26.420000000000016,40.91999999999996
MI,2017,Mathematics,8,285.68,250.15,264.21,241.7,281.8,261.19,292.43,241.02,284.5,35.53,21.470000000000027,40.10000000000002,31.24000000000001,43.47999999999999
MN,2017,Mathematics,8,301.91,259.03,268.86,248.85,297.14,273.77,304.78,255.93,299.01,42.88000000000005,33.05000000000001,48.28999999999999,31.00999999999999,43.079999999999984
MS,2017,Mathematics,8,284.65,257.27,270.81,NA,271.23,263.92,289.4,236.93,274.53,27.379999999999995,13.839999999999975,NA,25.47999999999996,37.599999999999966
MO,2017,Mathematics,8,286.23,255.95,272.49,NA,281.19,267.65,291.81,243.83,285.86,30.28000000000003,13.740000000000009,NA,24.160000000000025,42.03
MT,2017,Mathematics,8,290.46,NA,272.28,NA,286.57,274.02,294.33,242.77,291.58,NA,18.180000000000007,NA,20.310000000000002,48.809999999999974
NE,2017,Mathematics,8,296.54,259.72,270.47,236.58,289.84,272.24,300.32,247.49,295.2,36.81999999999999,26.069999999999993,53.25999999999996,28.079999999999984,47.70999999999998
NV,2017,Mathematics,8,289.04,252.69,266.35,244.14,280.28,263.51,292.39,239.18,279.18,36.35000000000002,22.689999999999998,36.139999999999986,28.879999999999995,40
NH,2017,Mathematics,8,294.87,NA,268.22,NA,294.22,273.2,299.87,260.85,299.45,NA,26.649999999999977,NA,26.670000000000016,38.599999999999966
NJ,2017,Mathematics,8,302.52,268.45,272.72,NA,292.77,269.5,303.74,252.52,299.51,34.06999999999999,29.799999999999955,NA,34.24000000000001,46.98999999999998
NM,2017,Mathematics,8,287,NA,264.02,239.18,273.45,263.07,287.64,232.3,275.53,NA,22.980000000000018,34.26999999999998,24.569999999999993,43.22999999999996
NY,2017,Mathematics,8,291.57,260.5,265.47,239.29,284.35,268.57,294.09,248.26,288.54,31.069999999999993,26.099999999999966,45.06000000000003,25.519999999999982,40.28000000000003
NC,2017,Mathematics,8,295.09,258.4,271.86,239.98,283.38,265.04,296.65,240.92,288.08,36.69,23.22999999999996,43.400000000000006,31.609999999999957,47.16
ND,2017,Mathematics,8,294.04,251.94,270.07,NA,289.6,269.17,296.42,253.39,293.41,42.10000000000002,23.970000000000027,NA,27.25,40.02000000000004
OH,2017,Mathematics,8,295.38,254.17,278.62,242.72,288.87,266.98,303,249.95,293.94,41.21000000000001,16.75999999999999,46.150000000000006,36.01999999999998,43.99000000000001
OK,2017,Mathematics,8,281.84,256.91,262.95,237.52,276.49,264.89,288.21,239.5,281.19,24.92999999999995,18.889999999999986,38.97,23.319999999999993,41.69
OR,2017,Mathematics,8,288.33,NA,265.7,236.61,284.63,271.43,298.66,247.16,287.55,NA,22.629999999999995,48.01999999999998,27.230000000000018,40.390000000000015
PA,2017,Mathematics,8,293.73,260.54,261.9,239.08,287.83,269.24,300.62,249.61,292.93,33.19,31.83000000000004,48.74999999999997,31.379999999999995,43.31999999999999
RI,2017,Mathematics,8,286.69,260.77,256.86,229.04,279.92,260.08,292.6,242.56,283.26,25.920000000000016,29.829999999999984,50.880000000000024,32.52000000000004,40.69999999999999
SC,2017,Mathematics,8,288.07,253.1,271.76,269.78,275,262.8,290.37,237.3,280.05,34.97,16.310000000000002,5.220000000000027,27.569999999999993,42.75
SD,2017,Mathematics,8,293.37,257.73,268.5,NA,287.61,269.05,295.97,242.19,292.15,35.639999999999986,24.870000000000005,NA,26.920000000000016,49.95999999999998
TN,2017,Mathematics,8,285.62,258.06,269.02,243.94,279.6,268.01,288.07,242.24,284.04,27.560000000000002,16.600000000000023,35.660000000000025,20.060000000000002,41.80000000000001
TX,2017,Mathematics,8,297.48,265.81,273.53,254.56,285.87,270.91,297.42,250.46,286.66,31.670000000000016,23.950000000000045,31.310000000000002,26.50999999999999,36.20000000000002
UT,2017,Mathematics,8,293.87,NA,262.82,233.08,289.55,270.13,296.24,242.83,291.97,NA,31.05000000000001,56.47,26.110000000000014,49.140000000000015
VT,2017,Mathematics,8,288.02,NA,NA,NA,288.14,271.55,296.45,250.77,296.41,NA,NA,NA,24.899999999999977,45.640000000000015
VA,2017,Mathematics,8,296.72,270.83,279.99,254.01,291.9,271.58,300.93,254.53,294.84,25.890000000000043,16.730000000000018,37.889999999999986,29.350000000000023,40.309999999999974
WA,2017,Mathematics,8,295.26,258.55,270.53,244.73,291.84,271.8,301.02,249.21,294.9,36.70999999999998,24.730000000000018,47.109999999999985,29.21999999999997,45.68999999999997
WV,2017,Mathematics,8,274.47,253.54,NA,NA,273.5,268.31,288.51,233.91,279.42,20.930000000000035,NA,NA,20.19999999999999,45.51000000000002
WI,2017,Mathematics,8,295.77,253.03,267.12,249.74,290.08,267.89,299.67,250.66,293.2,42.73999999999998,28.649999999999977,40.339999999999975,31.78000000000003,42.53999999999999
WY,2017,Mathematics,8,292.06,NA,275.25,NA,289.53,276.28,296.35,254.39,293.9,NA,16.810000000000002,NA,20.07000000000005,39.50999999999999
AL,2017,Reading,4,227.7,201.96,199.29,NA,217.86,207.07,235.99,173.84,221.69,25.73999999999998,28.409999999999997,NA,28.920000000000016,47.849999999999994
AK,2017,Reading,4,223.22,211.61,211.09,151.14,216.23,189.82,223.64,159.41,214.71,11.609999999999985,12.129999999999995,65.09,33.81999999999999,55.30000000000001
AZ,2017,Reading,4,231.53,205.52,204.24,170.93,220.6,202.7,237.13,182.6,219.33,26.00999999999999,27.289999999999992,49.66999999999999,34.43000000000001,36.73000000000002
AR,2017,Reading,4,223.54,198.25,210.39,199.36,217.95,208.56,231.94,171.09,223.55,25.289999999999992,13.150000000000006,18.589999999999975,23.379999999999995,52.46000000000001
CA,2017,Reading,4,231.36,198.69,204.24,187.42,225.33,202.83,235.48,175,219.96,32.670000000000016,27.120000000000005,37.910000000000025,32.64999999999998,44.96000000000001
CO,2017,Reading,4,235.41,206.31,209.28,189.37,230.6,208.37,237.52,177.63,230.52,29.099999999999994,26.129999999999995,41.22999999999999,29.150000000000006,52.890000000000015
CT,2017,Reading,4,237.82,209.52,213.02,193.7,231.2,211.2,239.72,191.56,234.35,28.299999999999983,24.799999999999983,37.5,28.52000000000001,42.78999999999999
DE,2017,Reading,4,232.62,209.39,209.27,193.63,224.39,210.42,229.45,183.45,229.37,23.230000000000018,23.349999999999994,30.75999999999999,19.03,45.920000000000016
DC,2017,Reading,4,256.27,206.8,204.45,172.45,216.67,203.76,248.89,177.45,219.37,49.46999999999997,51.81999999999999,44.22,45.129999999999995,41.920000000000016
FL,2017,Reading,4,238.5,212.37,224.93,191.52,231.56,219.28,242.66,205.62,232.44,26.129999999999995,13.569999999999993,40.03999999999999,23.379999999999995,26.819999999999993
GA,2017,Reading,4,230.77,206.26,213.55,189.98,221.1,208.59,240.68,176.63,225.48,24.51000000000002,17.22,31.120000000000005,32.09,48.849999999999994
HI,2017,Reading,4,233.45,NA,212.13,166.73,219.41,202.76,229.01,168.15,220.71,NA,21.319999999999993,52.68000000000001,26.25,52.56
ID,2017,Reading,4,227.75,NA,204.97,173.52,225.9,210.83,234.02,172.83,228.33,NA,22.78,52.379999999999995,23.189999999999998,55.5
IL,2017,Reading,4,231.8,199.49,209.1,186.24,224.56,206.22,235.44,181.62,226.61,32.31,22.700000000000017,38.31999999999999,29.22,44.99000000000001
IN,2017,Reading,4,231.06,209.98,214.27,199.78,228.05,215.03,238.18,194.15,232.45,21.080000000000013,16.789999999999992,28.27000000000001,23.150000000000006,38.29999999999998
IA,2017,Reading,4,227.02,188.27,204.62,184.08,224.08,205.76,233.39,176.19,229.22,38.75,22.400000000000006,40,27.629999999999995,53.03
KS,2017,Reading,4,227.77,202.29,215.94,208.12,225.45,212.04,234.1,182.19,229.46,25.480000000000018,11.830000000000013,17.329999999999984,22.060000000000002,47.27000000000001
KY,2017,Reading,4,227.45,203.94,215.96,184.3,225.25,214.74,236.91,195.84,228.4,23.50999999999999,11.48999999999998,40.94999999999999,22.169999999999987,32.56
LA,2017,Reading,4,225.5,197.76,208.22,191.18,212.55,203.52,233.65,180.42,217.88,27.74000000000001,17.28,21.370000000000005,30.129999999999995,37.46000000000001
ME,2017,Reading,4,223.1,191.8,NA,176.52,223.09,207.21,233.66,183.69,230.09,31.299999999999983,NA,46.56999999999999,26.44999999999999,46.400000000000006
MD,2017,Reading,4,239.29,212.48,209.41,190.81,228.8,209.86,238.07,187.54,230.02,26.810000000000002,29.879999999999995,37.99000000000001,28.20999999999998,42.48000000000002
MA,2017,Reading,4,243.06,218.94,216.63,200.71,239.24,219.3,243.24,208.95,241.59,24.120000000000005,26.430000000000007,38.53,23.939999999999998,32.640000000000015
MI,2017,Reading,4,223.57,196.63,205.53,193.15,219.94,203.4,230.98,175.91,222.71,26.939999999999998,18.039999999999992,26.789999999999992,27.579999999999984,46.80000000000001
MN,2017,Reading,4,231.71,197.28,205.87,181.47,228.69,207.1,236.03,192.63,229,34.43000000000001,25.840000000000003,47.22,28.930000000000007,36.370000000000005
MS,2017,Reading,4,228.88,203.01,213.29,NA,215.61,208.47,240.26,182.32,220.04,25.870000000000005,15.590000000000003,NA,31.789999999999992,37.72
MO,2017,Reading,4,227.2,199.92,215.03,199.11,223.44,210.56,236.66,187.36,228.77,27.28,12.169999999999987,24.329999999999984,26.099999999999994,41.41
MT,2017,Reading,4,226.67,NA,221.16,176.34,223.79,210.34,234.38,176.56,228.81,NA,5.509999999999991,47.44999999999999,24.039999999999992,52.25
NE,2017,Reading,4,230.75,200.52,210.93,189.18,227.4,209.44,236.61,189.08,230.52,30.22999999999999,19.819999999999993,38.22,27.170000000000016,41.44
NV,2017,Reading,4,227.3,204.21,205.25,178.05,222.76,205.54,235.36,173.59,219.97,23.090000000000003,22.05000000000001,44.70999999999998,29.82000000000002,46.379999999999995
NH,2017,Reading,4,229.66,NA,214.57,205.01,229.73,211.78,236.34,195.58,235.73,NA,15.090000000000003,24.72,24.560000000000002,40.14999999999998
NJ,2017,Reading,4,242.97,215.75,217.77,182.12,234.7,214.35,243.35,204.42,238.52,27.22,25.19999999999999,52.579999999999984,29,34.10000000000002
NM,2017,Reading,4,225.38,NA,203.5,167.41,215.87,200.32,232.37,161.48,215.48,NA,21.879999999999995,48.46000000000001,32.05000000000001,54
NY,2017,Reading,4,232.17,207.63,207.59,180.32,225.8,210.62,234,188.59,228.11,24.539999999999992,24.579999999999984,45.48000000000002,23.379999999999995,39.52000000000001
NC,2017,Reading,4,234.7,210.76,210.72,179.65,226.35,211.43,236.11,186.58,230.22,23.939999999999998,23.97999999999999,46.69999999999999,24.680000000000007,43.639999999999986
ND,2017,Reading,4,225.45,204.96,208.41,NA,222.42,207.88,228.43,179.65,227.43,20.48999999999998,17.039999999999992,NA,20.55000000000001,47.78
OH,2017,Reading,4,230.79,202.64,216.09,213.6,225.72,212.7,239.24,188.59,231.39,28.150000000000006,14.699999999999989,12.120000000000005,26.54000000000002,42.79999999999998
OK,2017,Reading,4,221.24,203.38,209.28,189.92,219.04,209.09,232.17,179.59,223.99,17.860000000000014,11.960000000000008,29.120000000000005,23.079999999999984,44.400000000000006
OR,2017,Reading,4,224.45,NA,199.72,180.56,224.42,207.08,236.44,182.36,222.91,NA,24.72999999999999,43.859999999999985,29.359999999999985,40.54999999999998
PA,2017,Reading,4,232.33,203.45,201.69,174.1,226.93,209.91,239.06,194.05,230.44,28.880000000000024,30.640000000000015,52.83000000000001,29.150000000000006,36.389999999999986
RI,2017,Reading,4,233,205.63,208.37,177.06,227.15,209.37,238.36,177.97,230.36,27.370000000000005,24.629999999999995,50.09,28.99000000000001,52.390000000000015
SC,2017,Reading,4,225.13,196.14,205.35,196.41,214.63,202.02,232.89,167.43,220.43,28.99000000000001,19.78,18.22,30.869999999999976,53
SD,2017,Reading,4,227.99,NA,209.66,NA,222.72,208.27,231.71,188.56,227.69,NA,18.330000000000013,NA,23.439999999999998,39.129999999999995
TN,2017,Reading,4,227.38,201.46,205.29,178.81,221.27,206.23,231.35,181.95,223.77,25.919999999999987,22.090000000000003,42.46000000000001,25.120000000000005,41.82000000000002
TX,2017,Reading,4,230.78,210.05,206.03,194.09,221.69,204.84,230.83,185.94,219.16,20.72999999999999,24.75,27.599999999999994,25.99000000000001,33.22
UT,2017,Reading,4,231.42,NA,200.42,179.04,229.34,209.46,235.16,185.3,231.01,NA,31,50.30000000000001,25.69999999999999,45.70999999999998
VT,2017,Reading,4,227.91,NA,NA,NA,227.13,211.05,236.79,179.56,235.88,NA,NA,NA,25.73999999999998,56.31999999999999
VA,2017,Reading,4,237.19,210.36,214.13,186.83,231.33,212.55,238.45,191.13,232.59,26.829999999999984,23.060000000000002,44.5,25.899999999999977,41.46000000000001
WA,2017,Reading,4,232.62,203.03,203.99,181.45,229.47,205.43,236.99,180.79,228.97,29.590000000000003,28.629999999999995,48.02000000000001,31.560000000000002,48.18000000000001
WV,2017,Reading,4,217.87,201.24,NA,NA,217.34,214.81,233.09,185.18,225.42,16.629999999999995,NA,NA,18.28,40.23999999999998
WI,2017,Reading,4,226.43,193.82,200.97,191.08,221.93,202.89,231.41,177.65,226.26,32.610000000000014,25.460000000000008,30.849999999999994,28.52000000000001,48.609999999999985
WY,2017,Reading,4,230.42,NA,210.13,178.14,228.25,215.01,235.34,188.89,233.02,NA,20.289999999999992,50.110000000000014,20.330000000000013,44.130000000000024
AL,2017,Reading,8,268.11,241.16,243.22,NA,258.67,247.24,274.17,215.81,262.28,26.950000000000017,24.890000000000015,NA,26.930000000000007,46.46999999999997
AK,2017,Reading,8,269.73,245.63,262.13,215.17,263.07,246.23,267.93,222.47,262.81,24.100000000000023,7.600000000000023,47.900000000000006,21.700000000000017,40.34
AZ,2017,Reading,8,273.97,254,253.7,211.12,264.97,253.76,271.78,232.55,266.23,19.970000000000027,20.27000000000004,53.85000000000002,18.019999999999982,33.68000000000001
AR,2017,Reading,8,266.02,241.12,254.97,244.88,261.32,252.08,272.03,218.42,265.76,24.899999999999977,11.049999999999983,16.439999999999998,19.94999999999996,47.34
CA,2017,Reading,8,278.11,249.96,251.24,220.79,269,251.01,278.55,220.76,267.37,28.150000000000006,26.870000000000005,48.21000000000001,27.54000000000002,46.610000000000014
CO,2017,Reading,8,278.74,250.44,256.97,232.08,274.39,254.18,281.12,234.13,274.59,28.30000000000001,21.769999999999982,42.309999999999974,26.939999999999998,40.45999999999998
CT,2017,Reading,8,282.84,249.47,252.89,214.92,275.11,254.42,281.94,244.56,277.32,33.369999999999976,29.94999999999999,60.190000000000026,27.52000000000001,32.75999999999999
DE,2017,Reading,8,273.05,248.36,253.66,217.27,264.53,252.34,267.88,227.59,269.76,24.689999999999998,19.390000000000015,47.25999999999996,15.539999999999992,42.16999999999999
DC,2017,Reading,8,299.92,239.61,241.5,207.08,249.3,236.87,277.07,214.07,253.55,60.31,58.420000000000016,42.22,40.19999999999999,39.48000000000002
FL,2017,Reading,8,274.47,253.52,262.42,228.45,269.33,257.44,278.17,244.19,270.09,20.950000000000017,12.050000000000011,40.879999999999995,20.730000000000018,25.899999999999977
GA,2017,Reading,8,276.13,254.56,259.71,221.56,267.69,255.99,279.74,233.44,270.33,21.569999999999993,16.420000000000016,46.129999999999995,23.75,36.889999999999986
HI,2017,Reading,8,270.93,NA,264.64,213.53,263.72,249.91,270.05,211.34,266.29,NA,6.2900000000000205,50.190000000000026,20.140000000000015,54.95000000000002
ID,2017,Reading,8,273.42,NA,254.67,226.48,271.21,260.34,276.07,230.76,273.4,NA,18.75000000000003,44.72999999999999,15.730000000000018,42.639999999999986
IL,2017,Reading,8,274.85,245.64,258.36,223.18,269.14,255.15,277.11,230.35,272.5,29.210000000000036,16.49000000000001,45.95999999999998,21.960000000000008,42.150000000000006
IN,2017,Reading,8,275.12,255.11,265.44,252.34,272.99,260.88,281.38,240.14,276.96,20.00999999999999,9.680000000000007,20.650000000000006,20.5,36.81999999999999
IA,2017,Reading,8,270.42,242.51,258.31,220.43,269.45,252.65,276.75,224.77,273.55,27.910000000000025,12.110000000000014,49.01999999999998,24.099999999999994,48.78
KS,2017,Reading,8,272.95,245.74,257.19,249.61,269.75,253.89,278.29,221.46,273.46,27.20999999999998,15.759999999999991,20.139999999999986,24.400000000000034,51.99999999999997
KY,2017,Reading,8,267.56,246.35,261.35,NA,265.73,255.71,278.23,230.25,269.63,21.210000000000008,6.2099999999999795,NA,22.52000000000001,39.379999999999995
LA,2017,Reading,8,269.48,242.27,253.35,NA,257.26,249.22,273.25,229.98,262.18,27.210000000000008,16.130000000000024,NA,24.03,32.20000000000002
ME,2017,Reading,8,269.74,235.18,NA,NA,270.03,259.03,276.18,237.53,275.8,34.56,NA,NA,17.150000000000034,38.27000000000001
MD,2017,Reading,8,280.37,251.02,254.75,219.06,269.49,249.3,279.77,233.55,271.66,29.349999999999994,25.620000000000005,50.43000000000001,30.46999999999997,38.110000000000014
MA,2017,Reading,8,282.85,258.01,258.63,228.46,281.05,257.19,285.16,248.83,284.12,24.840000000000032,24.220000000000027,52.59,27.970000000000027,35.28999999999999
MI,2017,Reading,8,269.53,245.35,259.06,235.23,267.41,252.91,275.22,231.43,269.81,24.17999999999998,10.46999999999997,32.180000000000035,22.31000000000003,38.379999999999995
MN,2017,Reading,8,274.63,244.9,252.24,220.35,271.8,250.7,278.3,229.44,273.96,29.72999999999999,22.389999999999986,51.45000000000002,27.600000000000023,44.51999999999998
MS,2017,Reading,8,271.3,241.96,252.91,NA,256.78,248.22,277.73,218.58,260.38,29.340000000000003,18.390000000000015,NA,29.51000000000002,41.79999999999998
MO,2017,Reading,8,270.13,249.66,257.44,NA,266.84,253.71,276.13,230.33,271.05,20.47,12.689999999999998,NA,22.419999999999987,40.72
MT,2017,Reading,8,270.45,NA,259.4,NA,268.05,258.29,273.64,229.67,272.37,NA,11.050000000000011,NA,15.349999999999966,42.70000000000002
NE,2017,Reading,8,275.32,245.09,254.12,NA,269.96,255.64,278.68,233.44,274.2,30.22999999999999,21.19999999999999,NA,23.04000000000002,40.75999999999999
NV,2017,Reading,8,269.78,246.01,253.3,226.62,265.28,252.26,270.63,220.86,264.19,23.769999999999982,16.47999999999996,38.65999999999997,18.370000000000005,43.329999999999984
NH,2017,Reading,8,276,NA,261.06,NA,275.91,259.27,280.35,244.4,280.6,NA,14.939999999999998,NA,21.08000000000004,36.20000000000002
NJ,2017,Reading,8,285.01,256.96,258.76,NA,276.44,257.61,285.21,245.59,280.92,28.05000000000001,26.25,NA,27.599999999999966,35.33000000000001
NM,2017,Reading,8,271.42,NA,251.26,216.35,260.77,250.53,269.29,222.83,261.02,NA,20.160000000000025,44.41999999999999,18.76000000000002,38.18999999999997
NY,2017,Reading,8,271.68,251.27,252.81,211.8,267.49,252.63,275.33,236.03,269.86,20.409999999999997,18.870000000000005,55.69,22.69999999999999,33.83000000000001
NC,2017,Reading,8,271.98,247.88,254.99,216.77,264.16,250.02,273.6,223.97,268.63,24.100000000000023,16.99000000000001,47.390000000000015,23.580000000000013,44.66
ND,2017,Reading,8,268.64,251.76,259.31,NA,266.2,252.33,270.7,228.27,270.61,16.879999999999995,9.329999999999984,NA,18.369999999999976,42.34
OH,2017,Reading,8,274.38,243.99,259.61,233.8,269.29,251.13,282.02,233.54,274.21,30.389999999999986,14.769999999999982,35.49000000000001,30.889999999999986,40.66999999999999
OK,2017,Reading,8,265.64,246.57,254.83,226.02,262.87,254.33,272.01,228.23,267.3,19.069999999999993,10.809999999999974,36.849999999999994,17.67999999999998,39.07000000000002
OR,2017,Reading,8,272.65,NA,249.95,208.74,269.18,257.19,279.81,228.95,271.77,NA,22.69999999999999,60.44,22.620000000000005,42.81999999999999
PA,2017,Reading,8,275.98,249.57,244.8,214.8,271.13,257.45,280.63,234.94,275.9,26.410000000000025,31.180000000000007,56.329999999999984,23.180000000000007,40.95999999999998
RI,2017,Reading,8,275.48,247.92,247.16,208.21,268.8,246.97,280.41,229.74,272.36,27.56000000000003,28.32000000000002,60.59,33.440000000000026,42.620000000000005
SC,2017,Reading,8,271.72,240.9,255.98,248.51,260.57,249.31,274.45,212.03,266.34,30.82000000000002,15.740000000000038,12.060000000000002,25.139999999999986,54.309999999999974
SD,2017,Reading,8,271.44,NA,255.14,NA,268.41,255.32,274.32,229.41,272.28,NA,16.30000000000001,NA,19,42.869999999999976
TN,2017,Reading,8,269.01,242.99,250.92,213.88,263.33,252.1,271.05,223.19,267.34,26.019999999999982,18.090000000000003,49.44999999999999,18.950000000000017,44.14999999999998
TX,2017,Reading,8,270.81,247.19,254.4,232.78,263.82,250.69,272.38,228.14,264.64,23.620000000000005,16.409999999999997,31.039999999999992,21.689999999999998,36.5
UT,2017,Reading,8,273.61,NA,251.51,223.7,270.96,256.33,276.28,224.87,273.82,NA,22.100000000000023,47.25999999999999,19.94999999999999,48.94999999999999
VT,2017,Reading,8,274.4,NA,NA,NA,273.9,259.75,280.49,235.76,282,NA,NA,NA,20.74000000000001,46.24000000000001
VA,2017,Reading,8,274.62,250.62,259.44,225.89,269.83,251.32,276.88,233.16,272.37,24,15.180000000000007,43.94,25.560000000000002,39.21000000000001
WA,2017,Reading,8,276.24,255.17,257.65,227.53,274.14,257.69,282.39,235.75,276.61,21.07000000000002,18.590000000000032,46.609999999999985,24.69999999999999,40.860000000000014
WV,2017,Reading,8,259.34,245.34,NA,NA,258.87,254.86,270.55,216.16,265.33,13.999999999999972,NA,NA,15.689999999999998,49.16999999999999
WI,2017,Reading,8,274.89,238.65,255.21,233.29,271.08,253.51,277.49,230.65,274.7,36.23999999999998,19.67999999999998,37.78999999999999,23.980000000000018,44.04999999999998
WY,2017,Reading,8,271.69,NA,260.7,NA,269.64,258.72,275.3,230.86,274.65,NA,10.990000000000009,NA,16.579999999999984,43.789999999999964
AL,2019,Mathematics,4,238.68,215.31,219.81,212.25,230.54,219.59,242.88,195.76,235.07,23.370000000000005,18.870000000000005,18.289999999999992,23.289999999999992,39.31
AK,2019,Mathematics,4,246.83,226.72,227.17,209.29,236.42,219.69,244.99,206.26,237.34,20.110000000000014,19.660000000000025,27.129999999999995,25.30000000000001,31.080000000000013
AZ,2019,Mathematics,4,249.96,223.22,227.42,207.34,240.3,226,250.82,209.31,241.73,26.74000000000001,22.54000000000002,32.96000000000001,24.819999999999993,32.41999999999999
AR,2019,Mathematics,4,240.23,215.31,228.11,213.22,234.94,226.03,247.98,202.84,239.56,24.919999999999987,12.119999999999976,21.72,21.94999999999999,36.72
CA,2019,Mathematics,4,249.77,224.24,224.7,210.99,242.36,223.47,251.77,208.35,238.2,25.53,25.07000000000002,31.370000000000005,28.30000000000001,29.849999999999994
CO,2019,Mathematics,4,251.74,223.54,226.98,212.92,246.66,225.33,254.39,209.32,246.44,28.200000000000017,24.76000000000002,33.74000000000001,29.059999999999974,37.120000000000005
CT,2019,Mathematics,4,252,226.51,228.41,217.44,246.23,227.4,255.9,217.46,247.63,25.49000000000001,23.590000000000003,28.789999999999992,28.5,30.169999999999987
DE,2019,Mathematics,4,249.72,224.58,231.99,226.52,241.69,226.72,245.12,210.07,245.31,25.139999999999986,17.72999999999999,15.169999999999987,18.400000000000006,35.24000000000001
DC,2019,Mathematics,4,272.79,225.63,233.09,225.41,236.02,226.06,257.87,203.34,240.86,47.160000000000025,39.70000000000002,10.610000000000014,31.810000000000002,37.52000000000001
FL,2019,Mathematics,4,253.86,232.96,242.3,224.48,248.41,239.23,256.22,229.4,249.99,20.900000000000006,11.560000000000002,23.930000000000007,16.990000000000038,20.590000000000003
GA,2019,Mathematics,4,249.37,223.68,229.96,222.59,239.49,226.92,257.13,214.57,241.26,25.689999999999998,19.409999999999997,16.900000000000006,30.210000000000008,26.689999999999998
HI,2019,Mathematics,4,252.12,NA,235.01,217.92,241.77,226.32,248.49,200.65,242.7,NA,17.110000000000014,23.850000000000023,22.170000000000016,42.04999999999998
ID,2019,Mathematics,4,246.39,NA,227.48,214.16,244.5,232.88,251.2,211.83,245.61,NA,18.909999999999997,30.340000000000003,18.319999999999993,33.78
IL,2019,Mathematics,4,246.49,216.84,231.47,221.33,240.46,226.5,249.37,202.47,243.13,29.650000000000006,15.02000000000001,19.129999999999995,22.870000000000005,40.66
IN,2019,Mathematics,4,250.41,223.05,234.94,231.59,246.33,234.58,256.44,223.94,249.09,27.359999999999985,15.469999999999999,14.740000000000009,21.859999999999985,25.150000000000006
IA,2019,Mathematics,4,245.63,214.54,226.83,211.47,242.75,226.96,252.66,202.39,246.31,31.090000000000003,18.799999999999983,31.28,25.69999999999999,43.920000000000016
KS,2019,Mathematics,4,246.56,216.32,225.93,218.29,242.27,227.67,252.18,211.36,243.95,30.24000000000001,20.629999999999995,23.980000000000018,24.51000000000002,32.589999999999975
KY,2019,Mathematics,4,242.33,223.04,227.75,215.37,240.59,230.43,252.93,212.58,244.3,19.29000000000002,14.580000000000013,25.22,22.5,31.72
LA,2019,Mathematics,4,243.6,218.63,223.53,209.37,232.17,224.4,249.66,211.18,235.55,24.97,20.069999999999993,22.799999999999983,25.25999999999999,24.370000000000005
ME,2019,Mathematics,4,242.35,218.61,NA,214.33,241.99,229.69,250.65,212.71,247.97,23.73999999999998,NA,27.659999999999997,20.960000000000008,35.25999999999999
MD,2019,Mathematics,4,251.39,224.42,229.35,218.25,241.72,224.14,252.38,209.54,243.15,26.97,22.039999999999992,23.47,28.24000000000001,33.610000000000014
MA,2019,Mathematics,4,253.69,232.09,231.71,219.93,251.38,230.85,256.58,221.58,253.67,21.599999999999994,21.97999999999999,31.44999999999999,25.72999999999999,32.089999999999975
MI,2019,Mathematics,4,243.1,212.85,226.39,222.4,237.76,224.46,248.53,207.88,239.76,30.25,16.710000000000008,15.359999999999985,24.069999999999993,31.879999999999995
MN,2019,Mathematics,4,257.62,226.42,224.05,218.91,252.67,231.12,258.73,219.71,252.85,31.200000000000017,33.56999999999999,33.75999999999999,27.610000000000014,33.139999999999986
MS,2019,Mathematics,4,251.06,229.69,243.88,240.12,240.73,236.25,257.57,220.2,243.94,21.370000000000005,7.180000000000007,0.6099999999999852,21.319999999999993,23.74000000000001
MO,2019,Mathematics,4,243.5,215.63,234.35,222.57,239.42,229.61,251.4,208.16,243.38,27.870000000000005,9.150000000000006,16.849999999999994,21.789999999999992,35.22
MT,2019,Mathematics,4,244.9,NA,235.84,203.47,242.61,231.51,249.66,212.74,245.94,NA,9.060000000000002,39.140000000000015,18.150000000000006,33.19999999999999
NE,2019,Mathematics,4,250.81,219.82,231.38,213.84,246.09,232.52,254.37,217.88,248.87,30.99000000000001,19.430000000000007,32.25,21.849999999999994,30.99000000000001
NV,2019,Mathematics,4,246.72,218.94,229.53,217.19,240.33,229.12,249.65,206.81,239.26,27.78,17.189999999999998,23.140000000000015,20.53,32.44999999999999
NH,2019,Mathematics,4,245.68,228.05,226.99,221.57,245.62,232.41,251.56,216.62,250.59,17.629999999999995,18.689999999999998,24.05000000000001,19.150000000000006,33.97
NJ,2019,Mathematics,4,254.13,229.68,232.98,216.16,248.5,230.82,257.11,221.14,250.87,24.44999999999999,21.150000000000006,32.34,26.29000000000002,29.730000000000018
NM,2019,Mathematics,4,243.25,NA,227.47,216.74,234.96,226.42,249.19,201.13,236.67,NA,15.780000000000001,18.22,22.77000000000001,35.53999999999999
NY,2019,Mathematics,4,245.17,218.39,225.03,210.43,239.37,225.91,250.8,204.93,242.9,26.78,20.139999999999986,28.939999999999998,24.890000000000015,37.97
NC,2019,Mathematics,4,251.72,226.88,235.3,225.75,243.3,230.22,251.66,211.35,245.8,24.840000000000003,16.419999999999987,17.55000000000001,21.439999999999998,34.45000000000002
ND,2019,Mathematics,4,246.77,229.56,227.4,220.14,243.95,230.94,248.74,216.47,247.08,17.210000000000008,19.370000000000005,23.810000000000002,17.80000000000001,30.610000000000014
OH,2019,Mathematics,4,246.39,221.32,229.81,217,241.65,229.78,253.95,212.81,246.39,25.069999999999993,16.579999999999984,24.650000000000006,24.169999999999987,33.579999999999984
OK,2019,Mathematics,4,243.05,222.87,228.65,220.05,239.35,229.86,249.91,216.45,241.58,20.180000000000007,14.400000000000006,19.299999999999983,20.049999999999983,25.130000000000024
OR,2019,Mathematics,4,243.08,NA,219.2,198.85,240.84,226.97,253.08,210.82,240.72,NA,23.880000000000024,41.99000000000001,26.110000000000014,29.900000000000006
PA,2019,Mathematics,4,252.41,221.22,223.54,207.13,245.73,227.07,258.05,219.83,248.83,31.189999999999998,28.870000000000005,38.599999999999994,30.980000000000018,29
RI,2019,Mathematics,4,246.85,227.39,226.34,211.8,243.35,228.6,250.72,208.57,244.92,19.460000000000008,20.50999999999999,31.549999999999983,22.120000000000005,36.349999999999994
SC,2019,Mathematics,4,249.26,220.37,230.09,223.95,237.52,226.83,253.4,210.05,241.34,28.889999999999986,19.169999999999987,13.570000000000022,26.569999999999993,31.289999999999992
SD,2019,Mathematics,4,247.97,221.79,227.22,217.93,242.58,226.25,248.82,215.05,246.52,26.180000000000007,20.75,24.650000000000006,22.569999999999993,31.47
TN,2019,Mathematics,4,246.57,227.02,223.92,210.44,242.23,225.84,246.44,218.97,242.96,19.549999999999983,22.650000000000006,31.789999999999992,20.599999999999994,23.99000000000001
TX,2019,Mathematics,4,254.05,233.33,237.6,233,246.69,234.96,256.94,219.48,247.4,20.72,16.450000000000017,13.689999999999998,21.97999999999999,27.920000000000016
UT,2019,Mathematics,4,248.72,NA,225.47,215.96,247.05,232.37,250.21,215.48,247.93,NA,23.25,31.090000000000003,17.840000000000003,32.45000000000002
VT,2019,Mathematics,4,239.81,NA,NA,213.35,239.74,229.25,245.79,208.19,246.22,NA,NA,26.390000000000015,16.539999999999992,38.03
VA,2019,Mathematics,4,253.05,231.73,237.94,225.33,249.71,234.43,256.32,222.2,250.89,21.32000000000002,15.110000000000014,24.379999999999995,21.889999999999986,28.689999999999998
WA,2019,Mathematics,4,245.77,223.47,227.03,212.13,243.98,227.85,252.77,213.53,243.22,22.30000000000001,18.74000000000001,31.849999999999994,24.920000000000016,29.689999999999998
WV,2019,Mathematics,4,232.47,218.22,NA,NA,231.66,222.46,242.19,203.9,238.65,14.25,NA,NA,19.72999999999999,34.75
WI,2019,Mathematics,4,249.18,212.03,227.55,218.25,243.78,226.08,253.69,207.7,246.8,37.150000000000006,21.629999999999995,25.53,27.609999999999985,39.10000000000002
WY,2019,Mathematics,4,248.86,NA,237.71,225.25,246.67,236.14,251.83,220.19,250.7,NA,11.150000000000006,21.419999999999987,15.690000000000026,30.50999999999999
AL,2019,Mathematics,8,279.39,248.89,262.1,NA,269.15,253.75,283.97,231.08,273.25,30.5,17.289999999999964,NA,30.220000000000027,42.16999999999999
AK,2019,Mathematics,8,289.48,253.59,274.06,226.59,280.77,259.96,288.73,236.58,280.31,35.890000000000015,15.420000000000016,54.17999999999998,28.77000000000004,43.72999999999999
AZ,2019,Mathematics,8,294.66,266.87,269.04,244.99,282.21,269.55,290.65,243.25,284.81,27.79000000000002,25.620000000000005,37.21999999999997,21.099999999999966,41.56
AR,2019,Mathematics,8,283.9,248.83,268.79,244.88,276.27,263.45,292.06,235.08,280.76,35.069999999999965,15.109999999999957,31.389999999999986,28.610000000000014,45.67999999999998
CA,2019,Mathematics,8,293.8,252.33,262.01,236.57,282.3,262.27,298.09,241.65,280,41.47,31.79000000000002,45.73000000000002,35.81999999999999,38.349999999999994
CO,2019,Mathematics,8,294.97,261.02,268.09,239.35,288.39,265.14,296.86,244.3,289.76,33.950000000000045,26.880000000000052,49.03999999999999,31.720000000000027,45.45999999999998
CT,2019,Mathematics,8,298.53,256.45,262.52,227.72,288.57,263.35,300.36,251.57,293.08,42.079999999999984,36.00999999999999,60.849999999999994,37.00999999999999,41.50999999999999
DE,2019,Mathematics,8,289.22,260.02,266.49,236.29,278.46,259.04,283.55,239.27,283.93,29.200000000000045,22.730000000000018,42.16999999999999,24.50999999999999,44.66
DC,2019,Mathematics,8,323.24,260.12,266.99,241.07,271.08,257.04,299.06,241.47,275.66,63.120000000000005,56.25,30.00999999999999,42.01999999999998,34.190000000000026
FL,2019,Mathematics,8,289.38,259.5,275.61,238.86,281.45,267.03,293.98,256.06,282.77,29.879999999999995,13.769999999999982,42.589999999999975,26.950000000000045,26.70999999999998
GA,2019,Mathematics,8,291.56,262.04,275.29,243.98,280.71,265.38,300.37,245.92,284.71,29.519999999999982,16.269999999999982,36.72999999999999,34.99000000000001,38.78999999999999
HI,2019,Mathematics,8,287.72,NA,275.37,240.35,277.38,262.24,285.05,228.31,280.25,NA,12.350000000000023,37.03,22.810000000000002,51.94
ID,2019,Mathematics,8,291.81,NA,265.61,241.72,287.7,271.42,296.88,242.29,291.43,NA,26.19999999999999,45.97999999999999,25.45999999999998,49.140000000000015
IL,2019,Mathematics,8,290.61,261.7,273.23,244.43,285.11,268.89,295.29,241.73,289.03,28.910000000000025,17.379999999999995,40.68000000000001,26.400000000000034,47.29999999999998
IN,2019,Mathematics,8,291.57,261.84,273.52,260.4,286.87,271.95,297.7,254.8,291.24,29.730000000000018,18.05000000000001,26.470000000000027,25.75,36.44
IA,2019,Mathematics,8,286.34,248.86,268.76,235.96,284.24,266.66,293.26,242.85,287.58,37.47999999999996,17.579999999999984,48.28,26.599999999999966,44.72999999999999
KS,2019,Mathematics,8,288.44,256.91,268.4,251.33,285.12,269.33,295.41,241.86,287.89,31.529999999999973,20.04000000000002,33.78999999999999,26.08000000000004,46.02999999999997
KY,2019,Mathematics,8,281.54,255.74,269.85,228.67,279.31,266.91,292.42,241.62,283.41,25.80000000000001,11.689999999999998,50.640000000000015,25.50999999999999,41.79000000000002
LA,2019,Mathematics,8,285.19,255.06,267.65,NA,272.5,261.84,290.64,244.4,276.75,30.129999999999995,17.54000000000002,NA,28.80000000000001,32.349999999999994
ME,2019,Mathematics,8,283.67,254.65,NA,NA,283.82,267.87,292.72,248.39,290.06,29.02000000000001,NA,NA,24.850000000000023,41.670000000000016
MD,2019,Mathematics,8,299.5,260.7,260.69,228.67,283.34,259.63,295.04,246.22,285.02,38.80000000000001,38.81,54.66999999999999,35.410000000000025,38.79999999999998
MA,2019,Mathematics,8,301.69,266.94,269,237.29,297.98,272.38,303.24,260.35,301.73,34.75,32.69,60.690000000000026,30.860000000000014,41.379999999999995
MI,2019,Mathematics,8,286.98,252.67,268.5,256.61,281.76,264.85,292.79,243.86,284.93,34.31000000000003,18.480000000000018,25.149999999999977,27.939999999999998,41.06999999999999
MN,2019,Mathematics,8,300,254.73,267.84,235.53,294.12,269.63,302.31,254.56,296.43,45.27000000000001,32.160000000000025,58.59,32.68000000000001,41.870000000000005
MS,2019,Mathematics,8,288.4,258.44,276.6,NA,273.86,266.59,294.85,239.65,277.84,29.95999999999998,11.799999999999955,NA,28.260000000000048,38.18999999999997
MO,2019,Mathematics,8,285.73,257.54,268.26,NA,281.41,267.23,294.37,243.79,286.19,28.189999999999998,17.470000000000027,NA,27.139999999999986,42.400000000000006
MT,2019,Mathematics,8,288.32,NA,280.68,NA,284.94,268.97,294.28,242.35,290.4,NA,7.639999999999986,NA,25.309999999999945,48.04999999999998
NE,2019,Mathematics,8,293.65,251.64,267.53,236.61,286.76,269.53,295.98,249.16,290.82,42.00999999999999,26.120000000000005,50.14999999999998,26.450000000000045,41.66
NV,2019,Mathematics,8,285.69,253.55,265.64,240.83,278.79,263.63,288.34,233.7,278.73,32.139999999999986,20.05000000000001,37.96000000000001,24.70999999999998,45.03000000000003
NH,2019,Mathematics,8,288.26,267.49,266.96,NA,288.22,270.18,294.51,255.82,294.16,20.769999999999982,21.30000000000001,NA,24.329999999999984,38.34000000000003
NJ,2019,Mathematics,8,303.67,265.72,268.65,233.35,294.52,267.74,305.57,256.9,298.42,37.94999999999999,35.02000000000004,61.16999999999999,37.829999999999984,41.52000000000004
NM,2019,Mathematics,8,285.34,NA,263.77,238.24,272.86,261.62,289.19,236.88,274.77,NA,21.569999999999993,34.620000000000005,27.569999999999993,37.889999999999986
NY,2019,Mathematics,8,292.04,258.23,263.27,231.32,283.82,266.43,294.02,244.45,288.2,33.81,28.77000000000004,52.5,27.589999999999975,43.75
NC,2019,Mathematics,8,294.88,264.06,272.52,235.27,285.71,268.31,295.46,245.38,289.43,30.819999999999993,22.360000000000014,50.43999999999997,27.149999999999977,44.05000000000001
ND,2019,Mathematics,8,291.72,253.94,275.96,NA,286.58,268.35,294.08,247.53,290.95,37.78000000000003,15.760000000000048,NA,25.72999999999996,43.41999999999999
OH,2019,Mathematics,8,292.98,258.6,274.28,244.36,286.54,265.33,301.82,250.15,292.58,34.379999999999995,18.700000000000045,42.18000000000001,36.49000000000001,42.42999999999998
OK,2019,Mathematics,8,282.41,252.64,271.1,251.78,277.95,267.39,289.1,243.34,281.69,29.77000000000004,11.310000000000002,26.169999999999987,21.710000000000036,38.349999999999994
OR,2019,Mathematics,8,287.05,NA,258.25,227.82,282.97,267.19,295.34,240.89,285.87,NA,28.80000000000001,55.150000000000034,28.149999999999977,44.98000000000002
PA,2019,Mathematics,8,294.67,255.06,257.59,230.97,287.21,264.57,300.46,247.84,293.02,39.610000000000014,37.08000000000004,56.23999999999998,35.889999999999986,45.17999999999998
RI,2019,Mathematics,8,286.75,258.28,254.76,220.45,280.11,256.69,292.41,237.7,282.12,28.470000000000027,31.99000000000001,59.660000000000025,35.72000000000003,44.420000000000016
SC,2019,Mathematics,8,289.13,255.52,269.65,257.78,277.77,262.86,295,231.51,282.92,33.609999999999985,19.480000000000018,19.99000000000001,32.139999999999986,51.410000000000025
SD,2019,Mathematics,8,294.41,NA,270.03,NA,288.17,270.37,293.78,245.78,292.6,NA,24.380000000000052,NA,23.409999999999968,46.82000000000002
TN,2019,Mathematics,8,287.27,260.24,267.45,237.16,281.25,262.84,287.7,242.18,284.83,27.029999999999973,19.819999999999993,44.09,24.860000000000014,42.64999999999998
TX,2019,Mathematics,8,292.63,264.98,272.31,255.17,283.98,269.86,293.15,252.32,283.72,27.649999999999977,20.319999999999993,28.81000000000003,23.289999999999964,31.400000000000034
UT,2019,Mathematics,8,291.1,NA,262.55,246.14,287.21,266.48,294.76,243.4,291.12,NA,28.55000000000001,41.06999999999999,28.279999999999973,47.72
VT,2019,Mathematics,8,287.62,NA,NA,NA,287.03,271.76,294.32,250.75,294.99,NA,NA,NA,22.560000000000002,44.24000000000001
VA,2019,Mathematics,8,293.94,267.56,278.23,240.02,289.45,269.64,297.65,256.55,291.67,26.379999999999995,15.70999999999998,49.42999999999998,28.00999999999999,35.120000000000005
WA,2019,Mathematics,8,291.78,258.74,267.42,243.09,289.8,268.33,302.31,240.39,292.38,33.039999999999964,24.359999999999957,46.71000000000001,33.98000000000002,51.99000000000001
WV,2019,Mathematics,8,272.97,261.21,NA,NA,272.46,261.91,281.13,231.97,279.77,11.760000000000048,NA,NA,19.21999999999997,47.79999999999998
WI,2019,Mathematics,8,296.93,249.67,273.48,247.66,290.71,269.48,301.38,247.57,294.07,47.26000000000002,23.44999999999999,43.04999999999998,31.899999999999977,46.5
WY,2019,Mathematics,8,290.95,NA,273.66,NA,287.24,272.88,293.54,249.43,291.98,NA,17.289999999999964,NA,20.660000000000025,42.55000000000001
AL,2019,Reading,4,223.14,195.33,198.38,178.65,213.45,198.8,228.99,164.39,219.41,27.809999999999974,24.75999999999999,34.79999999999998,30.189999999999998,55.02000000000001
AK,2019,Reading,4,220.62,NA,205.98,174.81,209.74,188.58,220.87,157.06,213.16,NA,14.640000000000015,34.93000000000001,32.28999999999999,56.099999999999994
AZ,2019,Reading,4,228.32,205.52,205.04,168.36,219.93,202.06,231,183.15,220.55,22.799999999999983,23.28,51.56999999999999,28.939999999999998,37.400000000000006
AR,2019,Reading,4,222.43,196.54,210.79,188.05,217.33,207.1,232.46,172.6,223.5,25.890000000000015,11.640000000000015,29.28,25.360000000000014,50.900000000000006
CA,2019,Reading,4,233.98,196.63,206.76,188.66,225.66,204.85,235.91,174.48,221.93,37.349999999999994,27.22,37,31.060000000000002,47.45000000000002
CO,2019,Reading,4,235.46,211.93,208.42,187.07,231.06,208.35,238.21,183.7,230.4,23.53,27.04000000000002,43.99000000000001,29.860000000000014,46.70000000000002
CT,2019,Reading,4,236.86,204.05,203.82,187.56,228.59,205.34,239.85,183.17,231.22,32.81,33.04000000000002,41.03,34.50999999999999,48.05000000000001
DE,2019,Reading,4,229.73,202.82,208.89,201.07,220.75,202.38,225.2,177.06,225.98,26.909999999999997,20.840000000000003,19.680000000000007,22.819999999999993,48.91999999999999
DC,2019,Reading,4,258.1,203.94,212.76,196.23,216.92,203.42,244.16,179.23,220.96,54.160000000000025,45.34000000000003,20.689999999999998,40.74000000000001,41.73000000000002
FL,2019,Reading,4,233.12,210.54,221.31,193.11,228.3,215.84,237.82,199.76,230.84,22.580000000000013,11.810000000000002,35.19,21.97999999999999,31.080000000000013
GA,2019,Reading,4,231.84,204.58,208.88,196,220.66,206.67,240.03,181.9,223.52,27.25999999999999,22.960000000000008,24.659999999999997,33.360000000000014,41.620000000000005
HI,2019,Reading,4,236.84,NA,213.17,192.55,221.3,205.62,228.09,167.49,222.95,NA,23.670000000000016,28.75,22.47,55.45999999999998
ID,2019,Reading,4,227.36,NA,205.03,192.78,225.3,211,233.67,171.76,228.74,NA,22.330000000000013,32.52000000000001,22.669999999999987,56.98000000000002
IL,2019,Reading,4,228.22,200.31,207.86,195.68,222.41,204.93,232.86,175.46,224.92,27.909999999999997,20.359999999999985,26.72999999999999,27.930000000000007,49.45999999999998
IN,2019,Reading,4,227.83,199.83,210.68,204.84,223.72,209.37,236.6,185.81,228.96,28,17.150000000000006,18.879999999999995,27.22999999999999,43.150000000000006
IA,2019,Reading,4,225.5,191.58,206.4,180.64,223.44,206.85,231.89,172.06,227.62,33.91999999999999,19.099999999999994,42.80000000000001,25.039999999999992,55.56
KS,2019,Reading,4,224.54,198.9,208.1,192.53,222.65,206.11,232.97,175.04,226.09,25.639999999999986,16.439999999999998,30.120000000000005,26.859999999999985,51.05000000000001
KY,2019,Reading,4,225.22,199.02,206.29,184.04,222.81,211.79,235.37,190.36,226.38,26.19999999999999,18.930000000000007,38.77000000000001,23.580000000000013,36.01999999999998
LA,2019,Reading,4,223.15,195.11,206.28,183.91,210.84,202.14,229.9,179.8,216.23,28.039999999999992,16.870000000000005,26.930000000000007,27.76000000000002,36.42999999999998
ME,2019,Reading,4,222.09,203.46,NA,193.75,222.36,209.14,231.22,186.21,230.15,18.629999999999995,NA,28.610000000000014,22.080000000000013,43.94
MD,2019,Reading,4,233.65,206.45,206.53,192.1,224.14,204.62,234.71,188.31,224.52,27.200000000000017,27.120000000000005,32.03999999999999,30.090000000000003,36.21000000000001
MA,2019,Reading,4,238.68,213.34,212.47,195.92,236.31,213.45,239.85,203.74,237.64,25.340000000000003,26.210000000000008,40.390000000000015,26.400000000000006,33.89999999999998
MI,2019,Reading,4,224.23,198.9,207.21,199.91,220.42,205.78,232.21,183.65,222.58,25.329999999999984,17.019999999999982,20.50999999999999,26.430000000000007,38.93000000000001
MN,2019,Reading,4,230.8,200.98,202.15,185.95,227.64,204.52,233.49,184.4,228.35,29.82000000000002,28.650000000000006,41.69,28.97,43.94999999999999
MS,2019,Reading,4,229.74,208.61,220.54,205.92,219.79,214.56,238.12,192.59,223.56,21.129999999999995,9.200000000000017,13.870000000000005,23.560000000000002,30.97
MO,2019,Reading,4,221.43,199.98,212.93,199.19,219.19,206.78,234,175.33,225.09,21.450000000000017,8.5,20,27.22,49.75999999999999
MT,2019,Reading,4,225.96,NA,213.67,180.99,223.44,207.92,233.94,181.94,228.24,NA,12.29000000000002,42.44999999999999,26.02000000000001,46.30000000000001
NE,2019,Reading,4,230.28,198.83,210.06,189.87,224.83,209.11,233.93,185.73,229.56,31.44999999999999,20.22,34.96000000000001,24.819999999999993,43.83000000000001
NV,2019,Reading,4,229.13,199.53,211.75,196.15,222.89,210.78,231.46,178.65,222.45,29.599999999999994,17.379999999999995,26.73999999999998,20.680000000000007,43.79999999999998
NH,2019,Reading,4,225.59,NA,207.99,199.35,225.42,208.02,233.49,189.54,231.76,NA,17.599999999999994,26.069999999999993,25.47,42.22
NJ,2019,Reading,4,237.8,210.99,212.56,188.42,230.32,210.18,240.04,197.42,233.16,26.810000000000002,25.24000000000001,41.900000000000006,29.859999999999985,35.74000000000001
NM,2019,Reading,4,224.06,NA,203.15,184.23,213.79,201.15,230.74,166.5,215.31,NA,20.909999999999997,29.560000000000002,29.590000000000003,48.81
NY,2019,Reading,4,228.71,202.97,208.86,180.57,223.36,206.26,236.88,183.08,226.62,25.74000000000001,19.849999999999994,42.79000000000002,30.620000000000005,43.53999999999999
NC,2019,Reading,4,232.18,207.64,210.75,197.9,224.07,207.93,233.82,180.96,227.1,24.54000000000002,21.430000000000007,26.169999999999987,25.889999999999986,46.139999999999986
ND,2019,Reading,4,225.58,209.28,209,192.93,222.42,208.6,228.1,186.05,226.6,16.30000000000001,16.580000000000013,29.48999999999998,19.5,40.54999999999998
OH,2019,Reading,4,228.34,200.27,210.99,187.19,222.75,210.17,236.88,185.64,228.83,28.069999999999993,17.349999999999994,35.56,26.710000000000008,43.190000000000026
OK,2019,Reading,4,223.06,198.57,206.01,194.62,219.07,208.3,229.78,186.85,222.58,24.49000000000001,17.05000000000001,24.44999999999999,21.47999999999999,35.73000000000002
OR,2019,Reading,4,223.9,NA,198.5,167.35,223.88,206.65,236.15,183.1,223.76,NA,25.400000000000006,56.53,29.5,40.66
PA,2019,Reading,4,232.34,199.02,201.04,181.94,225.04,207.14,238.21,187.42,230.62,33.31999999999999,31.30000000000001,43.099999999999994,31.07000000000002,43.20000000000002
RI,2019,Reading,4,230.07,202.02,204.64,184.68,225.28,205.69,234.25,178.54,227.37,28.049999999999983,25.430000000000007,40.599999999999994,28.560000000000002,48.83000000000001
SC,2019,Reading,4,229.27,198.51,210.58,197.3,217.07,204.06,235.93,174.2,223.09,30.76000000000002,18.689999999999998,19.769999999999982,31.870000000000005,48.890000000000015
SD,2019,Reading,4,228.18,204.75,202.34,195.6,223.62,207.91,228.76,189.55,228.23,23.430000000000007,25.840000000000003,28.02000000000001,20.849999999999994,38.67999999999998
TN,2019,Reading,4,227.45,203.86,201.92,175.98,222.74,202.16,227.28,183.47,224.65,23.589999999999975,25.53,46.76000000000002,25.120000000000005,41.18000000000001
TX,2019,Reading,4,231.83,204.7,207.57,195.94,221.7,205.78,232.23,181.46,221.25,27.130000000000024,24.26000000000002,25.75999999999999,26.44999999999999,39.78999999999999
UT,2019,Reading,4,230.43,NA,206.92,194.84,228.77,208,234.39,187.3,230.88,NA,23.51000000000002,33.93000000000001,26.389999999999986,43.579999999999984
VT,2019,Reading,4,222.11,NA,NA,208.81,222.23,205.62,232.17,177.79,232.04,NA,NA,13.419999999999987,26.549999999999983,54.25
VA,2019,Reading,4,231.48,207.33,210.62,194.55,227.37,207.51,235.53,189.13,229.3,24.149999999999977,20.859999999999985,32.81999999999999,28.02000000000001,40.170000000000016
WA,2019,Reading,4,228.32,209.16,201.71,179.64,226.13,206.48,234.57,182.58,225.27,19.159999999999997,26.609999999999985,46.49000000000001,28.090000000000003,42.69
WV,2019,Reading,4,214.01,199.9,NA,NA,213.37,204.08,223.98,171.32,224.04,14.109999999999985,NA,NA,19.899999999999977,52.72
WI,2019,Reading,4,226.77,187.68,207.51,197.01,221.57,203.64,232.59,177.37,226.04,39.09,19.26000000000002,24.560000000000002,28.950000000000017,48.66999999999999
WY,2019,Reading,4,229.67,NA,217.59,199.67,227.77,214.65,234.21,191.43,233.24,NA,12.079999999999984,28.100000000000023,19.560000000000002,41.81
AL,2019,Reading,8,261.09,239.32,246.2,NA,254,242.82,263.95,209.17,258.8,21.769999999999982,14.889999999999986,NA,21.129999999999995,49.630000000000024
AK,2019,Reading,8,264.68,243.09,250.97,205.74,258.62,239.72,264.15,218.71,257.93,21.590000000000003,13.710000000000008,52.879999999999995,24.42999999999998,39.22
AZ,2019,Reading,8,272.6,238.94,251.17,224.52,261.7,248.18,272.22,225.45,263.94,33.660000000000025,21.430000000000035,37.17999999999998,24.04000000000002,38.49000000000001
AR,2019,Reading,8,265.83,237.1,255.63,227.8,260.81,249.57,273.72,221.3,264.79,28.72999999999999,10.199999999999989,33.00999999999999,24.150000000000034,43.49000000000001
CA,2019,Reading,8,273.97,235.53,249.17,216.41,266.2,247.61,275.71,221.46,263.64,38.440000000000026,24.80000000000004,49.78999999999999,28.099999999999966,42.17999999999998
CO,2019,Reading,8,277.43,246.1,251.45,218.86,271.32,249.59,277.99,231.29,271.81,31.330000000000013,25.980000000000018,52.45999999999998,28.400000000000006,40.52000000000001
CT,2019,Reading,8,279.3,250.59,253.12,219.89,271.65,253.63,279.87,237.78,276.25,28.710000000000008,26.180000000000007,51.75999999999999,26.24000000000001,38.47
DE,2019,Reading,8,270.6,245.53,248.62,212.82,261.79,245.06,265.02,220.15,267.21,25.07000000000002,21.980000000000018,48.97000000000003,19.95999999999998,47.059999999999974
DC,2019,Reading,8,299,240.62,250,221.54,251.81,237.77,276.98,218.74,257.09,58.379999999999995,49,30.27000000000001,39.21000000000001,38.349999999999966
FL,2019,Reading,8,273.43,247.82,258.79,224.43,265.97,254.56,275.62,240.57,267.62,25.610000000000014,14.639999999999986,41.54000000000002,21.060000000000002,27.05000000000001
GA,2019,Reading,8,272.43,249.48,256.05,219.27,263.88,251.97,278.34,232.89,266.69,22.950000000000017,16.379999999999995,44.609999999999985,26.369999999999976,33.80000000000001
HI,2019,Reading,8,270.87,NA,255.34,218.68,260.82,245.48,267.13,210.04,263.37,NA,15.530000000000001,42.139999999999986,21.650000000000006,53.33000000000001
ID,2019,Reading,8,270.88,NA,249.39,218.75,268.45,254.78,275.71,216,272.9,NA,21.49000000000001,49.69999999999999,20.92999999999998,56.89999999999998
IL,2019,Reading,8,273.98,245.54,255.18,217.53,267.87,251.36,278,227.4,270.64,28.440000000000026,18.80000000000001,50.34,26.639999999999986,43.23999999999998
IN,2019,Reading,8,270.8,245.41,258.78,250.31,266.7,255.15,275.65,231.44,272.2,25.390000000000015,12.020000000000039,16.389999999999986,20.49999999999997,40.75999999999999
IA,2019,Reading,8,266.32,236.46,249.55,224.8,264.38,246.07,273.49,218.56,269.05,29.859999999999985,16.769999999999982,39.579999999999984,27.420000000000016,50.49000000000001
KS,2019,Reading,8,267.64,243.58,254.87,230.72,265.88,251.22,273.96,221.37,268.52,24.059999999999974,12.769999999999982,35.16,22.73999999999998,47.14999999999998
KY,2019,Reading,8,266.02,239.4,257.76,221.43,264.05,253,276.75,227.79,267.83,26.619999999999976,8.259999999999991,42.620000000000005,23.75,40.03999999999999
LA,2019,Reading,8,268.23,242.25,257.55,NA,258.2,249.31,273.42,227.21,262.71,25.980000000000018,10.680000000000007,NA,24.110000000000014,35.49999999999997
ME,2019,Reading,8,266.57,236.24,NA,225.58,266.31,255.16,272.68,231.54,272.61,30.329999999999984,NA,40.72999999999999,17.52000000000001,41.07000000000002
MD,2019,Reading,8,277.21,251.23,247.6,210.93,267.27,247.42,276.37,233.47,268.61,25.97999999999999,29.609999999999985,56.339999999999975,28.950000000000017,35.140000000000015
MA,2019,Reading,8,279.44,258.55,250.78,216.6,276.5,253.07,280.77,241.57,279.74,20.889999999999986,28.659999999999997,59.900000000000006,27.69999999999999,38.170000000000016
MI,2019,Reading,8,266.88,242.99,253.4,234.22,264.36,250.3,273.94,224.34,267.52,23.889999999999986,13.47999999999999,30.140000000000015,23.639999999999986,43.17999999999998
MN,2019,Reading,8,271.3,235.75,246.89,211.78,266.81,246.89,273.11,227.43,269.64,35.55000000000001,24.410000000000025,55.03,26.220000000000027,42.20999999999998
MS,2019,Reading,8,268.13,244.41,258.56,NA,256.75,250.5,275.38,220.27,260.73,23.72,9.569999999999993,NA,24.879999999999995,40.46000000000001
MO,2019,Reading,8,267.38,240.37,257.67,NA,263.82,251.43,275.05,225.17,268.77,27.00999999999999,9.70999999999998,NA,23.620000000000005,43.599999999999994
MT,2019,Reading,8,269.1,NA,256.64,NA,265.97,253.46,273.33,228.47,270.34,NA,12.460000000000036,NA,19.869999999999976,41.869999999999976
NE,2019,Reading,8,270.14,239.54,250.29,217.52,265.54,249.56,274.63,223.77,270.57,30.599999999999994,19.849999999999994,48.02000000000001,25.069999999999993,46.79999999999998
NV,2019,Reading,8,268.77,242.81,251.24,222.13,263.52,249.24,270.72,216.09,263.22,25.95999999999998,17.529999999999973,41.389999999999986,21.480000000000018,47.130000000000024
NH,2019,Reading,8,269.04,NA,251.43,NA,268.79,250.28,274.66,237.17,274.88,NA,17.610000000000014,NA,24.380000000000024,37.71000000000001
NJ,2019,Reading,8,281.16,249.8,251.43,198.97,273.33,250.65,281.41,237.09,276.59,31.360000000000014,29.730000000000018,74.35999999999999,30.76000000000002,39.49999999999997
NM,2019,Reading,8,266.44,NA,247.8,213.53,256.72,244.24,271.85,213.15,258.66,NA,18.639999999999986,43.190000000000026,27.610000000000014,45.51000000000002
NY,2019,Reading,8,271.61,247.62,248.84,210.94,265.17,250.17,272.97,235.38,267.34,23.99000000000001,22.77000000000001,54.23000000000002,22.80000000000004,31.95999999999998
NC,2019,Reading,8,272.44,243.98,255.94,209.88,264.67,249.32,272.51,228.85,267.54,28.460000000000008,16.5,54.79000000000002,23.189999999999998,38.690000000000026
ND,2019,Reading,8,267.09,246.42,249.81,NA,264.07,250.48,268.97,222.7,268.99,20.669999999999987,17.279999999999973,NA,18.490000000000038,46.29000000000002
OH,2019,Reading,8,273.94,240.76,259.15,232.15,267.73,249.81,280.62,234.32,273.12,33.18000000000001,14.79000000000002,35.58000000000001,30.810000000000002,38.80000000000001
OK,2019,Reading,8,264.55,244.39,246.05,222.84,260.38,250.04,270.36,224.21,263.56,20.160000000000025,18.5,37.53999999999999,20.32000000000002,39.349999999999994
OR,2019,Reading,8,268.9,NA,250.02,209.71,267.36,253.77,276.25,226.98,269.89,NA,18.879999999999967,57.650000000000006,22.47999999999999,42.91
PA,2019,Reading,8,271.67,241.97,243.23,217.38,265.59,249.84,276.04,230.54,271.33,29.700000000000017,28.440000000000026,48.20999999999998,26.200000000000017,40.78999999999999
RI,2019,Reading,8,274.5,246.57,240.89,200.32,267.1,244.88,277.15,229.96,267.36,27.930000000000007,33.610000000000014,66.78000000000003,32.26999999999998,37.400000000000006
SC,2019,Reading,8,269.66,242.05,252.65,241.59,260.17,249.02,272.58,217.87,265.06,27.610000000000014,17.01000000000002,18.580000000000013,23.559999999999974,47.19
SD,2019,Reading,8,268.07,NA,251.91,NA,264.09,248.13,268.79,219.6,268.63,NA,16.159999999999997,NA,20.660000000000025,49.03
TN,2019,Reading,8,268.35,245.54,253.22,219.2,263.7,248.02,268.38,224.66,266.94,22.81000000000003,15.130000000000024,44.5,20.359999999999985,42.28
TX,2019,Reading,8,267.25,237.79,250.41,227.15,260.78,245.9,269.86,224.26,260.15,29.460000000000008,16.840000000000003,33.62999999999997,23.960000000000008,35.889999999999986
UT,2019,Reading,8,272.57,NA,250.72,219.33,270.27,254.09,274.65,232.45,272.53,NA,21.849999999999994,50.93999999999997,20.559999999999974,40.079999999999984
VT,2019,Reading,8,269.24,NA,NA,NA,269.04,256.75,275.06,231.24,277.12,NA,NA,NA,18.310000000000002,45.879999999999995
VA,2019,Reading,8,270.66,242.92,247.03,206.39,264.6,245.6,271.59,224.89,267.46,27.740000000000038,23.630000000000024,58.210000000000036,25.98999999999998,42.56999999999999
WA,2019,Reading,8,274.75,235.72,248.17,210.6,271.49,249.33,281.71,227.25,271.84,39.03,26.580000000000013,60.890000000000015,32.37999999999997,44.589999999999975
WV,2019,Reading,8,256.36,238.71,NA,NA,255.69,247.62,262.4,212.26,263.47,17.650000000000006,NA,NA,14.779999999999973,51.210000000000036
WI,2019,Reading,8,273.88,234.71,251.48,229.82,269.44,252.43,278.22,224.82,272.83,39.16999999999999,22.400000000000006,39.620000000000005,25.79000000000002,48.00999999999999
WY,2019,Reading,8,267.66,NA,254.4,NA,265.46,252.84,270.91,231.13,269.73,NA,13.26000000000002,NA,18.07000000000002,38.60000000000002
AL,2022,Mathematics,4,240.42,213.32,221.97,215.91,231.35,218.17,241.64,211.1,232.74,27.099999999999994,18.44999999999999,15.439999999999998,23.47,21.640000000000015
AK,2022,Mathematics,4,241.85,NA,227.56,204.38,229.21,213.04,237.63,200.9,230.81,NA,14.289999999999992,24.830000000000013,24.590000000000003,29.909999999999997
AZ,2022,Mathematics,4,247.07,214.85,221.1,197.03,235.39,218.2,241.55,205.65,236.01,32.22,25.97,38.359999999999985,23.350000000000023,30.359999999999985
AR,2022,Mathematics,4,236.14,206.75,219.45,205.49,229.93,220.59,242.2,199.26,234.99,29.389999999999986,16.689999999999998,24.439999999999998,21.609999999999985,35.73000000000002
CA,2022,Mathematics,4,245.41,214.76,218.86,210.87,237.17,218.14,249.94,206.83,233.25,30.650000000000006,26.549999999999983,26.299999999999983,31.80000000000001,26.419999999999987
CO,2022,Mathematics,4,247.19,224.05,218.83,208.59,241.26,220.49,246.96,210.79,240.11,23.139999999999986,28.359999999999985,32.66999999999999,26.47,29.32000000000002
CT,2022,Mathematics,4,248.45,210.55,218.6,210.42,240.32,218.92,247.99,210.27,241.22,37.89999999999998,29.849999999999994,29.900000000000006,29.07000000000002,30.94999999999999
DE,2022,Mathematics,4,236.49,211.96,217.98,211.32,228.52,210.15,230.46,201.37,230.83,24.53,18.51000000000002,17.200000000000017,20.310000000000002,29.460000000000008
DC,2022,Mathematics,4,267,210.32,222.75,221.53,222.87,212.63,257.26,195.69,227.85,56.68000000000001,44.25,1.3400000000000034,44.629999999999995,32.16
FL,2022,Mathematics,4,252.71,225.46,235.9,215.94,243.89,233.17,250.84,226.37,244.03,27.25,16.810000000000002,27.94999999999999,17.670000000000016,17.659999999999997
GA,2022,Mathematics,4,246.41,222.26,229.17,219.95,237.1,225.15,247.55,215.63,238.02,24.150000000000006,17.24000000000001,17.150000000000006,22.400000000000006,22.390000000000015
HI,2022,Mathematics,4,244.07,NA,230.34,225.02,238.42,225.41,245.05,194.75,241.13,NA,13.72999999999999,13.399999999999977,19.640000000000015,46.379999999999995
ID,2022,Mathematics,4,241.4,NA,219.08,204.94,238.93,225.89,246.47,209.61,240.5,NA,22.319999999999993,33.99000000000001,20.580000000000013,30.889999999999986
IL,2022,Mathematics,4,247.89,213.87,222.08,218.6,241.77,220.51,250.13,214.23,240.85,34.01999999999998,25.809999999999974,23.170000000000016,29.620000000000005,26.620000000000005
IN,2022,Mathematics,4,245.98,219.68,224.16,220.19,240.93,229.12,249.97,218.35,243.9,26.299999999999983,21.819999999999993,20.74000000000001,20.849999999999994,25.55000000000001
IA,2022,Mathematics,4,244.71,211.28,223.28,204.26,241.45,225.66,250.48,209.3,245.01,33.43000000000001,21.430000000000007,37.19,24.819999999999993,35.70999999999998
KS,2022,Mathematics,4,242.63,208.59,219.2,216.83,237.8,219.76,248.15,210.68,239.89,34.03999999999999,23.430000000000007,20.97,28.390000000000015,29.20999999999998
KY,2022,Mathematics,4,236.97,209.95,227.01,215.19,235.29,223.71,248.11,209.34,238.48,27.02000000000001,9.960000000000008,20.099999999999994,24.400000000000006,29.139999999999986
LA,2022,Mathematics,4,243.03,216.14,222.16,199.02,229.97,221.48,249.11,208.17,233.03,26.890000000000015,20.870000000000005,30.94999999999999,27.630000000000024,24.860000000000014
ME,2022,Mathematics,4,234.23,211.25,NA,NA,234.22,220.25,241.7,205.89,239.9,22.97999999999999,NA,NA,21.44999999999999,34.01000000000002
MD,2022,Mathematics,4,248.16,212.93,210.77,201.34,234.34,210.03,243.82,206.91,231.86,35.22999999999999,37.389999999999986,33,33.78999999999999,24.950000000000017
MA,2022,Mathematics,4,248.48,222.77,221.91,215.91,245.52,225.35,254.25,214.99,248.04,25.70999999999998,26.569999999999993,29.610000000000014,28.900000000000006,33.04999999999998
MI,2022,Mathematics,4,240.85,205.98,229.14,226.04,232.84,219.54,247.12,207.75,235.53,34.870000000000005,11.710000000000008,6.800000000000011,27.580000000000013,27.78
MN,2022,Mathematics,4,249.56,214,217.44,206.05,243.81,219.41,248.87,215.28,243.47,35.56,32.120000000000005,37.75999999999999,29.460000000000008,28.189999999999998
MS,2022,Mathematics,4,245.45,220.03,238.57,236.03,233.43,229.13,250.23,212.73,237.34,25.419999999999987,6.8799999999999955,-2.5999999999999943,21.099999999999994,24.610000000000014
MO,2022,Mathematics,4,239.28,203.72,227.55,213.89,233.26,216.63,245.99,203.01,237.75,35.56,11.72999999999999,19.370000000000005,29.360000000000014,34.74000000000001
MT,2022,Mathematics,4,242.97,NA,230.64,NA,239.24,228.44,245.33,212.72,243.02,NA,12.330000000000013,NA,16.890000000000015,30.30000000000001
NE,2022,Mathematics,4,249.48,219.14,224.45,204.16,244.98,225.89,253.36,216.92,246.49,30.340000000000003,25.03,40.81999999999999,27.470000000000027,29.57000000000002
NV,2022,Mathematics,4,241.61,210.96,221.11,211.41,233.64,225.44,246.52,206.47,232.32,30.650000000000006,20.5,22.22999999999999,21.080000000000013,25.849999999999994
NH,2022,Mathematics,4,240.41,NA,219.08,210.94,240.33,224.13,244.45,209.91,246.17,NA,21.329999999999984,29.390000000000015,20.319999999999993,36.25999999999999
NJ,2022,Mathematics,4,249.41,216.58,224.55,213.03,241.68,219.82,250.31,217.57,243.59,32.829999999999984,24.859999999999985,28.650000000000006,30.49000000000001,26.02000000000001
NM,2022,Mathematics,4,233.98,NA,217.72,206.82,225.25,216.46,238.3,197.19,225.77,NA,16.25999999999999,18.430000000000007,21.840000000000003,28.580000000000013
NY,2022,Mathematics,4,236.61,212.35,214.43,202.88,229.97,217.26,243.46,199.26,233.3,24.26000000000002,22.180000000000007,27.090000000000003,26.200000000000017,34.04000000000002
NC,2022,Mathematics,4,246.47,218.6,224.58,216.29,238.48,219.49,246.16,208.97,240.61,27.870000000000005,21.889999999999986,22.189999999999998,26.669999999999987,31.640000000000015
ND,2022,Mathematics,4,245.02,215.74,224.58,216.33,241.03,225.35,244.96,212.34,244.71,29.28,20.439999999999998,24.69999999999999,19.610000000000014,32.370000000000005
OH,2022,Mathematics,4,244.89,207.71,211.16,206.77,239.25,221.32,252.08,206.01,243.6,37.17999999999998,33.72999999999999,32.47999999999999,30.76000000000002,37.59
OK,2022,Mathematics,4,236.61,202.08,222.26,218.79,231.19,222.35,242.38,209.21,234.08,34.53,14.350000000000023,12.400000000000006,20.03,24.870000000000005
OR,2022,Mathematics,4,233.46,NA,213.4,195.53,232.44,228.08,999,206.39,232.05,NA,20.060000000000002,36.91,770.92,25.660000000000025
PA,2022,Mathematics,4,245.87,207.74,220.79,213.76,238.75,223.12,249.77,211.87,243.17,38.129999999999995,25.080000000000013,24.99000000000001,26.650000000000006,31.299999999999983
RI,2022,Mathematics,4,243.95,218.52,218.76,208.32,238.22,222.43,244.47,206.13,238.83,25.42999999999998,25.189999999999998,29.900000000000006,22.039999999999992,32.70000000000002
SC,2022,Mathematics,4,246.76,217.11,227.21,221.51,235.19,224,250.32,206.16,239.35,29.649999999999977,19.549999999999983,13.680000000000007,26.319999999999993,33.19
SD,2022,Mathematics,4,245.85,222.44,229.18,214.59,240.61,220.49,246.1,215.52,243.79,23.409999999999997,16.669999999999987,26.02000000000001,25.609999999999985,28.269999999999982
TN,2022,Mathematics,4,244.92,214.97,227.2,211.85,238.37,220.58,243.03,216.86,239.42,29.94999999999999,17.72,26.52000000000001,22.44999999999999,22.559999999999974
TX,2022,Mathematics,4,251.91,226.28,230.78,228.65,242.03,228.21,253.5,218.1,242.71,25.629999999999995,21.129999999999995,13.379999999999995,25.289999999999992,24.610000000000014
UT,2022,Mathematics,4,246.53,NA,217.87,211.1,243.83,222.45,247.95,209.1,245.18,NA,28.659999999999997,32.73000000000002,25.5,36.08000000000001
VT,2022,Mathematics,4,234.72,NA,NA,NA,234.44,218.69,244.46,202.4,242.04,NA,NA,NA,25.77000000000001,39.639999999999986
VA,2022,Mathematics,4,247.14,213.15,220.53,210.95,240.89,218.32,249.31,210.09,240.37,33.98999999999998,26.609999999999985,29.939999999999998,30.99000000000001,30.28
WA,2022,Mathematics,4,241.81,220.4,220.98,204.9,240.34,222.17,247.59,211.05,238.66,21.409999999999997,20.830000000000013,35.44,25.420000000000016,27.609999999999985
WV,2022,Mathematics,4,226.81,NA,NA,NA,226.05,219.7,233.47,201.33,232.59,NA,NA,NA,13.77000000000001,31.25999999999999
WI,2022,Mathematics,4,248.49,200.78,224.82,217.25,242.45,224.04,252.33,213.45,244.75,47.71000000000001,23.670000000000016,25.19999999999999,28.29000000000002,31.30000000000001
WY,2022,Mathematics,4,245.44,NA,235.88,221.84,244.18,231.92,247.74,219.4,247.93,NA,9.560000000000002,22.340000000000003,15.820000000000022,28.53
AL,2022,Mathematics,8,276.05,245.74,256.9,233.99,265.61,248.28,276.95,229.45,269.18,30.310000000000002,19.150000000000034,31.620000000000005,28.669999999999987,39.73000000000002
AK,2022,Mathematics,8,285.2,NA,265.82,241.03,274.51,254.31,281.67,243.57,274.27,NA,19.379999999999995,33.47999999999999,27.360000000000014,30.69999999999999
AZ,2022,Mathematics,8,286.01,252.73,261.43,233.02,273.99,257.34,282.43,237.23,274.71,33.28,24.579999999999984,40.97,25.090000000000032,37.47999999999999
AR,2022,Mathematics,8,274.01,247.73,260.09,239.61,269.07,258.67,281.29,239.36,272.41,26.28,13.920000000000016,29.45999999999998,22.620000000000005,33.05000000000001
CA,2022,Mathematics,8,284.18,248.02,257,235.91,276.91,255.74,291.53,234.18,274.18,36.16,27.180000000000007,41.00000000000003,35.789999999999964,40
CO,2022,Mathematics,8,288.85,255.09,254.54,230.1,279.82,254.25,287.02,239.59,280.15,33.76000000000002,34.31000000000003,49.72,32.76999999999998,40.559999999999974
CT,2022,Mathematics,8,290.19,248.89,257.19,229.21,279.12,255.8,290.33,244.56,283.73,41.30000000000001,33,49.91,34.52999999999997,39.170000000000016
DE,2022,Mathematics,8,280.06,246.09,257.02,237.68,267.19,245.29,269.9,234.91,270.81,33.97,23.04000000000002,29.50999999999999,24.609999999999985,35.900000000000006
DC,2022,Mathematics,8,314.8,250.19,256.9,236.69,262.25,250.15,296.19,232.64,266.04,64.61000000000001,57.900000000000034,25.560000000000002,46.03999999999999,33.400000000000034
FL,2022,Mathematics,8,282.11,254.87,266.79,237.93,273.54,261.41,283.9,248.58,276.26,27.24000000000001,15.319999999999993,35.610000000000014,22.489999999999952,27.67999999999998
GA,2022,Mathematics,8,284.6,256.31,263.95,233.61,273.74,259.92,285.46,244.03,276.28,28.29000000000002,20.650000000000034,40.129999999999995,25.539999999999964,32.24999999999997
HI,2022,Mathematics,8,276.68,NA,261.91,242.94,273.55,258.64,279.38,231.23,274.57,NA,14.769999999999982,30.610000000000014,20.74000000000001,43.34
ID,2022,Mathematics,8,288.31,NA,261.11,231.54,285.13,268.6,290.7,245.78,286.59,NA,27.19999999999999,53.59,22.099999999999966,40.809999999999974
IL,2022,Mathematics,8,285.81,253.67,262.39,241.93,279.73,259.12,289.45,245.53,280.3,32.140000000000015,23.420000000000016,37.80000000000001,30.329999999999984,34.77000000000001
IN,2022,Mathematics,8,287.07,249.09,267.29,249.43,280.65,265.34,290.9,246.66,284.34,37.97999999999999,19.779999999999973,31.21999999999997,25.560000000000002,37.67999999999998
IA,2022,Mathematics,8,283.34,247.78,256.1,231.88,279.36,257.97,288.05,244.09,282.82,35.559999999999974,27.239999999999952,47.48000000000002,30.079999999999984,38.72999999999999
KS,2022,Mathematics,8,278.94,249.9,258.96,240.82,274.41,257.15,284.24,234.29,277.73,29.039999999999992,19.980000000000018,33.59000000000003,27.090000000000032,43.440000000000026
KY,2022,Mathematics,8,273.85,248.17,259.28,230.41,270.93,258.96,283.15,239.36,274.47,25.680000000000035,14.57000000000005,40.52000000000001,24.189999999999998,35.110000000000014
LA,2022,Mathematics,8,278.56,252.23,256.99,NA,266.84,257.2,285.08,238.18,271.93,26.330000000000013,21.569999999999993,NA,27.879999999999995,33.75
ME,2022,Mathematics,8,274.11,NA,NA,NA,273.78,258.64,281.1,239.57,281.79,NA,NA,NA,22.460000000000036,42.22000000000003
MD,2022,Mathematics,8,288.5,250.47,249.67,224.08,272.98,249.73,281.72,243.6,272.76,38.03,38.83000000000001,48.900000000000006,31.990000000000038,29.159999999999997
MA,2022,Mathematics,8,290.42,259.63,261.81,227.23,286.83,263.39,297.94,253.53,290.92,30.79000000000002,28.610000000000014,59.599999999999994,34.55000000000001,37.390000000000015
MI,2022,Mathematics,8,279.42,245.46,261.4,245.37,274.13,258.53,285.53,239.1,277.3,33.96000000000001,18.02000000000004,28.75999999999999,27,38.20000000000002
MN,2022,Mathematics,8,289.61,253.53,253.04,230.65,283.63,258.34,289.14,249.8,284.9,36.08000000000001,36.57000000000002,52.97999999999999,30.80000000000001,35.099999999999966
MS,2022,Mathematics,8,281.56,251.94,260.16,256,265.93,259.77,285.76,237.67,269.56,29.620000000000005,21.399999999999977,9.930000000000007,25.99000000000001,31.890000000000015
MO,2022,Mathematics,8,278.4,245.46,262.94,238.32,273.66,256.46,283.1,244.43,276.57,32.93999999999997,15.45999999999998,35.34000000000003,26.640000000000043,32.139999999999986
MT,2022,Mathematics,8,282.6,NA,270.67,NA,278.61,264.71,286.22,244.52,282.86,NA,11.930000000000007,NA,21.510000000000048,38.34
NE,2022,Mathematics,8,288.11,251.09,261.13,234.37,281.55,263.59,289.65,241.6,285.48,37.02000000000001,26.980000000000018,47.18000000000001,26.060000000000002,43.880000000000024
NV,2022,Mathematics,8,283.93,246.51,261.15,238,273.43,265.33,283.1,234.57,272.92,37.420000000000016,22.78000000000003,35.43000000000001,17.77000000000004,38.35000000000002
NH,2022,Mathematics,8,280.1,NA,252.03,NA,279.64,261.69,284.26,246.58,285.47,NA,28.07000000000002,NA,22.569999999999993,38.890000000000015
NJ,2022,Mathematics,8,293.12,250.92,263.99,NA,282.76,258.97,291.78,248.23,288.27,42.20000000000002,29.129999999999995,NA,32.809999999999945,40.03999999999999
NM,2022,Mathematics,8,275.77,NA,254.36,236.79,264.5,253.82,275.47,227.62,265.25,NA,21.409999999999968,27.710000000000008,21.650000000000034,37.629999999999995
NY,2022,Mathematics,8,286.16,250.6,259.85,230.77,277.92,261.87,290.38,244.3,280.52,35.56000000000003,26.310000000000002,47.150000000000006,28.50999999999999,36.21999999999997
NC,2022,Mathematics,8,285.82,254.51,265.82,244.03,276.21,258.99,281.79,239.01,278.75,31.310000000000002,20,32.17999999999998,22.80000000000001,39.74000000000001
ND,2022,Mathematics,8,284.41,251.64,259.32,NA,279.62,263.08,283.97,243.55,284.05,32.77000000000004,25.090000000000032,NA,20.890000000000043,40.5
OH,2022,Mathematics,8,281.83,248.2,263.6,234.3,277.36,259.37,291.27,237.34,283.29,33.629999999999995,18.22999999999996,43.06,31.899999999999977,45.95000000000002
OK,2022,Mathematics,8,271.56,241.44,252.2,234.02,266.58,256.1,274.46,235.4,269.9,30.120000000000005,19.360000000000014,32.559999999999974,18.359999999999957,34.49999999999997
OR,2022,Mathematics,8,274.98,NA,255.57,232.77,273.26,270.22,999,241.97,275.08,NA,19.410000000000025,40.48999999999998,728.78,33.109999999999985
PA,2022,Mathematics,8,282.42,246.58,252.83,239.56,275.88,258.53,286.99,245.16,280.82,35.84,29.590000000000003,36.31999999999999,28.460000000000036,35.66
RI,2022,Mathematics,8,281.65,247.64,254.16,227.78,275.14,254.31,283.28,238.4,275.9,34.00999999999999,27.48999999999998,47.359999999999985,28.96999999999997,37.49999999999997
SC,2022,Mathematics,8,282.13,250.04,263.85,243.18,270.52,257.36,286.54,231.46,274.85,32.09,18.279999999999973,27.339999999999975,29.180000000000007,43.390000000000015
SD,2022,Mathematics,8,289.42,255.08,256.61,242.62,283.17,262.3,287.82,245.16,286.61,34.34,32.81,40.55000000000001,25.519999999999982,41.45000000000002
TN,2022,Mathematics,8,281.42,250.21,258.63,221.59,274.33,251.54,279.46,242.24,275.97,31.210000000000008,22.79000000000002,52.73999999999998,27.919999999999987,33.73000000000002
TX,2022,Mathematics,8,284.04,259.85,265.18,255.32,277.28,263.52,286.76,244.06,277.6,24.189999999999998,18.860000000000014,21.95999999999998,23.24000000000001,33.54000000000002
UT,2022,Mathematics,8,289.7,NA,261.21,246.47,286.45,265.58,288.93,245.16,287.39,NA,28.49000000000001,39.97999999999999,23.350000000000023,42.22999999999999
VT,2022,Mathematics,8,277.48,NA,NA,NA,277.11,261.79,285.14,244.36,284.81,NA,NA,NA,23.349999999999966,40.44999999999999
VA,2022,Mathematics,8,287.05,255.87,264.19,235.39,282.29,260.44,291.46,249.67,283.83,31.180000000000007,22.860000000000014,46.900000000000034,31.019999999999982,34.16
WA,2022,Mathematics,8,285.66,256.75,255.99,232.04,280.87,259.55,290.48,240.9,280.83,28.910000000000025,29.670000000000016,48.83000000000001,30.930000000000007,39.92999999999998
WV,2022,Mathematics,8,261.17,NA,NA,NA,260.54,250.78,269.08,226.49,267.47,NA,NA,NA,18.299999999999983,40.98000000000002
WI,2022,Mathematics,8,290.62,237.21,263.72,248.58,283.06,263.12,292.53,244.87,286.13,53.41,26.899999999999977,34.47999999999999,29.409999999999968,41.25999999999999
WY,2022,Mathematics,8,284.36,NA,269.38,NA,281.85,269.04,285.56,248.37,285.88,NA,14.980000000000018,NA,16.519999999999982,37.50999999999999
AL,2022,Reading,4,223.74,197.13,204.43,195.54,214.85,201.07,225.19,178.35,218.39,26.610000000000014,19.310000000000002,19.310000000000002,24.120000000000005,40.03999999999999
AK,2022,Reading,4,220.31,NA,214.04,187.19,206.83,188.29,218.07,164.8,211.93,NA,6.27000000000001,19.640000000000015,29.78,47.129999999999995
AZ,2022,Reading,4,228.56,205.19,204.88,163.5,220.65,201.02,226.37,182.46,220.5,23.370000000000005,23.680000000000007,57.150000000000006,25.349999999999994,38.03999999999999
AR,2022,Reading,4,221.28,188.34,201.25,174,214.84,199.96,233.78,172.19,221.14,32.94,20.03,40.84,33.81999999999999,48.94999999999999
CA,2022,Reading,4,230.88,193.74,201.67,186.95,224.01,201.37,235.12,177.13,218.84,37.139999999999986,29.210000000000008,37.06,33.75,41.71000000000001
CO,2022,Reading,4,234.61,203.88,205.04,187.55,229.24,203.21,235.64,187.95,228.06,30.730000000000018,29.57000000000002,41.69,32.42999999999998,40.110000000000014
CT,2022,Reading,4,232.59,198.19,199.07,189.96,223.44,200.53,230.91,183.94,225.86,34.400000000000006,33.52000000000001,33.47999999999999,30.379999999999995,41.920000000000016
DE,2022,Reading,4,221.06,194.81,198.55,189.39,212.31,189.1,214.58,175.08,215.59,26.25,22.50999999999999,22.920000000000016,25.480000000000018,40.50999999999999
DC,2022,Reading,4,262.26,192.97,202.36,196.29,208.87,194.16,249.97,174.77,212.24,69.28999999999999,59.89999999999998,12.580000000000013,55.81,37.47
FL,2022,Reading,4,234.33,206.82,222.4,197.46,227.59,215.07,238.45,202.8,229.79,27.51000000000002,11.930000000000007,30.129999999999995,23.379999999999995,26.98999999999998
GA,2022,Reading,4,228.92,202.31,207.33,193.47,219.11,204.14,232.12,183.9,220.94,26.609999999999985,21.589999999999975,25.640000000000015,27.980000000000018,37.03999999999999
HI,2022,Reading,4,231.67,NA,214.91,198.8,222.2,204.33,230.16,163.85,225.16,NA,16.75999999999999,23.399999999999977,25.829999999999984,61.31
ID,2022,Reading,4,218.28,NA,201.9,180.25,217.99,202.89,225.76,161.03,223.07,NA,16.379999999999995,37.74000000000001,22.870000000000005,62.03999999999999
IL,2022,Reading,4,227.6,193.57,205.49,195.42,223.46,200.57,230.75,182.16,223.79,34.03,22.109999999999985,28.04000000000002,30.180000000000007,41.629999999999995
IN,2022,Reading,4,223.54,194.11,210.25,198.71,219.04,207.54,228.01,186.27,224.52,29.42999999999998,13.289999999999992,20.329999999999984,20.47,38.25
IA,2022,Reading,4,222.59,192.95,201.15,171.86,220.4,203.52,228.91,173.08,225.86,29.640000000000015,21.439999999999998,48.53999999999999,25.389999999999986,52.78
KS,2022,Reading,4,221.76,195.02,199.51,193.84,217.93,199.54,227.76,179.4,221.72,26.73999999999998,22.25,24.090000000000003,28.22,42.31999999999999
KY,2022,Reading,4,219.86,200.19,207.03,190.17,218.68,205.83,232.19,188.98,221.66,19.670000000000016,12.830000000000013,28.51000000000002,26.359999999999985,32.68000000000001
LA,2022,Reading,4,226.56,197.45,210.43,NA,213.6,204.26,234.3,178.35,219.52,29.110000000000014,16.129999999999995,NA,30.04000000000002,41.170000000000016
ME,2022,Reading,4,214.62,179.97,NA,178.06,214.38,197.46,223.46,174.2,223.13,34.650000000000006,NA,36.31999999999999,26,48.93000000000001
MD,2022,Reading,4,231.77,202.49,191.62,176.56,220.1,195.28,227.71,182.57,216.81,29.28,40.150000000000006,43.53999999999999,32.43000000000001,34.24000000000001
MA,2022,Reading,4,235.25,207.41,203.56,186.32,232.68,208.77,241.84,192.4,234.76,27.840000000000003,31.689999999999998,46.360000000000014,33.06999999999999,42.359999999999985
MI,2022,Reading,4,220.18,187.93,201.68,200.54,213.04,197.94,230.43,177.91,216.62,32.25,18.5,12.5,32.49000000000001,38.71000000000001
MN,2022,Reading,4,226.02,193.29,196.62,179.63,220.61,194.31,226.3,184.75,220.73,32.73000000000002,29.400000000000006,40.98000000000002,31.99000000000001,35.97999999999999
MS,2022,Reading,4,229.53,204.41,213.71,208.52,217.63,211.74,236.4,189.33,222.07,25.120000000000005,15.819999999999993,9.109999999999985,24.659999999999997,32.73999999999998
MO,2022,Reading,4,219.47,185.77,209.59,186.41,214.56,196.62,226.9,170.39,221.27,33.69999999999999,9.879999999999995,28.150000000000006,30.28,50.880000000000024
MT,2022,Reading,4,222.65,NA,214.88,NA,220.28,204.21,228.01,177.42,225.71,NA,7.77000000000001,NA,23.799999999999983,48.29000000000002
NE,2022,Reading,4,227.05,192.91,202.6,173.6,222.61,201.76,230.76,178.35,226.83,34.140000000000015,24.450000000000017,49.01000000000002,29,48.48000000000002
NV,2022,Reading,4,223.49,191.36,204.98,190.34,216.57,207.28,228.63,175.63,216.42,32.129999999999995,18.51000000000002,26.22999999999999,21.349999999999994,40.78999999999999
NH,2022,Reading,4,224.25,NA,196.74,193.47,223.43,204.07,228.29,184.91,231.08,NA,27.50999999999999,29.960000000000008,24.22,46.170000000000016
NJ,2022,Reading,4,231.16,203.42,209.57,190.43,225.77,203.33,233.79,190.6,228.81,27.74000000000001,21.590000000000003,35.34,30.45999999999998,38.21000000000001
NM,2022,Reading,4,220.71,NA,196.62,179.29,208.49,195.11,227.39,161.9,209.57,NA,24.090000000000003,29.200000000000017,32.27999999999997,47.66999999999999
NY,2022,Reading,4,222.96,194.38,205.51,188.64,216.5,202.39,230.69,179.23,220.92,28.580000000000013,17.450000000000017,27.860000000000014,28.30000000000001,41.69
NC,2022,Reading,4,228.56,198.15,205.82,190.29,219.5,200.11,225.5,178.25,222.66,30.409999999999997,22.74000000000001,29.210000000000008,25.389999999999986,44.41
ND,2022,Reading,4,221.83,189.28,202.31,176.78,219.18,200.3,223.57,176.68,224.18,32.55000000000001,19.52000000000001,42.400000000000006,23.269999999999982,47.5
OH,2022,Reading,4,225.08,190.12,195.49,179.22,220.32,201.46,233.16,177.31,225.6,34.96000000000001,29.590000000000003,41.099999999999994,31.69999999999999,48.28999999999999
OK,2022,Reading,4,215.09,193.39,195.45,187.1,211.29,200.68,222.22,174.03,216.08,21.700000000000017,19.640000000000015,24.189999999999998,21.539999999999992,42.05000000000001
OR,2022,Reading,4,217.35,NA,190.92,170.39,215.67,210.18,999,177.72,215.95,NA,26.430000000000007,45.28,788.8199999999999,38.22999999999999
PA,2022,Reading,4,225.55,193.58,202.25,182.33,220.78,202.22,233.18,185.7,226.01,31.97,23.30000000000001,38.44999999999999,30.960000000000008,40.31
RI,2022,Reading,4,228.73,197.21,200.8,185.3,222.4,203.4,230.6,178.52,223.93,31.519999999999982,27.92999999999998,37.099999999999994,27.19999999999999,45.41
SC,2022,Reading,4,230.05,199.03,199.66,189.66,218.6,204.46,234.99,179.73,223.03,31.02000000000001,30.390000000000015,28.939999999999998,30.53,43.30000000000001
SD,2022,Reading,4,225.19,NA,206.9,193.28,219.84,197.39,225.73,186.29,224.61,NA,18.289999999999992,26.560000000000002,28.340000000000003,38.32000000000002
TN,2022,Reading,4,222.31,193.26,206.11,180.47,216.73,198.47,221.37,183.6,218.87,29.05000000000001,16.19999999999999,36.25999999999999,22.900000000000006,35.27000000000001
TX,2022,Reading,4,228.27,203.98,204.7,198.94,219.48,202.47,232.39,183.8,220.45,24.29000000000002,23.57000000000002,20.539999999999992,29.919999999999987,36.64999999999998
UT,2022,Reading,4,228.18,NA,199.83,189.38,225.65,198.96,230.56,186.12,227.59,NA,28.349999999999994,36.27000000000001,31.599999999999994,41.47
VT,2022,Reading,4,217.12,NA,NA,NA,217.57,202.25,227.01,171.63,228.14,NA,NA,NA,24.75999999999999,56.50999999999999
VA,2022,Reading,4,224.45,194.97,194.22,181.51,219.95,192.38,229.66,176.03,219.85,29.47999999999999,30.22999999999999,38.44,37.28,43.81999999999999
WA,2022,Reading,4,225.79,209.79,194.28,175.98,224.13,200.53,232.19,185.76,221.58,16,31.50999999999999,48.150000000000006,31.659999999999997,35.82000000000002
WV,2022,Reading,4,205.66,196.68,NA,NA,205.41,194.22,218.45,168.12,215.3,8.97999999999999,NA,NA,24.22999999999999,47.18000000000001
WI,2022,Reading,4,225.57,185.76,201.98,189.94,220.21,200.79,229.54,181.46,223.56,39.81,23.590000000000003,30.27000000000001,28.75,42.099999999999994
WY,2022,Reading,4,227.76,NA,213.63,198.95,225.84,211.11,230.25,188.65,232.02,NA,14.129999999999995,26.890000000000015,19.139999999999986,43.370000000000005
AL,2022,Reading,8,261.82,234.35,244.79,212.6,252.6,238.4,261.5,212.06,256.7,27.47,17.03,40,23.099999999999994,44.639999999999986
AK,2022,Reading,8,269.17,NA,254.41,214.65,258.6,235.53,265.42,222.2,257.74,NA,14.76000000000002,43.95000000000002,29.890000000000015,35.54000000000002
AZ,2022,Reading,8,269.34,243.98,251.68,216.35,262.24,247.24,268.46,222.5,262.82,25.359999999999985,17.659999999999968,45.890000000000015,21.21999999999997,40.31999999999999
AR,2022,Reading,8,262.06,234.81,251.89,230.17,257.03,248.72,267.34,224.79,260.92,27.25,10.170000000000016,26.859999999999985,18.619999999999976,36.130000000000024
CA,2022,Reading,8,268.69,245.42,249.32,219.52,266.83,248.12,274.4,226.43,262.74,23.27000000000001,19.370000000000005,47.309999999999974,26.279999999999973,36.31
CO,2022,Reading,8,272.98,246.49,248.37,219.89,267.69,245.42,273.76,224.24,268.97,26.49000000000001,24.610000000000014,47.80000000000001,28.340000000000003,44.73000000000002
CT,2022,Reading,8,275.35,244.06,247.28,214.04,266.54,248.14,273.82,237.91,269.66,31.29000000000002,28.07000000000002,52.50000000000003,25.680000000000007,31.75000000000003
DE,2022,Reading,8,265.23,240.25,244.04,226.3,255.88,241.3,256.26,225.42,259.35,24.980000000000018,21.190000000000026,29.579999999999984,14.95999999999998,33.930000000000035
DC,2022,Reading,8,296.29,242.19,245.93,226.2,252.59,240.54,283.69,222.18,256.29,54.10000000000002,50.360000000000014,26.390000000000015,43.150000000000006,34.110000000000014
FL,2022,Reading,8,264.92,246.91,259.98,226.02,261.87,252.51,268.64,241.15,263.84,18.01000000000002,4.939999999999998,35.849999999999994,16.129999999999995,22.68999999999997
GA,2022,Reading,8,271.62,246.74,253.83,224.42,262.28,249.83,271.89,233.08,264.9,24.879999999999995,17.789999999999992,37.859999999999985,22.059999999999974,31.819999999999965
HI,2022,Reading,8,276.14,NA,256.36,227.74,263.09,246.31,268.72,210.61,264.81,NA,19.779999999999973,35.349999999999966,22.410000000000025,54.19999999999999
ID,2022,Reading,8,266.91,NA,251.34,226.86,265.8,253.57,270.95,223.96,268.8,NA,15.570000000000022,38.94,17.379999999999995,44.84
IL,2022,Reading,8,269.81,240.75,253.87,230.67,266.14,248.01,274.16,225.03,268.16,29.060000000000002,15.939999999999998,35.47,26.150000000000034,43.130000000000024
IN,2022,Reading,8,265.94,239.88,251.36,229.79,262.69,249,271.29,227.42,266.48,26.060000000000002,14.579999999999984,32.900000000000006,22.29000000000002,39.06000000000003
IA,2022,Reading,8,264.14,237.4,247.78,208.68,262.34,245.46,268.87,226.99,265.53,26.73999999999998,16.359999999999985,53.65999999999997,23.409999999999997,38.539999999999964
KS,2022,Reading,8,261.56,238.05,247.53,225.32,258.63,242.67,267.37,218.34,261.93,23.50999999999999,14.030000000000001,33.31,24.700000000000017,43.59
KY,2022,Reading,8,261.59,238.88,253.88,220.13,259.93,248.83,271.63,222.67,264.64,22.70999999999998,7.7099999999999795,39.80000000000001,22.799999999999983,41.97
LA,2022,Reading,8,268.58,243.38,253.23,NA,257.84,249.19,271.92,230.47,262.47,25.19999999999999,15.349999999999994,NA,22.730000000000018,32.00000000000003
ME,2022,Reading,8,258.09,226.47,NA,NA,257.97,241.74,265.74,222.5,266.23,31.619999999999976,NA,NA,24,43.73000000000002
MD,2022,Reading,8,276.31,243.83,245.98,212.64,263.68,242.55,271.48,227.03,264.68,32.47999999999999,30.330000000000013,51.04000000000002,28.930000000000007,37.650000000000006
MA,2022,Reading,8,274.76,254.03,251.79,214.55,272.13,253.61,279.46,241.66,275.33,20.72999999999999,22.97,57.579999999999984,25.849999999999966,33.66999999999999
MI,2022,Reading,8,264.24,237.16,249.73,228.7,260.3,246.37,269.64,221.61,264.09,27.080000000000013,14.51000000000002,31.600000000000023,23.269999999999982,42.47999999999996
MN,2022,Reading,8,268.58,236.7,242.02,206.07,264.49,241.5,267.87,226.55,265.99,31.879999999999995,26.559999999999974,58.420000000000016,26.370000000000005,39.44
MS,2022,Reading,8,267.23,240.37,247.42,235.33,253.67,247.29,271.25,224.61,256.99,26.860000000000014,19.81000000000003,18.339999999999975,23.960000000000008,32.379999999999995
MO,2022,Reading,8,263.78,229.77,252.88,215.54,259.62,244.01,267.6,227.31,262.36,34.00999999999996,10.899999999999977,44.08000000000001,23.590000000000032,35.05000000000001
MT,2022,Reading,8,265.93,NA,252.91,NA,262.42,248.71,269.17,229.4,266.49,NA,13.02000000000001,NA,20.460000000000008,37.09
NE,2022,Reading,8,266.21,236.12,244.61,204.7,261.86,247.57,267.58,226.98,264.63,30.089999999999975,21.599999999999966,57.160000000000025,20.00999999999999,37.650000000000006
NV,2022,Reading,8,269,243.19,251.03,218.93,264.3,255.23,271.35,221,262.93,25.810000000000002,17.97,45.370000000000005,16.120000000000033,41.93000000000001
NH,2022,Reading,8,263.93,NA,245.41,NA,263.98,252.47,268.07,233.12,269.9,NA,18.52000000000001,NA,15.599999999999994,36.77999999999997
NJ,2022,Reading,8,279.9,249.48,253.74,209.39,272.32,250.97,279,241.13,275.9,30.419999999999987,26.159999999999968,62.93000000000001,28.03,34.76999999999998
NM,2022,Reading,8,265.83,NA,242.61,224.31,253.84,242.36,264.83,216.15,254,NA,23.21999999999997,29.53,22.46999999999997,37.849999999999994
NY,2022,Reading,8,273.14,246.41,248.03,212.22,265.94,250.73,277,232.68,267.59,26.72999999999999,25.109999999999985,53.72,26.27000000000001,34.90999999999997
NC,2022,Reading,8,265.39,241.58,252.06,227.52,258.69,243.03,262.98,221.82,260.87,23.809999999999974,13.329999999999984,31.169999999999987,19.950000000000017,39.05000000000001
ND,2022,Reading,8,263.36,236.86,248.68,NA,259.21,243.45,263.37,223.85,263.57,26.5,14.680000000000007,NA,19.920000000000016,39.72
OH,2022,Reading,8,267.47,241.15,246.02,227.09,263.05,247.93,273.26,228.45,268.09,26.32000000000002,21.450000000000017,35.96000000000001,25.329999999999984,39.639999999999986
OK,2022,Reading,8,256.14,241.57,242.57,223.57,253.79,244.74,259.56,218.82,257.72,14.569999999999993,13.569999999999993,30.22,14.819999999999993,38.900000000000034
OR,2022,Reading,8,263.28,NA,243.77,211.12,260.86,257.05,999,222.87,262.81,NA,19.509999999999962,49.74000000000001,741.95,39.94
PA,2022,Reading,8,265.17,239.63,240.77,214.23,261.15,244.98,271.19,226.78,266.38,25.54000000000002,24.400000000000006,46.91999999999999,26.210000000000008,39.599999999999994
RI,2022,Reading,8,270.26,240.43,245.43,220.01,264.02,244.32,271.57,227.63,264.95,29.829999999999984,24.829999999999984,44.00999999999999,27.25,37.31999999999999
SC,2022,Reading,8,265.88,239.76,243.74,223.22,255.61,243.96,268.4,213.51,260.26,26.120000000000005,22.139999999999986,32.390000000000015,24.43999999999997,46.75
SD,2022,Reading,8,267.49,233.78,251.1,215.94,264.01,243.91,267.76,220.14,267.85,33.71000000000001,16.390000000000015,48.06999999999999,23.849999999999994,47.710000000000036
TN,2022,Reading,8,264.94,241.42,246.23,206.4,259.92,242.95,262.94,221.48,262.16,23.52000000000001,18.710000000000008,53.52000000000001,19.99000000000001,40.680000000000035
TX,2022,Reading,8,263.85,246.71,248.21,238.6,259.59,247.76,266.61,228.14,259.6,17.140000000000015,15.640000000000015,20.98999999999998,18.850000000000023,31.460000000000036
UT,2022,Reading,8,270.93,NA,246.99,231.21,269.27,251.89,270.69,230.47,270.32,NA,23.939999999999998,38.059999999999974,18.80000000000001,39.849999999999994
VT,2022,Reading,8,264.18,254.59,NA,NA,264.42,252.6,269.85,228.34,273.03,9.590000000000003,NA,NA,17.25000000000003,44.68999999999997
VA,2022,Reading,8,266.49,241.54,245.73,209.84,262.73,242.29,269.85,228.76,264.18,24.950000000000017,20.76000000000002,52.890000000000015,27.56000000000003,35.420000000000016
WA,2022,Reading,8,267.6,240.26,248.77,215.67,266.47,247.2,274.39,226.39,266.23,27.340000000000032,18.830000000000013,50.80000000000004,27.189999999999998,39.84000000000003
WV,2022,Reading,8,249.8,232.39,NA,NA,249.72,239.74,258.18,207.53,258.46,17.410000000000025,NA,NA,18.439999999999998,50.92999999999998
WI,2022,Reading,8,268.88,230.83,249.59,225.6,264.46,246.96,272.61,222.65,267.85,38.04999999999998,19.289999999999992,38.859999999999985,25.650000000000006,45.20000000000002
WY,2022,Reading,8,264.32,NA,251.8,NA,261.44,249.46,264.81,225.45,266.3,NA,12.519999999999982,NA,15.349999999999994,40.85000000000002
AL,2024,Mathematics,4,248.32,217.56,224.7,213.44,238.21,226.36,254.75,211.64,240.8,30.75999999999999,23.620000000000005,24.77000000000001,28.389999999999986,29.160000000000025
AK,2024,Mathematics,4,239.47,NA,230.09,199.06,230.09,213.4,237.67,198.84,231.77,NA,9.379999999999995,31.03,24.269999999999982,32.93000000000001
AZ,2024,Mathematics,4,248.2,219.44,223,198.19,236.57,220.56,247.87,206,236.66,28.75999999999999,25.19999999999999,38.379999999999995,27.310000000000002,30.659999999999997
AR,2024,Mathematics,4,240.41,207.95,220.92,206.22,232.77,221,247.52,204.71,236.31,32.46000000000001,19.49000000000001,26.55000000000001,26.52000000000001,31.599999999999994
CA,2024,Mathematics,4,247.03,212.81,222.84,209.32,239.97,221.56,252.37,207.29,236.3,34.22,24.189999999999998,30.650000000000006,30.810000000000002,29.01000000000002
CO,2024,Mathematics,4,250.95,225.58,223.38,208.33,244.8,224.07,253.37,212.56,243.68,25.369999999999976,27.569999999999993,36.47,29.30000000000001,31.120000000000005
CT,2024,Mathematics,4,253.43,215.12,223.47,207.23,243.97,220.09,251.86,212.49,244.19,38.31,29.960000000000008,36.74000000000001,31.77000000000001,31.69999999999999
DE,2024,Mathematics,4,244.62,219.97,223.35,214.85,236.48,215.73,240.48,206.72,239.87,24.650000000000006,21.27000000000001,21.629999999999995,24.75,33.150000000000006
DC,2024,Mathematics,4,274.4,216.06,227.43,220.61,232.61,211.34,247.97,201.85,236.24,58.339999999999975,46.96999999999997,12,36.629999999999995,34.390000000000015
FL,2024,Mathematics,4,251.92,228.33,241.38,218.17,247.24,234.73,252.9,223.72,248.04,23.589999999999975,10.539999999999992,29.07000000000002,18.170000000000016,24.319999999999993
GA,2024,Mathematics,4,247.88,221.58,230.79,218.45,238.01,227.24,259.58,206.87,240.77,26.299999999999983,17.090000000000003,19.560000000000002,32.339999999999975,33.900000000000006
HI,2024,Mathematics,4,250.97,NA,231.1,224.01,241.51,227.4,248.7,197.01,244.19,NA,19.870000000000005,17.5,21.299999999999983,47.18000000000001
ID,2024,Mathematics,4,243.1,NA,223.29,208.28,240.95,225.85,247.6,206.98,243.99,NA,19.810000000000002,32.66999999999999,21.75,37.01000000000002
IL,2024,Mathematics,4,248.54,216.58,222.98,217.31,240.23,221.81,251.47,206.21,241.5,31.95999999999998,25.560000000000002,22.919999999999987,29.659999999999997,35.28999999999999
IN,2024,Mathematics,4,248.63,215.76,225.28,220.39,242.48,230.05,251.35,216.92,246.02,32.870000000000005,23.349999999999994,22.090000000000003,21.299999999999983,29.100000000000023
IA,2024,Mathematics,4,243.06,211.1,221.96,202.98,240.09,222.72,249.04,203.87,242.4,31.960000000000008,21.099999999999994,37.110000000000014,26.319999999999993,38.53
KS,2024,Mathematics,4,243.81,217.51,223.14,208.05,240.87,222.12,248.98,211.46,242.76,26.30000000000001,20.670000000000016,32.81999999999999,26.859999999999985,31.299999999999983
KY,2024,Mathematics,4,241.91,217.98,225.28,215.25,239.79,229.39,251.34,218.3,241.87,23.930000000000007,16.629999999999995,24.539999999999992,21.950000000000017,23.569999999999993
LA,2024,Mathematics,4,246.81,220.06,231.17,215.3,235.45,227.58,253.66,215.69,239.13,26.75,15.640000000000015,20.149999999999977,26.079999999999984,23.439999999999998
ME,2024,Mathematics,4,234.99,205.79,NA,200.1,234.66,219.85,241.93,209.64,240.41,29.200000000000017,NA,34.56,22.080000000000013,30.77000000000001
MD,2024,Mathematics,4,250.83,218.68,221.75,210.54,238.83,216.6,245.47,205.1,238.48,32.150000000000006,29.080000000000013,28.29000000000002,28.870000000000005,33.379999999999995
MA,2024,Mathematics,4,254.56,224.28,224.87,211.46,253.39,227.36,259.45,226.69,250.97,30.28,29.689999999999998,41.92999999999998,32.089999999999975,24.28
MI,2024,Mathematics,4,243.8,207.63,230.3,220.83,236.26,223.12,249.62,209.36,239.44,36.170000000000016,13.5,15.429999999999978,26.5,30.079999999999984
MN,2024,Mathematics,4,251.55,217.88,224.13,206.9,245.98,225.88,252.19,216.13,245.67,33.670000000000016,27.420000000000016,39.079999999999984,26.310000000000002,29.539999999999992
MS,2024,Mathematics,4,250.5,228.18,234.73,232.31,239.59,233.77,255.97,221.58,243.12,22.319999999999993,15.77000000000001,7.280000000000001,22.19999999999999,21.539999999999992
MO,2024,Mathematics,4,241.06,209.4,226.87,218.55,235.85,223.69,248.61,206.23,240.34,31.659999999999997,14.189999999999998,17.299999999999983,24.920000000000016,34.110000000000014
MT,2024,Mathematics,4,243.9,NA,229.38,196.44,240.25,226.81,249.02,214.04,243.06,NA,14.52000000000001,43.81,22.210000000000008,29.02000000000001
NE,2024,Mathematics,4,247.15,216.01,223.11,205.18,242.03,225.44,249.6,212.18,244.27,31.140000000000015,24.039999999999992,36.849999999999994,24.159999999999997,32.09
NV,2024,Mathematics,4,245.37,217.87,225.04,208.59,238.66,230.27,248.69,206.2,237.64,27.5,20.330000000000013,30.069999999999993,18.419999999999987,31.439999999999998
NH,2024,Mathematics,4,242.82,NA,225.23,220.07,242.17,224.94,247.16,213.51,247.57,NA,17.590000000000003,22.099999999999994,22.22,34.06
NJ,2024,Mathematics,4,251.78,218.63,224.22,204.31,244.92,221.94,254.05,211.79,246.39,33.150000000000006,27.560000000000002,40.609999999999985,32.110000000000014,34.599999999999994
NM,2024,Mathematics,4,240.3,NA,220.63,207.35,227.44,213.49,234.31,198.05,230.27,NA,19.670000000000016,20.090000000000003,20.819999999999993,32.22
NY,2024,Mathematics,4,241.98,216.62,221.78,207.21,237.68,223.06,251.57,203.53,240.79,25.359999999999985,20.19999999999999,30.47,28.50999999999999,37.25999999999999
NC,2024,Mathematics,4,250.04,225.42,228.86,220.09,241.63,227.62,252.25,212.69,243.58,24.620000000000005,21.17999999999998,21.539999999999992,24.629999999999995,30.890000000000015
ND,2024,Mathematics,4,246.2,219.28,226.37,215.28,242.57,226.73,247.82,216.07,245.6,26.919999999999987,19.829999999999984,27.289999999999992,21.090000000000003,29.53
OH,2024,Mathematics,4,247.51,211.79,224.86,211.91,240.66,226.39,253.53,209.32,245.66,35.72,22.649999999999977,28.75,27.140000000000015,36.34
OK,2024,Mathematics,4,240.35,210.7,221.92,214.83,234.72,226.05,247.42,212.43,238.06,29.650000000000006,18.430000000000007,19.889999999999986,21.369999999999976,25.629999999999995
OR,2024,Mathematics,4,234.52,NA,213.49,196.91,233.59,213.21,239.01,206.86,232.91,NA,21.03,36.68000000000001,25.799999999999983,26.049999999999983
PA,2024,Mathematics,4,245.63,212.29,219.3,220.59,239.57,226.14,253.53,210.53,245.65,33.34,26.329999999999984,18.97999999999999,27.390000000000015,35.120000000000005
RI,2024,Mathematics,4,246.75,224.38,223,211.15,242.51,222.87,249.91,209.93,243.52,22.370000000000005,23.75,31.359999999999985,27.039999999999992,33.59
SC,2024,Mathematics,4,249.17,219.36,230.15,216.52,239.51,228.53,251.29,203.19,243.91,29.809999999999974,19.019999999999982,22.98999999999998,22.75999999999999,40.72
SD,2024,Mathematics,4,246.78,NA,226.42,211.53,242.04,224.66,248.61,217.14,245.06,NA,20.360000000000014,30.50999999999999,23.950000000000017,27.920000000000016
TN,2024,Mathematics,4,247.36,223.7,227.51,223.06,241.76,224.7,246.32,214.7,244.25,23.660000000000025,19.850000000000023,18.69999999999999,21.620000000000005,29.55000000000001
TX,2024,Mathematics,4,253.93,230.33,233.22,230.15,243.76,232.72,253.19,214.06,245.63,23.599999999999994,20.710000000000008,13.609999999999985,20.47,31.569999999999993
UT,2024,Mathematics,4,248.26,NA,223.35,208.78,245.3,226.3,248.53,217.66,246.09,NA,24.909999999999997,36.52000000000001,22.22999999999999,28.430000000000007
VT,2024,Mathematics,4,235.62,NA,NA,NA,235.36,222.89,246.74,204.5,242.57,NA,NA,NA,23.850000000000023,38.06999999999999
VA,2024,Mathematics,4,247.49,220.57,225.49,212.92,242.95,224.54,249.35,210.14,242.24,26.920000000000016,22,30.03,24.810000000000002,32.10000000000002
WA,2024,Mathematics,4,243.4,228.15,220.78,216.14,242.17,223.61,251.66,214.54,241.32,15.25,22.620000000000005,26.03,28.049999999999983,26.78
WV,2024,Mathematics,4,232.41,216.93,NA,NA,231.83,224.03,240.54,205.36,240.1,15.47999999999999,NA,NA,16.50999999999999,34.73999999999998
WI,2024,Mathematics,4,248.04,201.44,221.88,209.6,241.78,224.02,251.56,210.12,244.8,46.599999999999994,26.159999999999997,32.18000000000001,27.539999999999992,34.68000000000001
WY,2024,Mathematics,4,246.06,NA,234.61,NA,244.34,233.11,249.61,220.05,248.8,NA,11.449999999999989,NA,16.5,28.75
AL,2024,Mathematics,8,275.96,241.01,249.83,232.99,263.7,249.56,284.15,225.44,267.03,34.94999999999999,26.129999999999967,30.70999999999998,34.589999999999975,41.589999999999975
AK,2024,Mathematics,8,283.07,NA,260.89,230.59,269.06,248.53,278,229.12,270.31,NA,22.180000000000007,38.47,29.47,41.19
AZ,2024,Mathematics,8,288.33,256.53,256.39,225.86,273.4,253.9,286.87,229.08,275.5,31.80000000000001,31.939999999999998,47.539999999999964,32.97,46.41999999999999
AR,2024,Mathematics,8,274.56,240.37,260.12,233.69,268.78,257.03,283.92,233.39,272.01,34.19,14.439999999999998,35.089999999999975,26.890000000000043,38.620000000000005
CA,2024,Mathematics,8,287.22,252.43,253.47,224.25,275.95,253.54,292.54,226.88,274.52,34.79000000000002,33.75000000000003,51.69999999999999,39.00000000000003,47.639999999999986
CO,2024,Mathematics,8,289.91,253.25,261.27,226.48,282.77,259.4,292.07,238.72,283.09,36.660000000000025,28.640000000000043,56.28999999999999,32.670000000000016,44.369999999999976
CT,2024,Mathematics,8,291.95,255.5,254.87,227.22,281.38,254.44,293.21,246.93,283.4,36.44999999999999,37.079999999999984,54.16,38.76999999999998,36.46999999999997
DE,2024,Mathematics,8,276.91,244.8,257.16,241.35,265.73,245.87,270.01,228.05,270.16,32.110000000000014,19.75,24.380000000000024,24.139999999999986,42.110000000000014
DC,2024,Mathematics,8,328.79,249.9,255.24,238.55,264.7,244.3,277.8,231.85,268.07,78.89000000000001,73.55000000000001,26.149999999999977,33.5,36.22
FL,2024,Mathematics,8,280.94,249.83,260.33,235.75,270.48,258.45,277.04,243.16,271.42,31.109999999999985,20.610000000000014,34.73000000000002,18.590000000000032,28.26000000000002
GA,2024,Mathematics,8,286.56,250.49,261.35,234.82,271.2,257.56,290.96,238.19,273.69,36.06999999999999,25.20999999999998,36.379999999999995,33.39999999999998,35.5
HI,2024,Mathematics,8,287.29,NA,259.49,241.69,273.76,256.3,280.29,228.99,275.03,NA,27.80000000000001,32.06999999999999,23.99000000000001,46.039999999999964
ID,2024,Mathematics,8,284.21,NA,256.09,228.3,280.94,260.8,286.84,233.56,284.44,NA,28.120000000000005,52.639999999999986,26.039999999999964,50.879999999999995
IL,2024,Mathematics,8,290.25,249.91,262.28,241.56,283.32,258.72,295.14,241.37,283.39,40.34,27.970000000000027,41.75999999999999,36.41999999999996,42.01999999999998
IN,2024,Mathematics,8,287.5,248.08,267.17,248.67,280.47,266.76,289.11,247.64,283.42,39.41999999999999,20.329999999999984,31.80000000000004,22.350000000000023,35.78000000000003
IA,2024,Mathematics,8,281.05,240.04,256.7,227.6,277.19,258.68,287.47,232.31,281.08,41.01000000000002,24.350000000000023,49.59,28.79000000000002,48.76999999999998
KS,2024,Mathematics,8,281.01,244.82,258.66,231.48,276.5,257.51,285.45,234.92,280.65,36.19,22.349999999999966,45.02000000000001,27.939999999999998,45.72999999999999
KY,2024,Mathematics,8,276.37,246.98,257.66,234.75,273.13,259.82,286.39,237.61,276.01,29.390000000000015,18.70999999999998,38.379999999999995,26.569999999999993,38.39999999999998
LA,2024,Mathematics,8,282.08,251.33,257.51,231.41,268.07,257.61,288.87,242.71,271.88,30.74999999999997,24.569999999999993,36.66,31.25999999999999,29.169999999999987
ME,2024,Mathematics,8,273.75,255.28,NA,NA,273.65,258.51,281.09,240.22,281.07,18.47,NA,NA,22.579999999999984,40.849999999999994
MD,2024,Mathematics,8,284.48,252.16,253.07,229.98,272.56,249.02,279.8,228.79,273.92,32.32000000000002,31.410000000000025,42.58000000000001,30.78,45.130000000000024
MA,2024,Mathematics,8,293.45,256.65,260.55,232.73,288.35,261.28,300.38,251.08,290.74,36.80000000000001,32.89999999999998,55.62000000000003,39.10000000000002,39.66
MI,2024,Mathematics,8,277.22,242.57,255.96,237.49,272.83,255.11,286.14,236.58,274.93,34.650000000000034,21.26000000000002,35.339999999999975,31.029999999999973,38.349999999999994
MN,2024,Mathematics,8,290.39,255.98,256.44,237.15,284.87,264.03,293.38,247.63,287.02,34.41,33.94999999999999,47.72,29.350000000000023,39.389999999999986
MS,2024,Mathematics,8,283.51,254.59,261.41,NA,269.6,262.37,287.74,237.8,274.15,28.919999999999987,22.099999999999966,NA,25.370000000000005,36.349999999999966
MO,2024,Mathematics,8,275.46,244.73,261.89,229.84,271.87,255.25,283.98,243.08,275.25,30.72999999999999,13.569999999999993,42.03,28.730000000000018,32.16999999999999
MT,2024,Mathematics,8,284.06,NA,266.91,NA,280.31,265.98,287.9,240.82,285.3,NA,17.149999999999977,NA,21.91999999999996,44.48000000000002
NE,2024,Mathematics,8,290.18,243.8,260.93,234.26,282.18,264.12,294.03,242.07,285.63,46.379999999999995,29.25,47.920000000000016,29.909999999999968,43.56
NV,2024,Mathematics,8,278.62,246.91,255.54,229.14,270.43,261.11,284.38,224.45,270.16,31.710000000000008,23.080000000000013,41.29000000000002,23.269999999999982,45.710000000000036
NH,2024,Mathematics,8,281.16,NA,257.66,244.29,280.93,255.9,283.98,242.71,288.02,NA,23.5,36.640000000000015,28.080000000000013,45.309999999999974
NJ,2024,Mathematics,8,293.12,256.14,261.13,232.42,285.38,259.16,295.2,245.84,288.38,36.98000000000002,31.99000000000001,52.96000000000001,36.039999999999964,42.53999999999999
NM,2024,Mathematics,8,276.11,NA,249.88,234.26,261.72,244.5,268.35,230.59,261.41,NA,26.230000000000018,27.460000000000036,23.850000000000023,30.82000000000002
NY,2024,Mathematics,8,282.9,257.1,252.96,227.84,275.71,259.83,285.52,241.34,276.98,25.799999999999955,29.93999999999997,47.869999999999976,25.689999999999998,35.640000000000015
NC,2024,Mathematics,8,291.36,250.79,263.68,240.65,279.02,259.07,293.53,232.36,282.55,40.57000000000002,27.680000000000007,38.369999999999976,34.45999999999998,50.19
ND,2024,Mathematics,8,285.48,250.25,262.25,NA,281.21,266.28,285.48,248.8,284.06,35.23000000000002,23.230000000000018,NA,19.200000000000045,35.25999999999999
OH,2024,Mathematics,8,285.9,249.81,263.96,232.36,280.3,262.16,294.53,239.23,285.98,36.089999999999975,21.939999999999998,47.94,32.36999999999995,46.75000000000003
OK,2024,Mathematics,8,271.87,243.02,256.24,236.65,267.61,255.64,278.89,232.55,270.7,28.849999999999994,15.629999999999995,30.960000000000008,23.25,38.14999999999998
OR,2024,Mathematics,8,276.79,NA,245.12,221.54,272.3,248.92,276.49,235.81,273.73,NA,31.670000000000016,50.76000000000002,27.57000000000002,37.920000000000016
PA,2024,Mathematics,8,285.27,245.69,251.74,235.03,278.86,258.76,292.76,240.42,284.37,39.579999999999984,33.52999999999997,43.83000000000001,34,43.95000000000002
RI,2024,Mathematics,8,282.83,251.25,248.73,225.45,276.52,251.02,283.02,235.57,276.66,31.579999999999984,34.099999999999994,51.06999999999999,31.99999999999997,41.09000000000003
SC,2024,Mathematics,8,283.09,247.57,258.52,233.66,270.56,255.79,285.91,229.7,274.02,35.51999999999998,24.569999999999993,36.900000000000006,30.120000000000033,44.31999999999999
SD,2024,Mathematics,8,288.95,256.88,262.66,237.01,283.23,263.23,289.67,244.9,286.66,32.06999999999999,26.289999999999964,46.22000000000003,26.439999999999998,41.76000000000002
TN,2024,Mathematics,8,284.94,259.23,255.23,235.32,279.26,258.6,282.84,240.63,280.18,25.70999999999998,29.710000000000008,43.94,24.239999999999952,39.55000000000001
TX,2024,Mathematics,8,283.86,254.41,261.06,252.03,274.95,258.76,283.83,237.28,274.21,29.450000000000017,22.80000000000001,22.919999999999987,25.069999999999993,36.92999999999998
UT,2024,Mathematics,8,288.99,NA,259.75,239.97,285.94,263.57,289.4,243.16,286.68,NA,29.24000000000001,45.97,25.829999999999984,43.52000000000001
VT,2024,Mathematics,8,276.26,NA,NA,NA,276.41,261.07,287.77,241.02,284.85,NA,NA,NA,26.69999999999999,43.83000000000001
VA,2024,Mathematics,8,287.54,250.16,256.08,229.77,279.42,255.79,288.52,243.92,279.34,37.380000000000024,31.460000000000036,49.650000000000006,32.72999999999999,35.41999999999999
WA,2024,Mathematics,8,283.76,258.42,249.14,231.51,279.03,255.02,290.93,235.78,279.34,25.339999999999975,34.620000000000005,47.51999999999998,35.91,43.559999999999974
WV,2024,Mathematics,8,261.46,239.78,NA,NA,260.93,249.41,270.58,223.57,268.76,21.67999999999998,NA,NA,21.169999999999987,45.19
WI,2024,Mathematics,8,292.44,242.02,259.78,244.22,285.64,262.53,296.37,250.82,287.68,50.41999999999999,32.660000000000025,41.41999999999999,33.84000000000003,36.860000000000014
WY,2024,Mathematics,8,283.47,NA,262.36,NA,279.38,264.18,285.58,241.89,284.16,NA,21.110000000000014,NA,21.399999999999977,42.27000000000004
AL,2024,Reading,4,224.62,197.08,198.64,179.79,215.77,202.04,232.05,176.18,219.67,27.539999999999992,25.980000000000018,35.98000000000002,30.01000000000002,43.48999999999998
AK,2024,Reading,4,217.3,NA,207.54,174.25,205.97,188.87,213.95,170.42,208.43,NA,9.76000000000002,31.72,25.079999999999984,38.01000000000002
AZ,2024,Reading,4,222.03,191.12,198.39,160.85,213.92,196.36,223.42,171.05,214.17,30.909999999999997,23.640000000000015,53.06999999999999,27.059999999999974,43.119999999999976
AR,2024,Reading,4,220.16,189.82,195.19,172.71,213.59,200.93,223.9,172.41,218.62,30.340000000000003,24.97,40.879999999999995,22.97,46.21000000000001
CA,2024,Reading,4,226,185.82,201.74,180.52,220.63,200.08,230.95,179.42,215.96,40.18000000000001,24.25999999999999,40.109999999999985,30.869999999999976,36.54000000000002
CO,2024,Reading,4,233.21,209.12,204.28,186.6,227.27,203.53,236.87,181.4,227.64,24.090000000000003,28.930000000000007,40.670000000000016,33.34,46.23999999999998
CT,2024,Reading,4,235.46,193.52,198.62,182.03,225.05,198.23,234.8,187.69,225.09,41.94,36.84,43.02000000000001,36.57000000000002,37.400000000000006
DE,2024,Reading,4,222.23,196.9,198.17,189.92,212.98,194.29,216.2,177.23,217.88,25.329999999999984,24.060000000000002,23.060000000000002,21.909999999999997,40.650000000000006
DC,2024,Reading,4,259.13,191.14,210.65,202.48,210.46,185.66,229.8,177.27,215.2,67.99000000000001,48.47999999999999,7.980000000000018,44.140000000000015,37.92999999999998
FL,2024,Reading,4,227.06,203.71,214.55,183.85,223.43,209.64,229.7,196.86,223.4,23.349999999999994,12.509999999999991,39.58000000000001,20.060000000000002,26.539999999999992
GA,2024,Reading,4,227.57,203.07,203.65,186.17,217.57,205.9,237.72,180.09,219.5,24.5,23.919999999999987,31.400000000000006,31.819999999999993,39.41
HI,2024,Reading,4,229.1,NA,209.39,196.51,218.76,202.07,226.02,166.69,221.43,NA,19.710000000000008,22.25,23.950000000000017,54.74000000000001
ID,2024,Reading,4,220.69,NA,201.49,178.68,219.2,204.26,224.02,177.81,222.53,NA,19.19999999999999,40.51999999999998,19.76000000000002,44.72
IL,2024,Reading,4,224.31,197.84,201.74,188.16,220.02,199.39,230.34,179.31,220.43,26.47,22.569999999999993,31.860000000000014,30.950000000000017,41.120000000000005
IN,2024,Reading,4,225.46,201.45,210.68,203.45,221.91,209.3,233,190.73,227.43,24.01000000000002,14.780000000000001,18.460000000000008,23.69999999999999,36.70000000000002
IA,2024,Reading,4,219.66,186.06,203.68,178.51,217.69,200.61,225.73,170.05,222.02,33.599999999999994,15.97999999999999,39.18000000000001,25.119999999999976,51.97
KS,2024,Reading,4,219.53,184.6,200.37,180.03,217.14,197.83,225.14,177.02,220.87,34.93000000000001,19.159999999999997,37.109999999999985,27.309999999999974,43.849999999999994
KY,2024,Reading,4,221.85,196.42,207.69,191.81,220.16,208.3,234.22,190.24,223.6,25.430000000000007,14.159999999999997,28.349999999999994,25.919999999999987,33.359999999999985
LA,2024,Reading,4,230.35,197.86,209.61,182.11,217.65,208.81,235.96,189.49,222.12,32.48999999999998,20.73999999999998,35.53999999999999,27.150000000000006,32.629999999999995
ME,2024,Reading,4,211.1,181,206.38,177.2,211.06,195.63,219.2,174.63,220.44,30.099999999999994,4.719999999999999,33.860000000000014,23.569999999999993,45.81
MD,2024,Reading,4,236.93,200.95,196.02,178.33,222.94,196.12,228.32,181.18,220.38,35.98000000000002,40.91,44.609999999999985,32.19999999999999,39.19999999999999
MA,2024,Reading,4,233.21,202.86,203.34,183.44,232.46,204.13,239.12,197.55,230.75,30.349999999999994,29.870000000000005,49.02000000000001,34.99000000000001,33.19999999999999
MI,2024,Reading,4,217.22,185.05,202.75,191.95,210.48,195.23,225.51,175.36,214.54,32.16999999999999,14.469999999999999,18.53,30.28,39.17999999999998
MN,2024,Reading,4,223.97,194.58,196.73,183.46,219.41,196.96,228.58,182.5,220.68,29.389999999999986,27.24000000000001,35.94999999999999,31.620000000000005,38.18000000000001
MS,2024,Reading,4,230.85,205.93,214.85,218.09,218.53,211.9,238.15,189.29,224.94,24.919999999999987,16,0.4399999999999977,26.25,35.650000000000006
MO,2024,Reading,4,219.01,187.44,200.86,185.59,213.41,198.57,227.45,174.13,218.85,31.569999999999993,18.149999999999977,27.819999999999993,28.879999999999995,44.72
MT,2024,Reading,4,222.4,NA,207.49,173.8,218.92,206.2,227.06,184.29,223.33,NA,14.909999999999997,45.119999999999976,20.860000000000014,39.04000000000002
NE,2024,Reading,4,220.9,185.12,195.87,165.85,216.83,197.29,225.32,179.23,219.11,35.78,25.03,50.98000000000002,28.03,39.880000000000024
NV,2024,Reading,4,224.51,200.47,204.21,185.17,219.25,209.72,229.85,177.23,218.93,24.039999999999992,20.299999999999983,34.08000000000001,20.129999999999995,41.70000000000002
NH,2024,Reading,4,223.61,NA,200.74,192.72,222.39,201.5,226.83,182.74,229.97,NA,22.870000000000005,29.669999999999987,25.330000000000013,47.22999999999999
NJ,2024,Reading,4,235.3,209.74,201.5,170.95,227.95,201.85,236.46,192.96,228,25.560000000000002,33.80000000000001,57,34.610000000000014,35.03999999999999
NM,2024,Reading,4,217.9,NA,197.12,173.37,206.55,191.54,211.08,163.37,209.91,NA,20.78,33.18000000000001,19.54000000000002,46.53999999999999
NY,2024,Reading,4,222.6,200.24,203.47,174.3,219.81,202.77,231.28,182.1,221.19,22.359999999999985,19.129999999999995,45.50999999999999,28.50999999999999,39.09
NC,2024,Reading,4,225.12,199.08,204.02,190.02,216.74,201.81,227.19,175.63,220.4,26.039999999999992,21.099999999999994,26.72,25.379999999999995,44.77000000000001
ND,2024,Reading,4,218.78,201.16,205.56,189.43,216.71,205.26,220.3,177.74,221.88,17.620000000000005,13.219999999999999,27.28,15.04000000000002,44.139999999999986
OH,2024,Reading,4,222.51,191.86,199.09,190.66,217.07,203.42,230.46,181.78,222.95,30.649999999999977,23.419999999999987,26.409999999999997,27.04000000000002,41.16999999999999
OK,2024,Reading,4,215.56,186.15,197.65,189.75,209.45,199.48,224.97,176.24,215.69,29.409999999999997,17.909999999999997,19.69999999999999,25.49000000000001,39.44999999999999
OR,2024,Reading,4,213.31,NA,188.48,160.56,214.28,188.17,219.61,175.02,213.12,NA,24.830000000000013,53.72,31.440000000000026,38.099999999999994
PA,2024,Reading,4,224.13,193.43,194.58,181.92,218.55,204.44,229.8,181.1,225.08,30.69999999999999,29.549999999999983,36.630000000000024,25.360000000000014,43.98000000000002
RI,2024,Reading,4,227.21,204.13,201.55,185.62,222.54,198.86,231.63,182.12,224.04,23.080000000000013,25.659999999999997,36.91999999999999,32.76999999999998,41.91999999999999
SC,2024,Reading,4,228.05,196.43,205.51,190.54,216.92,203.16,233.3,172.63,222.61,31.620000000000005,22.54000000000002,26.379999999999995,30.140000000000015,49.98000000000002
SD,2024,Reading,4,221.24,196.72,201.93,182.98,216.33,197.16,224.46,184.73,220.84,24.52000000000001,19.310000000000002,33.35000000000002,27.30000000000001,36.110000000000014
TN,2024,Reading,4,222.26,202.55,201.17,191.1,218.3,197.89,222.57,178.54,221.71,19.70999999999998,21.090000000000003,27.200000000000017,24.680000000000007,43.170000000000016
TX,2024,Reading,4,226.22,201.96,204.01,194.06,217.33,202.28,227.86,179.37,217.9,24.25999999999999,22.210000000000008,23.27000000000001,25.580000000000013,38.53
UT,2024,Reading,4,226.89,NA,196.91,179.75,223.99,198.43,227.88,180.85,226.6,NA,29.97999999999999,44.24000000000001,29.44999999999999,45.75
VT,2024,Reading,4,213.23,NA,NA,199.11,213.05,197.82,225.74,171.97,222.81,NA,NA,13.939999999999998,27.920000000000016,50.84
VA,2024,Reading,4,221.8,199.45,197.63,184.12,220.13,201.05,225.24,175.96,220.38,22.350000000000023,24.170000000000016,36.00999999999999,24.189999999999998,44.41999999999999
WA,2024,Reading,4,221.3,NA,198.5,189.79,221.03,201.03,230.02,186.25,220.39,NA,22.80000000000001,31.24000000000001,28.99000000000001,34.139999999999986
WV,2024,Reading,4,207.01,191.11,NA,NA,206.39,195.59,216.86,166.5,218.73,15.899999999999977,NA,NA,21.27000000000001,52.22999999999999
WI,2024,Reading,4,224.18,179.61,199.43,178.95,218.52,198.77,228.98,179.79,222.19,44.56999999999999,24.75,39.57000000000002,30.20999999999998,42.400000000000006
WY,2024,Reading,4,225.82,NA,209.37,NA,223.19,209.76,229.43,191.24,228.57,NA,16.44999999999999,NA,19.670000000000016,37.329999999999984
AL,2024,Reading,8,260.23,233.67,243.17,222.11,251.23,239.27,268.14,211.43,255.24,26.56000000000003,17.06000000000003,29.119999999999976,28.869999999999976,43.81
AK,2024,Reading,8,261.77,NA,252.29,213.69,251.41,234.58,256.58,216.6,251.84,NA,9.47999999999999,37.72,21.99999999999997,35.24000000000001
AZ,2024,Reading,8,267.91,237.52,246.18,204.01,258.2,244.49,265.96,219.78,259.48,30.390000000000015,21.730000000000018,54.19,21.46999999999997,39.70000000000002
AR,2024,Reading,8,261.14,236.78,247.32,219.47,257.35,246.86,268.38,225.84,259.76,24.359999999999985,13.819999999999993,37.880000000000024,21.519999999999982,33.91999999999999
CA,2024,Reading,8,269.15,246.97,242.5,211.74,261.44,243.7,272.19,216.81,259.32,22.17999999999998,26.649999999999977,49.69999999999999,28.49000000000001,42.50999999999999
CO,2024,Reading,8,273.22,261.98,248.44,218.28,269.01,250.35,275.32,227.53,268.95,11.240000000000009,24.78000000000003,50.72999999999999,24.97,41.41999999999999
CT,2024,Reading,8,275.07,246.13,245.17,209.98,267.66,250,273.03,236.94,269.1,28.939999999999998,29.900000000000006,57.680000000000035,23.029999999999973,32.160000000000025
DE,2024,Reading,8,259.81,238.16,241.73,220.93,252.97,231.83,255.96,212.56,257.21,21.650000000000006,18.080000000000013,32.03999999999999,24.129999999999995,44.64999999999998
DC,2024,Reading,8,303.78,241.98,247.78,222.37,255.01,237.43,263.45,229.1,255.93,61.79999999999998,55.99999999999997,32.639999999999986,26.019999999999982,26.830000000000013
FL,2024,Reading,8,263.19,241.33,247.87,206.52,257.38,244.83,262.54,231.34,256.43,21.859999999999985,15.319999999999993,50.859999999999985,17.710000000000008,25.090000000000003
GA,2024,Reading,8,271.22,247.39,252.71,222.64,262.21,249.72,279.8,231.16,263.92,23.83000000000004,18.51000000000002,39.56999999999999,30.080000000000013,32.76000000000002
HI,2024,Reading,8,274.37,NA,251.56,228.81,260.97,243.4,266.44,211.58,262.75,NA,22.810000000000002,32.160000000000025,23.039999999999992,51.16999999999999
ID,2024,Reading,8,265.09,NA,244.92,204.64,263.92,246.65,267.5,216.65,266.6,NA,20.169999999999987,59.28000000000003,20.849999999999994,49.95000000000002
IL,2024,Reading,8,269.63,242.37,252.02,227.7,267.18,246.21,275.64,226.6,267.18,27.25999999999999,17.609999999999985,39.48000000000002,29.42999999999998,40.58000000000001
IN,2024,Reading,8,269.34,239.76,249.45,231.86,264.01,249.77,272.14,230.99,266.64,29.579999999999984,19.889999999999986,32.14999999999998,22.369999999999976,35.64999999999998
IA,2024,Reading,8,265.26,232.28,250.74,208.02,263.34,246.91,270.62,216.15,267.31,32.97999999999999,14.519999999999982,55.319999999999965,23.710000000000008,51.16
KS,2024,Reading,8,260,240.33,243.67,219.5,257.25,245.81,262.14,219.94,261.6,19.669999999999987,16.330000000000013,37.75,16.329999999999984,41.660000000000025
KY,2024,Reading,8,262.64,238.35,243.45,218.94,260.51,248.61,271.56,226.22,262.78,24.289999999999992,19.189999999999998,41.56999999999999,22.94999999999999,36.559999999999974
LA,2024,Reading,8,266.86,245.62,248.87,NA,258.09,249.64,274.23,234.03,260.93,21.24000000000001,17.99000000000001,NA,24.590000000000032,26.900000000000006
ME,2024,Reading,8,256.48,NA,NA,NA,256.11,241.49,262.19,223.64,263.53,NA,NA,NA,20.69999999999999,39.889999999999986
MD,2024,Reading,8,272.28,244.97,244.48,209.67,263.71,241.08,269.67,225.58,262.89,27.309999999999974,27.799999999999983,54.03999999999999,28.590000000000003,37.309999999999974
MA,2024,Reading,8,275.88,252.03,249.59,215.08,272.95,251.31,279.27,238.62,274.19,23.849999999999994,26.289999999999992,57.869999999999976,27.95999999999998,35.56999999999999
MI,2024,Reading,8,260.15,236.3,246.32,227.19,257.4,243.37,267.68,225.42,259.4,23.849999999999966,13.829999999999984,30.20999999999998,24.310000000000002,33.97999999999999
MN,2024,Reading,8,266.15,239.64,243.31,224.46,262.61,247.91,268.06,227.05,264.89,26.50999999999999,22.839999999999975,38.150000000000006,20.150000000000006,37.839999999999975
MS,2024,Reading,8,263.83,242.94,246.07,NA,254.25,248.98,265.27,224.87,257.78,20.889999999999986,17.75999999999999,NA,16.289999999999992,32.90999999999997
MO,2024,Reading,8,260.72,237.09,235.76,212.61,256.98,243.41,265.55,219.86,261.57,23.630000000000024,24.960000000000036,44.370000000000005,22.140000000000015,41.70999999999998
MT,2024,Reading,8,263.91,NA,249.13,NA,261.75,249.16,268.09,225.6,266.26,NA,14.78000000000003,NA,18.92999999999998,40.66
NE,2024,Reading,8,263.36,237.85,240.57,203.08,258.72,244.87,265.58,217.34,261.92,25.51000000000002,22.79000000000002,55.640000000000015,20.70999999999998,44.58000000000001
NV,2024,Reading,8,262.13,242.73,245.95,216.12,258.57,249.89,269.12,213.21,258.21,19.400000000000006,16.180000000000007,42.44999999999999,19.230000000000018,44.99999999999997
NH,2024,Reading,8,264,NA,252.35,NA,264.49,245.25,267.28,232.77,270.72,NA,11.650000000000006,NA,22.029999999999973,37.95000000000002
NJ,2024,Reading,8,275.01,252.81,247.31,207.93,270.34,247.41,277.01,236.17,271.68,22.19999999999999,27.69999999999999,62.40999999999997,29.599999999999994,35.51000000000002
NM,2024,Reading,8,262.74,NA,239.89,222.42,250.7,235.7,254.05,213.62,251.7,NA,22.850000000000023,28.28,18.350000000000023,38.079999999999984
NY,2024,Reading,8,264.75,248.44,243.2,204.42,261.97,246.77,269.57,226.84,262.8,16.310000000000002,21.55000000000001,57.55000000000004,22.799999999999983,35.96000000000001
NC,2024,Reading,8,264.48,238.89,244.51,223.7,257.69,242.4,267.47,217.94,260.35,25.590000000000032,19.970000000000027,33.99000000000001,25.07000000000002,42.410000000000025
ND,2024,Reading,8,260.36,245.58,253.37,NA,258.23,246.86,261.6,225.11,261.85,14.780000000000001,6.990000000000009,NA,14.740000000000009,36.74000000000001
OH,2024,Reading,8,266.7,236.62,246.1,209.18,261.92,245.68,274.55,225.13,266.95,30.079999999999984,20.599999999999994,52.74000000000001,28.870000000000005,41.81999999999999
OK,2024,Reading,8,256.58,232.54,238.51,215.27,252.41,240.84,261.98,219.61,254.53,24.039999999999992,18.069999999999993,37.139999999999986,21.140000000000015,34.91999999999999
OR,2024,Reading,8,260.81,NA,239.41,202.53,259.71,237.77,262.79,225.5,259.95,NA,21.400000000000006,57.17999999999998,25.02000000000001,34.44999999999999
PA,2024,Reading,8,265.65,241.33,239.04,220.65,261.59,244.37,272.05,228.64,265.96,24.319999999999965,26.609999999999985,40.93999999999997,27.680000000000007,37.31999999999999
RI,2024,Reading,8,269.14,241.18,241.68,215.58,263.89,238.55,270.43,228.72,263.45,27.95999999999998,27.45999999999998,48.309999999999974,31.879999999999995,34.72999999999999
SC,2024,Reading,8,263.96,238.28,246.84,224.16,256.06,243.97,267.02,212.75,259.97,25.67999999999998,17.119999999999976,31.900000000000006,23.049999999999983,47.22000000000003
SD,2024,Reading,8,264.57,243.53,248.3,227.75,261.21,245.76,266.81,225.75,265.13,21.039999999999992,16.269999999999982,33.45999999999998,21.05000000000001,39.379999999999995
TN,2024,Reading,8,265.71,246.73,247.31,221.41,261.95,243.96,265.49,222.29,263.1,18.97999999999999,18.399999999999977,40.53999999999999,21.53,40.81000000000003
TX,2024,Reading,8,266.56,244.13,242.5,232.68,258.52,240.82,267.91,221.25,256.86,22.430000000000007,24.060000000000002,25.839999999999975,27.090000000000032,35.610000000000014
UT,2024,Reading,8,266.39,NA,245.04,219,265.32,245.96,267.68,226.47,265.67,NA,21.349999999999994,46.31999999999999,21.72,39.20000000000002
VT,2024,Reading,8,257.88,NA,NA,NA,257.54,243.6,268.56,224.41,266.06,NA,NA,NA,24.960000000000008,41.650000000000006
VA,2024,Reading,8,266.13,238.86,240.75,206.6,260.71,238.49,268.08,218.68,261.44,27.269999999999982,25.379999999999995,54.109999999999985,29.589999999999975,42.75999999999999
WA,2024,Reading,8,266.73,241.02,246.15,221.68,264.14,246.41,272.41,221.61,264.61,25.710000000000008,20.580000000000013,42.45999999999998,26.00000000000003,43
WV,2024,Reading,8,247.92,NA,NA,NA,247.41,239.63,254.84,205.85,256.05,NA,NA,NA,15.210000000000008,50.20000000000002
WI,2024,Reading,8,266.31,227.64,246.01,222.19,262.99,245.44,270,221.12,266.4,38.670000000000016,20.30000000000001,40.80000000000001,24.560000000000002,45.27999999999997
WY,2024,Reading,8,263.13,NA,247.9,NA,261.16,249.74,264.98,224.86,265.26,NA,15.22999999999999,NA,15.240000000000009,40.39999999999998
