State,Jurisdiction,Rating in ESSA Plan,Grade 4,Grade 8,Total,NCES Table 5.1 Description,Edited,Framework Measure,Measure Weight
AL,Alabama,Federal tiers of support,Y,Y,1,"Achievement (40%)
Growth (40%)
English language proficiency (5%)
Chronic absenteeism (15%

For schools that serve grade 12 in Alaska, the academic achievement indicator incorporates student growth.",N,Achievement,0.40
AL,Alabama,Federal tiers of support,Y,Y,1,"Achievement (40%)
Growth (40%)
English language proficiency (5%)
Chronic absenteeism (15%

For schools that serve grade 12 in Alaska, the academic achievement indicator incorporates student growth.",N,Growth,0.40
AL,Alabama,Federal tiers of support,Y,Y,1,"Achievement (40%)
Growth (40%)
English language proficiency (5%)
Chronic absenteeism (15%

For schools that serve grade 12 in Alaska, the academic achievement indicator incorporates student growth.",N,EL Proficiency,0.05
AL,Alabama,Federal tiers of support,Y,Y,1,"Achievement (40%)
Growth (40%)
English language proficiency (5%)
Chronic absenteeism (15%

For schools that serve grade 12 in Alaska, the academic achievement indicator incorporates student growth.",N,Chronic Absenteeism,0.15
AL,Alabama,Federal tiers of support,Y,Y,1,"Achievement (40%)
Growth (40%)
English language proficiency (5%)
Chronic absenteeism (15%

For schools that serve grade 12 in Alaska, the academic achievement indicator incorporates student growth.",N,Graduation Rate,NA
AL,Alabama,Federal tiers of support,Y,Y,1,"Achievement (40%)
Growth (40%)
English language proficiency (5%)
Chronic absenteeism (15%

For schools that serve grade 12 in Alaska, the academic achievement indicator incorporates student growth.",N,SQSS,NA
AL,Alabama,Federal tiers of support,Y,Y,1,"Achievement (40%)
Growth (40%)
English language proficiency (5%)
Chronic absenteeism (15%

For schools that serve grade 12 in Alaska, the academic achievement indicator incorporates student growth.",N,Other,NA
AK,Alaska,Index rating system - K-6,Y,N,1,"Schools with students in grades K-6:
Achievement (30%)
Growth (40%)
English language proficiency (15%)
Chronic absenteeism (10%)
Grade 3 English language arts (ELA) proficiency (5%)",N,Achievement,0.30
AK,Alaska,Index rating system - K-6,Y,N,1,"Schools with students in grades K-6:
Achievement (30%)
Growth (40%)
English language proficiency (15%)
Chronic absenteeism (10%)
Grade 3 English language arts (ELA) proficiency (5%)",N,Growth,0.40
AK,Alaska,Index rating system - K-6,Y,N,1,"Schools with students in grades K-6:
Achievement (30%)
Growth (40%)
English language proficiency (15%)
Chronic absenteeism (10%)
Grade 3 English language arts (ELA) proficiency (5%)",N,EL Proficiency,0.20
AK,Alaska,Index rating system - K-6,Y,N,1,"Schools with students in grades K-6:
Achievement (30%)
Growth (40%)
English language proficiency (15%)
Chronic absenteeism (10%)
Grade 3 English language arts (ELA) proficiency (5%)",N,Chronic Absenteeism,0.10
AK,Alaska,Index rating system - K-6,Y,N,1,"Schools with students in grades K-6:
Achievement (30%)
Growth (40%)
English language proficiency (15%)
Chronic absenteeism (10%)
Grade 3 English language arts (ELA) proficiency (5%)",N,Graduation Rate,NA
AK,Alaska,Index rating system - K-6,Y,N,1,"Schools with students in grades K-6:
Achievement (30%)
Growth (40%)
English language proficiency (15%)
Chronic absenteeism (10%)
Grade 3 English language arts (ELA) proficiency (5%)",N,SQSS,NA
AK,Alaska,Index rating system - K-6,Y,N,1,"Schools with students in grades K-6:
Achievement (30%)
Growth (40%)
English language proficiency (15%)
Chronic absenteeism (10%)
Grade 3 English language arts (ELA) proficiency (5%)",N,Other,NA
AK,Alaska,Index rating system - 7+,N,Y,1,"Schools with students in grades 7 and above:
Achievement (20%)
Growth (40%)
English language proficiency (10%)
Graduation rate: 4-year (15%)
Graduation rate: 5-year (5%)
Chronic absenteeism (10%)",N,Achievement,0.20
AK,Alaska,Index rating system - 7+,N,Y,1,"Schools with students in grades 7 and above:
Achievement (20%)
Growth (40%)
English language proficiency (10%)
Graduation rate: 4-year (15%)
Graduation rate: 5-year (5%)
Chronic absenteeism (10%)",N,Growth,0.40
AK,Alaska,Index rating system - 7+,N,Y,1,"Schools with students in grades 7 and above:
Achievement (20%)
Growth (40%)
English language proficiency (10%)
Graduation rate: 4-year (15%)
Graduation rate: 5-year (5%)
Chronic absenteeism (10%)",N,EL Proficiency,0.10
AK,Alaska,Index rating system - 7+,N,Y,1,"Schools with students in grades 7 and above:
Achievement (20%)
Growth (40%)
English language proficiency (10%)
Graduation rate: 4-year (15%)
Graduation rate: 5-year (5%)
Chronic absenteeism (10%)",N,Chronic Absenteeism,0.10
AK,Alaska,Index rating system - 7+,N,Y,1,"Schools with students in grades 7 and above:
Achievement (20%)
Growth (40%)
English language proficiency (10%)
Graduation rate: 4-year (15%)
Graduation rate: 5-year (5%)
Chronic absenteeism (10%)",N,Graduation Rate,0.20
AK,Alaska,Index rating system - 7+,N,Y,1,"Schools with students in grades 7 and above:
Achievement (20%)
Growth (40%)
English language proficiency (10%)
Graduation rate: 4-year (15%)
Graduation rate: 5-year (5%)
Chronic absenteeism (10%)",N,SQSS,NA
AK,Alaska,Index rating system - 7+,N,Y,1,"Schools with students in grades 7 and above:
Achievement (20%)
Growth (40%)
English language proficiency (10%)
Graduation rate: 4-year (15%)
Graduation rate: 5-year (5%)
Chronic absenteeism (10%)",N,Other,NA
AZ,Arizona,Federal tiers of support,Y,Y,1,"Achievement (60%)
Growth (20%)
English language proficiency
(proficiency and growth) (10%)
Chronic absenteeism (10%)

In Arizona, the weights change for combination schools including and not including grade 12.",N,Achievement,0.60
AZ,Arizona,Federal tiers of support,Y,Y,1,"Achievement (60%)
Growth (20%)
English language proficiency
(proficiency and growth) (10%)
Chronic absenteeism (10%)

In Arizona, the weights change for combination schools including and not including grade 12.",N,Growth,0.20
AZ,Arizona,Federal tiers of support,Y,Y,1,"Achievement (60%)
Growth (20%)
English language proficiency
(proficiency and growth) (10%)
Chronic absenteeism (10%)

In Arizona, the weights change for combination schools including and not including grade 12.",N,EL Proficiency,0.10
AZ,Arizona,Federal tiers of support,Y,Y,1,"Achievement (60%)
Growth (20%)
English language proficiency
(proficiency and growth) (10%)
Chronic absenteeism (10%)

In Arizona, the weights change for combination schools including and not including grade 12.",N,Chronic Absenteeism,0.10
AZ,Arizona,Federal tiers of support,Y,Y,1,"Achievement (60%)
Growth (20%)
English language proficiency
(proficiency and growth) (10%)
Chronic absenteeism (10%)

In Arizona, the weights change for combination schools including and not including grade 12.",N,Graduation Rate,NA
AZ,Arizona,Federal tiers of support,Y,Y,1,"Achievement (60%)
Growth (20%)
English language proficiency
(proficiency and growth) (10%)
Chronic absenteeism (10%)

In Arizona, the weights change for combination schools including and not including grade 12.",N,SQSS,NA
AZ,Arizona,Federal tiers of support,Y,Y,1,"Achievement (60%)
Growth (20%)
English language proficiency
(proficiency and growth) (10%)
Chronic absenteeism (10%)

In Arizona, the weights change for combination schools including and not including grade 12.",N,Other,NA
AR,Arkansas,Index rating system,Y,Y,1,"Achievement (35%)
Growth (growth indicator academic and growth English language progress) (50%)
English language proficiency (proportionately weighted in student growth score by number of English learners)
School quality and student success (SQSS) indicator (15%)",N,Achievement,0.35
AR,Arkansas,Index rating system,Y,Y,1,"Achievement (35%)
Growth (growth indicator academic and growth English language progress) (50%)
English language proficiency (proportionately weighted in student growth score by number of English learners)
School quality and student success (SQSS) indicator (15%)",N,Growth,0.50
AR,Arkansas,Index rating system,Y,Y,1,"Achievement (35%)
Growth (growth indicator academic and growth English language progress) (50%)
English language proficiency (proportionately weighted in student growth score by number of English learners)
School quality and student success (SQSS) indicator (15%)",N,EL Proficiency,0.15
AR,Arkansas,Index rating system,Y,Y,1,"Achievement (35%)
Growth (growth indicator academic and growth English language progress) (50%)
English language proficiency (proportionately weighted in student growth score by number of English learners)
School quality and student success (SQSS) indicator (15%)",N,Chronic Absenteeism,NA
AR,Arkansas,Index rating system,Y,Y,1,"Achievement (35%)
Growth (growth indicator academic and growth English language progress) (50%)
English language proficiency (proportionately weighted in student growth score by number of English learners)
School quality and student success (SQSS) indicator (15%)",N,Graduation Rate,NA
AR,Arkansas,Index rating system,Y,Y,1,"Achievement (35%)
Growth (growth indicator academic and growth English language progress) (50%)
English language proficiency (proportionately weighted in student growth score by number of English learners)
School quality and student success (SQSS) indicator (15%)",N,SQSS,NA
AR,Arkansas,Index rating system,Y,Y,1,"Achievement (35%)
Growth (growth indicator academic and growth English language progress) (50%)
English language proficiency (proportionately weighted in student growth score by number of English learners)
School quality and student success (SQSS) indicator (15%)",N,Other,NA
CA,California,Dashboard,Y,Y,0,"Achievement (includes growth)
English language proficiency
Chronic absenteeism
Suspension rate

In California, each indicator is given equal weight when meaningfully differentiating schools with ELA and math assessments considered as two separate indicators for school differentiation. In elementary/middle schools, chronic absenteeism is the state's ""other academic indicator.""",N,Achievement,NA
CA,California,Dashboard,Y,Y,0,"Achievement (includes growth)
English language proficiency
Chronic absenteeism
Suspension rate

In California, each indicator is given equal weight when meaningfully differentiating schools with ELA and math assessments considered as two separate indicators for school differentiation. In elementary/middle schools, chronic absenteeism is the state's ""other academic indicator.""",N,Growth,NA
CA,California,Dashboard,Y,Y,0,"Achievement (includes growth)
English language proficiency
Chronic absenteeism
Suspension rate

In California, each indicator is given equal weight when meaningfully differentiating schools with ELA and math assessments considered as two separate indicators for school differentiation. In elementary/middle schools, chronic absenteeism is the state's ""other academic indicator.""",N,EL Proficiency,NA
CA,California,Dashboard,Y,Y,0,"Achievement (includes growth)
English language proficiency
Chronic absenteeism
Suspension rate

In California, each indicator is given equal weight when meaningfully differentiating schools with ELA and math assessments considered as two separate indicators for school differentiation. In elementary/middle schools, chronic absenteeism is the state's ""other academic indicator.""",N,Chronic Absenteeism,NA
CA,California,Dashboard,Y,Y,0,"Achievement (includes growth)
English language proficiency
Chronic absenteeism
Suspension rate

In California, each indicator is given equal weight when meaningfully differentiating schools with ELA and math assessments considered as two separate indicators for school differentiation. In elementary/middle schools, chronic absenteeism is the state's ""other academic indicator.""",N,Graduation Rate,NA
CA,California,Dashboard,Y,Y,0,"Achievement (includes growth)
English language proficiency
Chronic absenteeism
Suspension rate

In California, each indicator is given equal weight when meaningfully differentiating schools with ELA and math assessments considered as two separate indicators for school differentiation. In elementary/middle schools, chronic absenteeism is the state's ""other academic indicator.""",N,SQSS,NA
CA,California,Dashboard,Y,Y,0,"Achievement (includes growth)
English language proficiency
Chronic absenteeism
Suspension rate

In California, each indicator is given equal weight when meaningfully differentiating schools with ELA and math assessments considered as two separate indicators for school differentiation. In elementary/middle schools, chronic absenteeism is the state's ""other academic indicator.""",N,Other,NA
CO,Colorado,Federal tiers of support,Y,Y,1,"Achievement (23%)
Growth (40%)
English language proficiency (20%)
Science achievement (12%)
Chronic absenteeism (5%)",N,Achievement,0.35
CO,Colorado,Federal tiers of support,Y,Y,1,"Achievement (23%)
Growth (40%)
English language proficiency (20%)
Science achievement (12%)
Chronic absenteeism (5%)",N,Growth,0.40
CO,Colorado,Federal tiers of support,Y,Y,1,"Achievement (23%)
Growth (40%)
English language proficiency (20%)
Science achievement (12%)
Chronic absenteeism (5%)",N,EL Proficiency,0.20
CO,Colorado,Federal tiers of support,Y,Y,1,"Achievement (23%)
Growth (40%)
English language proficiency (20%)
Science achievement (12%)
Chronic absenteeism (5%)",N,Chronic Absenteeism,0.05
CO,Colorado,Federal tiers of support,Y,Y,1,"Achievement (23%)
Growth (40%)
English language proficiency (20%)
Science achievement (12%)
Chronic absenteeism (5%)",N,Graduation Rate,NA
CO,Colorado,Federal tiers of support,Y,Y,1,"Achievement (23%)
Growth (40%)
English language proficiency (20%)
Science achievement (12%)
Chronic absenteeism (5%)",N,SQSS,NA
CO,Colorado,Federal tiers of support,Y,Y,1,"Achievement (23%)
Growth (40%)
English language proficiency (20%)
Science achievement (12%)
Chronic absenteeism (5%)",N,Other,NA
CT,Connecticut,Index Rating System 1-5 - Elementary School,Y,N,1,"Elementary school:
Achievement (300 points)
Growth (400 points)
English language proficiency (100 points)
Chronic absenteeism (100 points)
Physical fitness (50 points)

In Connecticut, science achievement is calculated as part of the achievement indicator, but is used by the SQSS indicator for federal accountability purposes.",N,Achievement,0.32
CT,Connecticut,Index Rating System 1-5 - Elementary School,Y,N,1,"Elementary school:
Achievement (300 points)
Growth (400 points)
English language proficiency (100 points)
Chronic absenteeism (100 points)
Physical fitness (50 points)

In Connecticut, science achievement is calculated as part of the achievement indicator, but is used by the SQSS indicator for federal accountability purposes.",N,Growth,0.42
CT,Connecticut,Index Rating System 1-5 - Elementary School,Y,N,1,"Elementary school:
Achievement (300 points)
Growth (400 points)
English language proficiency (100 points)
Chronic absenteeism (100 points)
Physical fitness (50 points)

In Connecticut, science achievement is calculated as part of the achievement indicator, but is used by the SQSS indicator for federal accountability purposes.",N,EL Proficiency,0.11
CT,Connecticut,Index Rating System 1-5 - Elementary School,Y,N,1,"Elementary school:
Achievement (300 points)
Growth (400 points)
English language proficiency (100 points)
Chronic absenteeism (100 points)
Physical fitness (50 points)

In Connecticut, science achievement is calculated as part of the achievement indicator, but is used by the SQSS indicator for federal accountability purposes.",N,Chronic Absenteeism,0.11
CT,Connecticut,Index Rating System 1-5 - Elementary School,Y,N,1,"Elementary school:
Achievement (300 points)
Growth (400 points)
English language proficiency (100 points)
Chronic absenteeism (100 points)
Physical fitness (50 points)

In Connecticut, science achievement is calculated as part of the achievement indicator, but is used by the SQSS indicator for federal accountability purposes.",N,Graduation Rate,0.00
CT,Connecticut,Index Rating System 1-5 - Elementary School,Y,N,1,"Elementary school:
Achievement (300 points)
Growth (400 points)
English language proficiency (100 points)
Chronic absenteeism (100 points)
Physical fitness (50 points)

In Connecticut, science achievement is calculated as part of the achievement indicator, but is used by the SQSS indicator for federal accountability purposes.",N,SQSS,0.00
CT,Connecticut,Index Rating System 1-5 - Elementary School,Y,N,1,"Elementary school:
Achievement (300 points)
Growth (400 points)
English language proficiency (100 points)
Chronic absenteeism (100 points)
Physical fitness (50 points)

In Connecticut, science achievement is calculated as part of the achievement indicator, but is used by the SQSS indicator for federal accountability purposes.",N,Other,0.05
CT,Connecticut,Index Rating System 1-5 - Middle School,N,Y,1,"Middle school:
Achievement (300 points)
Growth (400 points)
English language proficiency (100 points)
Chronic absenteeism (100 points)
On-track to graduation (50 points)
Physical fitness (50 points)

In Connecticut, science achievement is calculated as part of the achievement indicator, but is used by the SQSS indicator for federal accountability purposes.",N,Achievement,0.30
CT,Connecticut,Index Rating System 1-5 - Middle School,N,Y,1,"Middle school:
Achievement (300 points)
Growth (400 points)
English language proficiency (100 points)
Chronic absenteeism (100 points)
On-track to graduation (50 points)
Physical fitness (50 points)

In Connecticut, science achievement is calculated as part of the achievement indicator, but is used by the SQSS indicator for federal accountability purposes.",N,Growth,0.40
CT,Connecticut,Index Rating System 1-5 - Middle School,N,Y,1,"Middle school:
Achievement (300 points)
Growth (400 points)
English language proficiency (100 points)
Chronic absenteeism (100 points)
On-track to graduation (50 points)
Physical fitness (50 points)

In Connecticut, science achievement is calculated as part of the achievement indicator, but is used by the SQSS indicator for federal accountability purposes.",N,EL Proficiency,0.10
CT,Connecticut,Index Rating System 1-5 - Middle School,N,Y,1,"Middle school:
Achievement (300 points)
Growth (400 points)
English language proficiency (100 points)
Chronic absenteeism (100 points)
On-track to graduation (50 points)
Physical fitness (50 points)

In Connecticut, science achievement is calculated as part of the achievement indicator, but is used by the SQSS indicator for federal accountability purposes.",N,Chronic Absenteeism,0.10
CT,Connecticut,Index Rating System 1-5 - Middle School,N,Y,1,"Middle school:
Achievement (300 points)
Growth (400 points)
English language proficiency (100 points)
Chronic absenteeism (100 points)
On-track to graduation (50 points)
Physical fitness (50 points)

In Connecticut, science achievement is calculated as part of the achievement indicator, but is used by the SQSS indicator for federal accountability purposes.",N,Graduation Rate,0.00
CT,Connecticut,Index Rating System 1-5 - Middle School,N,Y,1,"Middle school:
Achievement (300 points)
Growth (400 points)
English language proficiency (100 points)
Chronic absenteeism (100 points)
On-track to graduation (50 points)
Physical fitness (50 points)

In Connecticut, science achievement is calculated as part of the achievement indicator, but is used by the SQSS indicator for federal accountability purposes.",N,SQSS,0.00
CT,Connecticut,Index Rating System 1-5 - Middle School,N,Y,1,"Middle school:
Achievement (300 points)
Growth (400 points)
English language proficiency (100 points)
Chronic absenteeism (100 points)
On-track to graduation (50 points)
Physical fitness (50 points)

In Connecticut, science achievement is calculated as part of the achievement indicator, but is used by the SQSS indicator for federal accountability purposes.",N,Other,0.10
CT,Connecticut,Index Rating System 1-5 - Middle / High School,N,Y,1,"Middle/high school:
Achievement (300 points)
Growth (400 points)
English language proficiency (100 points)
Chronic absenteeism (100 points)
Preparation for postsecondary and career readiness coursework (50 points)
Preparation for postsecondary and career readiness exams (50 points)
On-track to high school graduation (50 points)
Graduation rate: 4-year (100 points)
Graduation rate: 6-year (100 points)
Postsecondary entrance (100)
Physical fitness (50)
Arts access (50)

In Connecticut, science achievement is calculated as part of the achievement indicator, but is used by the SQSS indicator for federal accountability purposes.",N,Achievement,0.23
CT,Connecticut,Index Rating System 1-5 - Middle / High School,N,Y,1,"Middle/high school:
Achievement (300 points)
Growth (400 points)
English language proficiency (100 points)
Chronic absenteeism (100 points)
Preparation for postsecondary and career readiness coursework (50 points)
Preparation for postsecondary and career readiness exams (50 points)
On-track to high school graduation (50 points)
Graduation rate: 4-year (100 points)
Graduation rate: 6-year (100 points)
Postsecondary entrance (100)
Physical fitness (50)
Arts access (50)

In Connecticut, science achievement is calculated as part of the achievement indicator, but is used by the SQSS indicator for federal accountability purposes.",N,Growth,0.31
CT,Connecticut,Index Rating System 1-5 - Middle / High School,N,Y,1,"Middle/high school:
Achievement (300 points)
Growth (400 points)
English language proficiency (100 points)
Chronic absenteeism (100 points)
Preparation for postsecondary and career readiness coursework (50 points)
Preparation for postsecondary and career readiness exams (50 points)
On-track to high school graduation (50 points)
Graduation rate: 4-year (100 points)
Graduation rate: 6-year (100 points)
Postsecondary entrance (100)
Physical fitness (50)
Arts access (50)

In Connecticut, science achievement is calculated as part of the achievement indicator, but is used by the SQSS indicator for federal accountability purposes.",N,EL Proficiency,0.08
CT,Connecticut,Index Rating System 1-5 - Middle / High School,N,Y,1,"Middle/high school:
Achievement (300 points)
Growth (400 points)
English language proficiency (100 points)
Chronic absenteeism (100 points)
Preparation for postsecondary and career readiness coursework (50 points)
Preparation for postsecondary and career readiness exams (50 points)
On-track to high school graduation (50 points)
Graduation rate: 4-year (100 points)
Graduation rate: 6-year (100 points)
Postsecondary entrance (100)
Physical fitness (50)
Arts access (50)

In Connecticut, science achievement is calculated as part of the achievement indicator, but is used by the SQSS indicator for federal accountability purposes.",N,Chronic Absenteeism,0.08
CT,Connecticut,Index Rating System 1-5 - Middle / High School,N,Y,1,"Middle/high school:
Achievement (300 points)
Growth (400 points)
English language proficiency (100 points)
Chronic absenteeism (100 points)
Preparation for postsecondary and career readiness coursework (50 points)
Preparation for postsecondary and career readiness exams (50 points)
On-track to high school graduation (50 points)
Graduation rate: 4-year (100 points)
Graduation rate: 6-year (100 points)
Postsecondary entrance (100)
Physical fitness (50)
Arts access (50)

In Connecticut, science achievement is calculated as part of the achievement indicator, but is used by the SQSS indicator for federal accountability purposes.",N,Graduation Rate,0.15
CT,Connecticut,Index Rating System 1-5 - Middle / High School,N,Y,1,"Middle/high school:
Achievement (300 points)
Growth (400 points)
English language proficiency (100 points)
Chronic absenteeism (100 points)
Preparation for postsecondary and career readiness coursework (50 points)
Preparation for postsecondary and career readiness exams (50 points)
On-track to high school graduation (50 points)
Graduation rate: 4-year (100 points)
Graduation rate: 6-year (100 points)
Postsecondary entrance (100)
Physical fitness (50)
Arts access (50)

In Connecticut, science achievement is calculated as part of the achievement indicator, but is used by the SQSS indicator for federal accountability purposes.",N,SQSS,0.00
CT,Connecticut,Index Rating System 1-5 - Middle / High School,N,Y,1,"Middle/high school:
Achievement (300 points)
Growth (400 points)
English language proficiency (100 points)
Chronic absenteeism (100 points)
Preparation for postsecondary and career readiness coursework (50 points)
Preparation for postsecondary and career readiness exams (50 points)
On-track to high school graduation (50 points)
Graduation rate: 4-year (100 points)
Graduation rate: 6-year (100 points)
Postsecondary entrance (100)
Physical fitness (50)
Arts access (50)

In Connecticut, science achievement is calculated as part of the achievement indicator, but is used by the SQSS indicator for federal accountability purposes.",N,Other,0.15
DC,District of Columbia,1-5 stars,Y,Y,1,"Achievement (30 points)
Growth (40 points)
English language proficiency (5 points)
School environment:
 Chronic absenteeism (8 points)
 In-seat attendance (5 points)
 Re-enrollment (8 points)
 Access and opportunities measure

In the District of Columbia, the access and opportunities indicator is not given a weight in the state's technical guide, but the ESSA plan notes that it must be used in formal results for the 2019-20 school year. See ESSA plan for more information: https://osse.dc.gov/sites/default/files/dc/sites/osse/page_content/attachments/OSSE%20ESSA%20State%20Plan_%20August%2028_Clean.pdf.",N,Achievement,0.31
DC,District of Columbia,1-5 stars,Y,Y,1,"Achievement (30 points)
Growth (40 points)
English language proficiency (5 points)
School environment:
 Chronic absenteeism (8 points)
 In-seat attendance (5 points)
 Re-enrollment (8 points)
 Access and opportunities measure

In the District of Columbia, the access and opportunities indicator is not given a weight in the state's technical guide, but the ESSA plan notes that it must be used in formal results for the 2019-20 school year. See ESSA plan for more information: https://osse.dc.gov/sites/default/files/dc/sites/osse/page_content/attachments/OSSE%20ESSA%20State%20Plan_%20August%2028_Clean.pdf.",N,Growth,0.42
DC,District of Columbia,1-5 stars,Y,Y,1,"Achievement (30 points)
Growth (40 points)
English language proficiency (5 points)
School environment:
 Chronic absenteeism (8 points)
 In-seat attendance (5 points)
 Re-enrollment (8 points)
 Access and opportunities measure

In the District of Columbia, the access and opportunities indicator is not given a weight in the state's technical guide, but the ESSA plan notes that it must be used in formal results for the 2019-20 school year. See ESSA plan for more information: https://osse.dc.gov/sites/default/files/dc/sites/osse/page_content/attachments/OSSE%20ESSA%20State%20Plan_%20August%2028_Clean.pdf.",N,EL Proficiency,0.05
DC,District of Columbia,1-5 stars,Y,Y,1,"Achievement (30 points)
Growth (40 points)
English language proficiency (5 points)
School environment:
 Chronic absenteeism (8 points)
 In-seat attendance (5 points)
 Re-enrollment (8 points)
 Access and opportunities measure

In the District of Columbia, the access and opportunities indicator is not given a weight in the state's technical guide, but the ESSA plan notes that it must be used in formal results for the 2019-20 school year. See ESSA plan for more information: https://osse.dc.gov/sites/default/files/dc/sites/osse/page_content/attachments/OSSE%20ESSA%20State%20Plan_%20August%2028_Clean.pdf.",N,Chronic Absenteeism,0.08
DC,District of Columbia,1-5 stars,Y,Y,1,"Achievement (30 points)
Growth (40 points)
English language proficiency (5 points)
School environment:
 Chronic absenteeism (8 points)
 In-seat attendance (5 points)
 Re-enrollment (8 points)
 Access and opportunities measure

In the District of Columbia, the access and opportunities indicator is not given a weight in the state's technical guide, but the ESSA plan notes that it must be used in formal results for the 2019-20 school year. See ESSA plan for more information: https://osse.dc.gov/sites/default/files/dc/sites/osse/page_content/attachments/OSSE%20ESSA%20State%20Plan_%20August%2028_Clean.pdf.",N,Graduation Rate,0.00
DC,District of Columbia,1-5 stars,Y,Y,1,"Achievement (30 points)
Growth (40 points)
English language proficiency (5 points)
School environment:
 Chronic absenteeism (8 points)
 In-seat attendance (5 points)
 Re-enrollment (8 points)
 Access and opportunities measure

In the District of Columbia, the access and opportunities indicator is not given a weight in the state's technical guide, but the ESSA plan notes that it must be used in formal results for the 2019-20 school year. See ESSA plan for more information: https://osse.dc.gov/sites/default/files/dc/sites/osse/page_content/attachments/OSSE%20ESSA%20State%20Plan_%20August%2028_Clean.pdf.",N,SQSS,0.14
DC,District of Columbia,1-5 stars,Y,Y,1,"Achievement (30 points)
Growth (40 points)
English language proficiency (5 points)
School environment:
 Chronic absenteeism (8 points)
 In-seat attendance (5 points)
 Re-enrollment (8 points)
 Access and opportunities measure

In the District of Columbia, the access and opportunities indicator is not given a weight in the state's technical guide, but the ESSA plan notes that it must be used in formal results for the 2019-20 school year. See ESSA plan for more information: https://osse.dc.gov/sites/default/files/dc/sites/osse/page_content/attachments/OSSE%20ESSA%20State%20Plan_%20August%2028_Clean.pdf.",N,Other,0.00
DE,Delaware,Descriptive,Y,Y,1,"Achievement (30%)
Growth (40%)
English language proficiency (10%)
On-track attendance (10%)
Science achievement (5%)
Social studies achievement (5%)",N,Achievement,0.40
DE,Delaware,Descriptive,Y,Y,1,"Achievement (30%)
Growth (40%)
English language proficiency (10%)
On-track attendance (10%)
Science achievement (5%)
Social studies achievement (5%)",N,Growth,0.40
DE,Delaware,Descriptive,Y,Y,1,"Achievement (30%)
Growth (40%)
English language proficiency (10%)
On-track attendance (10%)
Science achievement (5%)
Social studies achievement (5%)",N,EL Proficiency,0.10
DE,Delaware,Descriptive,Y,Y,1,"Achievement (30%)
Growth (40%)
English language proficiency (10%)
On-track attendance (10%)
Science achievement (5%)
Social studies achievement (5%)",N,Chronic Absenteeism,NA
DE,Delaware,Descriptive,Y,Y,1,"Achievement (30%)
Growth (40%)
English language proficiency (10%)
On-track attendance (10%)
Science achievement (5%)
Social studies achievement (5%)",N,Graduation Rate,NA
DE,Delaware,Descriptive,Y,Y,1,"Achievement (30%)
Growth (40%)
English language proficiency (10%)
On-track attendance (10%)
Science achievement (5%)
Social studies achievement (5%)",N,SQSS,0.10
DE,Delaware,Descriptive,Y,Y,1,"Achievement (30%)
Growth (40%)
English language proficiency (10%)
On-track attendance (10%)
Science achievement (5%)
Social studies achievement (5%)",N,Other,NA
FL,Florida,Index rating system - Elementary School,Y,N,1,"Elementary school:
Achievement (200 points)
Growth (400 points)
English language proficiency (100 points)
Science achievement (100 points)",N,Achievement,0.38
FL,Florida,Index rating system - Elementary School,Y,N,1,"Elementary school:
Achievement (200 points)
Growth (400 points)
English language proficiency (100 points)
Science achievement (100 points)",N,Growth,0.50
FL,Florida,Index rating system - Elementary School,Y,N,1,"Elementary school:
Achievement (200 points)
Growth (400 points)
English language proficiency (100 points)
Science achievement (100 points)",N,EL Proficiency,0.13
FL,Florida,Index rating system - Elementary School,Y,N,1,"Elementary school:
Achievement (200 points)
Growth (400 points)
English language proficiency (100 points)
Science achievement (100 points)",N,Chronic Absenteeism,0.00
FL,Florida,Index rating system - Elementary School,Y,N,1,"Elementary school:
Achievement (200 points)
Growth (400 points)
English language proficiency (100 points)
Science achievement (100 points)",N,Graduation Rate,0.00
FL,Florida,Index rating system - Elementary School,Y,N,1,"Elementary school:
Achievement (200 points)
Growth (400 points)
English language proficiency (100 points)
Science achievement (100 points)",N,SQSS,0.00
FL,Florida,Index rating system - Elementary School,Y,N,1,"Elementary school:
Achievement (200 points)
Growth (400 points)
English language proficiency (100 points)
Science achievement (100 points)",N,Other,0.00
FL,Florida,Index rating system - Middle School,N,Y,1,"Middle school:
Achievement (180 points)
Growth (400 points)
English language proficiency (100 points)
Science achievement (100 points)
Social studies achievement (100 points)
Middle school acceleration (120 points)

In Florida elementary and middle schools, the growth indicator includes a measure of learning gains among the lowest 25% of students in math and ELA. This is worth 200 of the 400 points in the growth indicator. In high schools, the academic achievement indicator includes student growth which includes a measure of learning gains among the lowest 25% of students in math and ELA. This is worth 200 of the 600 points in the growth indicator.",N,Achievement,0.38
FL,Florida,Index rating system - Middle School,N,Y,1,"Middle school:
Achievement (180 points)
Growth (400 points)
English language proficiency (100 points)
Science achievement (100 points)
Social studies achievement (100 points)
Middle school acceleration (120 points)

In Florida elementary and middle schools, the growth indicator includes a measure of learning gains among the lowest 25% of students in math and ELA. This is worth 200 of the 400 points in the growth indicator. In high schools, the academic achievement indicator includes student growth which includes a measure of learning gains among the lowest 25% of students in math and ELA. This is worth 200 of the 600 points in the growth indicator.",N,Growth,0.40
FL,Florida,Index rating system - Middle School,N,Y,1,"Middle school:
Achievement (180 points)
Growth (400 points)
English language proficiency (100 points)
Science achievement (100 points)
Social studies achievement (100 points)
Middle school acceleration (120 points)

In Florida elementary and middle schools, the growth indicator includes a measure of learning gains among the lowest 25% of students in math and ELA. This is worth 200 of the 400 points in the growth indicator. In high schools, the academic achievement indicator includes student growth which includes a measure of learning gains among the lowest 25% of students in math and ELA. This is worth 200 of the 600 points in the growth indicator.",N,EL Proficiency,0.10
FL,Florida,Index rating system - Middle School,N,Y,1,"Middle school:
Achievement (180 points)
Growth (400 points)
English language proficiency (100 points)
Science achievement (100 points)
Social studies achievement (100 points)
Middle school acceleration (120 points)

In Florida elementary and middle schools, the growth indicator includes a measure of learning gains among the lowest 25% of students in math and ELA. This is worth 200 of the 400 points in the growth indicator. In high schools, the academic achievement indicator includes student growth which includes a measure of learning gains among the lowest 25% of students in math and ELA. This is worth 200 of the 600 points in the growth indicator.",N,Chronic Absenteeism,0.00
FL,Florida,Index rating system - Middle School,N,Y,1,"Middle school:
Achievement (180 points)
Growth (400 points)
English language proficiency (100 points)
Science achievement (100 points)
Social studies achievement (100 points)
Middle school acceleration (120 points)

In Florida elementary and middle schools, the growth indicator includes a measure of learning gains among the lowest 25% of students in math and ELA. This is worth 200 of the 400 points in the growth indicator. In high schools, the academic achievement indicator includes student growth which includes a measure of learning gains among the lowest 25% of students in math and ELA. This is worth 200 of the 600 points in the growth indicator.",N,Graduation Rate,0.00
FL,Florida,Index rating system - Middle School,N,Y,1,"Middle school:
Achievement (180 points)
Growth (400 points)
English language proficiency (100 points)
Science achievement (100 points)
Social studies achievement (100 points)
Middle school acceleration (120 points)

In Florida elementary and middle schools, the growth indicator includes a measure of learning gains among the lowest 25% of students in math and ELA. This is worth 200 of the 400 points in the growth indicator. In high schools, the academic achievement indicator includes student growth which includes a measure of learning gains among the lowest 25% of students in math and ELA. This is worth 200 of the 600 points in the growth indicator.",N,SQSS,0.12
FL,Florida,Index rating system - Middle School,N,Y,1,"Middle school:
Achievement (180 points)
Growth (400 points)
English language proficiency (100 points)
Science achievement (100 points)
Social studies achievement (100 points)
Middle school acceleration (120 points)

In Florida elementary and middle schools, the growth indicator includes a measure of learning gains among the lowest 25% of students in math and ELA. This is worth 200 of the 400 points in the growth indicator. In high schools, the academic achievement indicator includes student growth which includes a measure of learning gains among the lowest 25% of students in math and ELA. This is worth 200 of the 600 points in the growth indicator.",N,Other,0.00
GA,Georgia,Index rating system,Y,Y,1,"Achievement (30%)
Growth (35%)
English language proficiency
Closing gaps (15%)
Readiness (20%):
Literacy (Lexiles)
Chronic absenteeism
Beyond the core

In Georgia, since English language proficiency is included under growth in the state's ESSA plan, it does not have its own weight here. See state ESSA plan for more information: https://www.gadoe.org/External-Affairs-and-Policy/communications/Documents/Georgia%20State%20ESSA%20Plan%20--%20Amended%2011.21.19.pdf.",N,Achievement,0.30
GA,Georgia,Index rating system,Y,Y,1,"Achievement (30%)
Growth (35%)
English language proficiency
Closing gaps (15%)
Readiness (20%):
Literacy (Lexiles)
Chronic absenteeism
Beyond the core

In Georgia, since English language proficiency is included under growth in the state's ESSA plan, it does not have its own weight here. See state ESSA plan for more information: https://www.gadoe.org/External-Affairs-and-Policy/communications/Documents/Georgia%20State%20ESSA%20Plan%20--%20Amended%2011.21.19.pdf.",N,Growth,0.35
GA,Georgia,Index rating system,Y,Y,1,"Achievement (30%)
Growth (35%)
English language proficiency
Closing gaps (15%)
Readiness (20%):
Literacy (Lexiles)
Chronic absenteeism
Beyond the core

In Georgia, since English language proficiency is included under growth in the state's ESSA plan, it does not have its own weight here. See state ESSA plan for more information: https://www.gadoe.org/External-Affairs-and-Policy/communications/Documents/Georgia%20State%20ESSA%20Plan%20--%20Amended%2011.21.19.pdf.",N,EL Proficiency,0.15
GA,Georgia,Index rating system,Y,Y,1,"Achievement (30%)
Growth (35%)
English language proficiency
Closing gaps (15%)
Readiness (20%):
Literacy (Lexiles)
Chronic absenteeism
Beyond the core

In Georgia, since English language proficiency is included under growth in the state's ESSA plan, it does not have its own weight here. See state ESSA plan for more information: https://www.gadoe.org/External-Affairs-and-Policy/communications/Documents/Georgia%20State%20ESSA%20Plan%20--%20Amended%2011.21.19.pdf.",N,Chronic Absenteeism,NA
GA,Georgia,Index rating system,Y,Y,1,"Achievement (30%)
Growth (35%)
English language proficiency
Closing gaps (15%)
Readiness (20%):
Literacy (Lexiles)
Chronic absenteeism
Beyond the core

In Georgia, since English language proficiency is included under growth in the state's ESSA plan, it does not have its own weight here. See state ESSA plan for more information: https://www.gadoe.org/External-Affairs-and-Policy/communications/Documents/Georgia%20State%20ESSA%20Plan%20--%20Amended%2011.21.19.pdf.",N,Graduation Rate,NA
GA,Georgia,Index rating system,Y,Y,1,"Achievement (30%)
Growth (35%)
English language proficiency
Closing gaps (15%)
Readiness (20%):
Literacy (Lexiles)
Chronic absenteeism
Beyond the core

In Georgia, since English language proficiency is included under growth in the state's ESSA plan, it does not have its own weight here. See state ESSA plan for more information: https://www.gadoe.org/External-Affairs-and-Policy/communications/Documents/Georgia%20State%20ESSA%20Plan%20--%20Amended%2011.21.19.pdf.",N,SQSS,0.20
GA,Georgia,Index rating system,Y,Y,1,"Achievement (30%)
Growth (35%)
English language proficiency
Closing gaps (15%)
Readiness (20%):
Literacy (Lexiles)
Chronic absenteeism
Beyond the core

In Georgia, since English language proficiency is included under growth in the state's ESSA plan, it does not have its own weight here. See state ESSA plan for more information: https://www.gadoe.org/External-Affairs-and-Policy/communications/Documents/Georgia%20State%20ESSA%20Plan%20--%20Amended%2011.21.19.pdf.",N,Other,NA
HI,Hawaii,Index rating system,Y,Y,1,"Achievement (40%)
Growth (40%)
English language proficiency (10%)
Chronic absenteeism (10%)",N,Achievement,0.40
HI,Hawaii,Index rating system,Y,Y,1,"Achievement (40%)
Growth (40%)
English language proficiency (10%)
Chronic absenteeism (10%)",N,Growth,0.40
HI,Hawaii,Index rating system,Y,Y,1,"Achievement (40%)
Growth (40%)
English language proficiency (10%)
Chronic absenteeism (10%)",N,EL Proficiency,0.10
HI,Hawaii,Index rating system,Y,Y,1,"Achievement (40%)
Growth (40%)
English language proficiency (10%)
Chronic absenteeism (10%)",N,Chronic Absenteeism,0.10
HI,Hawaii,Index rating system,Y,Y,1,"Achievement (40%)
Growth (40%)
English language proficiency (10%)
Chronic absenteeism (10%)",N,Graduation Rate,NA
HI,Hawaii,Index rating system,Y,Y,1,"Achievement (40%)
Growth (40%)
English language proficiency (10%)
Chronic absenteeism (10%)",N,SQSS,NA
HI,Hawaii,Index rating system,Y,Y,1,"Achievement (40%)
Growth (40%)
English language proficiency (10%)
Chronic absenteeism (10%)",N,Other,NA
ID,Idaho,Federal tiers of support,Y,Y,1,"Achievement (36%)
Growth (36%)
English language proficiency (18%)
School quality (10%)",N,Achievement,0.36
ID,Idaho,Federal tiers of support,Y,Y,1,"Achievement (36%)
Growth (36%)
English language proficiency (18%)
School quality (10%)",N,Growth,0.36
ID,Idaho,Federal tiers of support,Y,Y,1,"Achievement (36%)
Growth (36%)
English language proficiency (18%)
School quality (10%)",N,EL Proficiency,0.18
ID,Idaho,Federal tiers of support,Y,Y,1,"Achievement (36%)
Growth (36%)
English language proficiency (18%)
School quality (10%)",N,Chronic Absenteeism,0.10
ID,Idaho,Federal tiers of support,Y,Y,1,"Achievement (36%)
Growth (36%)
English language proficiency (18%)
School quality (10%)",N,Graduation Rate,NA
ID,Idaho,Federal tiers of support,Y,Y,1,"Achievement (36%)
Growth (36%)
English language proficiency (18%)
School quality (10%)",N,SQSS,NA
ID,Idaho,Federal tiers of support,Y,Y,1,"Achievement (36%)
Growth (36%)
English language proficiency (18%)
School quality (10%)",N,Other,NA
IL,Illinois,Descriptive,Y,Y,1,"Achievement (15%)
Growth (50%)
English language proficiency (5%)
Science achievement (5%)
Chronic absenteeism (5-10%)
Climate surveys (5%)
Elementary/middle grade indicator (5%)
P-2 indicator (5%)
Fine arts indicator (0-5%)",N,Achievement,0.20
IL,Illinois,Descriptive,Y,Y,1,"Achievement (15%)
Growth (50%)
English language proficiency (5%)
Science achievement (5%)
Chronic absenteeism (5-10%)
Climate surveys (5%)
Elementary/middle grade indicator (5%)
P-2 indicator (5%)
Fine arts indicator (0-5%)",N,Growth,0.50
IL,Illinois,Descriptive,Y,Y,1,"Achievement (15%)
Growth (50%)
English language proficiency (5%)
Science achievement (5%)
Chronic absenteeism (5-10%)
Climate surveys (5%)
Elementary/middle grade indicator (5%)
P-2 indicator (5%)
Fine arts indicator (0-5%)",N,EL Proficiency,0.05
IL,Illinois,Descriptive,Y,Y,1,"Achievement (15%)
Growth (50%)
English language proficiency (5%)
Science achievement (5%)
Chronic absenteeism (5-10%)
Climate surveys (5%)
Elementary/middle grade indicator (5%)
P-2 indicator (5%)
Fine arts indicator (0-5%)",N,Chronic Absenteeism,0.05
IL,Illinois,Descriptive,Y,Y,1,"Achievement (15%)
Growth (50%)
English language proficiency (5%)
Science achievement (5%)
Chronic absenteeism (5-10%)
Climate surveys (5%)
Elementary/middle grade indicator (5%)
P-2 indicator (5%)
Fine arts indicator (0-5%)",N,Graduation Rate,NA
IL,Illinois,Descriptive,Y,Y,1,"Achievement (15%)
Growth (50%)
English language proficiency (5%)
Science achievement (5%)
Chronic absenteeism (5-10%)
Climate surveys (5%)
Elementary/middle grade indicator (5%)
P-2 indicator (5%)
Fine arts indicator (0-5%)",N,SQSS,0.20
IL,Illinois,Descriptive,Y,Y,1,"Achievement (15%)
Growth (50%)
English language proficiency (5%)
Science achievement (5%)
Chronic absenteeism (5-10%)
Climate surveys (5%)
Elementary/middle grade indicator (5%)
P-2 indicator (5%)
Fine arts indicator (0-5%)",N,Other,NA
IN,Indiana,A-F rating system,Y,Y,1,"Achievement (43 points)
Growth (43 points)
English language proficiency (10 points)
Chronic absenteeism (5 points)

In Indiana, the 0–100 point scale applied to each indicator score is also applied to the overall A-F letter grade. The A-F letter grade is based on the overall score of all indicators in the aggregate, after each indicator is weighted appropriately.",N,Achievement,0.43
IN,Indiana,A-F rating system,Y,Y,1,"Achievement (43 points)
Growth (43 points)
English language proficiency (10 points)
Chronic absenteeism (5 points)

In Indiana, the 0–100 point scale applied to each indicator score is also applied to the overall A-F letter grade. The A-F letter grade is based on the overall score of all indicators in the aggregate, after each indicator is weighted appropriately.",N,Growth,0.43
IN,Indiana,A-F rating system,Y,Y,1,"Achievement (43 points)
Growth (43 points)
English language proficiency (10 points)
Chronic absenteeism (5 points)

In Indiana, the 0–100 point scale applied to each indicator score is also applied to the overall A-F letter grade. The A-F letter grade is based on the overall score of all indicators in the aggregate, after each indicator is weighted appropriately.",N,EL Proficiency,0.10
IN,Indiana,A-F rating system,Y,Y,1,"Achievement (43 points)
Growth (43 points)
English language proficiency (10 points)
Chronic absenteeism (5 points)

In Indiana, the 0–100 point scale applied to each indicator score is also applied to the overall A-F letter grade. The A-F letter grade is based on the overall score of all indicators in the aggregate, after each indicator is weighted appropriately.",N,Chronic Absenteeism,0.05
IN,Indiana,A-F rating system,Y,Y,1,"Achievement (43 points)
Growth (43 points)
English language proficiency (10 points)
Chronic absenteeism (5 points)

In Indiana, the 0–100 point scale applied to each indicator score is also applied to the overall A-F letter grade. The A-F letter grade is based on the overall score of all indicators in the aggregate, after each indicator is weighted appropriately.",N,Graduation Rate,0.00
IN,Indiana,A-F rating system,Y,Y,1,"Achievement (43 points)
Growth (43 points)
English language proficiency (10 points)
Chronic absenteeism (5 points)

In Indiana, the 0–100 point scale applied to each indicator score is also applied to the overall A-F letter grade. The A-F letter grade is based on the overall score of all indicators in the aggregate, after each indicator is weighted appropriately.",N,SQSS,0.00
IN,Indiana,A-F rating system,Y,Y,1,"Achievement (43 points)
Growth (43 points)
English language proficiency (10 points)
Chronic absenteeism (5 points)

In Indiana, the 0–100 point scale applied to each indicator score is also applied to the overall A-F letter grade. The A-F letter grade is based on the overall score of all indicators in the aggregate, after each indicator is weighted appropriately.",N,Other,0.00
IA,Iowa,Index rating system,Y,Y,1,"Achievement (12%)
Growth (36%)
English language proficiency (10%)
Participation (10%)
Average scale scores (14%)
Conditions for learning (18%)",N,Achievement,0.12
IA,Iowa,Index rating system,Y,Y,1,"Achievement (12%)
Growth (36%)
English language proficiency (10%)
Participation (10%)
Average scale scores (14%)
Conditions for learning (18%)",N,Growth,0.36
IA,Iowa,Index rating system,Y,Y,1,"Achievement (12%)
Growth (36%)
English language proficiency (10%)
Participation (10%)
Average scale scores (14%)
Conditions for learning (18%)",N,EL Proficiency,0.10
IA,Iowa,Index rating system,Y,Y,1,"Achievement (12%)
Growth (36%)
English language proficiency (10%)
Participation (10%)
Average scale scores (14%)
Conditions for learning (18%)",N,Chronic Absenteeism,NA
IA,Iowa,Index rating system,Y,Y,1,"Achievement (12%)
Growth (36%)
English language proficiency (10%)
Participation (10%)
Average scale scores (14%)
Conditions for learning (18%)",N,Graduation Rate,NA
IA,Iowa,Index rating system,Y,Y,1,"Achievement (12%)
Growth (36%)
English language proficiency (10%)
Participation (10%)
Average scale scores (14%)
Conditions for learning (18%)",N,SQSS,0.42
IA,Iowa,Index rating system,Y,Y,1,"Achievement (12%)
Growth (36%)
English language proficiency (10%)
Participation (10%)
Average scale scores (14%)
Conditions for learning (18%)",N,Other,NA
KS,Kansas,Descriptive,Y,Y,0,"Achievement
Academic gap
English language proficiency
Student success

In Kansas, ratings are calculated for each indicator and weighted equally by the department of education. Overall ratings are determined in relation to the state median and standard deviations from the median.",N,Achievement,NA
KS,Kansas,Descriptive,Y,Y,0,"Achievement
Academic gap
English language proficiency
Student success

In Kansas, ratings are calculated for each indicator and weighted equally by the department of education. Overall ratings are determined in relation to the state median and standard deviations from the median.",N,Growth,NA
KS,Kansas,Descriptive,Y,Y,0,"Achievement
Academic gap
English language proficiency
Student success

In Kansas, ratings are calculated for each indicator and weighted equally by the department of education. Overall ratings are determined in relation to the state median and standard deviations from the median.",N,EL Proficiency,NA
KS,Kansas,Descriptive,Y,Y,0,"Achievement
Academic gap
English language proficiency
Student success

In Kansas, ratings are calculated for each indicator and weighted equally by the department of education. Overall ratings are determined in relation to the state median and standard deviations from the median.",N,Chronic Absenteeism,NA
KS,Kansas,Descriptive,Y,Y,0,"Achievement
Academic gap
English language proficiency
Student success

In Kansas, ratings are calculated for each indicator and weighted equally by the department of education. Overall ratings are determined in relation to the state median and standard deviations from the median.",N,Graduation Rate,NA
KS,Kansas,Descriptive,Y,Y,0,"Achievement
Academic gap
English language proficiency
Student success

In Kansas, ratings are calculated for each indicator and weighted equally by the department of education. Overall ratings are determined in relation to the state median and standard deviations from the median.",N,SQSS,NA
KS,Kansas,Descriptive,Y,Y,0,"Achievement
Academic gap
English language proficiency
Student success

In Kansas, ratings are calculated for each indicator and weighted equally by the department of education. Overall ratings are determined in relation to the state median and standard deviations from the median.",N,Other,NA
KY,Kentucky,1-5 stars - Elementary School,Y,N,1,"Elementary school:
Assessment results in reading and mathematics (51%)
Assessment results in science, social studies and writing (40%)
English learner progress towards proficiency (5%)
Quality of school climate and safety (4%)",N,Achievement,0.91
KY,Kentucky,1-5 stars - Elementary School,Y,N,1,"Elementary school:
Assessment results in reading and mathematics (51%)
Assessment results in science, social studies and writing (40%)
English learner progress towards proficiency (5%)
Quality of school climate and safety (4%)",N,Growth,NA
KY,Kentucky,1-5 stars - Elementary School,Y,N,1,"Elementary school:
Assessment results in reading and mathematics (51%)
Assessment results in science, social studies and writing (40%)
English learner progress towards proficiency (5%)
Quality of school climate and safety (4%)",N,EL Proficiency,0.05
KY,Kentucky,1-5 stars - Elementary School,Y,N,1,"Elementary school:
Assessment results in reading and mathematics (51%)
Assessment results in science, social studies and writing (40%)
English learner progress towards proficiency (5%)
Quality of school climate and safety (4%)",N,Chronic Absenteeism,NA
KY,Kentucky,1-5 stars - Elementary School,Y,N,1,"Elementary school:
Assessment results in reading and mathematics (51%)
Assessment results in science, social studies and writing (40%)
English learner progress towards proficiency (5%)
Quality of school climate and safety (4%)",N,Graduation Rate,NA
KY,Kentucky,1-5 stars - Elementary School,Y,N,1,"Elementary school:
Assessment results in reading and mathematics (51%)
Assessment results in science, social studies and writing (40%)
English learner progress towards proficiency (5%)
Quality of school climate and safety (4%)",N,SQSS,0.04
KY,Kentucky,1-5 stars - Elementary School,Y,N,1,"Elementary school:
Assessment results in reading and mathematics (51%)
Assessment results in science, social studies and writing (40%)
English learner progress towards proficiency (5%)
Quality of school climate and safety (4%)",N,Other,NA
KY,Kentucky,1-5 stars - Middle School,N,Y,1,"Middle school:
Assessment results in reading and mathematics (46%)
Assessment results in science, social studies and writing (45%)
English learner progress towards proficiency (5%)
Quality of school climate and safety (4%)",N,Achievement,0.91
KY,Kentucky,1-5 stars - Middle School,N,Y,1,"Middle school:
Assessment results in reading and mathematics (46%)
Assessment results in science, social studies and writing (45%)
English learner progress towards proficiency (5%)
Quality of school climate and safety (4%)",N,Growth,NA
KY,Kentucky,1-5 stars - Middle School,N,Y,1,"Middle school:
Assessment results in reading and mathematics (46%)
Assessment results in science, social studies and writing (45%)
English learner progress towards proficiency (5%)
Quality of school climate and safety (4%)",N,EL Proficiency,0.05
KY,Kentucky,1-5 stars - Middle School,N,Y,1,"Middle school:
Assessment results in reading and mathematics (46%)
Assessment results in science, social studies and writing (45%)
English learner progress towards proficiency (5%)
Quality of school climate and safety (4%)",N,Chronic Absenteeism,NA
KY,Kentucky,1-5 stars - Middle School,N,Y,1,"Middle school:
Assessment results in reading and mathematics (46%)
Assessment results in science, social studies and writing (45%)
English learner progress towards proficiency (5%)
Quality of school climate and safety (4%)",N,Graduation Rate,NA
KY,Kentucky,1-5 stars - Middle School,N,Y,1,"Middle school:
Assessment results in reading and mathematics (46%)
Assessment results in science, social studies and writing (45%)
English learner progress towards proficiency (5%)
Quality of school climate and safety (4%)",N,SQSS,0.04
KY,Kentucky,1-5 stars - Middle School,N,Y,1,"Middle school:
Assessment results in reading and mathematics (46%)
Assessment results in science, social studies and writing (45%)
English learner progress towards proficiency (5%)
Quality of school climate and safety (4%)",N,Other,NA
LA,Louisiana,A-F rating system - Elemenary School,Y,N,1,"Elementary school:
Achievement (50%)
Growth (25%)
English language proficiency (weight comes from relationship to academic content assessments)
Student success - science and social studies (25%)",N,Achievement,0.50
LA,Louisiana,A-F rating system - Elemenary School,Y,N,1,"Elementary school:
Achievement (50%)
Growth (25%)
English language proficiency (weight comes from relationship to academic content assessments)
Student success - science and social studies (25%)",N,Growth,0.25
LA,Louisiana,A-F rating system - Elemenary School,Y,N,1,"Elementary school:
Achievement (50%)
Growth (25%)
English language proficiency (weight comes from relationship to academic content assessments)
Student success - science and social studies (25%)",N,EL Proficiency,NA
LA,Louisiana,A-F rating system - Elemenary School,Y,N,1,"Elementary school:
Achievement (50%)
Growth (25%)
English language proficiency (weight comes from relationship to academic content assessments)
Student success - science and social studies (25%)",N,Chronic Absenteeism,NA
LA,Louisiana,A-F rating system - Elemenary School,Y,N,1,"Elementary school:
Achievement (50%)
Growth (25%)
English language proficiency (weight comes from relationship to academic content assessments)
Student success - science and social studies (25%)",N,Graduation Rate,NA
LA,Louisiana,A-F rating system - Elemenary School,Y,N,1,"Elementary school:
Achievement (50%)
Growth (25%)
English language proficiency (weight comes from relationship to academic content assessments)
Student success - science and social studies (25%)",N,SQSS,0.25
LA,Louisiana,A-F rating system - Elemenary School,Y,N,1,"Elementary school:
Achievement (50%)
Growth (25%)
English language proficiency (weight comes from relationship to academic content assessments)
Student success - science and social studies (25%)",N,Other,NA
LA,Louisiana,A-F rating system - Middle School,N,Y,1,"Middle school:
Achievement (47%)
Growth (25%)
English language proficiency (weight comes from relationship to academic content assessments)
Student success – science and social studies (28%)
Student success – dropout/credit accumulation (5%)",N,Achievement,0.47
LA,Louisiana,A-F rating system - Middle School,N,Y,1,"Middle school:
Achievement (47%)
Growth (25%)
English language proficiency (weight comes from relationship to academic content assessments)
Student success – science and social studies (28%)
Student success – dropout/credit accumulation (5%)",N,Growth,0.25
LA,Louisiana,A-F rating system - Middle School,N,Y,1,"Middle school:
Achievement (47%)
Growth (25%)
English language proficiency (weight comes from relationship to academic content assessments)
Student success – science and social studies (28%)
Student success – dropout/credit accumulation (5%)",N,EL Proficiency,NA
LA,Louisiana,A-F rating system - Middle School,N,Y,1,"Middle school:
Achievement (47%)
Growth (25%)
English language proficiency (weight comes from relationship to academic content assessments)
Student success – science and social studies (28%)
Student success – dropout/credit accumulation (5%)",N,Chronic Absenteeism,NA
LA,Louisiana,A-F rating system - Middle School,N,Y,1,"Middle school:
Achievement (47%)
Growth (25%)
English language proficiency (weight comes from relationship to academic content assessments)
Student success – science and social studies (28%)
Student success – dropout/credit accumulation (5%)",N,Graduation Rate,NA
LA,Louisiana,A-F rating system - Middle School,N,Y,1,"Middle school:
Achievement (47%)
Growth (25%)
English language proficiency (weight comes from relationship to academic content assessments)
Student success – science and social studies (28%)
Student success – dropout/credit accumulation (5%)",N,SQSS,0.28
LA,Louisiana,A-F rating system - Middle School,N,Y,1,"Middle school:
Achievement (47%)
Growth (25%)
English language proficiency (weight comes from relationship to academic content assessments)
Student success – science and social studies (28%)
Student success – dropout/credit accumulation (5%)",N,Other,NA
MD,Maryland,1-5 stars,Y,Y,1,"Achievement (20%)
Growth (25%)
Credit for completion of a well-rounded curriculum (10%)
English language proficiency (10%)
Chronic absenteeism (15%)
School climate (10%)
Access to a well-rounded curriculum (10%)",N,Achievement,0.20
MD,Maryland,1-5 stars,Y,Y,1,"Achievement (20%)
Growth (25%)
Credit for completion of a well-rounded curriculum (10%)
English language proficiency (10%)
Chronic absenteeism (15%)
School climate (10%)
Access to a well-rounded curriculum (10%)",N,Growth,0.25
MD,Maryland,1-5 stars,Y,Y,1,"Achievement (20%)
Growth (25%)
Credit for completion of a well-rounded curriculum (10%)
English language proficiency (10%)
Chronic absenteeism (15%)
School climate (10%)
Access to a well-rounded curriculum (10%)",N,EL Proficiency,0.10
MD,Maryland,1-5 stars,Y,Y,1,"Achievement (20%)
Growth (25%)
Credit for completion of a well-rounded curriculum (10%)
English language proficiency (10%)
Chronic absenteeism (15%)
School climate (10%)
Access to a well-rounded curriculum (10%)",N,Chronic Absenteeism,0.15
MD,Maryland,1-5 stars,Y,Y,1,"Achievement (20%)
Growth (25%)
Credit for completion of a well-rounded curriculum (10%)
English language proficiency (10%)
Chronic absenteeism (15%)
School climate (10%)
Access to a well-rounded curriculum (10%)",N,Graduation Rate,NA
MD,Maryland,1-5 stars,Y,Y,1,"Achievement (20%)
Growth (25%)
Credit for completion of a well-rounded curriculum (10%)
English language proficiency (10%)
Chronic absenteeism (15%)
School climate (10%)
Access to a well-rounded curriculum (10%)",N,SQSS,0.30
MD,Maryland,1-5 stars,Y,Y,1,"Achievement (20%)
Growth (25%)
Credit for completion of a well-rounded curriculum (10%)
English language proficiency (10%)
Chronic absenteeism (15%)
School climate (10%)
Access to a well-rounded curriculum (10%)",N,Other,NA
MA,Massachusetts,Descriptive,Y,Y,1,"Achievement (40%)
Growth (25%)
English language proficiency (10%)
SQSS (25%)",N,Achievement,0.40
MA,Massachusetts,Descriptive,Y,Y,1,"Achievement (40%)
Growth (25%)
English language proficiency (10%)
SQSS (25%)",N,Growth,0.25
MA,Massachusetts,Descriptive,Y,Y,1,"Achievement (40%)
Growth (25%)
English language proficiency (10%)
SQSS (25%)",N,EL Proficiency,0.10
MA,Massachusetts,Descriptive,Y,Y,1,"Achievement (40%)
Growth (25%)
English language proficiency (10%)
SQSS (25%)",N,Chronic Absenteeism,NA
MA,Massachusetts,Descriptive,Y,Y,1,"Achievement (40%)
Growth (25%)
English language proficiency (10%)
SQSS (25%)",N,Graduation Rate,NA
MA,Massachusetts,Descriptive,Y,Y,1,"Achievement (40%)
Growth (25%)
English language proficiency (10%)
SQSS (25%)",N,SQSS,0.25
MA,Massachusetts,Descriptive,Y,Y,1,"Achievement (40%)
Growth (25%)
English language proficiency (10%)
SQSS (25%)",N,Other,NA
MI,Michigan,A-F rating system,Y,Y,1,"Achievement (29%)
Growth (34%)
Graduation rates (10%)
English language proficiency (10%)
SQSS (14%)
Assessment participation (3%)        Academic proficiency (29%)
Academic growth (34%)
Graduation rates (10%)
English learner progress (10%)
SQSS (14%)

In Michigan, schools without a graduation rate indicator will have the weight evenly redistributed proportionally to the remaining components.",N,Achievement,0.29
MI,Michigan,A-F rating system,Y,Y,1,"Achievement (29%)
Growth (34%)
Graduation rates (10%)
English language proficiency (10%)
SQSS (14%)
Assessment participation (3%)        Academic proficiency (29%)
Academic growth (34%)
Graduation rates (10%)
English learner progress (10%)
SQSS (14%)

In Michigan, schools without a graduation rate indicator will have the weight evenly redistributed proportionally to the remaining components.",N,Growth,0.34
MI,Michigan,A-F rating system,Y,Y,1,"Achievement (29%)
Growth (34%)
Graduation rates (10%)
English language proficiency (10%)
SQSS (14%)
Assessment participation (3%)        Academic proficiency (29%)
Academic growth (34%)
Graduation rates (10%)
English learner progress (10%)
SQSS (14%)

In Michigan, schools without a graduation rate indicator will have the weight evenly redistributed proportionally to the remaining components.",N,EL Proficiency,0.10
MI,Michigan,A-F rating system,Y,Y,1,"Achievement (29%)
Growth (34%)
Graduation rates (10%)
English language proficiency (10%)
SQSS (14%)
Assessment participation (3%)        Academic proficiency (29%)
Academic growth (34%)
Graduation rates (10%)
English learner progress (10%)
SQSS (14%)

In Michigan, schools without a graduation rate indicator will have the weight evenly redistributed proportionally to the remaining components.",N,Chronic Absenteeism,NA
MI,Michigan,A-F rating system,Y,Y,1,"Achievement (29%)
Growth (34%)
Graduation rates (10%)
English language proficiency (10%)
SQSS (14%)
Assessment participation (3%)        Academic proficiency (29%)
Academic growth (34%)
Graduation rates (10%)
English learner progress (10%)
SQSS (14%)

In Michigan, schools without a graduation rate indicator will have the weight evenly redistributed proportionally to the remaining components.",N,Graduation Rate,0.10
MI,Michigan,A-F rating system,Y,Y,1,"Achievement (29%)
Growth (34%)
Graduation rates (10%)
English language proficiency (10%)
SQSS (14%)
Assessment participation (3%)        Academic proficiency (29%)
Academic growth (34%)
Graduation rates (10%)
English learner progress (10%)
SQSS (14%)

In Michigan, schools without a graduation rate indicator will have the weight evenly redistributed proportionally to the remaining components.",N,SQSS,0.14
MI,Michigan,A-F rating system,Y,Y,1,"Achievement (29%)
Growth (34%)
Graduation rates (10%)
English language proficiency (10%)
SQSS (14%)
Assessment participation (3%)        Academic proficiency (29%)
Academic growth (34%)
Graduation rates (10%)
English learner progress (10%)
SQSS (14%)

In Michigan, schools without a graduation rate indicator will have the weight evenly redistributed proportionally to the remaining components.",N,Other,0.03
MS,Mississippi,A-F rating system,Y,Y,1,"Achievement (190 points)
Growth (380 points)
English language proficiency (35 points)
Science achievement (95 points)",N,Achievement,0.41
MS,Mississippi,A-F rating system,Y,Y,1,"Achievement (190 points)
Growth (380 points)
English language proficiency (35 points)
Science achievement (95 points)",N,Growth,0.54
MS,Mississippi,A-F rating system,Y,Y,1,"Achievement (190 points)
Growth (380 points)
English language proficiency (35 points)
Science achievement (95 points)",N,EL Proficiency,0.05
MS,Mississippi,A-F rating system,Y,Y,1,"Achievement (190 points)
Growth (380 points)
English language proficiency (35 points)
Science achievement (95 points)",N,Chronic Absenteeism,0.00
MS,Mississippi,A-F rating system,Y,Y,1,"Achievement (190 points)
Growth (380 points)
English language proficiency (35 points)
Science achievement (95 points)",N,Graduation Rate,0.00
MS,Mississippi,A-F rating system,Y,Y,1,"Achievement (190 points)
Growth (380 points)
English language proficiency (35 points)
Science achievement (95 points)",N,SQSS,0.00
MS,Mississippi,A-F rating system,Y,Y,1,"Achievement (190 points)
Growth (380 points)
English language proficiency (35 points)
Science achievement (95 points)",N,Other,0.00
MO,Missouri,Index rating system,Y,Y,1,"Achievement (4 points)
Growth (3 points)
English language proficiency (2 points)
Chronic absenteeism (1 point)",N,Achievement,0.40
MO,Missouri,Index rating system,Y,Y,1,"Achievement (4 points)
Growth (3 points)
English language proficiency (2 points)
Chronic absenteeism (1 point)",N,Growth,0.30
MO,Missouri,Index rating system,Y,Y,1,"Achievement (4 points)
Growth (3 points)
English language proficiency (2 points)
Chronic absenteeism (1 point)",N,EL Proficiency,0.20
MO,Missouri,Index rating system,Y,Y,1,"Achievement (4 points)
Growth (3 points)
English language proficiency (2 points)
Chronic absenteeism (1 point)",N,Chronic Absenteeism,0.10
MO,Missouri,Index rating system,Y,Y,1,"Achievement (4 points)
Growth (3 points)
English language proficiency (2 points)
Chronic absenteeism (1 point)",N,Graduation Rate,0.00
MO,Missouri,Index rating system,Y,Y,1,"Achievement (4 points)
Growth (3 points)
English language proficiency (2 points)
Chronic absenteeism (1 point)",N,SQSS,0.00
MO,Missouri,Index rating system,Y,Y,1,"Achievement (4 points)
Growth (3 points)
English language proficiency (2 points)
Chronic absenteeism (1 point)",N,Other,0.00
MT,Montana,Federal tiers of support,Y,Y,1,"Achievement (25%)
Growth (30%)
English language proficiency (10%)
Chronic absenteeism (20%)
Science achievement (10%)
School climate (5%)",N,Achievement,0.35
MT,Montana,Federal tiers of support,Y,Y,1,"Achievement (25%)
Growth (30%)
English language proficiency (10%)
Chronic absenteeism (20%)
Science achievement (10%)
School climate (5%)",N,Growth,0.30
MT,Montana,Federal tiers of support,Y,Y,1,"Achievement (25%)
Growth (30%)
English language proficiency (10%)
Chronic absenteeism (20%)
Science achievement (10%)
School climate (5%)",N,EL Proficiency,0.10
MT,Montana,Federal tiers of support,Y,Y,1,"Achievement (25%)
Growth (30%)
English language proficiency (10%)
Chronic absenteeism (20%)
Science achievement (10%)
School climate (5%)",N,Chronic Absenteeism,0.20
MT,Montana,Federal tiers of support,Y,Y,1,"Achievement (25%)
Growth (30%)
English language proficiency (10%)
Chronic absenteeism (20%)
Science achievement (10%)
School climate (5%)",N,Graduation Rate,NA
MT,Montana,Federal tiers of support,Y,Y,1,"Achievement (25%)
Growth (30%)
English language proficiency (10%)
Chronic absenteeism (20%)
Science achievement (10%)
School climate (5%)",N,SQSS,0.05
MT,Montana,Federal tiers of support,Y,Y,1,"Achievement (25%)
Growth (30%)
English language proficiency (10%)
Chronic absenteeism (20%)
Science achievement (10%)
School climate (5%)",N,Other,NA
NE,Nebraska,Descriptive,Y,Y,NA,"Achievement
Growth
English language proficiency
Chronic absenteeism
Student improvement (3-year trend line)
Student non-proficiency (3-year trend line)
Assessment participation
Science achievement
Evidence-based analysis of state accountability system indicators

In Nebraska, schools are identified for support in stages, which gives greater weight to academic indicators in the first stage of review.",N,Achievement,Descriptive
NE,Nebraska,Descriptive,Y,Y,NA,"Achievement
Growth
English language proficiency
Chronic absenteeism
Student improvement (3-year trend line)
Student non-proficiency (3-year trend line)
Assessment participation
Science achievement
Evidence-based analysis of state accountability system indicators

In Nebraska, schools are identified for support in stages, which gives greater weight to academic indicators in the first stage of review.",N,Growth,Descriptive
NE,Nebraska,Descriptive,Y,Y,NA,"Achievement
Growth
English language proficiency
Chronic absenteeism
Student improvement (3-year trend line)
Student non-proficiency (3-year trend line)
Assessment participation
Science achievement
Evidence-based analysis of state accountability system indicators

In Nebraska, schools are identified for support in stages, which gives greater weight to academic indicators in the first stage of review.",N,EL Proficiency,Descriptive
NE,Nebraska,Descriptive,Y,Y,NA,"Achievement
Growth
English language proficiency
Chronic absenteeism
Student improvement (3-year trend line)
Student non-proficiency (3-year trend line)
Assessment participation
Science achievement
Evidence-based analysis of state accountability system indicators

In Nebraska, schools are identified for support in stages, which gives greater weight to academic indicators in the first stage of review.",N,Chronic Absenteeism,Descriptive
NE,Nebraska,Descriptive,Y,Y,NA,"Achievement
Growth
English language proficiency
Chronic absenteeism
Student improvement (3-year trend line)
Student non-proficiency (3-year trend line)
Assessment participation
Science achievement
Evidence-based analysis of state accountability system indicators

In Nebraska, schools are identified for support in stages, which gives greater weight to academic indicators in the first stage of review.",N,Graduation Rate,Descriptive
NE,Nebraska,Descriptive,Y,Y,NA,"Achievement
Growth
English language proficiency
Chronic absenteeism
Student improvement (3-year trend line)
Student non-proficiency (3-year trend line)
Assessment participation
Science achievement
Evidence-based analysis of state accountability system indicators

In Nebraska, schools are identified for support in stages, which gives greater weight to academic indicators in the first stage of review.",N,SQSS,Descriptive
NE,Nebraska,Descriptive,Y,Y,NA,"Achievement
Growth
English language proficiency
Chronic absenteeism
Student improvement (3-year trend line)
Student non-proficiency (3-year trend line)
Assessment participation
Science achievement
Evidence-based analysis of state accountability system indicators

In Nebraska, schools are identified for support in stages, which gives greater weight to academic indicators in the first stage of review.",N,Other,Descriptive
NV,Nevada,1-5 stars - Elementary School,Y,Y,100,"Elementary school:
Achievement (25 points)
Growth (35 points)
English language proficiency (10 points)
Opportunity gaps- percentage non-proficient meeting ELA and math annual growth percentile (20 points)
Student engagement (10 points)",N,Achievement,25.00
NV,Nevada,1-5 stars - Elementary School,Y,Y,100,"Elementary school:
Achievement (25 points)
Growth (35 points)
English language proficiency (10 points)
Opportunity gaps- percentage non-proficient meeting ELA and math annual growth percentile (20 points)
Student engagement (10 points)",N,Growth,55.00
NV,Nevada,1-5 stars - Elementary School,Y,Y,100,"Elementary school:
Achievement (25 points)
Growth (35 points)
English language proficiency (10 points)
Opportunity gaps- percentage non-proficient meeting ELA and math annual growth percentile (20 points)
Student engagement (10 points)",N,EL Proficiency,10.00
NV,Nevada,1-5 stars - Elementary School,Y,Y,100,"Elementary school:
Achievement (25 points)
Growth (35 points)
English language proficiency (10 points)
Opportunity gaps- percentage non-proficient meeting ELA and math annual growth percentile (20 points)
Student engagement (10 points)",N,Chronic Absenteeism,NA
NV,Nevada,1-5 stars - Elementary School,Y,Y,100,"Elementary school:
Achievement (25 points)
Growth (35 points)
English language proficiency (10 points)
Opportunity gaps- percentage non-proficient meeting ELA and math annual growth percentile (20 points)
Student engagement (10 points)",N,Graduation Rate,NA
NV,Nevada,1-5 stars - Elementary School,Y,Y,100,"Elementary school:
Achievement (25 points)
Growth (35 points)
English language proficiency (10 points)
Opportunity gaps- percentage non-proficient meeting ELA and math annual growth percentile (20 points)
Student engagement (10 points)",N,SQSS,10.00
NV,Nevada,1-5 stars - Elementary School,Y,Y,100,"Elementary school:
Achievement (25 points)
Growth (35 points)
English language proficiency (10 points)
Opportunity gaps- percentage non-proficient meeting ELA and math annual growth percentile (20 points)
Student engagement (10 points)",N,Other,NA
NV,Nevada,1-5 stars - Middle School,Y,Y,100,"Middle school:
Achievement (25 points)
Growth (30 points)
English language proficiency (10 points)
Opportunity gaps- percentage non-proficient meeting ELA and math annual growth percentile (20 points)
Student engagement (15 points)",N,Achievement,25.00
NV,Nevada,1-5 stars - Middle School,Y,Y,100,"Middle school:
Achievement (25 points)
Growth (30 points)
English language proficiency (10 points)
Opportunity gaps- percentage non-proficient meeting ELA and math annual growth percentile (20 points)
Student engagement (15 points)",N,Growth,50.00
NV,Nevada,1-5 stars - Middle School,Y,Y,100,"Middle school:
Achievement (25 points)
Growth (30 points)
English language proficiency (10 points)
Opportunity gaps- percentage non-proficient meeting ELA and math annual growth percentile (20 points)
Student engagement (15 points)",N,EL Proficiency,10.00
NV,Nevada,1-5 stars - Middle School,Y,Y,100,"Middle school:
Achievement (25 points)
Growth (30 points)
English language proficiency (10 points)
Opportunity gaps- percentage non-proficient meeting ELA and math annual growth percentile (20 points)
Student engagement (15 points)",N,Chronic Absenteeism,NA
NV,Nevada,1-5 stars - Middle School,Y,Y,100,"Middle school:
Achievement (25 points)
Growth (30 points)
English language proficiency (10 points)
Opportunity gaps- percentage non-proficient meeting ELA and math annual growth percentile (20 points)
Student engagement (15 points)",N,Graduation Rate,NA
NV,Nevada,1-5 stars - Middle School,Y,Y,100,"Middle school:
Achievement (25 points)
Growth (30 points)
English language proficiency (10 points)
Opportunity gaps- percentage non-proficient meeting ELA and math annual growth percentile (20 points)
Student engagement (15 points)",N,SQSS,15.00
NV,Nevada,1-5 stars - Middle School,Y,Y,100,"Middle school:
Achievement (25 points)
Growth (30 points)
English language proficiency (10 points)
Opportunity gaps- percentage non-proficient meeting ELA and math annual growth percentile (20 points)
Student engagement (15 points)",N,Other,NA
NH,New Hampshire,Federal tiers of support,Y,Y,1,"Achievement
Growth
English language proficiency
Equity

New Hampshire does not explicitly weight indicators, but rather uses a series of decision rules to differentiate between schools. These decision rules give the greatest weight to academic achievement and growth (in elementary and middle schools) and academic achievement and graduation rate (in high schools). Progress toward English language proficiency by English learners is weighted more than the SQSS indicators.",N,Achievement,0.36
NH,New Hampshire,Federal tiers of support,Y,Y,1,"Achievement
Growth
English language proficiency
Equity

New Hampshire does not explicitly weight indicators, but rather uses a series of decision rules to differentiate between schools. These decision rules give the greatest weight to academic achievement and growth (in elementary and middle schools) and academic achievement and graduation rate (in high schools). Progress toward English language proficiency by English learners is weighted more than the SQSS indicators.",N,Growth,0.36
NH,New Hampshire,Federal tiers of support,Y,Y,1,"Achievement
Growth
English language proficiency
Equity

New Hampshire does not explicitly weight indicators, but rather uses a series of decision rules to differentiate between schools. These decision rules give the greatest weight to academic achievement and growth (in elementary and middle schools) and academic achievement and graduation rate (in high schools). Progress toward English language proficiency by English learners is weighted more than the SQSS indicators.",N,EL Proficiency,0.18
NH,New Hampshire,Federal tiers of support,Y,Y,1,"Achievement
Growth
English language proficiency
Equity

New Hampshire does not explicitly weight indicators, but rather uses a series of decision rules to differentiate between schools. These decision rules give the greatest weight to academic achievement and growth (in elementary and middle schools) and academic achievement and graduation rate (in high schools). Progress toward English language proficiency by English learners is weighted more than the SQSS indicators.",N,Chronic Absenteeism,0.00
NH,New Hampshire,Federal tiers of support,Y,Y,1,"Achievement
Growth
English language proficiency
Equity

New Hampshire does not explicitly weight indicators, but rather uses a series of decision rules to differentiate between schools. These decision rules give the greatest weight to academic achievement and growth (in elementary and middle schools) and academic achievement and graduation rate (in high schools). Progress toward English language proficiency by English learners is weighted more than the SQSS indicators.",N,Graduation Rate,0.00
NH,New Hampshire,Federal tiers of support,Y,Y,1,"Achievement
Growth
English language proficiency
Equity

New Hampshire does not explicitly weight indicators, but rather uses a series of decision rules to differentiate between schools. These decision rules give the greatest weight to academic achievement and growth (in elementary and middle schools) and academic achievement and graduation rate (in high schools). Progress toward English language proficiency by English learners is weighted more than the SQSS indicators.",N,SQSS,0.09
NH,New Hampshire,Federal tiers of support,Y,Y,1,"Achievement
Growth
English language proficiency
Equity

New Hampshire does not explicitly weight indicators, but rather uses a series of decision rules to differentiate between schools. These decision rules give the greatest weight to academic achievement and growth (in elementary and middle schools) and academic achievement and graduation rate (in high schools). Progress toward English language proficiency by English learners is weighted more than the SQSS indicators.",N,Other,0.00
NJ,New Jersey,Descriptive,Y,Y,1,"Achievement (30%)
Growth (40%)
English language proficiency (20%)
Chronic absenteeism (10%)",N,Achievement,0.30
NJ,New Jersey,Descriptive,Y,Y,1,"Achievement (30%)
Growth (40%)
English language proficiency (20%)
Chronic absenteeism (10%)",N,Growth,0.40
NJ,New Jersey,Descriptive,Y,Y,1,"Achievement (30%)
Growth (40%)
English language proficiency (20%)
Chronic absenteeism (10%)",N,EL Proficiency,0.20
NJ,New Jersey,Descriptive,Y,Y,1,"Achievement (30%)
Growth (40%)
English language proficiency (20%)
Chronic absenteeism (10%)",N,Chronic Absenteeism,0.10
NJ,New Jersey,Descriptive,Y,Y,1,"Achievement (30%)
Growth (40%)
English language proficiency (20%)
Chronic absenteeism (10%)",N,Graduation Rate,NA
NJ,New Jersey,Descriptive,Y,Y,1,"Achievement (30%)
Growth (40%)
English language proficiency (20%)
Chronic absenteeism (10%)",N,SQSS,NA
NJ,New Jersey,Descriptive,Y,Y,1,"Achievement (30%)
Growth (40%)
English language proficiency (20%)
Chronic absenteeism (10%)",N,Other,NA
NM,New Mexico,Index rating system,Y,Y,1,"Achievement (30%)
Growth (40%)
English language proficiency (10%)
Science achievement (5%)
Chronic absenteeism (5%)
School climate (10%)",N,Achievement,0.35
NM,New Mexico,Index rating system,Y,Y,1,"Achievement (30%)
Growth (40%)
English language proficiency (10%)
Science achievement (5%)
Chronic absenteeism (5%)
School climate (10%)",N,Growth,0.40
NM,New Mexico,Index rating system,Y,Y,1,"Achievement (30%)
Growth (40%)
English language proficiency (10%)
Science achievement (5%)
Chronic absenteeism (5%)
School climate (10%)",N,EL Proficiency,0.10
NM,New Mexico,Index rating system,Y,Y,1,"Achievement (30%)
Growth (40%)
English language proficiency (10%)
Science achievement (5%)
Chronic absenteeism (5%)
School climate (10%)",N,Chronic Absenteeism,0.05
NM,New Mexico,Index rating system,Y,Y,1,"Achievement (30%)
Growth (40%)
English language proficiency (10%)
Science achievement (5%)
Chronic absenteeism (5%)
School climate (10%)",N,Graduation Rate,NA
NM,New Mexico,Index rating system,Y,Y,1,"Achievement (30%)
Growth (40%)
English language proficiency (10%)
Science achievement (5%)
Chronic absenteeism (5%)
School climate (10%)",N,SQSS,0.10
NM,New Mexico,Index rating system,Y,Y,1,"Achievement (30%)
Growth (40%)
English language proficiency (10%)
Science achievement (5%)
Chronic absenteeism (5%)
School climate (10%)",N,Other,NA
NY,New York,Federal tiers of support,Y,Y,0,"Achievement
Growth
English language proficiency
Chronic absenteeism

In New York, indicators are not weighted, but schools are identified for support through a series of steps which gives more influence to academic achievement and growth.",N,Achievement,NA
NY,New York,Federal tiers of support,Y,Y,0,"Achievement
Growth
English language proficiency
Chronic absenteeism

In New York, indicators are not weighted, but schools are identified for support through a series of steps which gives more influence to academic achievement and growth.",N,Growth,NA
NY,New York,Federal tiers of support,Y,Y,0,"Achievement
Growth
English language proficiency
Chronic absenteeism

In New York, indicators are not weighted, but schools are identified for support through a series of steps which gives more influence to academic achievement and growth.",N,EL Proficiency,NA
NY,New York,Federal tiers of support,Y,Y,0,"Achievement
Growth
English language proficiency
Chronic absenteeism

In New York, indicators are not weighted, but schools are identified for support through a series of steps which gives more influence to academic achievement and growth.",N,Chronic Absenteeism,NA
NY,New York,Federal tiers of support,Y,Y,0,"Achievement
Growth
English language proficiency
Chronic absenteeism

In New York, indicators are not weighted, but schools are identified for support through a series of steps which gives more influence to academic achievement and growth.",N,Graduation Rate,NA
NY,New York,Federal tiers of support,Y,Y,0,"Achievement
Growth
English language proficiency
Chronic absenteeism

In New York, indicators are not weighted, but schools are identified for support through a series of steps which gives more influence to academic achievement and growth.",N,SQSS,NA
NY,New York,Federal tiers of support,Y,Y,0,"Achievement
Growth
English language proficiency
Chronic absenteeism

In New York, indicators are not weighted, but schools are identified for support through a series of steps which gives more influence to academic achievement and growth.",N,Other,NA
NC,North Carolina,A-F rating system,Y,Y,0,"Achievement
Growth
English language proficiency
Science achievement

In North Carolina, schools are awarded points for the percentage of students who meet the requirements for each indicator. These scores are used to determine the final score and corresponding letter grade by using a ""composite approach",N,Achievement,NA
NC,North Carolina,A-F rating system,Y,Y,0,"Achievement
Growth
English language proficiency
Science achievement

In North Carolina, schools are awarded points for the percentage of students who meet the requirements for each indicator. These scores are used to determine the final score and corresponding letter grade by using a ""composite approach",N,Growth,NA
NC,North Carolina,A-F rating system,Y,Y,0,"Achievement
Growth
English language proficiency
Science achievement

In North Carolina, schools are awarded points for the percentage of students who meet the requirements for each indicator. These scores are used to determine the final score and corresponding letter grade by using a ""composite approach",N,EL Proficiency,NA
NC,North Carolina,A-F rating system,Y,Y,0,"Achievement
Growth
English language proficiency
Science achievement

In North Carolina, schools are awarded points for the percentage of students who meet the requirements for each indicator. These scores are used to determine the final score and corresponding letter grade by using a ""composite approach",N,Chronic Absenteeism,NA
NC,North Carolina,A-F rating system,Y,Y,0,"Achievement
Growth
English language proficiency
Science achievement

In North Carolina, schools are awarded points for the percentage of students who meet the requirements for each indicator. These scores are used to determine the final score and corresponding letter grade by using a ""composite approach",N,Graduation Rate,NA
NC,North Carolina,A-F rating system,Y,Y,0,"Achievement
Growth
English language proficiency
Science achievement

In North Carolina, schools are awarded points for the percentage of students who meet the requirements for each indicator. These scores are used to determine the final score and corresponding letter grade by using a ""composite approach",N,SQSS,NA
NC,North Carolina,A-F rating system,Y,Y,0,"Achievement
Growth
English language proficiency
Science achievement

In North Carolina, schools are awarded points for the percentage of students who meet the requirements for each indicator. These scores are used to determine the final score and corresponding letter grade by using a ""composite approach",N,Other,NA
ND,North Dakota,Index rating system,Y,Y,1,"Achievement (30%)
Growth (30%)
English language proficiency (10%)
School climate (30%)",N,Achievement,0.30
ND,North Dakota,Index rating system,Y,Y,1,"Achievement (30%)
Growth (30%)
English language proficiency (10%)
School climate (30%)",N,Growth,0.30
ND,North Dakota,Index rating system,Y,Y,1,"Achievement (30%)
Growth (30%)
English language proficiency (10%)
School climate (30%)",N,EL Proficiency,0.10
ND,North Dakota,Index rating system,Y,Y,1,"Achievement (30%)
Growth (30%)
English language proficiency (10%)
School climate (30%)",N,Chronic Absenteeism,NA
ND,North Dakota,Index rating system,Y,Y,1,"Achievement (30%)
Growth (30%)
English language proficiency (10%)
School climate (30%)",N,Graduation Rate,NA
ND,North Dakota,Index rating system,Y,Y,1,"Achievement (30%)
Growth (30%)
English language proficiency (10%)
School climate (30%)",N,SQSS,0.30
ND,North Dakota,Index rating system,Y,Y,1,"Achievement (30%)
Growth (30%)
English language proficiency (10%)
School climate (30%)",N,Other,NA
OH,Ohio,A-F rating system - K-3,Y,Y,1,"Grades K-3:
Achievement (28%)
English language proficiency (11%)
Chronic absenteeism (2%)
K-3 literacy (32%)
Gap closing (21%)
Gifted indicator (2%)
ELA indicators (2%)
Math indicators (2%)",N,Achievement,0.28
OH,Ohio,A-F rating system - K-3,Y,Y,1,"Grades K-3:
Achievement (28%)
English language proficiency (11%)
Chronic absenteeism (2%)
K-3 literacy (32%)
Gap closing (21%)
Gifted indicator (2%)
ELA indicators (2%)
Math indicators (2%)",N,Growth,NA
OH,Ohio,A-F rating system - K-3,Y,Y,1,"Grades K-3:
Achievement (28%)
English language proficiency (11%)
Chronic absenteeism (2%)
K-3 literacy (32%)
Gap closing (21%)
Gifted indicator (2%)
ELA indicators (2%)
Math indicators (2%)",N,EL Proficiency,0.11
OH,Ohio,A-F rating system - K-3,Y,Y,1,"Grades K-3:
Achievement (28%)
English language proficiency (11%)
Chronic absenteeism (2%)
K-3 literacy (32%)
Gap closing (21%)
Gifted indicator (2%)
ELA indicators (2%)
Math indicators (2%)",N,Chronic Absenteeism,0.02
OH,Ohio,A-F rating system - K-3,Y,Y,1,"Grades K-3:
Achievement (28%)
English language proficiency (11%)
Chronic absenteeism (2%)
K-3 literacy (32%)
Gap closing (21%)
Gifted indicator (2%)
ELA indicators (2%)
Math indicators (2%)",N,Graduation Rate,NA
OH,Ohio,A-F rating system - K-3,Y,Y,1,"Grades K-3:
Achievement (28%)
English language proficiency (11%)
Chronic absenteeism (2%)
K-3 literacy (32%)
Gap closing (21%)
Gifted indicator (2%)
ELA indicators (2%)
Math indicators (2%)",N,SQSS,NA
OH,Ohio,A-F rating system - K-3,Y,Y,1,"Grades K-3:
Achievement (28%)
English language proficiency (11%)
Chronic absenteeism (2%)
K-3 literacy (32%)
Gap closing (21%)
Gifted indicator (2%)
ELA indicators (2%)
Math indicators (2%)",N,Other,0.59
OH,Ohio,A-F rating system,Y,Y,1,"Grades 4-8:
Achievement (22%)
Growth (29%)
English language proficiency (10%)
Chronic absenteeism (1%)
Science achievement (6%)
Gifted indicator (1%)
ELA indicator (3%)
Math indicator (3%)
Gap closing (20%)
Science growth (6%)",N,Achievement,0.28
OH,Ohio,A-F rating system,Y,Y,1,"Grades 4-8:
Achievement (22%)
Growth (29%)
English language proficiency (10%)
Chronic absenteeism (1%)
Science achievement (6%)
Gifted indicator (1%)
ELA indicator (3%)
Math indicator (3%)
Gap closing (20%)
Science growth (6%)",N,Growth,0.35
OH,Ohio,A-F rating system,Y,Y,1,"Grades 4-8:
Achievement (22%)
Growth (29%)
English language proficiency (10%)
Chronic absenteeism (1%)
Science achievement (6%)
Gifted indicator (1%)
ELA indicator (3%)
Math indicator (3%)
Gap closing (20%)
Science growth (6%)",N,EL Proficiency,0.10
OH,Ohio,A-F rating system,Y,Y,1,"Grades 4-8:
Achievement (22%)
Growth (29%)
English language proficiency (10%)
Chronic absenteeism (1%)
Science achievement (6%)
Gifted indicator (1%)
ELA indicator (3%)
Math indicator (3%)
Gap closing (20%)
Science growth (6%)",N,Chronic Absenteeism,0.01
OH,Ohio,A-F rating system,Y,Y,1,"Grades 4-8:
Achievement (22%)
Growth (29%)
English language proficiency (10%)
Chronic absenteeism (1%)
Science achievement (6%)
Gifted indicator (1%)
ELA indicator (3%)
Math indicator (3%)
Gap closing (20%)
Science growth (6%)",N,Graduation Rate,NA
OH,Ohio,A-F rating system,Y,Y,1,"Grades 4-8:
Achievement (22%)
Growth (29%)
English language proficiency (10%)
Chronic absenteeism (1%)
Science achievement (6%)
Gifted indicator (1%)
ELA indicator (3%)
Math indicator (3%)
Gap closing (20%)
Science growth (6%)",N,SQSS,0.06
OH,Ohio,A-F rating system,Y,Y,1,"Grades 4-8:
Achievement (22%)
Growth (29%)
English language proficiency (10%)
Chronic absenteeism (1%)
Science achievement (6%)
Gifted indicator (1%)
ELA indicator (3%)
Math indicator (3%)
Gap closing (20%)
Science growth (6%)",N,Other,0.20
OK,Oklahoma,A-F rating system,Y,Y,0.9,"Achievement (30%)
Growth (30%)
English language proficiency (15%)
Chronic absenteeism (10%)
Science achievement (5%)",N,Achievement,0.35
OK,Oklahoma,A-F rating system,Y,Y,0.9,"Achievement (30%)
Growth (30%)
English language proficiency (15%)
Chronic absenteeism (10%)
Science achievement (5%)",N,Growth,0.30
OK,Oklahoma,A-F rating system,Y,Y,0.9,"Achievement (30%)
Growth (30%)
English language proficiency (15%)
Chronic absenteeism (10%)
Science achievement (5%)",N,EL Proficiency,0.15
OK,Oklahoma,A-F rating system,Y,Y,0.9,"Achievement (30%)
Growth (30%)
English language proficiency (15%)
Chronic absenteeism (10%)
Science achievement (5%)",N,Chronic Absenteeism,0.10
OK,Oklahoma,A-F rating system,Y,Y,0.9,"Achievement (30%)
Growth (30%)
English language proficiency (15%)
Chronic absenteeism (10%)
Science achievement (5%)",N,Graduation Rate,NA
OK,Oklahoma,A-F rating system,Y,Y,0.9,"Achievement (30%)
Growth (30%)
English language proficiency (15%)
Chronic absenteeism (10%)
Science achievement (5%)",N,SQSS,NA
OK,Oklahoma,A-F rating system,Y,Y,0.9,"Achievement (30%)
Growth (30%)
English language proficiency (15%)
Chronic absenteeism (10%)
Science achievement (5%)",N,Other,NA
OR,Oregon,Federal tiers of support,Y,Y,0,"Achievement
Growth
English language proficiency
Chronic absenteeism

In Oregon, the accountability system will apply additional weights to academic growth for elementary and middle schools, and to graduation for high schools.",N,Achievement,NA
OR,Oregon,Federal tiers of support,Y,Y,0,"Achievement
Growth
English language proficiency
Chronic absenteeism

In Oregon, the accountability system will apply additional weights to academic growth for elementary and middle schools, and to graduation for high schools.",N,Growth,NA
OR,Oregon,Federal tiers of support,Y,Y,0,"Achievement
Growth
English language proficiency
Chronic absenteeism

In Oregon, the accountability system will apply additional weights to academic growth for elementary and middle schools, and to graduation for high schools.",N,EL Proficiency,NA
OR,Oregon,Federal tiers of support,Y,Y,0,"Achievement
Growth
English language proficiency
Chronic absenteeism

In Oregon, the accountability system will apply additional weights to academic growth for elementary and middle schools, and to graduation for high schools.",N,Chronic Absenteeism,NA
OR,Oregon,Federal tiers of support,Y,Y,0,"Achievement
Growth
English language proficiency
Chronic absenteeism

In Oregon, the accountability system will apply additional weights to academic growth for elementary and middle schools, and to graduation for high schools.",N,Graduation Rate,NA
OR,Oregon,Federal tiers of support,Y,Y,0,"Achievement
Growth
English language proficiency
Chronic absenteeism

In Oregon, the accountability system will apply additional weights to academic growth for elementary and middle schools, and to graduation for high schools.",N,SQSS,NA
OR,Oregon,Federal tiers of support,Y,Y,0,"Achievement
Growth
English language proficiency
Chronic absenteeism

In Oregon, the accountability system will apply additional weights to academic growth for elementary and middle schools, and to graduation for high schools.",N,Other,NA
PA,Pennsylvania,Federal tiers of support,Y,Y,0,"Achievement
Growth
English language proficiency
College and career readiness
Chronic absenteeism

In Pennsylvania, a three-step process is used for annual meaningful differentiation with academic achievement and growth getting the greatest weight, then English language proficiency and graduation rates, followed by the SQSS measures, college and career readiness and chronic absenteeism.",N,Achievement,NA
PA,Pennsylvania,Federal tiers of support,Y,Y,0,"Achievement
Growth
English language proficiency
College and career readiness
Chronic absenteeism

In Pennsylvania, a three-step process is used for annual meaningful differentiation with academic achievement and growth getting the greatest weight, then English language proficiency and graduation rates, followed by the SQSS measures, college and career readiness and chronic absenteeism.",N,Growth,NA
PA,Pennsylvania,Federal tiers of support,Y,Y,0,"Achievement
Growth
English language proficiency
College and career readiness
Chronic absenteeism

In Pennsylvania, a three-step process is used for annual meaningful differentiation with academic achievement and growth getting the greatest weight, then English language proficiency and graduation rates, followed by the SQSS measures, college and career readiness and chronic absenteeism.",N,EL Proficiency,NA
PA,Pennsylvania,Federal tiers of support,Y,Y,0,"Achievement
Growth
English language proficiency
College and career readiness
Chronic absenteeism

In Pennsylvania, a three-step process is used for annual meaningful differentiation with academic achievement and growth getting the greatest weight, then English language proficiency and graduation rates, followed by the SQSS measures, college and career readiness and chronic absenteeism.",N,Chronic Absenteeism,NA
PA,Pennsylvania,Federal tiers of support,Y,Y,0,"Achievement
Growth
English language proficiency
College and career readiness
Chronic absenteeism

In Pennsylvania, a three-step process is used for annual meaningful differentiation with academic achievement and growth getting the greatest weight, then English language proficiency and graduation rates, followed by the SQSS measures, college and career readiness and chronic absenteeism.",N,Graduation Rate,NA
PA,Pennsylvania,Federal tiers of support,Y,Y,0,"Achievement
Growth
English language proficiency
College and career readiness
Chronic absenteeism

In Pennsylvania, a three-step process is used for annual meaningful differentiation with academic achievement and growth getting the greatest weight, then English language proficiency and graduation rates, followed by the SQSS measures, college and career readiness and chronic absenteeism.",N,SQSS,NA
PA,Pennsylvania,Federal tiers of support,Y,Y,0,"Achievement
Growth
English language proficiency
College and career readiness
Chronic absenteeism

In Pennsylvania, a three-step process is used for annual meaningful differentiation with academic achievement and growth getting the greatest weight, then English language proficiency and graduation rates, followed by the SQSS measures, college and career readiness and chronic absenteeism.",N,Other,NA
RI,Rhode Island,1-5 stars,Y,Y,1,"Achievement (1-4 points)
Growth (1-3 points)
English language proficiency (1-4 points)
Chronic absenteeism (1-3 points)
Teacher absenteeism (1-3 points)
Suspension rate (1-3 points)
Exceeding expectations (1-3 points)",N,Achievement,0.17
RI,Rhode Island,1-5 stars,Y,Y,1,"Achievement (1-4 points)
Growth (1-3 points)
English language proficiency (1-4 points)
Chronic absenteeism (1-3 points)
Teacher absenteeism (1-3 points)
Suspension rate (1-3 points)
Exceeding expectations (1-3 points)",N,Growth,0.13
RI,Rhode Island,1-5 stars,Y,Y,1,"Achievement (1-4 points)
Growth (1-3 points)
English language proficiency (1-4 points)
Chronic absenteeism (1-3 points)
Teacher absenteeism (1-3 points)
Suspension rate (1-3 points)
Exceeding expectations (1-3 points)",N,EL Proficiency,0.17
RI,Rhode Island,1-5 stars,Y,Y,1,"Achievement (1-4 points)
Growth (1-3 points)
English language proficiency (1-4 points)
Chronic absenteeism (1-3 points)
Teacher absenteeism (1-3 points)
Suspension rate (1-3 points)
Exceeding expectations (1-3 points)",N,Chronic Absenteeism,0.13
RI,Rhode Island,1-5 stars,Y,Y,1,"Achievement (1-4 points)
Growth (1-3 points)
English language proficiency (1-4 points)
Chronic absenteeism (1-3 points)
Teacher absenteeism (1-3 points)
Suspension rate (1-3 points)
Exceeding expectations (1-3 points)",N,Graduation Rate,0.00
RI,Rhode Island,1-5 stars,Y,Y,1,"Achievement (1-4 points)
Growth (1-3 points)
English language proficiency (1-4 points)
Chronic absenteeism (1-3 points)
Teacher absenteeism (1-3 points)
Suspension rate (1-3 points)
Exceeding expectations (1-3 points)",N,SQSS,0.39
RI,Rhode Island,1-5 stars,Y,Y,1,"Achievement (1-4 points)
Growth (1-3 points)
English language proficiency (1-4 points)
Chronic absenteeism (1-3 points)
Teacher absenteeism (1-3 points)
Suspension rate (1-3 points)
Exceeding expectations (1-3 points)",N,Other,0.00
SC,South Carolina,Descriptive,Y,Y,100,"Achievement (35 points)
Growth (35 points)
English language proficiency (10 points)
Preparing for success (10 points)
School climate (10 points)

In South Carolina, weights fluctuate based on English language sample size. Weights above are for a sample size of 20.",N,Achievement,35.00
SC,South Carolina,Descriptive,Y,Y,100,"Achievement (35 points)
Growth (35 points)
English language proficiency (10 points)
Preparing for success (10 points)
School climate (10 points)

In South Carolina, weights fluctuate based on English language sample size. Weights above are for a sample size of 20.",N,Growth,35.00
SC,South Carolina,Descriptive,Y,Y,100,"Achievement (35 points)
Growth (35 points)
English language proficiency (10 points)
Preparing for success (10 points)
School climate (10 points)

In South Carolina, weights fluctuate based on English language sample size. Weights above are for a sample size of 20.",N,EL Proficiency,10.00
SC,South Carolina,Descriptive,Y,Y,100,"Achievement (35 points)
Growth (35 points)
English language proficiency (10 points)
Preparing for success (10 points)
School climate (10 points)

In South Carolina, weights fluctuate based on English language sample size. Weights above are for a sample size of 20.",N,Chronic Absenteeism,NA
SC,South Carolina,Descriptive,Y,Y,100,"Achievement (35 points)
Growth (35 points)
English language proficiency (10 points)
Preparing for success (10 points)
School climate (10 points)

In South Carolina, weights fluctuate based on English language sample size. Weights above are for a sample size of 20.",N,Graduation Rate,NA
SC,South Carolina,Descriptive,Y,Y,100,"Achievement (35 points)
Growth (35 points)
English language proficiency (10 points)
Preparing for success (10 points)
School climate (10 points)

In South Carolina, weights fluctuate based on English language sample size. Weights above are for a sample size of 20.",N,SQSS,20.00
SC,South Carolina,Descriptive,Y,Y,100,"Achievement (35 points)
Growth (35 points)
English language proficiency (10 points)
Preparing for success (10 points)
School climate (10 points)

In South Carolina, weights fluctuate based on English language sample size. Weights above are for a sample size of 20.",N,Other,NA
SD,South Dakota,Index rating system of 1-100,Y,Y,1,"Achievement (40 points)
Growth (40 points)
English language proficiency (10 points)
Chronic absenteeism (10 points)",N,Achievement,0.40
SD,South Dakota,Index rating system of 1-100,Y,Y,1,"Achievement (40 points)
Growth (40 points)
English language proficiency (10 points)
Chronic absenteeism (10 points)",N,Growth,0.40
SD,South Dakota,Index rating system of 1-100,Y,Y,1,"Achievement (40 points)
Growth (40 points)
English language proficiency (10 points)
Chronic absenteeism (10 points)",N,EL Proficiency,0.10
SD,South Dakota,Index rating system of 1-100,Y,Y,1,"Achievement (40 points)
Growth (40 points)
English language proficiency (10 points)
Chronic absenteeism (10 points)",N,Chronic Absenteeism,0.10
SD,South Dakota,Index rating system of 1-100,Y,Y,1,"Achievement (40 points)
Growth (40 points)
English language proficiency (10 points)
Chronic absenteeism (10 points)",N,Graduation Rate,0.00
SD,South Dakota,Index rating system of 1-100,Y,Y,1,"Achievement (40 points)
Growth (40 points)
English language proficiency (10 points)
Chronic absenteeism (10 points)",N,SQSS,0.00
SD,South Dakota,Index rating system of 1-100,Y,Y,1,"Achievement (40 points)
Growth (40 points)
English language proficiency (10 points)
Chronic absenteeism (10 points)",N,Other,0.00
TN,Tennessee,A-F rating system,Y,Y,1,"Achievement (45%)
Growth (35%)
English language proficiency (10%)
Chronic absenteeism (10%)",N,Achievement,0.45
TN,Tennessee,A-F rating system,Y,Y,1,"Achievement (45%)
Growth (35%)
English language proficiency (10%)
Chronic absenteeism (10%)",N,Growth,0.35
TN,Tennessee,A-F rating system,Y,Y,1,"Achievement (45%)
Growth (35%)
English language proficiency (10%)
Chronic absenteeism (10%)",N,EL Proficiency,0.10
TN,Tennessee,A-F rating system,Y,Y,1,"Achievement (45%)
Growth (35%)
English language proficiency (10%)
Chronic absenteeism (10%)",N,Chronic Absenteeism,0.10
TN,Tennessee,A-F rating system,Y,Y,1,"Achievement (45%)
Growth (35%)
English language proficiency (10%)
Chronic absenteeism (10%)",N,Graduation Rate,NA
TN,Tennessee,A-F rating system,Y,Y,1,"Achievement (45%)
Growth (35%)
English language proficiency (10%)
Chronic absenteeism (10%)",N,SQSS,NA
TN,Tennessee,A-F rating system,Y,Y,1,"Achievement (45%)
Growth (35%)
English language proficiency (10%)
Chronic absenteeism (10%)",N,Other,NA
TX,Texas,A-F rating system,Y,Y,1,"Student achievement:
State of Texas Assessments of Academic Readiness (STAAR) (100%)
School progress:
 Academic growth
 Relative performance
Closing the gaps domain:
 Academic achievement (30%)
 Academic growth status (50%)
 English language proficiency (10%)
 Student achievement domain score: STAAR component only (10%)

In Texas, overall rating is calculated by taking the best of student achievement or school progress, weighted at 70% and the closing the gaps domain which is weighted at 30%.",N,Achievement,0.70
TX,Texas,A-F rating system,Y,Y,1,"Student achievement:
State of Texas Assessments of Academic Readiness (STAAR) (100%)
School progress:
 Academic growth
 Relative performance
Closing the gaps domain:
 Academic achievement (30%)
 Academic growth status (50%)
 English language proficiency (10%)
 Student achievement domain score: STAAR component only (10%)

In Texas, overall rating is calculated by taking the best of student achievement or school progress, weighted at 70% and the closing the gaps domain which is weighted at 30%.",N,Growth,0.30
TX,Texas,A-F rating system,Y,Y,1,"Student achievement:
State of Texas Assessments of Academic Readiness (STAAR) (100%)
School progress:
 Academic growth
 Relative performance
Closing the gaps domain:
 Academic achievement (30%)
 Academic growth status (50%)
 English language proficiency (10%)
 Student achievement domain score: STAAR component only (10%)

In Texas, overall rating is calculated by taking the best of student achievement or school progress, weighted at 70% and the closing the gaps domain which is weighted at 30%.",N,EL Proficiency,NA
TX,Texas,A-F rating system,Y,Y,1,"Student achievement:
State of Texas Assessments of Academic Readiness (STAAR) (100%)
School progress:
 Academic growth
 Relative performance
Closing the gaps domain:
 Academic achievement (30%)
 Academic growth status (50%)
 English language proficiency (10%)
 Student achievement domain score: STAAR component only (10%)

In Texas, overall rating is calculated by taking the best of student achievement or school progress, weighted at 70% and the closing the gaps domain which is weighted at 30%.",N,Chronic Absenteeism,NA
TX,Texas,A-F rating system,Y,Y,1,"Student achievement:
State of Texas Assessments of Academic Readiness (STAAR) (100%)
School progress:
 Academic growth
 Relative performance
Closing the gaps domain:
 Academic achievement (30%)
 Academic growth status (50%)
 English language proficiency (10%)
 Student achievement domain score: STAAR component only (10%)

In Texas, overall rating is calculated by taking the best of student achievement or school progress, weighted at 70% and the closing the gaps domain which is weighted at 30%.",N,Graduation Rate,NA
TX,Texas,A-F rating system,Y,Y,1,"Student achievement:
State of Texas Assessments of Academic Readiness (STAAR) (100%)
School progress:
 Academic growth
 Relative performance
Closing the gaps domain:
 Academic achievement (30%)
 Academic growth status (50%)
 English language proficiency (10%)
 Student achievement domain score: STAAR component only (10%)

In Texas, overall rating is calculated by taking the best of student achievement or school progress, weighted at 70% and the closing the gaps domain which is weighted at 30%.",N,SQSS,NA
TX,Texas,A-F rating system,Y,Y,1,"Student achievement:
State of Texas Assessments of Academic Readiness (STAAR) (100%)
School progress:
 Academic growth
 Relative performance
Closing the gaps domain:
 Academic achievement (30%)
 Academic growth status (50%)
 English language proficiency (10%)
 Student achievement domain score: STAAR component only (10%)

In Texas, overall rating is calculated by taking the best of student achievement or school progress, weighted at 70% and the closing the gaps domain which is weighted at 30%.",N,Other,NA
UT,Utah,A-F rating system,Y,Y,1,"Achievement (37%)
Growth (37%)
English learner progress (9%)
Academic growth of lowest performing 25% of students (17%)",N,Achievement,0.37
UT,Utah,A-F rating system,Y,Y,1,"Achievement (37%)
Growth (37%)
English learner progress (9%)
Academic growth of lowest performing 25% of students (17%)",N,Growth,0.54
UT,Utah,A-F rating system,Y,Y,1,"Achievement (37%)
Growth (37%)
English learner progress (9%)
Academic growth of lowest performing 25% of students (17%)",N,EL Proficiency,0.09
UT,Utah,A-F rating system,Y,Y,1,"Achievement (37%)
Growth (37%)
English learner progress (9%)
Academic growth of lowest performing 25% of students (17%)",N,Chronic Absenteeism,NA
UT,Utah,A-F rating system,Y,Y,1,"Achievement (37%)
Growth (37%)
English learner progress (9%)
Academic growth of lowest performing 25% of students (17%)",N,Graduation Rate,NA
UT,Utah,A-F rating system,Y,Y,1,"Achievement (37%)
Growth (37%)
English learner progress (9%)
Academic growth of lowest performing 25% of students (17%)",N,SQSS,NA
UT,Utah,A-F rating system,Y,Y,1,"Achievement (37%)
Growth (37%)
English learner progress (9%)
Academic growth of lowest performing 25% of students (17%)",N,Other,NA
VT,Vermont,Descriptive,Y,Y,1,"Achievement (35%)
Growth (35%)
English language proficiency (10%)
Science achievement (10%)
Physical education (10%)",N,Achievement,0.45
VT,Vermont,Descriptive,Y,Y,1,"Achievement (35%)
Growth (35%)
English language proficiency (10%)
Science achievement (10%)
Physical education (10%)",N,Growth,0.35
VT,Vermont,Descriptive,Y,Y,1,"Achievement (35%)
Growth (35%)
English language proficiency (10%)
Science achievement (10%)
Physical education (10%)",N,EL Proficiency,0.10
VT,Vermont,Descriptive,Y,Y,1,"Achievement (35%)
Growth (35%)
English language proficiency (10%)
Science achievement (10%)
Physical education (10%)",N,Chronic Absenteeism,NA
VT,Vermont,Descriptive,Y,Y,1,"Achievement (35%)
Growth (35%)
English language proficiency (10%)
Science achievement (10%)
Physical education (10%)",N,Graduation Rate,NA
VT,Vermont,Descriptive,Y,Y,1,"Achievement (35%)
Growth (35%)
English language proficiency (10%)
Science achievement (10%)
Physical education (10%)",N,SQSS,NA
VT,Vermont,Descriptive,Y,Y,1,"Achievement (35%)
Growth (35%)
English language proficiency (10%)
Science achievement (10%)
Physical education (10%)",N,Other,0.10
VA,Virginia,Federal tiers of support,Y,Y,0,"Achievement
Growth
English language proficiency
Chronic absenteeism
School accreditation rating        Achievement
English language proficiency
Graduation rates
Chronic absenteeism

Virginia’s system of annual meaningful differentiation prioritizes indicators based on the multi-step methodology. In Step 1, achievement and growth are given the greatest weight in the system. In Step 2, English language progress is given significant but less weight than the indicators in Step 1. In Step 3, the indicators of SQSS carry the least weight in the system.",N,Achievement,NA
VA,Virginia,Federal tiers of support,Y,Y,0,"Achievement
Growth
English language proficiency
Chronic absenteeism
School accreditation rating        Achievement
English language proficiency
Graduation rates
Chronic absenteeism

Virginia’s system of annual meaningful differentiation prioritizes indicators based on the multi-step methodology. In Step 1, achievement and growth are given the greatest weight in the system. In Step 2, English language progress is given significant but less weight than the indicators in Step 1. In Step 3, the indicators of SQSS carry the least weight in the system.",N,Growth,NA
VA,Virginia,Federal tiers of support,Y,Y,0,"Achievement
Growth
English language proficiency
Chronic absenteeism
School accreditation rating        Achievement
English language proficiency
Graduation rates
Chronic absenteeism

Virginia’s system of annual meaningful differentiation prioritizes indicators based on the multi-step methodology. In Step 1, achievement and growth are given the greatest weight in the system. In Step 2, English language progress is given significant but less weight than the indicators in Step 1. In Step 3, the indicators of SQSS carry the least weight in the system.",N,EL Proficiency,NA
VA,Virginia,Federal tiers of support,Y,Y,0,"Achievement
Growth
English language proficiency
Chronic absenteeism
School accreditation rating        Achievement
English language proficiency
Graduation rates
Chronic absenteeism

Virginia’s system of annual meaningful differentiation prioritizes indicators based on the multi-step methodology. In Step 1, achievement and growth are given the greatest weight in the system. In Step 2, English language progress is given significant but less weight than the indicators in Step 1. In Step 3, the indicators of SQSS carry the least weight in the system.",N,Chronic Absenteeism,NA
VA,Virginia,Federal tiers of support,Y,Y,0,"Achievement
Growth
English language proficiency
Chronic absenteeism
School accreditation rating        Achievement
English language proficiency
Graduation rates
Chronic absenteeism

Virginia’s system of annual meaningful differentiation prioritizes indicators based on the multi-step methodology. In Step 1, achievement and growth are given the greatest weight in the system. In Step 2, English language progress is given significant but less weight than the indicators in Step 1. In Step 3, the indicators of SQSS carry the least weight in the system.",N,Graduation Rate,NA
VA,Virginia,Federal tiers of support,Y,Y,0,"Achievement
Growth
English language proficiency
Chronic absenteeism
School accreditation rating        Achievement
English language proficiency
Graduation rates
Chronic absenteeism

Virginia’s system of annual meaningful differentiation prioritizes indicators based on the multi-step methodology. In Step 1, achievement and growth are given the greatest weight in the system. In Step 2, English language progress is given significant but less weight than the indicators in Step 1. In Step 3, the indicators of SQSS carry the least weight in the system.",N,SQSS,NA
VA,Virginia,Federal tiers of support,Y,Y,0,"Achievement
Growth
English language proficiency
Chronic absenteeism
School accreditation rating        Achievement
English language proficiency
Graduation rates
Chronic absenteeism

Virginia’s system of annual meaningful differentiation prioritizes indicators based on the multi-step methodology. In Step 1, achievement and growth are given the greatest weight in the system. In Step 2, English language progress is given significant but less weight than the indicators in Step 1. In Step 3, the indicators of SQSS carry the least weight in the system.",N,Other,NA
WA,Washington,Index rating system 1-10,Y,Y,1,"Achievement (15-20%)
Growth (0-55%)
English language proficiency (5%)
SQSS (averaged) (5-15%):
Chronic absenteeism

In Washington, weight ranges depending on missing indicators due to grade level or small sample size.",N,Achievement,0.20
WA,Washington,Index rating system 1-10,Y,Y,1,"Achievement (15-20%)
Growth (0-55%)
English language proficiency (5%)
SQSS (averaged) (5-15%):
Chronic absenteeism

In Washington, weight ranges depending on missing indicators due to grade level or small sample size.",N,Growth,0.55
WA,Washington,Index rating system 1-10,Y,Y,1,"Achievement (15-20%)
Growth (0-55%)
English language proficiency (5%)
SQSS (averaged) (5-15%):
Chronic absenteeism

In Washington, weight ranges depending on missing indicators due to grade level or small sample size.",N,EL Proficiency,0.05
WA,Washington,Index rating system 1-10,Y,Y,1,"Achievement (15-20%)
Growth (0-55%)
English language proficiency (5%)
SQSS (averaged) (5-15%):
Chronic absenteeism

In Washington, weight ranges depending on missing indicators due to grade level or small sample size.",N,Chronic Absenteeism,0.05
WA,Washington,Index rating system 1-10,Y,Y,1,"Achievement (15-20%)
Growth (0-55%)
English language proficiency (5%)
SQSS (averaged) (5-15%):
Chronic absenteeism

In Washington, weight ranges depending on missing indicators due to grade level or small sample size.",N,Graduation Rate,NA
WA,Washington,Index rating system 1-10,Y,Y,1,"Achievement (15-20%)
Growth (0-55%)
English language proficiency (5%)
SQSS (averaged) (5-15%):
Chronic absenteeism

In Washington, weight ranges depending on missing indicators due to grade level or small sample size.",N,SQSS,0.15
WA,Washington,Index rating system 1-10,Y,Y,1,"Achievement (15-20%)
Growth (0-55%)
English language proficiency (5%)
SQSS (averaged) (5-15%):
Chronic absenteeism

In Washington, weight ranges depending on missing indicators due to grade level or small sample size.",N,Other,NA
WV,West Virginia,Descriptive,Y,Y,1,"Achievement
Growth
English language proficiency
Chronic absenteeism
Behavior (school discipline)

In West Virginia, the weights for elementary/middle school are achievement, growth and English language proficiency: 71% and SQSS: 29%.",N,Achievement,0.30
WV,West Virginia,Descriptive,Y,Y,1,"Achievement
Growth
English language proficiency
Chronic absenteeism
Behavior (school discipline)

In West Virginia, the weights for elementary/middle school are achievement, growth and English language proficiency: 71% and SQSS: 29%.",N,Growth,0.30
WV,West Virginia,Descriptive,Y,Y,1,"Achievement
Growth
English language proficiency
Chronic absenteeism
Behavior (school discipline)

In West Virginia, the weights for elementary/middle school are achievement, growth and English language proficiency: 71% and SQSS: 29%.",N,EL Proficiency,0.11
WV,West Virginia,Descriptive,Y,Y,1,"Achievement
Growth
English language proficiency
Chronic absenteeism
Behavior (school discipline)

In West Virginia, the weights for elementary/middle school are achievement, growth and English language proficiency: 71% and SQSS: 29%.",N,Chronic Absenteeism,NA
WV,West Virginia,Descriptive,Y,Y,1,"Achievement
Growth
English language proficiency
Chronic absenteeism
Behavior (school discipline)

In West Virginia, the weights for elementary/middle school are achievement, growth and English language proficiency: 71% and SQSS: 29%.",N,Graduation Rate,NA
WV,West Virginia,Descriptive,Y,Y,1,"Achievement
Growth
English language proficiency
Chronic absenteeism
Behavior (school discipline)

In West Virginia, the weights for elementary/middle school are achievement, growth and English language proficiency: 71% and SQSS: 29%.",N,SQSS,0.29
WV,West Virginia,Descriptive,Y,Y,1,"Achievement
Growth
English language proficiency
Chronic absenteeism
Behavior (school discipline)

In West Virginia, the weights for elementary/middle school are achievement, growth and English language proficiency: 71% and SQSS: 29%.",N,Other,NA
WI,Wisconsin,Index rating system,Y,Y,1,"Achievement (38-43%)
Growth (38-43%)
English language proficiency (5-10%)
Chronic absenteeism (15%)

In Wisconsin, weight ranges are based on the number of English learners in the school.",N,Achievement,0.38
WI,Wisconsin,Index rating system,Y,Y,1,"Achievement (38-43%)
Growth (38-43%)
English language proficiency (5-10%)
Chronic absenteeism (15%)

In Wisconsin, weight ranges are based on the number of English learners in the school.",N,Growth,0.38
WI,Wisconsin,Index rating system,Y,Y,1,"Achievement (38-43%)
Growth (38-43%)
English language proficiency (5-10%)
Chronic absenteeism (15%)

In Wisconsin, weight ranges are based on the number of English learners in the school.",N,EL Proficiency,0.10
WI,Wisconsin,Index rating system,Y,Y,1,"Achievement (38-43%)
Growth (38-43%)
English language proficiency (5-10%)
Chronic absenteeism (15%)

In Wisconsin, weight ranges are based on the number of English learners in the school.",N,Chronic Absenteeism,0.14
WI,Wisconsin,Index rating system,Y,Y,1,"Achievement (38-43%)
Growth (38-43%)
English language proficiency (5-10%)
Chronic absenteeism (15%)

In Wisconsin, weight ranges are based on the number of English learners in the school.",N,Graduation Rate,NA
WI,Wisconsin,Index rating system,Y,Y,1,"Achievement (38-43%)
Growth (38-43%)
English language proficiency (5-10%)
Chronic absenteeism (15%)

In Wisconsin, weight ranges are based on the number of English learners in the school.",N,SQSS,NA
WI,Wisconsin,Index rating system,Y,Y,1,"Achievement (38-43%)
Growth (38-43%)
English language proficiency (5-10%)
Chronic absenteeism (15%)

In Wisconsin, weight ranges are based on the number of English learners in the school.",N,Other,NA
WY,Wyoming,Descriptive,Y,Y,1,"Achievement (25%)
Growth (25%)
English language proficiency (25%)
Equity (25%)",N,Achievement,0.25
WY,Wyoming,Descriptive,Y,Y,1,"Achievement (25%)
Growth (25%)
English language proficiency (25%)
Equity (25%)",N,Growth,0.25
WY,Wyoming,Descriptive,Y,Y,1,"Achievement (25%)
Growth (25%)
English language proficiency (25%)
Equity (25%)",N,EL Proficiency,0.25
WY,Wyoming,Descriptive,Y,Y,1,"Achievement (25%)
Growth (25%)
English language proficiency (25%)
Equity (25%)",N,Chronic Absenteeism,NA
WY,Wyoming,Descriptive,Y,Y,1,"Achievement (25%)
Growth (25%)
English language proficiency (25%)
Equity (25%)",N,Graduation Rate,NA
WY,Wyoming,Descriptive,Y,Y,1,"Achievement (25%)
Growth (25%)
English language proficiency (25%)
Equity (25%)",N,SQSS,NA
WY,Wyoming,Descriptive,Y,Y,1,"Achievement (25%)
Growth (25%)
English language proficiency (25%)
Equity (25%)",N,Other,0.25
