Year,Jurisdiction,Subject,Grade,Subgroup,Mean,25th Percentile,50th Percentile,75th Percentile,Standard Deviation,Cumulative achievement level - Below Basic,Discrete achievement level - At Basic,Cumulative achievement level - At or above Basic,Discrete achievement level - At Proficient,Cumulative achievement level - At or above Proficient,Discrete achievement level - At Advanced,Cumulative achievement level - At Advanced
2011,AL,Mathematics,4,All,231.29,213.59,232.49,250.70,28.27,25.37,47.34,74.63,24.71,27.29,2.57,2.57
2011,AK,Mathematics,4,All,236.36,217.13,238.92,258.11,31.36,22.20,41.24,77.80,30.91,36.56,5.66,5.66
2011,AZ,Mathematics,4,All,235.16,216.46,237.01,256.14,29.82,22.65,43.76,77.35,29.20,33.58,4.38,4.38
2011,AR,Mathematics,4,All,237.81,219.68,239.94,258.05,28.76,19.48,43.24,80.52,32.81,37.28,4.47,4.47
2011,CA,Mathematics,4,All,234.16,212.71,235.36,256.98,32.32,26.17,40.03,73.83,27.50,33.80,6.30,6.30
2011,CO,Mathematics,4,All,244.46,225.10,246.64,265.18,30.51,15.67,37.50,84.33,37.19,46.84,9.65,9.65
2011,CT,Mathematics,4,All,242.41,222.67,245.57,264.17,30.70,18.13,36.42,81.87,37.21,45.45,8.24,8.24
2011,DE,Mathematics,4,All,240.36,223.37,241.40,258.90,26.85,16.28,45.15,83.72,33.56,38.57,5.00,5.00
2011,DC,Mathematics,4,All,221.81,198.59,222.31,245.16,35.05,40.19,38.25,59.81,17.49,21.56,4.08,4.08
2011,FL,Mathematics,4,All,239.83,222.27,240.65,258.31,27.14,16.44,46.22,83.56,31.91,37.34,5.43,5.43
2011,GA,Mathematics,4,All,238.37,218.89,238.95,259.10,29.35,20.40,42.60,79.60,30.67,37.00,6.33,6.33
2011,HI,Mathematics,4,All,238.82,220.40,241.36,260.70,31.46,19.56,40.76,80.44,33.29,39.68,6.39,6.39
2011,ID,Mathematics,4,All,240.33,222.47,241.83,259.67,27.54,16.92,43.61,83.08,34.12,39.47,5.35,5.35
2011,IL,Mathematics,4,All,238.84,219.09,239.94,260.16,30.53,20.20,41.46,79.80,31.41,38.34,6.93,6.93
2011,IN,Mathematics,4,All,243.84,226.95,245.00,262.19,27.18,13.43,42.50,86.57,37.06,44.07,7.01,7.01
2011,IA,Mathematics,4,All,242.60,225.87,244.59,261.07,26.87,14.32,42.57,85.68,37.37,43.11,5.73,5.73
2011,KS,Mathematics,4,All,246.26,230.41,247.62,263.43,25.21,10.12,42.21,89.88,40.86,47.66,6.80,6.80
2011,KY,Mathematics,4,All,240.83,223.71,241.61,258.89,26.41,15.23,45.93,84.77,33.55,38.85,5.30,5.30
2011,LA,Mathematics,4,All,230.78,212.35,231.56,249.75,27.17,26.88,47.27,73.12,23.59,25.86,2.26,2.26
2011,ME,Mathematics,4,All,244.26,227.28,245.74,263.13,27.10,13.26,41.75,86.74,37.76,44.99,7.23,7.23
2011,MD,Mathematics,4,All,247.11,226.52,247.14,267.90,29.91,13.79,38.59,86.21,35.12,47.62,12.50,12.50
2011,MA,Mathematics,4,All,253.40,236.74,254.73,271.68,26.28,7.45,34.10,92.55,44.98,58.45,13.47,13.47
2011,MI,Mathematics,4,All,236.40,217.19,237.96,256.75,29.28,21.76,43.45,78.24,30.03,34.79,4.76,4.76
2011,MN,Mathematics,4,All,249.19,231.27,251.20,269.61,29.53,11.96,35.11,88.04,41.15,52.93,11.79,11.79
2011,MS,Mathematics,4,All,229.87,211.65,230.67,249.10,27.59,27.59,47.32,72.41,22.96,25.08,2.12,2.12
2011,MO,Mathematics,4,All,240.49,222.53,242.85,260.85,28.71,17.29,41.30,82.71,35.85,41.41,5.56,5.56
2011,MT,Mathematics,4,All,243.80,228.04,245.99,262.11,26.38,13.20,41.51,86.80,39.91,45.29,5.39,5.39
2011,NE,Mathematics,4,All,239.80,221.71,241.80,259.62,28.17,17.48,43.10,82.52,34.30,39.42,5.12,5.12
2011,NV,Mathematics,4,All,237.03,218.29,238.59,256.91,28.48,20.89,43.43,79.11,31.08,35.67,4.60,4.60
2011,NH,Mathematics,4,All,251.78,236.20,253.60,268.91,25.19,7.57,35.22,92.43,46.68,57.21,10.53,10.53
2011,NJ,Mathematics,4,All,248.00,231.31,249.60,266.88,27.54,10.97,38.28,89.03,40.91,50.75,9.84,9.84
2011,NM,Mathematics,4,All,232.84,213.93,233.82,252.72,28.89,25.05,45.44,74.95,25.68,29.51,3.83,3.83
2011,NY,Mathematics,4,All,237.52,218.92,239.01,257.37,28.99,20.21,43.92,79.79,30.48,35.87,5.39,5.39
2011,NC,Mathematics,4,All,244.52,227.39,245.33,262.66,25.98,11.78,43.96,88.22,37.52,44.26,6.74,6.74
2011,ND,Mathematics,4,All,245.16,229.96,246.99,261.62,24.60,10.31,43.28,89.69,40.97,46.41,5.43,5.43
2011,OH,Mathematics,4,All,244.04,226.44,245.81,263.33,27.36,13.89,40.80,86.11,38.42,45.31,6.89,6.89
2011,OK,Mathematics,4,All,237.43,221.16,238.54,254.98,25.01,17.23,49.29,82.77,30.62,33.48,2.86,2.86
2011,OR,Mathematics,4,All,236.91,216.18,238.04,258.59,30.66,22.74,40.65,77.26,30.32,36.61,6.29,6.29
2011,PA,Mathematics,4,All,245.65,227.97,247.67,265.69,28.35,13.37,38.76,86.63,38.78,47.88,9.10,9.10
2011,RI,Mathematics,4,All,241.62,224.03,243.97,262.17,29.88,16.16,41.08,83.84,35.66,42.77,7.11,7.11
2011,SC,Mathematics,4,All,237.30,217.92,238.10,258.10,29.04,20.88,43.05,79.12,30.65,36.07,5.43,5.43
2011,SD,Mathematics,4,All,240.98,225.18,242.55,258.78,26.04,14.44,45.55,85.56,35.68,40.01,4.33,4.33
2011,TN,Mathematics,4,All,232.90,214.31,233.86,252.81,29.05,24.70,45.78,75.30,25.82,29.52,3.69,3.69
2011,TX,Mathematics,4,All,241.10,224.43,241.90,258.53,25.60,14.83,46.15,85.17,34.15,39.02,4.87,4.87
2011,UT,Mathematics,4,All,242.54,224.64,244.29,262.39,28.28,15.28,41.72,84.72,35.91,43.00,7.09,7.09
2011,VT,Mathematics,4,All,246.64,230.48,248.41,264.95,26.85,11.36,39.50,88.64,41.27,49.14,7.87,7.87
2011,VA,Mathematics,4,All,245.33,226.98,246.11,264.19,27.53,12.78,41.35,87.22,37.21,45.87,8.66,8.66
2011,WA,Mathematics,4,All,243.18,223.88,245.27,264.64,30.55,16.69,38.53,83.31,35.77,44.78,9.01,9.01
2011,WV,Mathematics,4,All,234.66,216.89,235.82,253.46,27.40,21.88,46.92,78.12,27.88,31.19,3.31,3.31
2011,WI,Mathematics,4,All,244.69,226.57,246.67,264.57,28.29,13.97,39.18,86.03,38.83,46.84,8.02,8.02
2011,WY,Mathematics,4,All,243.87,227.69,245.27,261.22,25.20,12.12,43.97,87.88,38.48,43.92,5.44,5.44
2011,AL,Mathematics,4,White,239.97,224.58,241.13,257.30,25.74,14.14,48.40,85.86,33.67,37.46,3.79,3.79
2011,AK,Mathematics,4,White,247.78,231.38,248.76,265.61,25.74,9.76,40.39,90.24,41.27,49.85,8.59,8.59
2011,AZ,Mathematics,4,White,246.36,230.10,248.01,264.97,26.81,11.23,40.15,88.77,40.84,48.63,7.79,7.79
2011,AR,Mathematics,4,White,244.35,228.87,245.78,262.64,26.08,11.61,43.23,88.39,39.46,45.16,5.70,5.70
2011,CA,Mathematics,4,White,251.64,235.96,253.46,269.83,26.96,8.31,34.26,91.69,45.87,57.43,11.56,11.56
2011,CO,Mathematics,4,White,254.11,237.53,255.45,271.93,26.84,7.07,32.72,92.93,46.46,60.21,13.75,13.75
2011,CT,Mathematics,4,White,253.29,238.02,255.13,270.44,25.22,6.56,33.60,93.44,48.48,59.84,11.36,11.36
2011,DE,Mathematics,4,White,249.77,235.22,250.85,266.09,23.77,7.26,39.65,92.74,45.68,53.09,7.42,7.42
2011,DC,Mathematics,4,White,272.04,257.53,272.82,287.57,23.89,1.26,14.48,98.74,51.13,84.26,33.12,33.12
2011,FL,Mathematics,4,White,249.69,233.88,250.23,266.65,24.55,7.53,40.42,92.47,43.38,52.05,8.68,8.68
2011,GA,Mathematics,4,White,248.81,232.27,249.85,266.90,26.33,9.40,39.33,90.60,41.75,51.27,9.53,9.53
2011,HI,Mathematics,4,White,248.30,231.96,250.58,268.77,29.06,10.65,36.61,89.35,43.06,52.73,9.68,9.68
2011,ID,Mathematics,4,White,244.22,227.63,245.68,262.44,25.79,12.39,43.26,87.61,38.23,44.35,6.12,6.12
2011,IL,Mathematics,4,White,248.71,231.58,250.06,267.20,27.25,10.18,38.37,89.82,41.59,51.45,9.86,9.86
2011,IN,Mathematics,4,White,248.51,232.34,249.41,265.53,25.51,8.76,40.42,91.24,42.22,50.83,8.61,8.61
2011,IA,Mathematics,4,White,245.54,230.24,247.09,262.87,25.56,11.09,41.91,88.91,40.57,47.00,6.43,6.43
2011,KS,Mathematics,4,White,251.09,236.66,252.50,266.78,23.88,6.72,37.06,93.28,47.71,56.22,8.51,8.51
2011,KY,Mathematics,4,White,242.53,225.90,243.26,260.28,25.86,13.38,45.34,86.62,35.67,41.28,5.61,5.61
2011,LA,Mathematics,4,White,241.42,225.79,242.70,258.58,24.71,13.42,46.95,86.58,35.77,39.62,3.86,3.86
2011,ME,Mathematics,4,White,245.77,229.11,246.88,263.79,26.06,11.38,41.94,88.62,39.13,46.68,7.55,7.55
2011,MD,Mathematics,4,White,257.84,240.10,258.92,275.86,26.61,5.60,30.73,94.40,45.36,63.67,18.31,18.31
2011,MA,Mathematics,4,White,258.21,243.01,259.14,274.19,23.25,3.83,29.66,96.17,51.33,66.51,15.18,15.18
2011,MI,Mathematics,4,White,241.90,224.91,243.36,259.96,26.40,14.35,44.65,85.65,35.83,41.00,5.17,5.17
2011,MN,Mathematics,4,White,255.09,238.21,256.37,273.10,26.26,6.28,33.34,93.72,46.26,60.38,14.12,14.12
2011,MS,Mathematics,4,White,240.70,224.60,241.75,258.02,24.63,13.55,48.09,86.45,34.97,38.36,3.39,3.39
2011,MO,Mathematics,4,White,246.12,229.95,247.86,263.79,25.52,10.64,41.18,89.36,41.58,48.18,6.59,6.59
2011,MT,Mathematics,4,White,247.42,232.30,248.90,264.16,24.15,8.95,41.17,91.05,43.73,49.88,6.14,6.14
2011,NE,Mathematics,4,White,246.54,231.01,248.06,263.81,25.40,9.98,41.58,90.02,41.87,48.43,6.56,6.56
2011,NV,Mathematics,4,White,246.82,230.09,247.95,265.00,25.78,10.62,40.99,89.38,40.65,48.39,7.74,7.74
2011,NH,Mathematics,4,White,252.47,237.54,254.27,269.17,24.59,6.76,34.69,93.24,48.12,58.55,10.43,10.43
2011,NJ,Mathematics,4,White,255.92,242.04,256.73,271.20,23.54,4.59,31.40,95.41,51.68,64.01,12.32,12.32
2011,NM,Mathematics,4,White,246.64,230.27,247.95,264.54,25.99,10.58,41.41,89.42,40.29,48.01,7.72,7.72
2011,NY,Mathematics,4,White,245.34,229.15,246.79,262.65,25.86,11.22,42.51,88.78,39.52,46.27,6.76,6.76
2011,NC,Mathematics,4,White,253.08,238.02,254.23,269.54,23.64,5.14,36.36,94.86,48.50,58.50,10.00,10.00
2011,ND,Mathematics,4,White,248.80,234.64,249.88,263.62,22.21,6.19,42.25,93.81,45.55,51.56,6.01,6.01
2011,OH,Mathematics,4,White,249.09,233.38,250.66,266.46,25.07,8.82,38.58,91.18,44.48,52.61,8.12,8.12
2011,OK,Mathematics,4,White,242.88,227.58,243.82,259.10,22.82,10.72,48.17,89.28,37.80,41.11,3.31,3.31
2011,OR,Mathematics,4,White,242.67,223.85,244.02,262.70,28.31,15.77,40.90,84.23,35.94,43.33,7.39,7.39
2011,PA,Mathematics,4,White,251.43,235.04,252.96,269.17,25.37,7.82,36.21,92.18,45.15,55.96,10.81,10.81
2011,RI,Mathematics,4,White,249.34,233.12,251.14,267.50,26.49,8.82,38.13,91.18,43.54,53.05,9.51,9.51
2011,SC,Mathematics,4,White,248.45,232.10,250.24,266.88,26.16,9.66,38.63,90.34,42.76,51.71,8.95,8.95
2011,SD,Mathematics,4,White,245.63,230.56,246.61,261.48,23.31,8.86,45.30,91.14,40.76,45.84,5.07,5.07
2011,TN,Mathematics,4,White,238.68,221.13,239.64,257.10,27.03,17.68,46.41,82.32,31.18,35.91,4.72,4.72
2011,TX,Mathematics,4,White,253.33,238.88,254.45,269.56,23.22,5.65,34.75,94.35,50.31,59.59,9.28,9.28
2011,UT,Mathematics,4,White,247.18,230.19,248.45,265.45,26.01,10.41,40.55,89.59,40.72,49.04,8.32,8.32
2011,VT,Mathematics,4,White,247.55,231.66,249.33,265.55,26.32,10.35,39.22,89.65,42.40,50.43,8.03,8.03
2011,VA,Mathematics,4,White,251.17,234.72,252.63,268.48,25.62,7.81,36.61,92.19,45.01,55.58,10.57,10.57
2011,WA,Mathematics,4,White,249.26,232.11,251.40,268.76,27.72,10.58,36.17,89.42,42.78,53.25,10.48,10.48
2011,WV,Mathematics,4,White,235.07,217.41,236.26,253.86,27.27,21.28,47.01,78.72,28.32,31.71,3.39,3.39
2011,WI,Mathematics,4,White,250.78,235.10,252.30,268.01,25.20,7.64,37.41,92.36,45.24,54.95,9.71,9.71
2011,WY,Mathematics,4,White,246.35,230.79,247.38,262.67,24.05,9.42,43.32,90.58,41.14,47.27,6.13,6.13
2011,AL,Mathematics,4,Black,215.08,198.98,216.49,232.46,25.85,46.15,45.33,53.85,8.33,8.52,999.00,999.00
2011,AK,Mathematics,4,Black,225.12,208.10,227.47,241.23,25.01,31.77,52.96,68.23,13.65,15.27,1.62,1.62
2011,AZ,Mathematics,4,Black,224.27,203.56,225.69,247.28,32.01,37.60,39.92,62.40,19.96,22.48,2.52,2.52
2011,AR,Mathematics,4,Black,219.27,199.89,219.39,238.92,28.09,42.08,42.16,57.92,15.03,15.76,0.73,0.73
2011,CA,Mathematics,4,Black,225.21,209.39,226.58,243.98,27.21,31.58,49.69,68.42,17.85,18.73,0.88,0.88
2011,CO,Mathematics,4,Black,225.19,207.10,226.62,245.55,27.54,33.57,45.36,66.43,20.57,21.07,0.50,0.50
2011,CT,Mathematics,4,Black,220.49,202.49,220.70,240.08,26.73,40.73,44.16,59.27,14.55,15.12,0.56,0.56
2011,DE,Mathematics,4,Black,227.05,211.16,228.19,243.52,24.06,28.77,52.63,71.23,17.98,18.60,0.62,0.62
2011,DC,Mathematics,4,Black,214.85,194.26,216.92,236.73,31.29,46.31,40.48,53.69,12.43,13.22,0.79,0.79
2011,FL,Mathematics,4,Black,226.39,210.78,226.93,243.10,25.25,29.72,52.14,70.28,16.78,18.14,1.36,1.36
2011,GA,Mathematics,4,Black,224.07,206.59,224.47,242.11,26.29,34.66,47.63,65.34,16.80,17.71,0.91,0.91
2011,HI,Mathematics,4,Black,232.90,212.91,234.36,256.69,31.03,25.06,42.51,74.94,28.69,32.42,3.73,3.73
2011,ID,Mathematics,4,Black,999.00,999.00,999.00,999.00,999.00,999.00,999.00,999.00,999.00,999.00,999.00,999.00
2011,IL,Mathematics,4,Black,219.34,201.42,219.42,237.46,28.18,41.81,43.87,58.19,12.80,14.32,1.53,1.53
2011,IN,Mathematics,4,Black,222.87,207.58,223.61,240.99,24.73,35.37,49.29,64.63,15.15,15.34,999.00,999.00
2011,IA,Mathematics,4,Black,224.20,205.13,223.41,242.54,27.08,36.58,45.11,63.42,16.54,18.30,1.76,1.76
2011,KS,Mathematics,4,Black,227.03,210.79,227.93,242.72,24.63,28.05,53.95,71.95,16.89,17.99,1.11,1.11
2011,KY,Mathematics,4,Black,225.25,208.54,226.73,242.23,25.18,31.44,51.46,68.56,16.42,17.09,0.67,0.67
2011,LA,Mathematics,4,Black,219.32,203.29,219.60,236.11,25.13,41.32,47.16,58.68,10.98,11.52,0.53,0.53
2011,ME,Mathematics,4,Black,211.56,191.32,211.75,232.20,29.12,54.65,35.68,45.35,8.92,9.67,0.75,0.75
2011,MD,Mathematics,4,Black,229.78,212.69,229.73,247.16,25.45,26.55,50.58,73.45,21.01,22.87,1.86,1.86
2011,MA,Mathematics,4,Black,234.59,219.18,235.13,250.98,24.89,18.65,54.64,81.35,24.18,26.71,2.54,2.54
2011,MI,Mathematics,4,Black,211.20,193.56,211.95,229.23,26.60,53.36,38.85,46.64,7.70,7.79,999.00,999.00
2011,MN,Mathematics,4,Black,224.51,204.04,224.83,246.41,29.89,36.66,40.58,63.34,20.06,22.76,2.71,2.71
2011,MS,Mathematics,4,Black,217.36,200.52,218.01,234.50,24.94,43.75,46.23,56.25,9.82,10.02,999.00,999.00
2011,MO,Mathematics,4,Black,216.36,196.28,217.02,236.39,29.62,46.64,39.36,53.36,13.07,14.00,0.93,0.93
2011,MT,Mathematics,4,Black,999.00,999.00,999.00,999.00,999.00,999.00,999.00,999.00,999.00,999.00,999.00,999.00
2011,NE,Mathematics,4,Black,212.94,195.16,214.40,230.83,26.55,49.22,43.30,50.78,6.97,7.49,0.52,0.52
2011,NV,Mathematics,4,Black,225.63,206.09,228.25,247.40,29.35,33.25,43.38,66.75,22.30,23.37,1.07,1.07
2011,NH,Mathematics,4,Black,235.01,219.75,233.78,251.84,23.71,18.65,54.72,81.35,23.72,26.63,2.91,2.91
2011,NJ,Mathematics,4,Black,230.88,215.79,232.13,247.56,24.99,22.89,53.60,77.11,21.85,23.52,1.66,1.66
2011,NM,Mathematics,4,Black,226.10,207.53,226.32,242.65,28.06,32.14,48.60,67.86,16.29,19.26,2.97,2.97
2011,NY,Mathematics,4,Black,223.56,206.69,223.86,241.82,26.63,34.68,48.66,65.32,15.73,16.66,0.93,0.93
2011,NC,Mathematics,4,Black,228.60,214.29,229.17,244.07,22.64,24.67,56.86,75.33,18.11,18.47,999.00,999.00
2011,ND,Mathematics,4,Black,999.00,999.00,999.00,999.00,999.00,999.00,999.00,999.00,999.00,999.00,999.00,999.00
2011,OH,Mathematics,4,Black,225.73,207.87,225.91,243.71,27.68,32.19,47.37,67.81,18.68,20.44,1.76,1.76
2011,OK,Mathematics,4,Black,223.95,208.47,224.59,240.11,22.77,34.10,51.82,65.90,13.63,14.08,999.00,999.00
2011,OR,Mathematics,4,Black,214.72,194.88,214.55,235.70,30.62,49.92,36.03,50.08,12.49,14.05,1.56,1.56
2011,PA,Mathematics,4,Black,223.89,206.01,225.53,242.61,27.00,33.49,49.11,66.51,16.37,17.40,1.03,1.03
2011,RI,Mathematics,4,Black,225.47,207.35,227.73,244.18,29.17,30.96,49.44,69.04,17.30,19.60,2.30,2.30
2011,SC,Mathematics,4,Black,220.42,204.62,221.19,237.49,25.50,38.62,48.43,61.38,12.58,12.95,999.00,999.00
2011,SD,Mathematics,4,Black,226.54,208.41,227.40,245.77,26.53,32.17,46.84,67.83,20.06,20.99,0.93,0.93
2011,TN,Mathematics,4,Black,215.95,197.79,217.32,235.54,28.73,45.30,42.82,54.70,11.35,11.87,0.53,0.53
2011,TX,Mathematics,4,Black,231.82,215.92,232.69,248.66,24.21,22.58,52.83,77.42,23.27,24.59,1.32,1.32
2011,UT,Mathematics,4,Black,999.00,999.00,999.00,999.00,999.00,999.00,999.00,999.00,999.00,999.00,999.00,999.00
2011,VT,Mathematics,4,Black,999.00,999.00,999.00,999.00,999.00,999.00,999.00,999.00,999.00,999.00,999.00,999.00
2011,VA,Mathematics,4,Black,228.67,212.68,228.55,245.37,23.52,26.67,53.24,73.33,19.32,20.08,0.77,0.77
2011,WA,Mathematics,4,Black,227.08,209.83,229.65,244.88,27.26,28.98,50.94,71.02,18.28,20.08,1.80,1.80
2011,WV,Mathematics,4,Black,227.28,210.44,229.43,245.32,27.30,29.60,49.98,70.40,18.86,20.42,1.56,1.56
2011,WI,Mathematics,4,Black,217.02,198.50,217.94,235.58,27.04,44.70,43.43,55.30,11.36,11.87,0.52,0.52
2011,WY,Mathematics,4,Black,999.00,999.00,999.00,999.00,999.00,999.00,999.00,999.00,999.00,999.00,999.00,999.00
2011,AL,Mathematics,4,Hispanic,227.20,211.08,226.31,245.02,23.84,29.42,49.82,70.58,20.61,20.76,999.00,999.00
2011,AK,Mathematics,4,Hispanic,238.99,221.41,240.14,256.72,26.10,18.46,45.30,81.54,31.62,36.24,4.62,4.62
2011,AZ,Mathematics,4,Hispanic,226.60,208.96,228.87,245.55,27.52,30.36,48.83,69.64,19.79,20.81,1.02,1.02
2011,AR,Mathematics,4,Hispanic,232.52,214.92,234.68,250.98,27.89,23.76,48.13,76.24,25.29,28.10,2.81,2.81
2011,CA,Mathematics,4,Hispanic,221.70,202.61,222.87,242.02,28.76,38.27,44.55,61.73,15.80,17.18,1.37,1.37
2011,CO,Mathematics,4,Hispanic,229.91,211.45,230.93,249.90,29.06,27.95,45.88,72.05,23.21,26.17,2.96,2.96
2011,CT,Mathematics,4,Hispanic,222.45,203.04,223.14,243.53,29.86,38.04,42.68,61.96,17.51,19.29,1.77,1.77
2011,DE,Mathematics,4,Hispanic,231.00,215.21,233.30,248.49,25.55,23.83,51.61,76.17,23.35,24.56,1.22,1.22
2011,DC,Mathematics,4,Hispanic,223.10,203.61,225.15,245.89,31.82,35.90,42.97,64.10,19.10,21.12,2.02,2.02
2011,FL,Mathematics,4,Hispanic,235.77,219.51,237.04,253.35,26.27,19.14,50.00,80.86,27.73,30.86,3.13,3.13
2011,GA,Mathematics,4,Hispanic,233.21,215.08,234.25,252.46,27.46,23.70,47.28,76.30,26.10,29.02,2.92,2.92
2011,HI,Mathematics,4,Hispanic,236.60,217.28,240.23,258.64,30.94,21.57,39.36,78.43,35.51,39.08,3.57,3.57
2011,ID,Mathematics,4,Hispanic,223.18,204.83,223.17,241.90,27.44,36.38,46.43,63.62,15.91,17.19,1.27,1.27
2011,IL,Mathematics,4,Hispanic,226.49,210.04,227.62,244.71,27.06,29.61,50.47,70.39,18.50,19.92,1.42,1.42
2011,IN,Mathematics,4,Hispanic,234.35,218.36,236.05,251.69,27.06,20.64,50.67,79.36,25.76,28.69,2.93,2.93
2011,IA,Mathematics,4,Hispanic,228.85,212.42,229.32,248.19,26.29,26.75,49.19,73.25,23.05,24.05,1.01,1.01
2011,KS,Mathematics,4,Hispanic,234.70,220.22,235.50,249.43,22.60,16.59,57.72,83.41,24.33,25.69,1.36,1.36
2011,KY,Mathematics,4,Hispanic,235.91,220.47,236.62,253.24,25.31,17.75,52.20,82.25,26.84,30.04,3.21,3.21
2011,LA,Mathematics,4,Hispanic,230.08,213.58,229.83,245.95,21.70,24.79,55.01,75.21,19.98,20.21,999.00,999.00
2011,ME,Mathematics,4,Hispanic,999.00,999.00,999.00,999.00,999.00,999.00,999.00,999.00,999.00,999.00,999.00,999.00
2011,MD,Mathematics,4,Hispanic,244.73,225.67,244.63,263.17,27.27,12.63,43.96,87.37,34.85,43.41,8.57,8.57
2011,MA,Mathematics,4,Hispanic,235.98,219.28,237.38,253.96,26.57,19.68,48.00,80.32,28.78,32.32,3.55,3.55
2011,MI,Mathematics,4,Hispanic,227.88,210.06,228.34,245.29,26.93,30.60,48.49,69.40,18.92,20.92,2.00,2.00
2011,MN,Mathematics,4,Hispanic,230.47,212.07,232.18,251.39,29.67,27.17,44.33,72.83,26.00,28.49,2.49,2.49
2011,MS,Mathematics,4,Hispanic,229.33,214.18,230.90,245.87,27.53,24.71,53.36,75.29,19.74,21.94,2.20,2.20
2011,MO,Mathematics,4,Hispanic,231.21,215.84,231.24,248.34,25.54,22.85,52.72,77.15,23.80,24.43,0.63,0.63
2011,MT,Mathematics,4,Hispanic,236.92,222.17,238.29,253.08,24.75,17.62,51.15,82.38,28.40,31.24,2.84,2.84
2011,NE,Mathematics,4,Hispanic,225.98,209.70,226.07,244.30,25.68,31.87,48.56,68.13,19.01,19.57,0.56,0.56
2011,NV,Mathematics,4,Hispanic,228.61,210.50,229.92,248.14,26.89,28.64,47.66,71.36,22.33,23.70,1.37,1.37
2011,NH,Mathematics,4,Hispanic,234.68,215.27,235.34,253.91,26.11,23.41,46.46,76.59,28.18,30.13,1.95,1.95
2011,NJ,Mathematics,4,Hispanic,233.94,217.63,235.55,251.41,26.14,21.03,50.75,78.97,25.84,28.22,2.37,2.37
2011,NM,Mathematics,4,Hispanic,228.22,210.48,228.99,246.82,27.29,29.30,48.11,70.70,20.57,22.59,2.02,2.02
2011,NY,Mathematics,4,Hispanic,226.01,209.11,228.08,245.07,27.48,30.75,49.26,69.25,18.81,19.99,1.18,1.18
2011,NC,Mathematics,4,Hispanic,238.27,222.53,239.00,254.35,22.74,13.98,53.11,86.02,30.86,32.91,2.05,2.05
2011,ND,Mathematics,4,Hispanic,232.78,218.66,234.61,248.06,24.80,19.83,56.49,80.17,21.38,23.68,2.30,2.30
2011,OH,Mathematics,4,Hispanic,232.51,215.21,232.39,250.39,26.59,23.54,49.13,76.46,23.64,27.32,3.69,3.69
2011,OK,Mathematics,4,Hispanic,227.41,211.99,228.95,243.92,25.67,27.68,53.30,72.32,17.40,19.02,1.62,1.62
2011,OR,Mathematics,4,Hispanic,219.79,201.92,219.58,238.80,27.72,41.55,43.38,58.45,13.98,15.07,1.09,1.09
2011,PA,Mathematics,4,Hispanic,225.60,208.07,226.89,245.11,27.42,31.28,48.65,68.72,18.56,20.07,1.51,1.51
2011,RI,Mathematics,4,Hispanic,224.23,206.24,227.12,245.15,29.80,32.83,46.53,67.17,19.41,20.64,1.24,1.24
2011,SC,Mathematics,4,Hispanic,233.77,217.79,234.06,251.09,24.20,20.47,51.36,79.53,26.54,28.17,1.63,1.63
2011,SD,Mathematics,4,Hispanic,226.25,210.99,225.73,241.99,25.22,28.69,53.62,71.31,15.38,17.70,2.32,2.32
2011,TN,Mathematics,4,Hispanic,227.88,210.86,227.14,244.39,25.18,28.19,52.89,71.81,17.59,18.92,1.34,1.34
2011,TX,Mathematics,4,Hispanic,235.01,219.55,236.06,251.68,23.64,18.91,52.05,81.09,27.32,29.03,1.71,1.71
2011,UT,Mathematics,4,Hispanic,222.84,205.32,223.81,242.47,27.70,35.83,47.27,64.17,15.84,16.90,1.06,1.06
2011,VT,Mathematics,4,Hispanic,999.00,999.00,999.00,999.00,999.00,999.00,999.00,999.00,999.00,999.00,999.00,999.00
2011,VA,Mathematics,4,Hispanic,236.72,220.74,237.30,253.89,26.81,17.32,51.27,82.68,27.39,31.41,4.02,4.02
2011,WA,Mathematics,4,Hispanic,226.07,207.27,227.30,246.28,29.61,32.28,45.87,67.72,19.68,21.85,2.17,2.17
2011,WV,Mathematics,4,Hispanic,999.00,999.00,999.00,999.00,999.00,999.00,999.00,999.00,999.00,999.00,999.00,999.00
2011,WI,Mathematics,4,Hispanic,227.89,210.81,228.52,246.67,25.89,28.57,49.07,71.43,21.26,22.36,1.10,1.10
2011,WY,Mathematics,4,Hispanic,235.44,218.64,235.78,253.68,25.08,20.09,48.95,79.91,28.93,30.96,2.04,2.04
2011,AL,Mathematics,4,Asian,999.00,999.00,999.00,999.00,999.00,999.00,999.00,999.00,999.00,999.00,999.00,999.00
2011,AK,Mathematics,4,Asian,233.50,215.87,234.16,253.56,26.97,22.68,48.31,77.32,26.11,29.01,2.90,2.90
2011,AZ,Mathematics,4,Asian,249.08,229.54,251.58,268.98,32.06,12.61,34.23,87.39,39.53,53.16,13.63,13.63
2011,AR,Mathematics,4,Asian,246.70,230.56,250.62,268.89,32.86,16.56,30.14,83.44,40.74,53.30,12.56,12.56
2011,CA,Mathematics,4,Asian,255.70,237.16,258.85,276.36,30.72,8.95,27.68,91.05,44.44,63.37,18.93,18.93
2011,CO,Mathematics,4,Asian,245.73,223.03,255.54,274.24,38.83,20.67,24.29,79.33,39.81,55.04,15.23,15.23
2011,CT,Mathematics,4,Asian,254.60,237.17,255.40,275.38,29.55,9.96,28.37,90.04,43.87,61.67,17.80,17.80
2011,DE,Mathematics,4,Asian,262.38,244.18,262.46,281.64,28.46,4.38,27.04,95.62,44.34,68.58,24.25,24.25
2011,DC,Mathematics,4,Asian,999.00,999.00,999.00,999.00,999.00,999.00,999.00,999.00,999.00,999.00,999.00,999.00
2011,FL,Mathematics,4,Asian,257.41,242.02,257.53,275.01,25.35,4.01,31.90,95.99,47.22,64.09,16.88,16.88
2011,GA,Mathematics,4,Asian,262.52,243.45,267.89,284.45,30.41,6.45,23.61,93.55,41.01,69.94,28.93,28.93
2011,HI,Mathematics,4,Asian,237.00,218.09,239.59,258.96,31.71,21.42,41.40,78.58,31.23,37.18,5.94,5.94
2011,ID,Mathematics,4,Asian,247.13,226.23,249.73,269.08,29.68,16.37,31.75,83.63,39.48,51.88,12.40,12.40
2011,IL,Mathematics,4,Asian,256.80,240.15,258.03,276.98,29.41,6.90,29.77,93.10,44.30,63.33,19.02,19.02
2011,IN,Mathematics,4,Asian,999.00,999.00,999.00,999.00,999.00,999.00,999.00,999.00,999.00,999.00,999.00,999.00
2011,IA,Mathematics,4,Asian,248.46,231.08,250.39,270.84,32.68,14.52,33.43,85.48,37.82,52.05,14.23,14.23
2011,KS,Mathematics,4,Asian,252.82,236.55,255.64,269.49,23.12,5.29,35.94,94.71,47.88,58.77,10.90,10.90
2011,KY,Mathematics,4,Asian,261.35,242.73,263.45,283.37,27.69,5.97,27.77,94.03,39.68,66.26,26.58,26.58
2011,LA,Mathematics,4,Asian,999.00,999.00,999.00,999.00,999.00,999.00,999.00,999.00,999.00,999.00,999.00,999.00
2011,ME,Mathematics,4,Asian,246.03,226.25,247.89,269.80,29.48,14.85,37.16,85.15,36.96,47.99,11.03,11.03
2011,MD,Mathematics,4,Asian,267.08,248.60,269.71,287.51,29.47,5.20,20.35,94.80,40.97,74.45,33.48,33.48
2011,MA,Mathematics,4,Asian,266.96,249.96,268.03,285.85,25.91,2.02,22.35,97.98,45.56,75.64,30.07,30.07
2011,MI,Mathematics,4,Asian,262.65,245.12,263.17,282.67,28.82,6.78,22.44,93.22,45.66,70.78,25.12,25.12
2011,MN,Mathematics,4,Asian,252.56,234.30,254.10,273.66,32.51,12.40,30.26,87.60,41.22,57.34,16.12,16.12
2011,MS,Mathematics,4,Asian,999.00,999.00,999.00,999.00,999.00,999.00,999.00,999.00,999.00,999.00,999.00,999.00
2011,MO,Mathematics,4,Asian,252.11,234.01,253.43,272.56,29.82,10.18,33.30,89.82,39.51,56.53,17.02,17.02
2011,MT,Mathematics,4,Asian,999.00,999.00,999.00,999.00,999.00,999.00,999.00,999.00,999.00,999.00,999.00,999.00
2011,NE,Mathematics,4,Asian,241.27,224.31,240.41,260.89,30.56,14.78,45.59,85.22,29.77,39.63,9.85,9.85
2011,NV,Mathematics,4,Asian,251.89,236.24,254.15,271.48,27.55,10.63,31.51,89.37,45.91,57.87,11.96,11.96
2011,NH,Mathematics,4,Asian,263.55,242.75,266.84,285.13,28.63,5.40,24.96,94.60,40.34,69.64,29.30,29.30
2011,NJ,Mathematics,4,Asian,265.43,248.96,268.28,284.12,27.90,4.29,20.95,95.71,45.98,74.77,28.79,28.79
2011,NM,Mathematics,4,Asian,253.84,237.97,256.49,273.32,30.24,10.72,26.77,89.28,44.11,62.52,18.41,18.41
2011,NY,Mathematics,4,Asian,252.46,232.90,254.56,274.02,30.23,11.85,30.12,88.15,41.23,58.03,16.79,16.79
2011,NC,Mathematics,4,Asian,263.30,246.23,262.69,282.66,25.78,2.96,26.37,97.04,44.49,70.67,26.18,26.18
2011,ND,Mathematics,4,Asian,999.00,999.00,999.00,999.00,999.00,999.00,999.00,999.00,999.00,999.00,999.00,999.00
2011,OH,Mathematics,4,Asian,253.91,236.87,255.93,271.25,25.62,7.89,33.94,92.11,47.05,58.16,11.11,11.11
2011,OK,Mathematics,4,Asian,251.57,236.00,251.27,267.41,23.55,4.48,40.14,95.52,45.25,55.39,10.14,10.14
2011,OR,Mathematics,4,Asian,249.05,224.90,250.25,274.86,34.95,16.14,32.42,83.86,33.96,51.44,17.48,17.48
2011,PA,Mathematics,4,Asian,263.87,249.00,266.48,282.00,26.53,4.23,21.13,95.77,49.24,74.64,25.40,25.40
2011,RI,Mathematics,4,Asian,250.95,233.11,249.34,266.46,27.73,8.21,43.14,91.79,36.06,48.64,12.58,12.58
2011,SC,Mathematics,4,Asian,999.00,999.00,999.00,999.00,999.00,999.00,999.00,999.00,999.00,999.00,999.00,999.00
2011,SD,Mathematics,4,Asian,999.00,999.00,999.00,999.00,999.00,999.00,999.00,999.00,999.00,999.00,999.00,999.00
2011,TN,Mathematics,4,Asian,248.53,227.11,250.08,270.51,30.11,13.14,35.60,86.86,37.83,51.27,13.44,13.44
2011,TX,Mathematics,4,Asian,263.27,244.53,263.42,283.66,27.35,3.27,27.79,96.73,41.70,68.94,27.25,27.25
2011,UT,Mathematics,4,Asian,236.01,216.42,235.72,254.62,31.00,22.27,46.42,77.73,23.07,31.31,8.24,8.24
2011,VT,Mathematics,4,Asian,999.00,999.00,999.00,999.00,999.00,999.00,999.00,999.00,999.00,999.00,999.00,999.00
2011,VA,Mathematics,4,Asian,262.40,245.21,262.55,281.53,27.30,3.88,26.19,96.12,45.83,69.93,24.10,24.10
2011,WA,Mathematics,4,Asian,256.06,237.98,256.82,277.14,30.23,10.10,27.70,89.90,42.01,62.20,20.19,20.19
2011,WV,Mathematics,4,Asian,999.00,999.00,999.00,999.00,999.00,999.00,999.00,999.00,999.00,999.00,999.00,999.00
2011,WI,Mathematics,4,Asian,241.97,218.23,241.91,265.84,32.25,19.62,38.24,80.38,29.94,42.14,12.20,12.20
2011,WY,Mathematics,4,Asian,999.00,999.00,999.00,999.00,999.00,999.00,999.00,999.00,999.00,999.00,999.00,999.00
2011,AL,Mathematics,4,American Indian or Alaskan Native,999.00,999.00,999.00,999.00,999.00,999.00,999.00,999.00,999.00,999.00,999.00,999.00
2011,AK,Mathematics,4,American Indian or Alaskan Native,212.75,190.82,213.97,237.36,33.26,49.93,36.12,50.07,12.97,13.95,0.98,0.98
2011,AZ,Mathematics,4,American Indian or Alaskan Native,215.89,195.52,217.68,238.29,31.10,44.78,41.03,55.22,13.44,14.19,0.75,0.75
2011,AR,Mathematics,4,American Indian or Alaskan Native,999.00,999.00,999.00,999.00,999.00,999.00,999.00,999.00,999.00,999.00,999.00,999.00
2011,CA,Mathematics,4,American Indian or Alaskan Native,999.00,999.00,999.00,999.00,999.00,999.00,999.00,999.00,999.00,999.00,999.00,999.00
2011,CO,Mathematics,4,American Indian or Alaskan Native,999.00,999.00,999.00,999.00,999.00,999.00,999.00,999.00,999.00,999.00,999.00,999.00
2011,CT,Mathematics,4,American Indian or Alaskan Native,999.00,999.00,999.00,999.00,999.00,999.00,999.00,999.00,999.00,999.00,999.00,999.00
2011,DE,Mathematics,4,American Indian or Alaskan Native,999.00,999.00,999.00,999.00,999.00,999.00,999.00,999.00,999.00,999.00,999.00,999.00
2011,DC,Mathematics,4,American Indian or Alaskan Native,999.00,999.00,999.00,999.00,999.00,999.00,999.00,999.00,999.00,999.00,999.00,999.00
2011,FL,Mathematics,4,American Indian or Alaskan Native,999.00,999.00,999.00,999.00,999.00,999.00,999.00,999.00,999.00,999.00,999.00,999.00
2011,GA,Mathematics,4,American Indian or Alaskan Native,999.00,999.00,999.00,999.00,999.00,999.00,999.00,999.00,999.00,999.00,999.00,999.00
2011,HI,Mathematics,4,American Indian or Alaskan Native,999.00,999.00,999.00,999.00,999.00,999.00,999.00,999.00,999.00,999.00,999.00,999.00
2011,ID,Mathematics,4,American Indian or Alaskan Native,999.00,999.00,999.00,999.00,999.00,999.00,999.00,999.00,999.00,999.00,999.00,999.00
2011,IL,Mathematics,4,American Indian or Alaskan Native,999.00,999.00,999.00,999.00,999.00,999.00,999.00,999.00,999.00,999.00,999.00,999.00
2011,IN,Mathematics,4,American Indian or Alaskan Native,999.00,999.00,999.00,999.00,999.00,999.00,999.00,999.00,999.00,999.00,999.00,999.00
2011,IA,Mathematics,4,American Indian or Alaskan Native,999.00,999.00,999.00,999.00,999.00,999.00,999.00,999.00,999.00,999.00,999.00,999.00
2011,KS,Mathematics,4,American Indian or Alaskan Native,999.00,999.00,999.00,999.00,999.00,999.00,999.00,999.00,999.00,999.00,999.00,999.00
2011,KY,Mathematics,4,American Indian or Alaskan Native,999.00,999.00,999.00,999.00,999.00,999.00,999.00,999.00,999.00,999.00,999.00,999.00
2011,LA,Mathematics,4,American Indian or Alaskan Native,999.00,999.00,999.00,999.00,999.00,999.00,999.00,999.00,999.00,999.00,999.00,999.00
2011,ME,Mathematics,4,American Indian or Alaskan Native,999.00,999.00,999.00,999.00,999.00,999.00,999.00,999.00,999.00,999.00,999.00,999.00
2011,MD,Mathematics,4,American Indian or Alaskan Native,999.00,999.00,999.00,999.00,999.00,999.00,999.00,999.00,999.00,999.00,999.00,999.00
2011,MA,Mathematics,4,American Indian or Alaskan Native,999.00,999.00,999.00,999.00,999.00,999.00,999.00,999.00,999.00,999.00,999.00,999.00
2011,MI,Mathematics,4,American Indian or Alaskan Native,999.00,999.00,999.00,999.00,999.00,999.00,999.00,999.00,999.00,999.00,999.00,999.00
2011,MN,Mathematics,4,American Indian or Alaskan Native,232.88,211.98,231.92,254.14,28.90,25.94,43.61,74.06,26.49,30.45,3.96,3.96
2011,MS,Mathematics,4,American Indian or Alaskan Native,999.00,999.00,999.00,999.00,999.00,999.00,999.00,999.00,999.00,999.00,999.00,999.00
2011,MO,Mathematics,4,American Indian or Alaskan Native,999.00,999.00,999.00,999.00,999.00,999.00,999.00,999.00,999.00,999.00,999.00,999.00
2011,MT,Mathematics,4,American Indian or Alaskan Native,219.95,198.03,220.34,241.62,29.70,42.60,40.92,57.40,15.13,16.48,1.35,1.35
2011,NE,Mathematics,4,American Indian or Alaskan Native,999.00,999.00,999.00,999.00,999.00,999.00,999.00,999.00,999.00,999.00,999.00,999.00
2011,NV,Mathematics,4,American Indian or Alaskan Native,999.00,999.00,999.00,999.00,999.00,999.00,999.00,999.00,999.00,999.00,999.00,999.00
2011,NH,Mathematics,4,American Indian or Alaskan Native,999.00,999.00,999.00,999.00,999.00,999.00,999.00,999.00,999.00,999.00,999.00,999.00
2011,NJ,Mathematics,4,American Indian or Alaskan Native,999.00,999.00,999.00,999.00,999.00,999.00,999.00,999.00,999.00,999.00,999.00,999.00
2011,NM,Mathematics,4,American Indian or Alaskan Native,218.80,197.81,220.39,239.99,29.95,42.22,42.73,57.78,13.52,15.05,1.53,1.53
2011,NY,Mathematics,4,American Indian or Alaskan Native,999.00,999.00,999.00,999.00,999.00,999.00,999.00,999.00,999.00,999.00,999.00,999.00
2011,NC,Mathematics,4,American Indian or Alaskan Native,224.60,205.17,225.78,244.88,30.73,35.59,44.30,64.41,17.40,20.11,2.70,2.70
2011,ND,Mathematics,4,American Indian or Alaskan Native,220.85,204.72,221.23,239.07,26.24,38.86,46.43,61.14,14.19,14.71,0.53,0.53
2011,OH,Mathematics,4,American Indian or Alaskan Native,999.00,999.00,999.00,999.00,999.00,999.00,999.00,999.00,999.00,999.00,999.00,999.00
2011,OK,Mathematics,4,American Indian or Alaskan Native,233.76,216.94,234.50,251.83,26.00,21.69,49.70,78.31,25.90,28.62,2.72,2.72
2011,OR,Mathematics,4,American Indian or Alaskan Native,220.40,201.27,220.89,243.53,33.60,41.20,37.87,58.80,17.73,20.93,3.21,3.21
2011,PA,Mathematics,4,American Indian or Alaskan Native,999.00,999.00,999.00,999.00,999.00,999.00,999.00,999.00,999.00,999.00,999.00,999.00
2011,RI,Mathematics,4,American Indian or Alaskan Native,999.00,999.00,999.00,999.00,999.00,999.00,999.00,999.00,999.00,999.00,999.00,999.00
2011,SC,Mathematics,4,American Indian or Alaskan Native,999.00,999.00,999.00,999.00,999.00,999.00,999.00,999.00,999.00,999.00,999.00,999.00
2011,SD,Mathematics,4,American Indian or Alaskan Native,219.94,201.45,221.42,239.84,27.67,39.58,45.49,60.42,14.64,14.93,999.00,999.00
2011,TN,Mathematics,4,American Indian or Alaskan Native,999.00,999.00,999.00,999.00,999.00,999.00,999.00,999.00,999.00,999.00,999.00,999.00
2011,TX,Mathematics,4,American Indian or Alaskan Native,999.00,999.00,999.00,999.00,999.00,999.00,999.00,999.00,999.00,999.00,999.00,999.00
2011,UT,Mathematics,4,American Indian or Alaskan Native,214.14,188.45,216.79,238.31,33.58,46.47,39.45,53.53,12.61,14.08,1.47,1.47
2011,VT,Mathematics,4,American Indian or Alaskan Native,999.00,999.00,999.00,999.00,999.00,999.00,999.00,999.00,999.00,999.00,999.00,999.00
2011,VA,Mathematics,4,American Indian or Alaskan Native,999.00,999.00,999.00,999.00,999.00,999.00,999.00,999.00,999.00,999.00,999.00,999.00
2011,WA,Mathematics,4,American Indian or Alaskan Native,222.87,203.10,223.95,244.12,30.34,37.02,43.20,62.98,18.63,19.79,1.15,1.15
2011,WV,Mathematics,4,American Indian or Alaskan Native,999.00,999.00,999.00,999.00,999.00,999.00,999.00,999.00,999.00,999.00,999.00,999.00
2011,WI,Mathematics,4,American Indian or Alaskan Native,230.58,210.41,230.81,255.22,32.20,29.20,37.06,70.80,28.74,33.75,5.01,5.01
2011,WY,Mathematics,4,American Indian or Alaskan Native,223.13,202.38,221.69,245.96,31.08,37.96,39.10,62.04,20.94,22.94,2.00,2.00
2011,AL,Mathematics,4,Hawaiian,999.00,999.00,999.00,999.00,999.00,999.00,999.00,999.00,999.00,999.00,999.00,999.00
2011,AK,Mathematics,4,Hawaiian,240.19,221.41,240.50,258.66,27.48,16.83,45.54,83.17,31.11,37.63,6.52,6.52
2011,AZ,Mathematics,4,Hawaiian,999.00,999.00,999.00,999.00,999.00,999.00,999.00,999.00,999.00,999.00,999.00,999.00
2011,AR,Mathematics,4,Hawaiian,999.00,999.00,999.00,999.00,999.00,999.00,999.00,999.00,999.00,999.00,999.00,999.00
2011,CA,Mathematics,4,Hawaiian,251.66,227.87,254.88,275.49,31.18,9.17,34.70,90.83,40.48,56.13,15.66,15.66
2011,CO,Mathematics,4,Hawaiian,250.13,231.66,250.71,269.02,30.28,11.27,36.41,88.73,37.74,52.33,14.59,14.59
2011,CT,Mathematics,4,Hawaiian,241.39,213.66,247.40,264.75,32.82,25.85,25.33,74.15,38.48,48.82,10.34,10.34
2011,DE,Mathematics,4,Hawaiian,249.25,232.49,247.81,264.79,24.18,5.89,46.80,94.11,38.79,47.31,8.52,8.52
2011,DC,Mathematics,4,Hawaiian,999.00,999.00,999.00,999.00,999.00,999.00,999.00,999.00,999.00,999.00,999.00,999.00
2011,FL,Mathematics,4,Hawaiian,242.12,224.35,240.71,261.28,25.80,11.87,50.34,88.13,30.14,37.79,7.65,7.65
2011,GA,Mathematics,4,Hawaiian,240.77,218.73,242.88,258.79,26.90,20.58,38.22,79.42,35.30,41.21,5.91,5.91
2011,HI,Mathematics,4,Hawaiian,241.09,225.22,242.90,261.58,30.75,16.17,42.66,83.83,33.81,41.16,7.35,7.35
2011,ID,Mathematics,4,Hawaiian,999.00,999.00,999.00,999.00,999.00,999.00,999.00,999.00,999.00,999.00,999.00,999.00
2011,IL,Mathematics,4,Hawaiian,244.37,226.78,245.43,264.18,29.77,15.48,39.98,84.52,36.53,44.54,8.01,8.01
2011,IN,Mathematics,4,Hawaiian,237.77,220.79,239.07,255.09,26.70,20.11,44.74,79.89,30.76,35.15,4.40,4.40
2011,IA,Mathematics,4,Hawaiian,240.28,221.99,241.02,258.67,26.31,15.61,44.93,84.39,36.05,39.46,3.41,3.41
2011,KS,Mathematics,4,Hawaiian,243.49,228.97,243.59,259.54,24.85,10.42,47.27,89.58,36.46,42.31,5.85,5.85
2011,KY,Mathematics,4,Hawaiian,237.35,219.72,239.34,256.73,24.21,17.27,47.24,82.73,33.09,35.50,2.41,2.41
2011,LA,Mathematics,4,Hawaiian,999.00,999.00,999.00,999.00,999.00,999.00,999.00,999.00,999.00,999.00,999.00,999.00
2011,ME,Mathematics,4,Hawaiian,999.00,999.00,999.00,999.00,999.00,999.00,999.00,999.00,999.00,999.00,999.00,999.00
2011,MD,Mathematics,4,Hawaiian,256.18,236.52,253.98,277.58,30.35,8.51,33.62,91.49,38.31,57.88,19.57,19.57
2011,MA,Mathematics,4,Hawaiian,256.63,232.23,258.40,279.52,29.25,7.79,32.28,92.21,38.22,59.93,21.72,21.72
2011,MI,Mathematics,4,Hawaiian,234.13,215.03,233.49,250.31,27.90,22.86,50.16,77.14,21.46,26.98,5.52,5.52
2011,MN,Mathematics,4,Hawaiian,237.33,215.52,242.39,257.83,29.85,23.45,37.53,76.55,33.27,39.03,5.76,5.76
2011,MS,Mathematics,4,Hawaiian,999.00,999.00,999.00,999.00,999.00,999.00,999.00,999.00,999.00,999.00,999.00,999.00
2011,MO,Mathematics,4,Hawaiian,999.00,999.00,999.00,999.00,999.00,999.00,999.00,999.00,999.00,999.00,999.00,999.00
2011,MT,Mathematics,4,Hawaiian,999.00,999.00,999.00,999.00,999.00,999.00,999.00,999.00,999.00,999.00,999.00,999.00
2011,NE,Mathematics,4,Hawaiian,235.09,218.51,235.44,253.59,29.18,21.09,49.72,78.91,24.05,29.19,5.14,5.14
2011,NV,Mathematics,4,Hawaiian,238.57,218.66,240.59,257.45,26.03,19.84,41.18,80.16,34.45,38.98,4.53,4.53
2011,NH,Mathematics,4,Hawaiian,999.00,999.00,999.00,999.00,999.00,999.00,999.00,999.00,999.00,999.00,999.00,999.00
2011,NJ,Mathematics,4,Hawaiian,999.00,999.00,999.00,999.00,999.00,999.00,999.00,999.00,999.00,999.00,999.00,999.00
2011,NM,Mathematics,4,Hawaiian,999.00,999.00,999.00,999.00,999.00,999.00,999.00,999.00,999.00,999.00,999.00,999.00
2011,NY,Mathematics,4,Hawaiian,999.00,999.00,999.00,999.00,999.00,999.00,999.00,999.00,999.00,999.00,999.00,999.00
2011,NC,Mathematics,4,Hawaiian,247.27,231.32,247.55,263.23,23.26,7.29,45.01,92.71,40.39,47.69,7.30,7.30
2011,ND,Mathematics,4,Hawaiian,999.00,999.00,999.00,999.00,999.00,999.00,999.00,999.00,999.00,999.00,999.00,999.00
2011,OH,Mathematics,4,Hawaiian,239.76,220.08,240.84,258.40,28.23,18.54,46.94,81.46,26.56,34.52,7.96,7.96
2011,OK,Mathematics,4,Hawaiian,999.00,999.00,999.00,999.00,999.00,999.00,999.00,999.00,999.00,999.00,999.00,999.00
2011,OR,Mathematics,4,Hawaiian,242.39,221.95,245.80,265.02,31.32,18.13,35.68,81.87,37.78,46.18,8.40,8.40
2011,PA,Mathematics,4,Hawaiian,234.45,218.52,234.88,250.16,26.19,19.27,53.87,80.73,22.01,26.86,4.85,4.85
2011,RI,Mathematics,4,Hawaiian,238.21,218.11,243.06,260.54,32.31,20.00,37.49,80.00,36.50,42.51,6.01,6.01
2011,SC,Mathematics,4,Hawaiian,236.30,219.79,238.20,255.22,26.88,18.39,48.31,81.61,30.64,33.30,2.66,2.66
2011,SD,Mathematics,4,Hawaiian,999.00,999.00,999.00,999.00,999.00,999.00,999.00,999.00,999.00,999.00,999.00,999.00
2011,TN,Mathematics,4,Hawaiian,999.00,999.00,999.00,999.00,999.00,999.00,999.00,999.00,999.00,999.00,999.00,999.00
2011,TX,Mathematics,4,Hawaiian,249.25,231.48,247.22,263.68,24.08,6.73,44.59,93.27,34.24,48.69,14.44,14.44
2011,UT,Mathematics,4,Hawaiian,999.00,999.00,999.00,999.00,999.00,999.00,999.00,999.00,999.00,999.00,999.00,999.00
2011,VT,Mathematics,4,Hawaiian,245.09,226.91,245.79,266.34,29.04,14.30,41.69,85.70,33.33,44.01,10.68,10.68
2011,VA,Mathematics,4,Hawaiian,249.02,230.53,248.89,270.22,27.03,9.88,39.97,90.12,38.71,50.15,11.44,11.44
2011,WA,Mathematics,4,Hawaiian,249.08,230.84,249.92,268.57,30.18,11.46,37.56,88.54,37.68,50.98,13.30,13.30
2011,WV,Mathematics,4,Hawaiian,999.00,999.00,999.00,999.00,999.00,999.00,999.00,999.00,999.00,999.00,999.00,999.00
2011,WI,Mathematics,4,Hawaiian,999.00,999.00,999.00,999.00,999.00,999.00,999.00,999.00,999.00,999.00,999.00,999.00
2011,WY,Mathematics,4,Hawaiian,999.00,999.00,999.00,999.00,999.00,999.00,999.00,999.00,999.00,999.00,999.00,999.00
2011,AL,Mathematics,4,Multiracial,N/A,N/A,N/A,N/A,N/A,N/A,N/A,N/A,N/A,N/A,N/A,N/A
2011,AK,Mathematics,4,Multiracial,N/A,N/A,N/A,N/A,N/A,N/A,N/A,N/A,N/A,N/A,N/A,N/A
2011,AZ,Mathematics,4,Multiracial,N/A,N/A,N/A,N/A,N/A,N/A,N/A,N/A,N/A,N/A,N/A,N/A
2011,AR,Mathematics,4,Multiracial,N/A,N/A,N/A,N/A,N/A,N/A,N/A,N/A,N/A,N/A,N/A,N/A
2011,CA,Mathematics,4,Multiracial,N/A,N/A,N/A,N/A,N/A,N/A,N/A,N/A,N/A,N/A,N/A,N/A
2011,CO,Mathematics,4,Multiracial,N/A,N/A,N/A,N/A,N/A,N/A,N/A,N/A,N/A,N/A,N/A,N/A
2011,CT,Mathematics,4,Multiracial,N/A,N/A,N/A,N/A,N/A,N/A,N/A,N/A,N/A,N/A,N/A,N/A
2011,DE,Mathematics,4,Multiracial,N/A,N/A,N/A,N/A,N/A,N/A,N/A,N/A,N/A,N/A,N/A,N/A
2011,DC,Mathematics,4,Multiracial,N/A,N/A,N/A,N/A,N/A,N/A,N/A,N/A,N/A,N/A,N/A,N/A
2011,FL,Mathematics,4,Multiracial,N/A,N/A,N/A,N/A,N/A,N/A,N/A,N/A,N/A,N/A,N/A,N/A
2011,GA,Mathematics,4,Multiracial,N/A,N/A,N/A,N/A,N/A,N/A,N/A,N/A,N/A,N/A,N/A,N/A
2011,HI,Mathematics,4,Multiracial,N/A,N/A,N/A,N/A,N/A,N/A,N/A,N/A,N/A,N/A,N/A,N/A
2011,ID,Mathematics,4,Multiracial,N/A,N/A,N/A,N/A,N/A,N/A,N/A,N/A,N/A,N/A,N/A,N/A
2011,IL,Mathematics,4,Multiracial,N/A,N/A,N/A,N/A,N/A,N/A,N/A,N/A,N/A,N/A,N/A,N/A
2011,IN,Mathematics,4,Multiracial,N/A,N/A,N/A,N/A,N/A,N/A,N/A,N/A,N/A,N/A,N/A,N/A
2011,IA,Mathematics,4,Multiracial,N/A,N/A,N/A,N/A,N/A,N/A,N/A,N/A,N/A,N/A,N/A,N/A
2011,KS,Mathematics,4,Multiracial,N/A,N/A,N/A,N/A,N/A,N/A,N/A,N/A,N/A,N/A,N/A,N/A
2011,KY,Mathematics,4,Multiracial,N/A,N/A,N/A,N/A,N/A,N/A,N/A,N/A,N/A,N/A,N/A,N/A
2011,LA,Mathematics,4,Multiracial,N/A,N/A,N/A,N/A,N/A,N/A,N/A,N/A,N/A,N/A,N/A,N/A
2011,ME,Mathematics,4,Multiracial,N/A,N/A,N/A,N/A,N/A,N/A,N/A,N/A,N/A,N/A,N/A,N/A
2011,MD,Mathematics,4,Multiracial,N/A,N/A,N/A,N/A,N/A,N/A,N/A,N/A,N/A,N/A,N/A,N/A
2011,MA,Mathematics,4,Multiracial,N/A,N/A,N/A,N/A,N/A,N/A,N/A,N/A,N/A,N/A,N/A,N/A
2011,MI,Mathematics,4,Multiracial,N/A,N/A,N/A,N/A,N/A,N/A,N/A,N/A,N/A,N/A,N/A,N/A
2011,MN,Mathematics,4,Multiracial,N/A,N/A,N/A,N/A,N/A,N/A,N/A,N/A,N/A,N/A,N/A,N/A
2011,MS,Mathematics,4,Multiracial,N/A,N/A,N/A,N/A,N/A,N/A,N/A,N/A,N/A,N/A,N/A,N/A
2011,MO,Mathematics,4,Multiracial,N/A,N/A,N/A,N/A,N/A,N/A,N/A,N/A,N/A,N/A,N/A,N/A
2011,MT,Mathematics,4,Multiracial,N/A,N/A,N/A,N/A,N/A,N/A,N/A,N/A,N/A,N/A,N/A,N/A
2011,NE,Mathematics,4,Multiracial,N/A,N/A,N/A,N/A,N/A,N/A,N/A,N/A,N/A,N/A,N/A,N/A
2011,NV,Mathematics,4,Multiracial,N/A,N/A,N/A,N/A,N/A,N/A,N/A,N/A,N/A,N/A,N/A,N/A
2011,NH,Mathematics,4,Multiracial,N/A,N/A,N/A,N/A,N/A,N/A,N/A,N/A,N/A,N/A,N/A,N/A
2011,NJ,Mathematics,4,Multiracial,N/A,N/A,N/A,N/A,N/A,N/A,N/A,N/A,N/A,N/A,N/A,N/A
2011,NM,Mathematics,4,Multiracial,N/A,N/A,N/A,N/A,N/A,N/A,N/A,N/A,N/A,N/A,N/A,N/A
2011,NY,Mathematics,4,Multiracial,N/A,N/A,N/A,N/A,N/A,N/A,N/A,N/A,N/A,N/A,N/A,N/A
2011,NC,Mathematics,4,Multiracial,N/A,N/A,N/A,N/A,N/A,N/A,N/A,N/A,N/A,N/A,N/A,N/A
2011,ND,Mathematics,4,Multiracial,N/A,N/A,N/A,N/A,N/A,N/A,N/A,N/A,N/A,N/A,N/A,N/A
2011,OH,Mathematics,4,Multiracial,N/A,N/A,N/A,N/A,N/A,N/A,N/A,N/A,N/A,N/A,N/A,N/A
2011,OK,Mathematics,4,Multiracial,N/A,N/A,N/A,N/A,N/A,N/A,N/A,N/A,N/A,N/A,N/A,N/A
2011,OR,Mathematics,4,Multiracial,N/A,N/A,N/A,N/A,N/A,N/A,N/A,N/A,N/A,N/A,N/A,N/A
2011,PA,Mathematics,4,Multiracial,N/A,N/A,N/A,N/A,N/A,N/A,N/A,N/A,N/A,N/A,N/A,N/A
2011,RI,Mathematics,4,Multiracial,N/A,N/A,N/A,N/A,N/A,N/A,N/A,N/A,N/A,N/A,N/A,N/A
2011,SC,Mathematics,4,Multiracial,N/A,N/A,N/A,N/A,N/A,N/A,N/A,N/A,N/A,N/A,N/A,N/A
2011,SD,Mathematics,4,Multiracial,N/A,N/A,N/A,N/A,N/A,N/A,N/A,N/A,N/A,N/A,N/A,N/A
2011,TN,Mathematics,4,Multiracial,N/A,N/A,N/A,N/A,N/A,N/A,N/A,N/A,N/A,N/A,N/A,N/A
2011,TX,Mathematics,4,Multiracial,N/A,N/A,N/A,N/A,N/A,N/A,N/A,N/A,N/A,N/A,N/A,N/A
2011,UT,Mathematics,4,Multiracial,N/A,N/A,N/A,N/A,N/A,N/A,N/A,N/A,N/A,N/A,N/A,N/A
2011,VT,Mathematics,4,Multiracial,N/A,N/A,N/A,N/A,N/A,N/A,N/A,N/A,N/A,N/A,N/A,N/A
2011,VA,Mathematics,4,Multiracial,N/A,N/A,N/A,N/A,N/A,N/A,N/A,N/A,N/A,N/A,N/A,N/A
2011,WA,Mathematics,4,Multiracial,N/A,N/A,N/A,N/A,N/A,N/A,N/A,N/A,N/A,N/A,N/A,N/A
2011,WV,Mathematics,4,Multiracial,N/A,N/A,N/A,N/A,N/A,N/A,N/A,N/A,N/A,N/A,N/A,N/A
2011,WI,Mathematics,4,Multiracial,N/A,N/A,N/A,N/A,N/A,N/A,N/A,N/A,N/A,N/A,N/A,N/A
2011,WY,Mathematics,4,Multiracial,N/A,N/A,N/A,N/A,N/A,N/A,N/A,N/A,N/A,N/A,N/A,N/A
2011,AL,Mathematics,8,All,269.10,246.32,270.66,293.40,35.60,39.89,40.05,60.11,17.25,20.06,2.82,2.82
2011,AK,Mathematics,8,All,283.27,261.32,285.92,308.59,37.26,25.63,39.19,74.37,27.77,35.17,7.41,7.41
2011,AZ,Mathematics,8,All,279.03,253.58,280.62,306.03,38.42,31.85,36.69,68.15,24.26,31.47,7.21,7.21
2011,AR,Mathematics,8,All,279.09,256.39,280.36,302.99,34.16,30.23,40.52,69.77,24.46,29.26,4.80,4.80
2011,CA,Mathematics,8,All,272.77,246.72,273.42,299.40,39.46,38.56,36.10,61.44,19.12,25.34,6.22,6.22
2011,CO,Mathematics,8,All,291.74,268.50,293.17,317.10,35.87,19.81,36.73,80.19,31.19,43.46,12.27,12.27
2011,CT,Mathematics,8,All,287.00,262.38,287.83,312.36,35.39,24.68,37.19,75.32,28.28,38.13,9.84,9.84
2011,DE,Mathematics,8,All,282.77,260.55,283.05,305.86,34.11,26.31,41.77,73.69,25.00,31.92,6.92,6.92
2011,DC,Mathematics,8,All,260.47,233.66,259.99,287.50,39.81,51.98,30.98,48.02,13.68,17.04,3.36,3.36
2011,FL,Mathematics,8,All,277.84,254.50,278.31,301.91,35.00,32.02,40.26,67.98,22.17,27.72,5.55,5.55
2011,GA,Mathematics,8,All,278.48,255.27,278.85,302.13,35.07,31.51,40.73,68.49,21.79,27.76,5.97,5.97
2011,HI,Mathematics,8,All,277.84,253.97,280.00,304.23,37.55,32.21,37.78,67.79,24.10,30.01,5.91,5.91
2011,ID,Mathematics,8,All,286.68,264.57,287.52,310.29,34.34,22.59,40.56,77.41,28.12,36.85,8.73,8.73
2011,IL,Mathematics,8,All,283.23,259.72,283.41,306.78,35.51,26.95,40.22,73.05,24.70,32.83,8.13,8.13
2011,IN,Mathematics,8,All,285.00,263.81,285.40,307.87,32.79,23.24,42.61,76.76,27.45,34.15,6.69,6.69
2011,IA,Mathematics,8,All,284.92,263.57,285.61,307.73,34.01,23.46,42.93,76.54,26.00,33.62,7.61,7.61
2011,KS,Mathematics,8,All,289.62,267.88,291.23,312.39,32.55,19.96,39.26,80.04,32.33,40.79,8.46,8.46
2011,KY,Mathematics,8,All,281.61,258.55,281.97,304.82,33.74,28.27,41.08,71.73,24.24,30.65,6.41,6.41
2011,LA,Mathematics,8,All,272.84,250.57,273.94,296.16,33.43,36.72,41.00,63.28,19.39,22.29,2.90,2.90
2011,ME,Mathematics,8,All,288.73,266.04,288.95,313.01,34.99,21.63,39.53,78.37,28.58,38.84,10.26,10.26
2011,MD,Mathematics,8,All,288.00,261.16,289.38,315.09,38.48,25.66,33.92,74.34,28.55,40.42,11.87,11.87
2011,MA,Mathematics,8,All,298.51,276.62,300.10,322.24,34.37,14.45,34.31,85.55,35.90,51.23,15.34,15.34
2011,MI,Mathematics,8,All,280.18,257.16,281.42,304.83,34.96,29.39,39.82,70.61,25.06,30.79,5.74,5.74
2011,MN,Mathematics,8,All,294.95,273.16,296.86,318.91,35.14,16.82,35.57,83.18,34.28,47.61,13.33,13.33
2011,MS,Mathematics,8,All,269.24,246.00,269.10,292.35,33.94,41.87,38.87,58.13,16.31,19.26,2.95,2.95
2011,MO,Mathematics,8,All,281.95,259.32,282.52,305.41,34.75,27.44,41.03,72.56,24.83,31.53,6.70,6.70
2011,MT,Mathematics,8,All,292.91,272.61,295.53,316.44,34.55,17.13,37.25,82.87,34.70,45.63,10.93,10.93
2011,NE,Mathematics,8,All,283.20,261.48,284.32,306.51,33.72,25.52,41.69,74.48,26.14,32.79,6.65,6.65
2011,NV,Mathematics,8,All,278.11,254.14,278.50,302.97,35.64,32.93,38.50,67.07,22.62,28.58,5.96,5.96
2011,NH,Mathematics,8,All,292.11,270.66,293.70,315.78,33.92,18.46,37.95,81.54,32.75,43.59,10.84,10.84
2011,NJ,Mathematics,8,All,294.14,271.60,296.28,319.16,36.35,17.82,35.35,82.18,33.24,46.83,13.59,13.59
2011,NM,Mathematics,8,All,274.45,251.84,274.45,297.55,33.32,35.76,40.46,64.24,20.06,23.79,3.73,3.73
2011,NY,Mathematics,8,All,280.45,256.97,281.07,304.28,35.07,29.78,40.20,70.22,23.36,30.02,6.66,6.66
2011,NC,Mathematics,8,All,286.27,262.19,286.91,311.04,35.84,24.81,38.23,75.19,27.26,36.96,9.70,9.70
2011,ND,Mathematics,8,All,292.00,272.68,293.29,313.75,30.86,15.49,41.94,84.51,34.28,42.57,8.29,8.29
2011,OH,Mathematics,8,All,288.60,266.18,289.51,311.59,33.06,21.19,39.90,78.81,30.60,38.91,8.32,8.32
2011,OK,Mathematics,8,All,279.18,258.61,280.19,300.89,32.29,28.26,44.47,71.74,22.94,27.28,4.34,4.34
2011,OR,Mathematics,8,All,282.52,258.90,283.39,306.75,35.51,27.92,39.33,72.08,25.33,32.75,7.42,7.42
2011,PA,Mathematics,8,All,286.10,260.85,288.22,312.13,37.35,25.97,35.15,74.03,29.38,38.88,9.50,9.50
2011,RI,Mathematics,8,All,282.88,260.38,284.60,307.93,36.37,26.50,39.60,73.50,26.57,33.90,7.33,7.33
2011,SC,Mathematics,8,All,281.00,256.71,281.50,306.04,35.53,29.84,38.40,70.16,24.65,31.75,7.11,7.11
2011,SD,Mathematics,8,All,290.62,270.37,292.28,313.17,32.28,17.99,40.33,82.01,33.36,41.68,8.32,8.32
2011,TN,Mathematics,8,All,274.04,251.01,274.26,297.73,35.22,35.71,40.42,64.29,19.26,23.87,4.61,4.61
2011,TX,Mathematics,8,All,290.35,269.14,290.85,312.21,32.01,18.57,41.41,81.43,31.04,40.01,8.97,8.97
2011,UT,Mathematics,8,All,283.31,259.84,284.72,308.74,35.26,26.94,38.14,73.06,27.97,34.91,6.95,6.95
2011,VT,Mathematics,8,All,293.88,270.59,295.56,319.18,35.81,18.34,35.66,81.66,32.83,46.00,13.17,13.17
2011,VA,Mathematics,8,All,289.26,265.31,290.18,313.30,35.72,22.32,37.93,77.68,28.50,39.75,11.24,11.24
2011,WA,Mathematics,8,All,288.11,263.85,290.46,313.79,37.84,23.46,36.10,76.54,29.43,40.45,11.02,11.02
2011,WV,Mathematics,8,All,273.26,251.94,274.38,295.64,33.09,35.16,43.51,64.84,18.38,21.33,2.95,2.95
2011,WI,Mathematics,8,All,288.67,266.16,291.50,313.29,34.86,21.34,37.69,78.66,31.76,40.97,9.21,9.21
2011,WY,Mathematics,8,All,287.77,268.03,289.42,309.43,32.03,19.67,42.89,80.33,30.36,37.43,7.07,7.07
2011,AL,Mathematics,8,White,280.13,261.02,280.56,301.29,32.18,26.16,46.08,73.84,23.42,27.76,4.34,4.34
2011,AK,Mathematics,8,White,295.89,276.54,296.89,316.37,30.20,12.30,40.53,87.70,37.03,47.17,10.14,10.14
2011,AZ,Mathematics,8,White,293.89,271.70,295.62,318.26,35.21,16.97,36.65,83.03,34.05,46.38,12.33,12.33
2011,AR,Mathematics,8,White,287.15,266.68,288.83,309.20,31.86,20.83,42.01,79.17,30.94,37.16,6.22,6.22
2011,CA,Mathematics,8,White,289.97,268.05,291.20,312.91,34.33,20.19,39.17,79.81,30.07,40.63,10.57,10.57
2011,CO,Mathematics,8,White,301.92,281.86,302.76,323.79,31.17,10.45,34.63,89.55,39.00,54.92,15.92,15.92
2011,CT,Mathematics,8,White,296.79,275.51,297.62,318.93,31.56,14.29,37.45,85.71,35.19,48.26,13.07,13.07
2011,DE,Mathematics,8,White,293.57,273.35,293.90,314.58,31.31,15.09,41.45,84.91,33.03,43.46,10.43,10.43
2011,DC,Mathematics,8,White,318.60,299.98,318.69,339.19,30.08,3.21,21.19,96.79,43.44,75.60,32.16,32.16
2011,FL,Mathematics,8,White,287.41,266.15,287.78,310.63,32.48,21.06,42.04,78.94,28.78,36.90,8.12,8.12
2011,GA,Mathematics,8,White,290.88,269.86,291.24,311.95,31.62,18.21,41.90,81.79,31.23,39.89,8.66,8.66
2011,HI,Mathematics,8,White,290.04,270.76,292.84,311.93,32.67,17.96,41.04,82.04,33.54,41.00,7.46,7.46
2011,ID,Mathematics,8,White,290.89,269.93,291.65,313.00,32.50,18.05,40.94,81.95,31.34,41.01,9.67,9.67
2011,IL,Mathematics,8,White,293.88,273.15,294.27,315.62,32.31,15.74,40.23,84.26,32.82,44.03,11.21,11.21
2011,IN,Mathematics,8,White,289.81,269.54,290.64,311.38,31.41,17.99,42.48,82.01,31.75,39.53,7.78,7.78
2011,IA,Mathematics,8,White,288.18,267.42,288.23,310.25,33.08,19.97,43.25,80.03,28.11,36.78,8.67,8.67
2011,KS,Mathematics,8,White,295.11,275.42,297.07,316.00,30.27,14.18,38.58,85.82,37.54,47.24,9.70,9.70
2011,KY,Mathematics,8,White,284.48,262.17,284.77,306.95,32.83,24.84,42.06,75.16,25.99,33.09,7.10,7.10
2011,LA,Mathematics,8,White,282.50,262.60,283.48,304.21,30.92,24.56,44.54,75.44,26.73,30.90,4.17,4.17
2011,ME,Mathematics,8,White,289.76,267.17,289.82,314.08,34.53,20.77,39.48,79.23,29.13,39.75,10.63,10.63
2011,MD,Mathematics,8,White,303.21,281.78,304.22,325.55,32.98,11.17,32.69,88.83,37.94,56.15,18.20,18.20
2011,MA,Mathematics,8,White,304.29,284.27,305.40,325.34,30.82,9.07,32.76,90.93,40.81,58.18,17.36,17.36
2011,MI,Mathematics,8,White,285.77,265.16,286.50,307.69,31.30,21.82,43.33,78.18,29.01,34.86,5.84,5.84
2011,MN,Mathematics,8,White,301.61,281.31,302.80,322.90,31.95,10.52,34.62,89.48,38.81,54.86,16.05,16.05
2011,MS,Mathematics,8,White,283.32,263.04,282.96,304.02,30.14,23.89,46.21,76.11,24.69,29.90,5.22,5.22
2011,MO,Mathematics,8,White,287.56,266.34,287.74,309.43,32.62,20.60,43.11,79.40,28.38,36.30,7.92,7.92
2011,MT,Mathematics,8,White,296.68,277.58,298.57,318.50,32.05,13.42,37.18,86.58,37.56,49.40,11.84,11.84
2011,NE,Mathematics,8,White,289.79,269.69,290.33,311.30,30.65,17.72,43.39,82.28,31.05,38.89,7.84,7.84
2011,NV,Mathematics,8,White,292.13,270.95,293.23,314.38,32.00,17.26,39.97,82.74,33.13,42.77,9.64,9.64
2011,NH,Mathematics,8,White,293.25,272.27,294.42,316.32,32.84,16.96,38.51,83.04,33.69,44.53,10.84,10.84
2011,NJ,Mathematics,8,White,304.26,284.48,305.41,325.18,30.43,8.80,32.63,91.20,41.59,58.56,16.98,16.98
2011,NM,Mathematics,8,White,289.82,268.47,290.80,311.77,30.76,18.68,41.12,81.32,32.65,40.19,7.54,7.54
2011,NY,Mathematics,8,White,290.57,270.21,291.22,311.76,31.21,17.82,42.19,82.18,31.32,39.98,8.66,8.66
2011,NC,Mathematics,8,White,296.11,274.42,297.20,318.47,32.63,15.04,37.02,84.96,35.06,47.94,12.88,12.88
2011,ND,Mathematics,8,White,296.17,277.78,296.56,315.93,27.69,10.82,42.53,89.18,37.64,46.64,9.00,9.00
2011,OH,Mathematics,8,White,295.21,275.07,295.71,316.23,30.43,13.89,40.42,86.11,35.47,45.69,10.22,10.22
2011,OK,Mathematics,8,White,286.50,267.31,286.54,305.88,29.20,19.30,47.05,80.70,28.24,33.65,5.42,5.42
2011,OR,Mathematics,8,White,287.43,265.15,288.52,310.52,33.84,22.42,40.27,77.58,28.66,37.31,8.65,8.65
2011,PA,Mathematics,8,White,294.42,272.81,296.58,317.55,33.38,17.02,35.62,82.98,36.04,47.36,11.32,11.32
2011,RI,Mathematics,8,White,291.72,270.62,292.63,314.56,32.68,17.71,40.22,82.29,32.33,42.08,9.75,9.75
2011,SC,Mathematics,8,White,292.69,271.27,293.58,314.55,31.73,16.73,40.19,83.27,32.77,43.08,10.31,10.31
2011,SD,Mathematics,8,White,295.45,276.20,296.51,316.37,29.91,12.82,40.38,87.18,37.18,46.80,9.62,9.62
2011,TN,Mathematics,8,White,280.58,259.62,280.06,301.84,32.41,27.39,44.48,72.61,22.59,28.13,5.54,5.54
2011,TX,Mathematics,8,White,303.55,285.39,304.11,323.15,29.08,8.06,34.33,91.94,42.18,57.61,15.42,15.42
2011,UT,Mathematics,8,White,289.47,267.53,290.77,312.68,32.71,20.07,39.22,79.93,32.37,40.71,8.33,8.33
2011,VT,Mathematics,8,White,294.55,271.64,296.38,319.67,35.42,17.68,35.49,82.32,33.50,46.82,13.32,13.32
2011,VA,Mathematics,8,White,296.84,274.72,297.10,319.34,33.04,15.00,37.21,85.00,33.77,47.80,14.02,14.02
2011,WA,Mathematics,8,White,293.93,271.99,296.04,317.42,34.62,17.02,36.66,82.98,34.35,46.32,11.97,11.97
2011,WV,Mathematics,8,White,274.00,252.92,275.13,296.17,32.81,34.18,43.91,65.82,18.97,21.91,2.94,2.94
2011,WI,Mathematics,8,White,294.87,274.76,296.60,316.80,31.41,14.57,38.61,85.43,36.27,46.82,10.54,10.54
2011,WY,Mathematics,8,White,291.28,272.45,292.36,311.73,30.51,15.72,43.26,84.28,32.99,41.02,8.03,8.03
2011,AL,Mathematics,8,Black,249.82,228.72,250.22,273.23,33.42,63.53,29.61,36.47,6.65,6.85,999.00,999.00
2011,AK,Mathematics,8,Black,272.92,256.13,273.89,292.38,28.56,33.73,48.79,66.27,16.24,17.48,1.24,1.24
2011,AZ,Mathematics,8,Black,268.99,246.61,270.65,292.05,32.62,38.70,43.09,61.30,17.09,18.21,1.12,1.12
2011,AR,Mathematics,8,Black,256.75,235.23,256.94,278.46,31.27,56.42,34.94,43.58,7.82,8.64,0.82,0.82
2011,CA,Mathematics,8,Black,253.63,230.16,254.65,277.60,37.03,58.38,29.66,41.62,11.13,11.96,0.83,0.83
2011,CO,Mathematics,8,Black,269.93,248.06,269.22,290.63,30.74,39.36,43.83,60.64,15.08,16.82,1.73,1.73
2011,CT,Mathematics,8,Black,262.04,241.77,261.33,281.40,30.58,50.38,38.13,49.62,9.95,11.48,1.54,1.54
2011,DE,Mathematics,8,Black,265.61,247.30,266.28,285.58,30.72,44.21,42.08,55.79,12.60,13.71,1.11,1.11
2011,DC,Mathematics,8,Black,256.09,231.41,256.21,281.85,37.34,56.16,31.04,43.84,11.22,12.81,1.59,1.59
2011,FL,Mathematics,8,Black,258.48,235.90,258.80,281.14,32.05,54.20,35.26,45.80,9.95,10.53,0.58,0.58
2011,GA,Mathematics,8,Black,262.11,240.66,262.94,282.68,31.97,48.69,39.31,51.31,10.64,12.00,1.36,1.36
2011,HI,Mathematics,8,Black,277.31,256.84,279.42,300.52,34.80,28.48,45.31,71.52,20.89,26.20,5.31,5.31
2011,ID,Mathematics,8,Black,999.00,999.00,999.00,999.00,999.00,999.00,999.00,999.00,999.00,999.00,999.00,999.00
2011,IL,Mathematics,8,Black,260.47,240.96,260.62,281.16,30.25,51.68,38.40,48.32,9.40,9.92,0.53,0.53
2011,IN,Mathematics,8,Black,263.74,244.08,264.58,284.13,29.92,46.27,42.68,53.73,9.87,11.05,1.18,1.18
2011,IA,Mathematics,8,Black,257.73,234.51,260.26,281.73,33.37,52.31,36.53,47.69,10.30,11.16,0.86,0.86
2011,KS,Mathematics,8,Black,268.92,248.22,269.54,289.56,30.35,40.89,42.96,59.11,14.25,16.14,1.90,1.90
2011,KY,Mathematics,8,Black,260.66,239.45,259.71,282.35,31.56,52.88,34.67,47.12,10.99,12.46,1.46,1.46
2011,LA,Mathematics,8,Black,258.85,238.23,258.78,280.30,31.42,53.85,36.21,46.15,9.30,9.94,0.63,0.63
2011,ME,Mathematics,8,Black,264.90,237.64,270.01,292.89,39.68,42.06,39.82,57.94,14.76,18.12,3.37,3.37
2011,MD,Mathematics,8,Black,267.17,243.15,266.36,290.94,33.93,44.62,37.15,55.38,15.58,18.23,2.65,2.65
2011,MA,Mathematics,8,Black,275.07,251.10,277.63,300.01,34.94,34.68,39.62,65.32,21.62,25.70,4.08,4.08
2011,MI,Mathematics,8,Black,249.88,228.33,249.22,270.02,32.24,66.34,26.45,33.66,6.89,7.21,999.00,999.00
2011,MN,Mathematics,8,Black,266.37,244.50,266.64,289.41,33.21,44.78,37.71,55.22,16.23,17.51,1.27,1.27
2011,MS,Mathematics,8,Black,254.68,234.63,253.97,275.41,31.09,60.48,31.38,39.52,7.67,8.14,999.00,999.00
2011,MO,Mathematics,8,Black,254.41,233.41,254.14,275.75,31.41,60.11,32.14,39.89,7.30,7.76,999.00,999.00
2011,MT,Mathematics,8,Black,999.00,999.00,999.00,999.00,999.00,999.00,999.00,999.00,999.00,999.00,999.00,999.00
2011,NE,Mathematics,8,Black,254.55,233.70,256.55,276.73,33.06,57.83,34.27,42.17,6.51,7.89,1.38,1.38
2011,NV,Mathematics,8,Black,259.08,237.55,257.85,281.17,32.56,55.17,32.87,44.83,10.99,11.96,0.97,0.97
2011,NH,Mathematics,8,Black,999.00,999.00,999.00,999.00,999.00,999.00,999.00,999.00,999.00,999.00,999.00,999.00
2011,NJ,Mathematics,8,Black,271.52,250.57,272.23,295.01,34.47,36.58,42.48,63.42,17.69,20.94,3.24,3.24
2011,NM,Mathematics,8,Black,265.41,242.56,262.62,285.59,30.79,49.35,34.75,50.65,14.23,15.90,1.67,1.67
2011,NY,Mathematics,8,Black,264.29,243.11,264.47,284.92,30.93,47.05,40.16,52.95,11.49,12.78,1.30,1.30
2011,NC,Mathematics,8,Black,267.11,246.64,267.35,288.18,32.33,43.13,41.78,56.87,12.93,15.09,2.16,2.16
2011,ND,Mathematics,8,Black,999.00,999.00,999.00,999.00,999.00,999.00,999.00,999.00,999.00,999.00,999.00,999.00
2011,OH,Mathematics,8,Black,262.54,242.83,261.71,282.15,29.80,50.23,37.94,49.77,10.96,11.84,0.88,0.88
2011,OK,Mathematics,8,Black,262.46,242.15,263.42,282.65,29.68,48.11,41.13,51.89,9.92,10.75,0.84,0.84
2011,OR,Mathematics,8,Black,263.45,242.16,261.17,290.25,34.54,51.47,30.37,48.53,17.45,18.16,0.71,0.71
2011,PA,Mathematics,8,Black,257.08,235.85,257.93,279.51,32.51,55.62,35.24,44.38,8.24,9.14,0.90,0.90
2011,RI,Mathematics,8,Black,256.45,230.80,260.15,284.61,37.39,51.86,36.63,48.14,10.61,11.51,0.90,0.90
2011,SC,Mathematics,8,Black,262.95,241.27,262.05,284.93,32.54,49.88,36.33,50.12,12.12,13.79,1.67,1.67
2011,SD,Mathematics,8,Black,269.80,247.18,270.65,293.94,33.15,40.01,38.87,59.99,20.26,21.11,0.85,0.85
2011,TN,Mathematics,8,Black,252.25,228.35,251.95,275.94,34.64,62.26,28.86,37.74,7.92,8.88,0.96,0.96
2011,TX,Mathematics,8,Black,276.91,258.20,276.93,295.68,29.90,29.15,49.57,70.85,17.17,21.28,4.11,4.11
2011,UT,Mathematics,8,Black,999.00,999.00,999.00,999.00,999.00,999.00,999.00,999.00,999.00,999.00,999.00,999.00
2011,VT,Mathematics,8,Black,999.00,999.00,999.00,999.00,999.00,999.00,999.00,999.00,999.00,999.00,999.00,999.00
2011,VA,Mathematics,8,Black,268.13,246.42,269.02,292.29,32.79,41.65,40.21,58.35,16.65,18.13,1.48,1.48
2011,WA,Mathematics,8,Black,264.51,245.35,266.15,287.03,34.26,44.44,41.04,55.56,12.81,14.52,1.71,1.71
2011,WV,Mathematics,8,Black,259.88,236.96,260.74,284.62,32.15,51.42,38.85,48.58,9.27,9.73,999.00,999.00
2011,WI,Mathematics,8,Black,255.63,233.53,256.17,277.33,33.78,56.83,32.54,43.17,9.17,10.63,1.45,1.45
2011,WY,Mathematics,8,Black,999.00,999.00,999.00,999.00,999.00,999.00,999.00,999.00,999.00,999.00,999.00,999.00
2011,AL,Mathematics,8,Hispanic,255.02,233.67,253.56,275.91,31.80,60.15,30.80,39.85,7.97,9.05,1.08,1.08
2011,AK,Mathematics,8,Hispanic,276.92,254.34,277.38,299.36,34.90,33.23,41.60,66.77,20.00,25.17,5.17,5.17
2011,AZ,Mathematics,8,Hispanic,265.89,242.83,266.38,290.16,35.06,44.97,37.39,55.03,15.26,17.63,2.38,2.38
2011,AR,Mathematics,8,Hispanic,272.18,252.37,271.77,292.88,30.49,36.35,43.93,63.65,18.07,19.72,1.65,1.65
2011,CA,Mathematics,8,Hispanic,259.53,236.83,260.96,283.23,34.54,51.26,36.21,48.74,11.38,12.53,1.15,1.15
2011,CO,Mathematics,8,Hispanic,270.87,250.05,271.65,293.86,34.62,37.76,41.88,62.24,17.01,20.36,3.36,3.36
2011,CT,Mathematics,8,Hispanic,262.48,241.66,261.71,283.39,31.40,50.70,36.38,49.30,11.80,12.91,1.12,1.12
2011,DE,Mathematics,8,Hispanic,274.23,255.27,275.73,294.77,30.57,32.14,47.26,67.86,18.62,20.60,1.98,1.98
2011,DC,Mathematics,8,Hispanic,260.62,232.73,263.22,288.76,39.19,49.59,33.59,50.41,14.97,16.82,1.86,1.86
2011,FL,Mathematics,8,Hispanic,273.77,252.28,274.36,296.06,33.07,35.37,42.29,64.63,18.89,22.34,3.45,3.45
2011,GA,Mathematics,8,Hispanic,277.22,255.11,277.20,299.61,32.77,31.15,43.53,68.85,20.48,25.32,4.84,4.84
2011,HI,Mathematics,8,Hispanic,262.64,240.03,259.82,287.74,35.61,52.49,28.01,47.51,17.56,19.49,1.93,1.93
2011,ID,Mathematics,8,Hispanic,267.28,247.62,268.31,288.66,33.40,41.80,41.88,58.20,13.74,16.32,2.58,2.58
2011,IL,Mathematics,8,Hispanic,271.67,251.52,272.44,292.78,32.01,35.82,45.06,64.18,16.39,19.11,2.73,2.73
2011,IN,Mathematics,8,Hispanic,274.97,254.82,274.43,294.96,30.87,31.74,46.83,68.26,18.04,21.43,3.40,3.40
2011,IA,Mathematics,8,Hispanic,268.66,249.52,271.20,288.75,29.82,38.30,48.20,61.70,12.80,13.51,0.71,0.71
2011,KS,Mathematics,8,Hispanic,274.19,252.70,274.09,296.04,31.06,35.06,42.60,64.94,20.02,22.34,2.32,2.32
2011,KY,Mathematics,8,Hispanic,268.89,249.83,271.09,292.08,31.79,39.50,42.17,60.50,17.74,18.34,0.60,0.60
2011,LA,Mathematics,8,Hispanic,268.91,251.67,270.94,289.24,29.35,39.25,44.76,60.75,15.40,15.99,0.59,0.59
2011,ME,Mathematics,8,Hispanic,999.00,999.00,999.00,999.00,999.00,999.00,999.00,999.00,999.00,999.00,999.00,999.00
2011,MD,Mathematics,8,Hispanic,272.95,247.07,274.72,300.65,37.25,38.69,34.40,61.31,22.88,26.91,4.02,4.02
2011,MA,Mathematics,8,Hispanic,272.88,251.05,273.64,294.46,33.54,35.92,43.09,64.08,17.68,20.99,3.31,3.31
2011,MI,Mathematics,8,Hispanic,273.75,250.17,275.92,297.45,33.42,36.41,40.52,63.59,18.44,23.07,4.63,4.63
2011,MN,Mathematics,8,Hispanic,269.89,247.93,269.34,290.88,32.64,40.50,41.64,59.50,14.60,17.86,3.26,3.26
2011,MS,Mathematics,8,Hispanic,272.67,253.07,274.53,294.88,30.88,29.87,50.49,70.13,18.04,19.64,1.60,1.60
2011,MO,Mathematics,8,Hispanic,267.23,248.61,267.84,287.59,29.55,42.47,41.92,57.53,15.39,15.61,999.00,999.00
2011,MT,Mathematics,8,Hispanic,285.09,262.82,283.60,304.07,32.45,23.16,45.97,76.84,24.12,30.87,6.75,6.75
2011,NE,Mathematics,8,Hispanic,261.09,240.62,260.60,282.20,31.57,51.94,36.66,48.06,10.29,11.40,1.11,1.11
2011,NV,Mathematics,8,Hispanic,266.28,244.89,265.63,287.92,32.57,45.28,39.44,54.72,13.02,15.27,2.25,2.25
2011,NH,Mathematics,8,Hispanic,265.73,245.88,266.13,289.89,33.47,44.52,40.29,55.48,13.33,15.19,1.87,1.87
2011,NJ,Mathematics,8,Hispanic,274.22,253.40,278.14,298.08,35.50,32.98,43.06,67.02,20.80,23.96,3.16,3.16
2011,NM,Mathematics,8,Hispanic,269.42,247.80,269.84,291.23,31.79,40.92,40.99,59.08,16.01,18.09,2.08,2.08
2011,NY,Mathematics,8,Hispanic,262.80,241.64,263.39,284.68,32.50,48.60,38.79,51.40,11.18,12.60,1.42,1.42
2011,NC,Mathematics,8,Hispanic,275.09,252.59,275.94,297.15,32.87,33.74,42.82,66.26,19.46,23.44,3.98,3.98
2011,ND,Mathematics,8,Hispanic,999.00,999.00,999.00,999.00,999.00,999.00,999.00,999.00,999.00,999.00,999.00,999.00
2011,OH,Mathematics,8,Hispanic,273.42,249.69,272.10,297.92,34.17,38.93,35.49,61.07,21.60,25.58,3.98,3.98
2011,OK,Mathematics,8,Hispanic,264.02,240.84,266.48,288.37,34.32,44.02,41.52,55.98,13.07,14.46,1.39,1.39
2011,OR,Mathematics,8,Hispanic,267.65,247.12,268.17,289.78,32.77,42.10,41.02,57.90,14.63,16.88,2.25,2.25
2011,PA,Mathematics,8,Hispanic,268.92,242.11,268.36,295.63,36.35,42.14,35.50,57.86,19.49,22.36,2.87,2.87
2011,RI,Mathematics,8,Hispanic,261.27,239.61,262.82,284.03,34.87,49.10,37.84,50.90,11.46,13.06,1.60,1.60
2011,SC,Mathematics,8,Hispanic,272.59,248.19,274.08,298.84,36.19,37.18,37.99,62.82,20.88,24.83,3.95,3.95
2011,SD,Mathematics,8,Hispanic,274.01,253.46,278.32,295.04,31.45,34.08,45.99,65.92,17.39,19.93,2.54,2.54
2011,TN,Mathematics,8,Hispanic,265.71,242.44,266.43,287.01,31.46,44.32,40.43,55.68,14.35,15.26,0.91,0.91
2011,TX,Mathematics,8,Hispanic,283.21,263.15,283.83,304.54,30.18,23.71,45.02,76.29,27.17,31.26,4.09,4.09
2011,UT,Mathematics,8,Hispanic,256.81,235.10,256.80,277.33,32.00,57.09,33.84,42.91,8.10,9.07,0.98,0.98
2011,VT,Mathematics,8,Hispanic,999.00,999.00,999.00,999.00,999.00,999.00,999.00,999.00,999.00,999.00,999.00,999.00
2011,VA,Mathematics,8,Hispanic,278.57,255.84,279.14,301.82,33.17,31.11,41.51,68.89,22.31,27.38,5.07,5.07
2011,WA,Mathematics,8,Hispanic,269.02,244.87,270.35,295.25,35.82,42.07,36.41,57.93,18.70,21.52,2.82,2.82
2011,WV,Mathematics,8,Hispanic,999.00,999.00,999.00,999.00,999.00,999.00,999.00,999.00,999.00,999.00,999.00,999.00
2011,WI,Mathematics,8,Hispanic,269.67,245.90,270.51,295.22,34.34,40.49,38.75,59.51,18.07,20.77,2.70,2.70
2011,WY,Mathematics,8,Hispanic,271.26,248.70,272.27,293.95,31.99,37.18,43.10,62.82,18.00,19.72,1.72,1.72
2011,AL,Mathematics,8,Asian,999.00,999.00,999.00,999.00,999.00,999.00,999.00,999.00,999.00,999.00,999.00,999.00
2011,AK,Mathematics,8,Asian,282.22,258.53,283.87,306.21,35.56,28.54,39.64,71.46,23.80,31.82,8.02,8.02
2011,AZ,Mathematics,8,Asian,302.30,280.88,305.15,323.02,35.88,11.16,30.93,88.84,41.15,57.91,16.76,16.76
2011,AR,Mathematics,8,Asian,999.00,999.00,999.00,999.00,999.00,999.00,999.00,999.00,999.00,999.00,999.00,999.00
2011,CA,Mathematics,8,Asian,298.26,274.11,299.20,326.36,40.33,16.74,33.27,83.26,30.94,49.98,19.05,19.05
2011,CO,Mathematics,8,Asian,312.78,292.73,318.47,335.55,33.33,7.98,24.52,92.02,37.95,67.50,29.55,29.55
2011,CT,Mathematics,8,Asian,307.14,283.91,309.41,328.46,31.39,8.30,31.25,91.70,39.95,60.45,20.50,20.50
2011,DE,Mathematics,8,Asian,311.18,289.71,312.83,332.78,33.01,7.07,25.49,92.93,43.25,67.43,24.19,24.19
2011,DC,Mathematics,8,Asian,999.00,999.00,999.00,999.00,999.00,999.00,999.00,999.00,999.00,999.00,999.00,999.00
2011,FL,Mathematics,8,Asian,311.59,289.13,309.49,333.37,36.72,7.84,27.49,92.16,39.84,64.68,24.83,24.83
2011,GA,Mathematics,8,Asian,302.06,277.12,300.88,331.01,36.53,12.41,35.87,87.59,28.06,51.72,23.66,23.66
2011,HI,Mathematics,8,Asian,276.73,252.97,278.54,303.15,37.86,33.29,37.95,66.71,22.94,28.75,5.81,5.81
2011,ID,Mathematics,8,Asian,999.00,999.00,999.00,999.00,999.00,999.00,999.00,999.00,999.00,999.00,999.00,999.00
2011,IL,Mathematics,8,Asian,313.59,288.70,315.57,339.03,35.48,8.05,24.49,91.95,36.28,67.45,31.17,31.17
2011,IN,Mathematics,8,Asian,999.00,999.00,999.00,999.00,999.00,999.00,999.00,999.00,999.00,999.00,999.00,999.00
2011,IA,Mathematics,8,Asian,291.14,266.30,292.36,319.43,38.71,23.02,32.32,76.98,33.36,44.66,11.30,11.30
2011,KS,Mathematics,8,Asian,300.25,277.27,301.59,329.99,39.70,14.55,32.47,85.45,30.63,52.98,22.35,22.35
2011,KY,Mathematics,8,Asian,999.00,999.00,999.00,999.00,999.00,999.00,999.00,999.00,999.00,999.00,999.00,999.00
2011,LA,Mathematics,8,Asian,999.00,999.00,999.00,999.00,999.00,999.00,999.00,999.00,999.00,999.00,999.00,999.00
2011,ME,Mathematics,8,Asian,999.00,999.00,999.00,999.00,999.00,999.00,999.00,999.00,999.00,999.00,999.00,999.00
2011,MD,Mathematics,8,Asian,311.22,287.17,313.20,334.33,36.18,9.36,25.53,90.64,38.49,65.11,26.62,26.62
2011,MA,Mathematics,8,Asian,320.31,295.92,321.02,348.75,36.74,6.35,21.54,93.65,33.40,72.11,38.71,38.71
2011,MI,Mathematics,8,Asian,309.96,281.82,310.29,339.93,38.25,12.72,24.58,87.28,32.11,62.70,30.59,30.59
2011,MN,Mathematics,8,Asian,281.92,259.52,286.00,310.16,38.84,27.11,38.22,72.89,27.35,34.67,7.32,7.32
2011,MS,Mathematics,8,Asian,999.00,999.00,999.00,999.00,999.00,999.00,999.00,999.00,999.00,999.00,999.00,999.00
2011,MO,Mathematics,8,Asian,999.00,999.00,999.00,999.00,999.00,999.00,999.00,999.00,999.00,999.00,999.00,999.00
2011,MT,Mathematics,8,Asian,999.00,999.00,999.00,999.00,999.00,999.00,999.00,999.00,999.00,999.00,999.00,999.00
2011,NE,Mathematics,8,Asian,999.00,999.00,999.00,999.00,999.00,999.00,999.00,999.00,999.00,999.00,999.00,999.00
2011,NV,Mathematics,8,Asian,287.09,259.42,289.66,314.29,38.69,27.14,32.17,72.86,29.77,40.69,10.93,10.93
2011,NH,Mathematics,8,Asian,303.42,284.07,306.01,330.38,40.74,16.41,23.74,83.59,36.16,59.85,23.69,23.69
2011,NJ,Mathematics,8,Asian,317.80,297.04,320.36,342.20,34.50,5.82,21.06,94.18,37.02,73.12,36.10,36.10
2011,NM,Mathematics,8,Asian,999.00,999.00,999.00,999.00,999.00,999.00,999.00,999.00,999.00,999.00,999.00,999.00
2011,NY,Mathematics,8,Asian,302.41,278.77,303.95,328.24,37.03,13.94,31.22,86.06,33.98,54.84,20.86,20.86
2011,NC,Mathematics,8,Asian,314.19,291.85,323.29,344.22,41.32,11.55,17.36,88.45,33.07,71.09,38.02,38.02
2011,ND,Mathematics,8,Asian,999.00,999.00,999.00,999.00,999.00,999.00,999.00,999.00,999.00,999.00,999.00,999.00
2011,OH,Mathematics,8,Asian,999.00,999.00,999.00,999.00,999.00,999.00,999.00,999.00,999.00,999.00,999.00,999.00
2011,OK,Mathematics,8,Asian,303.96,282.25,308.02,327.56,33.15,13.14,27.28,86.86,40.70,59.59,18.89,18.89
2011,OR,Mathematics,8,Asian,297.37,270.56,297.60,323.70,40.14,18.28,32.72,81.72,30.57,49.00,18.43,18.43
2011,PA,Mathematics,8,Asian,310.31,283.79,311.35,343.66,44.98,13.75,24.47,86.25,28.86,61.78,32.91,32.91
2011,RI,Mathematics,8,Asian,286.68,264.85,289.71,312.67,35.49,22.86,36.03,77.14,34.03,41.11,7.09,7.09
2011,SC,Mathematics,8,Asian,999.00,999.00,999.00,999.00,999.00,999.00,999.00,999.00,999.00,999.00,999.00,999.00
2011,SD,Mathematics,8,Asian,999.00,999.00,999.00,999.00,999.00,999.00,999.00,999.00,999.00,999.00,999.00,999.00
2011,TN,Mathematics,8,Asian,999.00,999.00,999.00,999.00,999.00,999.00,999.00,999.00,999.00,999.00,999.00,999.00
2011,TX,Mathematics,8,Asian,316.13,293.65,316.44,337.68,30.37,3.17,28.20,96.83,38.95,68.63,29.68,29.68
2011,UT,Mathematics,8,Asian,283.87,262.40,283.92,308.90,34.74,23.91,40.93,76.09,28.38,35.16,6.78,6.78
2011,VT,Mathematics,8,Asian,999.00,999.00,999.00,999.00,999.00,999.00,999.00,999.00,999.00,999.00,999.00,999.00
2011,VA,Mathematics,8,Asian,312.58,289.64,314.01,340.02,34.79,7.11,27.88,92.89,33.25,65.01,31.76,31.76
2011,WA,Mathematics,8,Asian,302.20,276.50,303.64,333.13,41.28,15.84,29.36,84.16,29.81,54.80,24.99,24.99
2011,WV,Mathematics,8,Asian,999.00,999.00,999.00,999.00,999.00,999.00,999.00,999.00,999.00,999.00,999.00,999.00
2011,WI,Mathematics,8,Asian,289.79,262.34,290.89,319.77,39.12,24.50,33.00,75.50,26.18,42.50,16.33,16.33
2011,WY,Mathematics,8,Asian,999.00,999.00,999.00,999.00,999.00,999.00,999.00,999.00,999.00,999.00,999.00,999.00
2011,AL,Mathematics,8,American Indian or Alaskan Native,999.00,999.00,999.00,999.00,999.00,999.00,999.00,999.00,999.00,999.00,999.00,999.00
2011,AK,Mathematics,8,American Indian or Alaskan Native,257.90,232.21,260.36,285.21,41.33,51.82,33.22,48.18,12.46,14.96,2.51,2.51
2011,AZ,Mathematics,8,American Indian or Alaskan Native,253.06,229.55,252.96,277.81,41.19,59.71,28.30,40.29,8.88,11.99,3.11,3.11
2011,AR,Mathematics,8,American Indian or Alaskan Native,999.00,999.00,999.00,999.00,999.00,999.00,999.00,999.00,999.00,999.00,999.00,999.00
2011,CA,Mathematics,8,American Indian or Alaskan Native,999.00,999.00,999.00,999.00,999.00,999.00,999.00,999.00,999.00,999.00,999.00,999.00
2011,CO,Mathematics,8,American Indian or Alaskan Native,999.00,999.00,999.00,999.00,999.00,999.00,999.00,999.00,999.00,999.00,999.00,999.00
2011,CT,Mathematics,8,American Indian or Alaskan Native,999.00,999.00,999.00,999.00,999.00,999.00,999.00,999.00,999.00,999.00,999.00,999.00
2011,DE,Mathematics,8,American Indian or Alaskan Native,999.00,999.00,999.00,999.00,999.00,999.00,999.00,999.00,999.00,999.00,999.00,999.00
2011,DC,Mathematics,8,American Indian or Alaskan Native,999.00,999.00,999.00,999.00,999.00,999.00,999.00,999.00,999.00,999.00,999.00,999.00
2011,FL,Mathematics,8,American Indian or Alaskan Native,999.00,999.00,999.00,999.00,999.00,999.00,999.00,999.00,999.00,999.00,999.00,999.00
2011,GA,Mathematics,8,American Indian or Alaskan Native,999.00,999.00,999.00,999.00,999.00,999.00,999.00,999.00,999.00,999.00,999.00,999.00
2011,HI,Mathematics,8,American Indian or Alaskan Native,999.00,999.00,999.00,999.00,999.00,999.00,999.00,999.00,999.00,999.00,999.00,999.00
2011,ID,Mathematics,8,American Indian or Alaskan Native,999.00,999.00,999.00,999.00,999.00,999.00,999.00,999.00,999.00,999.00,999.00,999.00
2011,IL,Mathematics,8,American Indian or Alaskan Native,999.00,999.00,999.00,999.00,999.00,999.00,999.00,999.00,999.00,999.00,999.00,999.00
2011,IN,Mathematics,8,American Indian or Alaskan Native,999.00,999.00,999.00,999.00,999.00,999.00,999.00,999.00,999.00,999.00,999.00,999.00
2011,IA,Mathematics,8,American Indian or Alaskan Native,999.00,999.00,999.00,999.00,999.00,999.00,999.00,999.00,999.00,999.00,999.00,999.00
2011,KS,Mathematics,8,American Indian or Alaskan Native,999.00,999.00,999.00,999.00,999.00,999.00,999.00,999.00,999.00,999.00,999.00,999.00
2011,KY,Mathematics,8,American Indian or Alaskan Native,999.00,999.00,999.00,999.00,999.00,999.00,999.00,999.00,999.00,999.00,999.00,999.00
2011,LA,Mathematics,8,American Indian or Alaskan Native,999.00,999.00,999.00,999.00,999.00,999.00,999.00,999.00,999.00,999.00,999.00,999.00
2011,ME,Mathematics,8,American Indian or Alaskan Native,999.00,999.00,999.00,999.00,999.00,999.00,999.00,999.00,999.00,999.00,999.00,999.00
2011,MD,Mathematics,8,American Indian or Alaskan Native,999.00,999.00,999.00,999.00,999.00,999.00,999.00,999.00,999.00,999.00,999.00,999.00
2011,MA,Mathematics,8,American Indian or Alaskan Native,999.00,999.00,999.00,999.00,999.00,999.00,999.00,999.00,999.00,999.00,999.00,999.00
2011,MI,Mathematics,8,American Indian or Alaskan Native,999.00,999.00,999.00,999.00,999.00,999.00,999.00,999.00,999.00,999.00,999.00,999.00
2011,MN,Mathematics,8,American Indian or Alaskan Native,262.91,242.84,263.13,281.43,33.04,48.72,40.05,51.28,7.37,11.23,3.86,3.86
2011,MS,Mathematics,8,American Indian or Alaskan Native,999.00,999.00,999.00,999.00,999.00,999.00,999.00,999.00,999.00,999.00,999.00,999.00
2011,MO,Mathematics,8,American Indian or Alaskan Native,999.00,999.00,999.00,999.00,999.00,999.00,999.00,999.00,999.00,999.00,999.00,999.00
2011,MT,Mathematics,8,American Indian or Alaskan Native,263.64,236.37,265.54,291.30,40.63,46.52,34.74,53.48,14.14,18.74,4.61,4.61
2011,NE,Mathematics,8,American Indian or Alaskan Native,999.00,999.00,999.00,999.00,999.00,999.00,999.00,999.00,999.00,999.00,999.00,999.00
2011,NV,Mathematics,8,American Indian or Alaskan Native,999.00,999.00,999.00,999.00,999.00,999.00,999.00,999.00,999.00,999.00,999.00,999.00
2011,NH,Mathematics,8,American Indian or Alaskan Native,999.00,999.00,999.00,999.00,999.00,999.00,999.00,999.00,999.00,999.00,999.00,999.00
2011,NJ,Mathematics,8,American Indian or Alaskan Native,999.00,999.00,999.00,999.00,999.00,999.00,999.00,999.00,999.00,999.00,999.00,999.00
2011,NM,Mathematics,8,American Indian or Alaskan Native,257.73,237.86,258.30,277.94,31.23,55.73,36.94,44.27,5.95,7.33,1.38,1.38
2011,NY,Mathematics,8,American Indian or Alaskan Native,999.00,999.00,999.00,999.00,999.00,999.00,999.00,999.00,999.00,999.00,999.00,999.00
2011,NC,Mathematics,8,American Indian or Alaskan Native,265.25,239.01,267.20,295.59,41.96,46.46,31.83,53.54,16.98,21.71,4.73,4.73
2011,ND,Mathematics,8,American Indian or Alaskan Native,264.08,241.20,264.48,287.57,34.51,46.44,38.28,53.56,12.89,15.28,2.39,2.39
2011,OH,Mathematics,8,American Indian or Alaskan Native,999.00,999.00,999.00,999.00,999.00,999.00,999.00,999.00,999.00,999.00,999.00,999.00
2011,OK,Mathematics,8,American Indian or Alaskan Native,272.61,251.90,274.34,294.94,32.22,35.86,43.06,64.14,18.22,21.08,2.86,2.86
2011,OR,Mathematics,8,American Indian or Alaskan Native,260.01,233.38,257.99,287.94,37.54,54.71,29.22,45.29,12.72,16.06,3.35,3.35
2011,PA,Mathematics,8,American Indian or Alaskan Native,999.00,999.00,999.00,999.00,999.00,999.00,999.00,999.00,999.00,999.00,999.00,999.00
2011,RI,Mathematics,8,American Indian or Alaskan Native,999.00,999.00,999.00,999.00,999.00,999.00,999.00,999.00,999.00,999.00,999.00,999.00
2011,SC,Mathematics,8,American Indian or Alaskan Native,999.00,999.00,999.00,999.00,999.00,999.00,999.00,999.00,999.00,999.00,999.00,999.00
2011,SD,Mathematics,8,American Indian or Alaskan Native,263.08,240.86,263.95,284.93,32.88,48.06,38.32,51.94,11.55,13.63,2.08,2.08
2011,TN,Mathematics,8,American Indian or Alaskan Native,999.00,999.00,999.00,999.00,999.00,999.00,999.00,999.00,999.00,999.00,999.00,999.00
2011,TX,Mathematics,8,American Indian or Alaskan Native,999.00,999.00,999.00,999.00,999.00,999.00,999.00,999.00,999.00,999.00,999.00,999.00
2011,UT,Mathematics,8,American Indian or Alaskan Native,243.64,218.59,244.62,264.46,36.36,72.79,23.42,27.21,1.71,3.79,2.08,2.08
2011,VT,Mathematics,8,American Indian or Alaskan Native,999.00,999.00,999.00,999.00,999.00,999.00,999.00,999.00,999.00,999.00,999.00,999.00
2011,VA,Mathematics,8,American Indian or Alaskan Native,999.00,999.00,999.00,999.00,999.00,999.00,999.00,999.00,999.00,999.00,999.00,999.00
2011,WA,Mathematics,8,American Indian or Alaskan Native,256.34,234.30,260.65,284.80,40.53,51.40,36.31,48.60,10.71,12.29,1.58,1.58
2011,WV,Mathematics,8,American Indian or Alaskan Native,999.00,999.00,999.00,999.00,999.00,999.00,999.00,999.00,999.00,999.00,999.00,999.00
2011,WI,Mathematics,8,American Indian or Alaskan Native,999.00,999.00,999.00,999.00,999.00,999.00,999.00,999.00,999.00,999.00,999.00,999.00
2011,WY,Mathematics,8,American Indian or Alaskan Native,999.00,999.00,999.00,999.00,999.00,999.00,999.00,999.00,999.00,999.00,999.00,999.00
2011,AL,Mathematics,8,Hawaiian,999.00,999.00,999.00,999.00,999.00,999.00,999.00,999.00,999.00,999.00,999.00,999.00
2011,AK,Mathematics,8,Hawaiian,281.43,260.06,283.37,305.19,35.34,27.87,39.97,72.13,25.26,32.16,6.90,6.90
2011,AZ,Mathematics,8,Hawaiian,999.00,999.00,999.00,999.00,999.00,999.00,999.00,999.00,999.00,999.00,999.00,999.00
2011,AR,Mathematics,8,Hawaiian,999.00,999.00,999.00,999.00,999.00,999.00,999.00,999.00,999.00,999.00,999.00,999.00
2011,CA,Mathematics,8,Hawaiian,999.00,999.00,999.00,999.00,999.00,999.00,999.00,999.00,999.00,999.00,999.00,999.00
2011,CO,Mathematics,8,Hawaiian,304.24,277.88,305.86,331.95,37.93,11.13,31.65,88.87,33.92,57.22,23.29,23.29
2011,CT,Mathematics,8,Hawaiian,999.00,999.00,999.00,999.00,999.00,999.00,999.00,999.00,999.00,999.00,999.00,999.00
2011,DE,Mathematics,8,Hawaiian,999.00,999.00,999.00,999.00,999.00,999.00,999.00,999.00,999.00,999.00,999.00,999.00
2011,DC,Mathematics,8,Hawaiian,999.00,999.00,999.00,999.00,999.00,999.00,999.00,999.00,999.00,999.00,999.00,999.00
2011,FL,Mathematics,8,Hawaiian,283.48,262.20,283.64,306.28,30.53,24.44,43.29,75.56,27.09,32.27,5.18,5.18
2011,GA,Mathematics,8,Hawaiian,275.09,249.23,273.39,296.60,36.71,39.55,37.40,60.45,15.62,23.05,7.44,7.44
2011,HI,Mathematics,8,Hawaiian,276.43,250.56,278.34,303.66,38.46,35.42,35.04,64.58,22.52,29.54,7.02,7.02
2011,ID,Mathematics,8,Hawaiian,999.00,999.00,999.00,999.00,999.00,999.00,999.00,999.00,999.00,999.00,999.00,999.00
2011,IL,Mathematics,8,Hawaiian,280.85,255.31,282.44,305.49,36.52,29.61,37.35,70.39,26.11,33.04,6.93,6.93
2011,IN,Mathematics,8,Hawaiian,281.85,262.08,281.52,303.55,32.38,25.68,45.31,74.32,23.88,29.00,5.12,5.12
2011,IA,Mathematics,8,Hawaiian,999.00,999.00,999.00,999.00,999.00,999.00,999.00,999.00,999.00,999.00,999.00,999.00
2011,KS,Mathematics,8,Hawaiian,279.88,252.63,276.15,305.94,36.40,32.38,36.92,67.62,20.67,30.71,10.04,10.04
2011,KY,Mathematics,8,Hawaiian,999.00,999.00,999.00,999.00,999.00,999.00,999.00,999.00,999.00,999.00,999.00,999.00
2011,LA,Mathematics,8,Hawaiian,999.00,999.00,999.00,999.00,999.00,999.00,999.00,999.00,999.00,999.00,999.00,999.00
2011,ME,Mathematics,8,Hawaiian,999.00,999.00,999.00,999.00,999.00,999.00,999.00,999.00,999.00,999.00,999.00,999.00
2011,MD,Mathematics,8,Hawaiian,295.92,269.29,294.96,322.07,37.27,19.66,32.91,80.34,31.43,47.43,16.00,16.00
2011,MA,Mathematics,8,Hawaiian,999.00,999.00,999.00,999.00,999.00,999.00,999.00,999.00,999.00,999.00,999.00,999.00
2011,MI,Mathematics,8,Hawaiian,999.00,999.00,999.00,999.00,999.00,999.00,999.00,999.00,999.00,999.00,999.00,999.00
2011,MN,Mathematics,8,Hawaiian,999.00,999.00,999.00,999.00,999.00,999.00,999.00,999.00,999.00,999.00,999.00,999.00
2011,MS,Mathematics,8,Hawaiian,999.00,999.00,999.00,999.00,999.00,999.00,999.00,999.00,999.00,999.00,999.00,999.00
2011,MO,Mathematics,8,Hawaiian,999.00,999.00,999.00,999.00,999.00,999.00,999.00,999.00,999.00,999.00,999.00,999.00
2011,MT,Mathematics,8,Hawaiian,999.00,999.00,999.00,999.00,999.00,999.00,999.00,999.00,999.00,999.00,999.00,999.00
2011,NE,Mathematics,8,Hawaiian,280.50,257.98,278.73,303.19,32.32,27.64,43.65,72.36,21.82,28.70,6.89,6.89
2011,NV,Mathematics,8,Hawaiian,282.32,259.17,285.06,309.81,40.18,27.28,36.75,72.72,27.17,35.97,8.80,8.80
2011,NH,Mathematics,8,Hawaiian,999.00,999.00,999.00,999.00,999.00,999.00,999.00,999.00,999.00,999.00,999.00,999.00
2011,NJ,Mathematics,8,Hawaiian,999.00,999.00,999.00,999.00,999.00,999.00,999.00,999.00,999.00,999.00,999.00,999.00
2011,NM,Mathematics,8,Hawaiian,999.00,999.00,999.00,999.00,999.00,999.00,999.00,999.00,999.00,999.00,999.00,999.00
2011,NY,Mathematics,8,Hawaiian,999.00,999.00,999.00,999.00,999.00,999.00,999.00,999.00,999.00,999.00,999.00,999.00
2011,NC,Mathematics,8,Hawaiian,292.21,269.98,293.89,315.90,34.15,18.99,36.49,81.01,32.48,44.52,12.04,12.04
2011,ND,Mathematics,8,Hawaiian,999.00,999.00,999.00,999.00,999.00,999.00,999.00,999.00,999.00,999.00,999.00,999.00
2011,OH,Mathematics,8,Hawaiian,283.93,263.75,282.49,306.50,30.12,21.00,47.17,79.00,27.46,31.83,4.37,4.37
2011,OK,Mathematics,8,Hawaiian,999.00,999.00,999.00,999.00,999.00,999.00,999.00,999.00,999.00,999.00,999.00,999.00
2011,OR,Mathematics,8,Hawaiian,282.27,256.17,285.87,309.14,37.40,29.93,34.48,70.07,28.90,35.59,6.68,6.68
2011,PA,Mathematics,8,Hawaiian,999.00,999.00,999.00,999.00,999.00,999.00,999.00,999.00,999.00,999.00,999.00,999.00
2011,RI,Mathematics,8,Hawaiian,285.98,270.10,284.79,302.01,28.85,17.76,52.27,82.24,24.21,29.97,5.76,5.76
2011,SC,Mathematics,8,Hawaiian,999.00,999.00,999.00,999.00,999.00,999.00,999.00,999.00,999.00,999.00,999.00,999.00
2011,SD,Mathematics,8,Hawaiian,999.00,999.00,999.00,999.00,999.00,999.00,999.00,999.00,999.00,999.00,999.00,999.00
2011,TN,Mathematics,8,Hawaiian,999.00,999.00,999.00,999.00,999.00,999.00,999.00,999.00,999.00,999.00,999.00,999.00
2011,TX,Mathematics,8,Hawaiian,304.57,268.62,307.85,339.41,36.96,17.19,28.96,82.81,21.18,53.85,32.67,32.67
2011,UT,Mathematics,8,Hawaiian,999.00,999.00,999.00,999.00,999.00,999.00,999.00,999.00,999.00,999.00,999.00,999.00
2011,VT,Mathematics,8,Hawaiian,999.00,999.00,999.00,999.00,999.00,999.00,999.00,999.00,999.00,999.00,999.00,999.00
2011,VA,Mathematics,8,Hawaiian,289.94,269.85,289.89,312.24,32.64,19.49,42.63,80.51,29.16,37.88,8.72,8.72
2011,WA,Mathematics,8,Hawaiian,292.47,266.64,292.88,318.96,39.54,21.09,34.73,78.91,28.06,44.18,16.12,16.12
2011,WV,Mathematics,8,Hawaiian,999.00,999.00,999.00,999.00,999.00,999.00,999.00,999.00,999.00,999.00,999.00,999.00
2011,WI,Mathematics,8,Hawaiian,999.00,999.00,999.00,999.00,999.00,999.00,999.00,999.00,999.00,999.00,999.00,999.00
2011,WY,Mathematics,8,Hawaiian,999.00,999.00,999.00,999.00,999.00,999.00,999.00,999.00,999.00,999.00,999.00,999.00
2011,AL,Mathematics,8,Multiracial,N/A,N/A,N/A,N/A,N/A,N/A,N/A,N/A,N/A,N/A,N/A,N/A
2011,AK,Mathematics,8,Multiracial,N/A,N/A,N/A,N/A,N/A,N/A,N/A,N/A,N/A,N/A,N/A,N/A
2011,AZ,Mathematics,8,Multiracial,N/A,N/A,N/A,N/A,N/A,N/A,N/A,N/A,N/A,N/A,N/A,N/A
2011,AR,Mathematics,8,Multiracial,N/A,N/A,N/A,N/A,N/A,N/A,N/A,N/A,N/A,N/A,N/A,N/A
2011,CA,Mathematics,8,Multiracial,N/A,N/A,N/A,N/A,N/A,N/A,N/A,N/A,N/A,N/A,N/A,N/A
2011,CO,Mathematics,8,Multiracial,N/A,N/A,N/A,N/A,N/A,N/A,N/A,N/A,N/A,N/A,N/A,N/A
2011,CT,Mathematics,8,Multiracial,N/A,N/A,N/A,N/A,N/A,N/A,N/A,N/A,N/A,N/A,N/A,N/A
2011,DE,Mathematics,8,Multiracial,N/A,N/A,N/A,N/A,N/A,N/A,N/A,N/A,N/A,N/A,N/A,N/A
2011,DC,Mathematics,8,Multiracial,N/A,N/A,N/A,N/A,N/A,N/A,N/A,N/A,N/A,N/A,N/A,N/A
2011,FL,Mathematics,8,Multiracial,N/A,N/A,N/A,N/A,N/A,N/A,N/A,N/A,N/A,N/A,N/A,N/A
2011,GA,Mathematics,8,Multiracial,N/A,N/A,N/A,N/A,N/A,N/A,N/A,N/A,N/A,N/A,N/A,N/A
2011,HI,Mathematics,8,Multiracial,N/A,N/A,N/A,N/A,N/A,N/A,N/A,N/A,N/A,N/A,N/A,N/A
2011,ID,Mathematics,8,Multiracial,N/A,N/A,N/A,N/A,N/A,N/A,N/A,N/A,N/A,N/A,N/A,N/A
2011,IL,Mathematics,8,Multiracial,N/A,N/A,N/A,N/A,N/A,N/A,N/A,N/A,N/A,N/A,N/A,N/A
2011,IN,Mathematics,8,Multiracial,N/A,N/A,N/A,N/A,N/A,N/A,N/A,N/A,N/A,N/A,N/A,N/A
2011,IA,Mathematics,8,Multiracial,N/A,N/A,N/A,N/A,N/A,N/A,N/A,N/A,N/A,N/A,N/A,N/A
2011,KS,Mathematics,8,Multiracial,N/A,N/A,N/A,N/A,N/A,N/A,N/A,N/A,N/A,N/A,N/A,N/A
2011,KY,Mathematics,8,Multiracial,N/A,N/A,N/A,N/A,N/A,N/A,N/A,N/A,N/A,N/A,N/A,N/A
2011,LA,Mathematics,8,Multiracial,N/A,N/A,N/A,N/A,N/A,N/A,N/A,N/A,N/A,N/A,N/A,N/A
2011,ME,Mathematics,8,Multiracial,N/A,N/A,N/A,N/A,N/A,N/A,N/A,N/A,N/A,N/A,N/A,N/A
2011,MD,Mathematics,8,Multiracial,N/A,N/A,N/A,N/A,N/A,N/A,N/A,N/A,N/A,N/A,N/A,N/A
2011,MA,Mathematics,8,Multiracial,N/A,N/A,N/A,N/A,N/A,N/A,N/A,N/A,N/A,N/A,N/A,N/A
2011,MI,Mathematics,8,Multiracial,N/A,N/A,N/A,N/A,N/A,N/A,N/A,N/A,N/A,N/A,N/A,N/A
2011,MN,Mathematics,8,Multiracial,N/A,N/A,N/A,N/A,N/A,N/A,N/A,N/A,N/A,N/A,N/A,N/A
2011,MS,Mathematics,8,Multiracial,N/A,N/A,N/A,N/A,N/A,N/A,N/A,N/A,N/A,N/A,N/A,N/A
2011,MO,Mathematics,8,Multiracial,N/A,N/A,N/A,N/A,N/A,N/A,N/A,N/A,N/A,N/A,N/A,N/A
2011,MT,Mathematics,8,Multiracial,N/A,N/A,N/A,N/A,N/A,N/A,N/A,N/A,N/A,N/A,N/A,N/A
2011,NE,Mathematics,8,Multiracial,N/A,N/A,N/A,N/A,N/A,N/A,N/A,N/A,N/A,N/A,N/A,N/A
2011,NV,Mathematics,8,Multiracial,N/A,N/A,N/A,N/A,N/A,N/A,N/A,N/A,N/A,N/A,N/A,N/A
2011,NH,Mathematics,8,Multiracial,N/A,N/A,N/A,N/A,N/A,N/A,N/A,N/A,N/A,N/A,N/A,N/A
2011,NJ,Mathematics,8,Multiracial,N/A,N/A,N/A,N/A,N/A,N/A,N/A,N/A,N/A,N/A,N/A,N/A
2011,NM,Mathematics,8,Multiracial,N/A,N/A,N/A,N/A,N/A,N/A,N/A,N/A,N/A,N/A,N/A,N/A
2011,NY,Mathematics,8,Multiracial,N/A,N/A,N/A,N/A,N/A,N/A,N/A,N/A,N/A,N/A,N/A,N/A
2011,NC,Mathematics,8,Multiracial,N/A,N/A,N/A,N/A,N/A,N/A,N/A,N/A,N/A,N/A,N/A,N/A
2011,ND,Mathematics,8,Multiracial,N/A,N/A,N/A,N/A,N/A,N/A,N/A,N/A,N/A,N/A,N/A,N/A
2011,OH,Mathematics,8,Multiracial,N/A,N/A,N/A,N/A,N/A,N/A,N/A,N/A,N/A,N/A,N/A,N/A
2011,OK,Mathematics,8,Multiracial,N/A,N/A,N/A,N/A,N/A,N/A,N/A,N/A,N/A,N/A,N/A,N/A
2011,OR,Mathematics,8,Multiracial,N/A,N/A,N/A,N/A,N/A,N/A,N/A,N/A,N/A,N/A,N/A,N/A
2011,PA,Mathematics,8,Multiracial,N/A,N/A,N/A,N/A,N/A,N/A,N/A,N/A,N/A,N/A,N/A,N/A
2011,RI,Mathematics,8,Multiracial,N/A,N/A,N/A,N/A,N/A,N/A,N/A,N/A,N/A,N/A,N/A,N/A
2011,SC,Mathematics,8,Multiracial,N/A,N/A,N/A,N/A,N/A,N/A,N/A,N/A,N/A,N/A,N/A,N/A
2011,SD,Mathematics,8,Multiracial,N/A,N/A,N/A,N/A,N/A,N/A,N/A,N/A,N/A,N/A,N/A,N/A
2011,TN,Mathematics,8,Multiracial,N/A,N/A,N/A,N/A,N/A,N/A,N/A,N/A,N/A,N/A,N/A,N/A
2011,TX,Mathematics,8,Multiracial,N/A,N/A,N/A,N/A,N/A,N/A,N/A,N/A,N/A,N/A,N/A,N/A
2011,UT,Mathematics,8,Multiracial,N/A,N/A,N/A,N/A,N/A,N/A,N/A,N/A,N/A,N/A,N/A,N/A
2011,VT,Mathematics,8,Multiracial,N/A,N/A,N/A,N/A,N/A,N/A,N/A,N/A,N/A,N/A,N/A,N/A
2011,VA,Mathematics,8,Multiracial,N/A,N/A,N/A,N/A,N/A,N/A,N/A,N/A,N/A,N/A,N/A,N/A
2011,WA,Mathematics,8,Multiracial,N/A,N/A,N/A,N/A,N/A,N/A,N/A,N/A,N/A,N/A,N/A,N/A
2011,WV,Mathematics,8,Multiracial,N/A,N/A,N/A,N/A,N/A,N/A,N/A,N/A,N/A,N/A,N/A,N/A
2011,WI,Mathematics,8,Multiracial,N/A,N/A,N/A,N/A,N/A,N/A,N/A,N/A,N/A,N/A,N/A,N/A
2011,WY,Mathematics,8,Multiracial,N/A,N/A,N/A,N/A,N/A,N/A,N/A,N/A,N/A,N/A,N/A,N/A
2011,AL,Reading,4,All,220.27,199.88,222.65,243.99,34.29,32.76,35.78,67.24,24.95,31.46,6.51,6.51
2011,AK,Reading,4,All,207.92,183.36,214.22,238.62,43.83,44.07,30.36,55.93,20.41,25.57,5.15,5.15
2011,AZ,Reading,4,All,212.40,189.81,215.65,239.15,38.43,41.65,32.24,58.35,20.73,26.10,5.38,5.38
2011,AR,Reading,4,All,216.51,194.17,219.78,242.58,36.82,37.23,32.68,62.77,24.17,30.09,5.92,5.92
2011,CA,Reading,4,All,211.36,187.75,213.96,237.60,38.42,43.63,31.77,56.37,18.86,24.61,5.75,5.75
2011,CO,Reading,4,All,223.43,202.62,228.31,249.68,38.22,29.32,32.17,70.68,29.21,38.51,9.30,9.30
2011,CT,Reading,4,All,227.43,205.78,230.56,253.40,36.70,26.92,31.08,73.08,29.88,42.00,12.11,12.11
2011,DE,Reading,4,All,225.13,205.11,227.22,246.78,31.39,27.69,36.16,72.31,28.75,36.15,7.40,7.40
2011,DC,Reading,4,All,200.63,173.05,201.41,229.34,42.63,56.23,25.00,43.77,13.21,18.77,5.56,5.56
2011,FL,Reading,4,All,224.53,204.22,226.21,247.11,32.54,28.82,35.94,71.18,27.16,35.24,8.08,8.08
2011,GA,Reading,4,All,220.81,198.61,223.11,245.02,34.55,33.79,33.77,66.21,25.07,32.45,7.38,7.38
2011,HI,Reading,4,All,213.61,190.88,216.83,240.23,38.27,40.69,32.14,59.31,21.23,27.16,5.93,5.93
2011,ID,Reading,4,All,220.83,201.35,224.22,244.52,34.89,31.15,36.25,68.85,26.14,32.60,6.46,6.46
2011,IL,Reading,4,All,219.36,196.63,222.88,245.81,38.64,34.72,31.98,65.28,24.75,33.30,8.56,8.56
2011,IN,Reading,4,All,220.73,200.14,224.45,244.72,34.74,32.08,35.20,67.92,26.36,32.72,6.37,6.37
2011,IA,Reading,4,All,220.71,200.76,224.46,245.07,35.23,31.29,35.50,68.71,26.83,33.21,6.38,6.38
2011,KS,Reading,4,All,223.57,203.16,227.02,247.63,35.33,29.39,34.50,70.61,27.82,36.11,8.29,8.29
2011,KY,Reading,4,All,225.14,204.65,226.28,246.63,31.17,28.26,36.28,71.74,27.74,35.46,7.72,7.72
2011,LA,Reading,4,All,210.41,187.15,212.94,235.80,35.93,44.54,32.87,55.46,18.70,22.58,3.89,3.89
2011,ME,Reading,4,All,222.04,202.24,224.00,244.16,32.37,30.26,37.34,69.74,25.92,32.40,6.48,6.48
2011,MD,Reading,4,All,230.78,207.97,232.21,254.29,34.04,25.00,31.96,75.00,29.45,43.04,13.58,13.58
2011,MA,Reading,4,All,236.77,216.91,238.26,258.38,31.04,17.21,32.39,82.79,34.89,50.41,15.52,15.52
2011,MI,Reading,4,All,218.86,196.76,222.41,243.49,35.48,34.44,34.36,65.56,24.74,31.20,6.46,6.46
2011,MN,Reading,4,All,222.31,202.56,225.82,247.31,36.49,29.88,34.83,70.12,27.19,35.29,8.09,8.09
2011,MS,Reading,4,All,209.19,186.49,212.28,234.83,36.56,45.38,32.84,54.62,18.04,21.78,3.74,3.74
2011,MO,Reading,4,All,220.35,198.16,223.76,246.22,37.44,33.39,32.60,66.61,25.64,34.01,8.36,8.36
2011,MT,Reading,4,All,225.14,206.36,227.36,246.57,31.72,26.56,37.71,73.44,28.30,35.73,7.43,7.43
2011,NE,Reading,4,All,223.31,202.44,227.13,247.49,35.04,29.89,33.81,70.11,28.14,36.30,8.17,8.17
2011,NV,Reading,4,All,212.58,190.26,215.50,238.51,37.27,41.66,32.85,58.34,20.63,25.50,4.87,4.87
2011,NH,Reading,4,All,230.39,211.30,233.10,251.98,31.40,22.23,34.39,77.77,33.12,43.38,10.26,10.26
2011,NJ,Reading,4,All,231.24,211.52,233.42,252.89,32.06,21.95,34.18,78.05,32.45,43.87,11.42,11.42
2011,NM,Reading,4,All,208.01,185.46,210.99,233.49,36.43,46.71,32.68,53.29,17.15,20.61,3.46,3.46
2011,NY,Reading,4,All,222.49,200.57,225.07,247.40,35.98,31.64,33.37,68.36,26.01,34.99,8.99,8.99
2011,NC,Reading,4,All,221.36,200.37,224.62,245.94,36.31,31.89,34.45,68.11,25.59,33.66,8.07,8.07
2011,ND,Reading,4,All,225.58,206.80,227.70,246.54,29.81,26.19,37.98,73.81,29.54,35.82,6.29,6.29
2011,OH,Reading,4,All,223.83,204.47,225.87,244.84,31.06,28.65,37.66,71.35,27.01,33.68,6.67,6.67
2011,OK,Reading,4,All,215.48,195.79,219.79,239.69,35.55,36.24,37.12,63.76,22.42,26.64,4.22,4.22
2011,OR,Reading,4,All,216.44,193.55,220.33,243.38,38.52,37.24,32.41,62.76,23.32,30.35,7.03,7.03
2011,PA,Reading,4,All,227.24,206.38,230.97,252.03,35.76,26.29,32.32,73.71,30.45,41.38,10.94,10.94
2011,RI,Reading,4,All,222.48,202.44,226.20,246.60,35.33,29.81,35.03,70.19,27.56,35.17,7.60,7.60
2011,SC,Reading,4,All,214.90,193.06,218.34,241.34,37.81,38.73,32.94,61.27,22.29,28.33,6.04,6.04
2011,SD,Reading,4,All,219.81,200.92,223.92,242.93,34.59,31.35,37.30,68.65,25.93,31.35,5.42,5.42
2011,TN,Reading,4,All,214.64,193.70,217.09,238.86,34.81,39.50,34.68,60.50,21.22,25.82,4.60,4.60
2011,TX,Reading,4,All,218.32,196.92,219.79,241.00,32.86,36.10,35.64,63.90,22.65,28.27,5.61,5.61
2011,UT,Reading,4,All,220.42,199.92,224.32,245.27,35.56,31.80,34.74,68.20,27.07,33.46,6.39,6.39
2011,VT,Reading,4,All,226.77,205.83,230.61,251.95,36.58,26.60,32.11,73.40,30.36,41.29,10.93,10.93
2011,VA,Reading,4,All,226.38,205.02,228.64,250.95,35.27,27.84,33.03,72.16,28.35,39.14,10.79,10.79
2011,WA,Reading,4,All,220.53,198.32,224.12,246.76,37.51,33.18,32.42,66.82,26.23,34.40,8.17,8.17
2011,WV,Reading,4,All,214.39,193.09,217.73,239.67,36.49,39.19,34.14,60.81,21.93,26.67,4.73,4.73
2011,WI,Reading,4,All,221.24,200.24,224.35,245.53,35.28,32.13,34.25,67.87,26.39,33.62,7.23,7.23
2011,WY,Reading,4,All,224.06,204.41,226.43,245.98,31.65,28.66,36.96,71.34,27.63,34.38,6.75,6.75
2011,AL,Reading,4,White,229.75,211.50,231.52,250.61,30.42,21.45,37.34,78.55,32.13,41.21,9.08,9.08
2011,AK,Reading,4,White,223.23,203.19,226.52,247.27,35.64,29.23,34.85,70.77,27.93,35.93,8.00,8.00
2011,AZ,Reading,4,White,225.00,205.23,227.87,249.03,34.74,27.52,34.39,72.48,29.52,38.09,8.57,8.57
2011,AR,Reading,4,White,224.34,204.61,228.04,248.06,34.85,28.09,34.09,71.91,29.88,37.81,7.94,7.94
2011,CA,Reading,4,White,228.96,209.45,231.49,250.66,32.55,23.58,36.40,76.42,29.71,40.01,10.30,10.30
2011,CO,Reading,4,White,235.66,218.96,238.72,256.38,31.31,16.05,32.94,83.95,37.91,51.01,13.10,13.10
2011,CT,Reading,4,White,238.70,220.29,241.48,260.17,31.17,14.96,30.26,85.04,38.28,54.78,16.50,16.50
2011,DE,Reading,4,White,233.86,216.22,236.03,253.83,29.32,17.18,35.83,82.82,36.00,47.00,10.99,10.99
2011,DC,Reading,4,White,255.24,237.31,256.75,279.43,33.50,8.11,17.75,91.89,37.05,74.15,37.10,37.10
2011,FL,Reading,4,White,234.92,216.99,236.89,255.00,29.42,16.85,34.90,83.15,36.25,48.25,12.00,12.00
2011,GA,Reading,4,White,230.87,211.81,232.55,252.13,31.55,21.66,35.60,78.34,31.93,42.74,10.81,10.81
2011,HI,Reading,4,White,226.03,206.51,229.00,248.40,33.78,26.07,35.61,73.93,29.81,38.32,8.52,8.52
2011,ID,Reading,4,White,225.37,207.22,227.86,247.29,32.51,25.74,37.61,74.26,29.31,36.65,7.34,7.34
2011,IL,Reading,4,White,231.03,211.69,233.62,253.87,34.32,21.85,33.60,78.15,32.21,44.56,12.34,12.34
2011,IN,Reading,4,White,225.99,207.05,229.24,248.01,32.82,25.95,36.04,74.05,30.18,38.01,7.83,7.83
2011,IA,Reading,4,White,224.86,206.35,228.05,247.10,32.78,26.54,36.79,73.46,29.62,36.66,7.04,7.04
2011,KS,Reading,4,White,228.83,209.87,231.81,251.35,33.22,23.52,34.96,76.48,31.54,41.52,9.98,9.98
2011,KY,Reading,4,White,226.35,206.33,227.57,247.47,30.65,26.51,36.89,73.49,28.63,36.60,7.97,7.97
2011,LA,Reading,4,White,222.56,203.04,225.35,245.64,32.80,29.81,36.80,70.19,27.21,33.39,6.18,6.18
2011,ME,Reading,4,White,223.33,203.70,225.09,244.91,31.46,28.92,37.79,71.08,26.55,33.29,6.73,6.73
2011,MD,Reading,4,White,241.92,222.33,242.95,262.39,29.97,12.95,30.59,87.05,37.07,56.46,19.39,19.39
2011,MA,Reading,4,White,243.00,225.61,244.51,262.25,28.11,10.56,30.56,89.44,40.42,58.88,18.46,18.46
2011,MI,Reading,4,White,225.41,206.93,228.52,247.36,32.29,25.94,37.22,74.06,29.53,36.84,7.31,7.31
2011,MN,Reading,4,White,229.38,211.36,232.13,251.20,32.32,21.66,36.55,78.34,32.22,41.79,9.56,9.56
2011,MS,Reading,4,White,219.61,200.19,222.80,242.70,34.28,32.25,37.35,67.75,24.64,30.40,5.76,5.76
2011,MO,Reading,4,White,225.60,205.41,228.49,249.60,35.29,27.32,33.99,72.68,29.12,38.68,9.57,9.57
2011,MT,Reading,4,White,228.83,210.56,230.46,248.71,29.55,22.30,38.55,77.70,30.72,39.15,8.43,8.43
2011,NE,Reading,4,White,229.67,210.20,232.35,251.26,31.81,22.98,34.82,77.02,31.98,42.20,10.22,10.22
2011,NV,Reading,4,White,223.61,203.28,227.00,247.23,34.73,29.23,34.35,70.77,28.51,36.42,7.91,7.91
2011,NH,Reading,4,White,231.22,212.55,233.78,252.39,30.99,21.20,34.37,78.80,33.96,44.43,10.47,10.47
2011,NJ,Reading,4,White,238.97,222.42,240.22,257.47,27.76,12.46,34.11,87.54,39.63,53.43,13.80,13.80
2011,NM,Reading,4,White,224.69,205.36,226.25,246.34,31.47,27.83,37.83,72.17,26.58,34.35,7.77,7.77
2011,NY,Reading,4,White,232.16,212.90,234.78,254.80,33.03,20.86,33.47,79.14,33.25,45.66,12.42,12.42
2011,NC,Reading,4,White,232.25,214.24,234.86,254.19,32.85,19.34,35.20,80.66,33.69,45.47,11.78,11.78
2011,ND,Reading,4,White,227.97,209.82,229.84,247.98,28.67,23.17,38.36,76.83,31.70,38.46,6.76,6.76
2011,OH,Reading,4,White,229.23,211.01,230.77,248.55,28.76,22.13,38.54,77.87,31.23,39.33,8.10,8.10
2011,OK,Reading,4,White,221.29,203.54,224.96,243.00,32.20,29.04,39.67,70.96,26.72,31.29,4.57,4.57
2011,OR,Reading,4,White,222.29,201.94,225.98,246.97,36.17,30.40,34.41,69.60,27.04,35.18,8.14,8.14
2011,PA,Reading,4,White,233.44,214.66,235.91,255.27,32.05,19.12,33.55,80.88,34.64,47.34,12.69,12.69
2011,RI,Reading,4,White,230.23,211.95,232.60,251.87,31.71,21.55,35.59,78.45,32.80,42.86,10.06,10.06
2011,SC,Reading,4,White,225.62,205.37,229.60,249.37,35.11,27.06,33.63,72.94,30.10,39.31,9.20,9.20
2011,SD,Reading,4,White,224.80,207.46,227.67,245.20,30.86,25.47,39.41,74.53,29.17,35.12,5.96,5.96
2011,TN,Reading,4,White,220.75,200.65,222.79,243.19,32.43,32.47,36.52,67.53,25.39,31.02,5.63,5.63
2011,TX,Reading,4,White,232.62,214.51,234.67,253.13,29.78,19.12,35.63,80.88,34.72,45.25,10.53,10.53
2011,UT,Reading,4,White,225.75,207.06,228.60,247.90,31.97,25.82,36.46,74.18,30.46,37.72,7.26,7.26
2011,VT,Reading,4,White,227.70,207.06,231.44,252.63,36.06,25.72,32.02,74.28,31.07,42.25,11.18,11.18
2011,VA,Reading,4,White,234.85,214.97,236.99,257.40,32.32,18.91,32.42,81.09,34.16,48.67,14.51,14.51
2011,WA,Reading,4,White,228.86,208.81,231.58,251.82,33.19,24.42,33.62,75.58,31.58,41.95,10.37,10.37
2011,WV,Reading,4,White,215.61,194.55,218.88,240.40,35.95,37.87,34.62,62.13,22.56,27.52,4.96,4.96
2011,WI,Reading,4,White,226.79,207.31,229.68,249.19,32.74,25.66,35.34,74.34,30.52,38.99,8.48,8.48
2011,WY,Reading,4,White,227.33,208.28,229.29,248.12,30.11,24.77,37.62,75.23,30.07,37.62,7.55,7.55
2011,AL,Reading,4,Black,204.03,183.48,206.65,227.01,33.54,52.00,33.61,48.00,12.68,14.39,1.70,1.70
2011,AK,Reading,4,Black,206.14,185.35,208.00,233.55,37.60,49.92,30.34,50.08,16.27,19.74,3.47,3.47
2011,AZ,Reading,4,Black,203.75,177.88,206.23,233.39,40.05,52.84,27.02,47.16,15.50,20.14,4.64,4.64
2011,AR,Reading,4,Black,197.11,175.62,198.79,220.39,33.43,60.06,29.35,39.94,9.89,10.59,0.70,0.70
2011,CA,Reading,4,Black,208.18,185.79,210.74,232.77,35.79,47.14,33.52,52.86,15.57,19.35,3.78,3.78
2011,CO,Reading,4,Black,207.41,188.30,210.47,231.21,34.30,46.76,35.46,53.24,15.67,17.77,2.11,2.11
2011,CT,Reading,4,Black,204.44,185.66,206.79,225.98,33.10,52.48,33.93,47.52,11.57,13.58,2.01,2.01
2011,DE,Reading,4,Black,214.58,195.07,216.14,235.83,30.02,40.00,37.17,60.00,20.20,22.83,2.63,2.63
2011,DC,Reading,4,Black,193.34,168.91,195.37,219.96,38.54,62.98,25.30,37.02,9.98,11.72,1.73,1.73
2011,FL,Reading,4,Black,209.49,190.30,210.35,229.49,30.36,46.39,36.79,53.61,14.54,16.82,2.28,2.28
2011,GA,Reading,4,Black,207.94,185.47,208.63,231.79,33.00,49.34,31.66,50.66,16.49,19.00,2.51,2.51
2011,HI,Reading,4,Black,215.45,191.62,216.64,238.38,34.98,39.75,34.33,60.25,19.27,25.91,6.64,6.64
2011,ID,Reading,4,Black,999.00,999.00,999.00,999.00,999.00,999.00,999.00,999.00,999.00,999.00,999.00,999.00
2011,IL,Reading,4,Black,198.36,176.43,201.41,223.52,36.27,57.66,29.88,42.34,10.90,12.46,1.56,1.56
2011,IN,Reading,4,Black,202.59,182.81,203.36,225.85,32.92,55.89,30.78,44.11,11.80,13.33,1.53,1.53
2011,IA,Reading,4,Black,192.73,168.70,195.81,218.67,37.03,62.45,26.74,37.55,10.01,10.81,0.80,0.80
2011,KS,Reading,4,Black,203.76,180.36,204.87,229.96,36.49,54.20,27.77,45.80,15.01,18.02,3.02,3.02
2011,KY,Reading,4,Black,210.16,190.29,209.45,231.53,29.96,47.66,33.18,52.34,16.80,19.16,2.36,2.36
2011,LA,Reading,4,Black,197.12,175.02,198.44,221.02,34.28,60.90,28.26,39.10,9.53,10.84,1.32,1.32
2011,ME,Reading,4,Black,192.32,166.51,194.97,224.01,40.52,60.43,25.11,39.57,13.80,14.46,0.66,0.66
2011,MD,Reading,4,Black,213.47,191.97,213.63,235.57,31.75,43.02,34.54,56.98,18.36,22.44,4.08,4.08
2011,MA,Reading,4,Black,215.54,196.16,216.13,236.85,29.35,38.81,37.68,61.19,20.61,23.51,2.90,2.90
2011,MI,Reading,4,Black,191.70,167.89,191.48,216.10,34.38,67.26,24.29,32.74,7.08,8.45,1.37,1.37
2011,MN,Reading,4,Black,199.50,176.11,201.59,225.54,39.56,56.18,27.91,43.82,13.05,15.91,2.86,2.86
2011,MS,Reading,4,Black,197.64,175.27,199.69,222.29,34.88,59.79,28.68,40.21,10.21,11.53,1.32,1.32
2011,MO,Reading,4,Black,198.85,173.50,201.52,224.17,36.67,57.25,28.35,42.75,12.22,14.40,2.17,2.17
2011,MT,Reading,4,Black,999.00,999.00,999.00,999.00,999.00,999.00,999.00,999.00,999.00,999.00,999.00,999.00
2011,NE,Reading,4,Black,199.14,175.48,201.90,226.11,37.25,55.81,29.64,44.19,13.08,14.55,1.47,1.47
2011,NV,Reading,4,Black,201.88,179.86,204.25,227.54,34.93,54.63,30.68,45.37,13.35,14.69,1.34,1.34
2011,NH,Reading,4,Black,999.00,999.00,999.00,999.00,999.00,999.00,999.00,999.00,999.00,999.00,999.00,999.00
2011,NJ,Reading,4,Black,215.64,195.57,217.17,238.44,32.46,38.84,35.76,61.16,21.18,25.40,4.21,4.21
2011,NM,Reading,4,Black,208.02,185.79,210.27,229.84,30.00,47.49,35.36,52.51,15.30,17.15,1.86,1.86
2011,NY,Reading,4,Black,208.14,188.09,209.78,230.50,32.88,47.95,33.65,52.05,15.69,18.40,2.71,2.71
2011,NC,Reading,4,Black,205.71,185.54,208.08,229.40,33.39,50.00,34.04,50.00,14.24,15.96,1.72,1.72
2011,ND,Reading,4,Black,219.63,199.77,221.01,240.86,31.75,33.22,37.36,66.78,24.70,29.42,4.71,4.71
2011,OH,Reading,4,Black,203.67,183.53,205.39,225.51,31.27,53.76,33.14,46.24,11.78,13.10,1.33,1.33
2011,OK,Reading,4,Black,199.26,180.17,204.08,224.53,36.53,55.44,31.89,44.56,11.69,12.67,0.98,0.98
2011,OR,Reading,4,Black,201.97,179.64,207.57,229.82,40.45,50.67,31.49,49.33,14.54,17.84,3.30,3.30
2011,PA,Reading,4,Black,204.28,181.33,205.91,230.89,36.20,52.27,29.12,47.73,16.10,18.61,2.51,2.51
2011,RI,Reading,4,Black,207.65,187.35,215.33,235.74,38.94,42.38,34.98,57.62,20.52,22.63,2.12,2.12
2011,SC,Reading,4,Black,199.12,177.82,202.53,224.32,36.24,56.30,31.33,43.70,10.77,12.37,1.60,1.60
2011,SD,Reading,4,Black,203.82,181.98,205.13,230.66,36.38,52.14,29.71,47.86,16.20,18.14,1.94,1.94
2011,TN,Reading,4,Black,198.14,177.09,200.44,222.18,33.97,58.64,30.72,41.36,9.52,10.64,1.12,1.12
2011,TX,Reading,4,Black,210.36,189.52,211.60,231.56,30.84,45.09,36.60,54.91,15.59,18.31,2.72,2.72
2011,UT,Reading,4,Black,999.00,999.00,999.00,999.00,999.00,999.00,999.00,999.00,999.00,999.00,999.00,999.00
2011,VT,Reading,4,Black,205.13,180.71,207.34,237.52,43.79,49.78,26.43,50.22,17.75,23.78,6.03,6.03
2011,VA,Reading,4,Black,209.58,189.60,211.11,231.38,32.18,45.39,35.22,54.61,17.28,19.39,2.10,2.10
2011,WA,Reading,4,Black,208.83,187.66,212.85,233.14,33.42,44.00,36.94,56.00,17.85,19.06,1.21,1.21
2011,WV,Reading,4,Black,196.34,176.24,200.88,223.53,40.66,57.91,27.60,42.09,13.27,14.49,1.22,1.22
2011,WI,Reading,4,Black,196.48,173.93,198.48,221.80,36.91,60.68,27.66,39.32,10.03,11.66,1.63,1.63
2011,WY,Reading,4,Black,999.00,999.00,999.00,999.00,999.00,999.00,999.00,999.00,999.00,999.00,999.00,999.00
2011,AL,Reading,4,Hispanic,204.77,186.54,207.82,228.39,36.18,49.92,34.24,50.08,14.14,15.84,1.70,1.70
2011,AK,Reading,4,Hispanic,211.59,190.68,217.59,237.23,38.99,39.53,36.41,60.47,19.43,24.06,4.62,4.62
2011,AZ,Reading,4,Hispanic,203.10,181.29,206.20,228.17,36.20,52.11,32.03,47.89,13.82,15.86,2.05,2.05
2011,AR,Reading,4,Hispanic,204.41,182.04,208.11,231.11,37.94,49.96,31.93,50.04,15.22,18.12,2.90,2.90
2011,CA,Reading,4,Hispanic,198.04,176.07,200.70,223.72,36.15,58.32,29.44,41.68,10.85,12.23,1.39,1.39
2011,CO,Reading,4,Hispanic,202.99,180.64,206.90,230.63,40.35,51.18,30.83,48.82,14.99,18.00,3.00,3.00
2011,CT,Reading,4,Hispanic,203.96,181.74,207.55,229.61,37.81,50.46,32.27,49.54,14.11,17.27,3.16,3.16
2011,DE,Reading,4,Hispanic,213.54,195.29,215.17,234.84,30.80,41.05,37.13,58.95,18.98,21.83,2.85,2.85
2011,DC,Reading,4,Hispanic,202.12,175.70,205.43,230.16,42.03,52.49,28.44,47.51,14.82,19.07,4.25,4.25
2011,FL,Reading,4,Hispanic,219.86,199.96,221.87,242.66,32.79,33.44,36.80,66.56,24.03,29.77,5.74,5.74
2011,GA,Reading,4,Hispanic,214.38,192.75,217.06,238.08,34.35,39.68,34.86,60.32,21.07,25.46,4.39,4.39
2011,HI,Reading,4,Hispanic,208.64,188.81,212.52,234.26,39.12,43.87,34.16,56.13,18.13,21.97,3.84,3.84
2011,ID,Reading,4,Hispanic,201.49,180.35,204.70,226.66,37.23,53.75,31.37,46.25,12.82,14.89,2.06,2.06
2011,IL,Reading,4,Hispanic,203.88,180.30,206.98,229.70,37.15,51.22,30.69,48.78,15.69,18.09,2.40,2.40
2011,IN,Reading,4,Hispanic,203.30,182.65,208.86,229.96,38.06,48.55,34.59,51.45,15.69,16.87,1.18,1.18
2011,IA,Reading,4,Hispanic,200.91,178.08,206.34,227.07,38.39,52.15,33.04,47.85,12.70,14.81,2.11,2.11
2011,KS,Reading,4,Hispanic,208.66,189.50,213.03,233.10,35.18,44.54,35.98,55.46,17.45,19.48,2.03,2.03
2011,KY,Reading,4,Hispanic,222.25,199.45,224.50,246.47,31.92,31.63,33.41,68.37,28.62,34.96,6.34,6.34
2011,LA,Reading,4,Hispanic,208.38,183.93,214.77,235.73,38.54,43.78,34.14,56.22,18.30,22.08,3.78,3.78
2011,ME,Reading,4,Hispanic,999.00,999.00,999.00,999.00,999.00,999.00,999.00,999.00,999.00,999.00,999.00,999.00
2011,MD,Reading,4,Hispanic,225.53,203.92,227.90,248.23,32.16,28.51,34.82,71.49,28.37,36.67,8.30,8.30
2011,MA,Reading,4,Hispanic,215.98,197.90,216.91,235.72,29.86,37.51,39.81,62.49,19.09,22.68,3.59,3.59
2011,MI,Reading,4,Hispanic,206.29,184.30,206.84,231.38,34.82,51.45,28.84,48.55,16.90,19.71,2.82,2.82
2011,MN,Reading,4,Hispanic,200.51,180.39,204.07,224.00,36.68,55.46,32.19,44.54,9.91,12.35,2.44,2.44
2011,MS,Reading,4,Hispanic,202.91,172.01,204.38,239.67,43.37,52.62,22.42,47.38,21.57,24.96,3.38,3.38
2011,MO,Reading,4,Hispanic,208.64,183.45,212.84,235.33,39.99,46.13,31.18,53.87,17.29,22.69,5.40,5.40
2011,MT,Reading,4,Hispanic,217.41,200.14,221.85,236.49,29.52,34.45,42.13,65.55,21.01,23.43,2.42,2.42
2011,NE,Reading,4,Hispanic,208.13,187.54,211.53,232.36,34.55,46.21,34.02,53.79,17.51,19.76,2.26,2.26
2011,NV,Reading,4,Hispanic,203.42,181.50,206.48,228.97,37.10,51.49,31.58,48.51,14.71,16.93,2.21,2.21
2011,NH,Reading,4,Hispanic,216.57,192.83,219.99,238.95,34.90,37.53,36.40,62.47,20.49,26.07,5.58,5.58
2011,NJ,Reading,4,Hispanic,216.11,195.36,217.35,237.81,30.82,38.29,37.13,61.71,20.73,24.58,3.85,3.85
2011,NM,Reading,4,Hispanic,201.82,179.92,204.82,227.10,35.41,53.74,31.42,46.26,13.36,14.84,1.49,1.49
2011,NY,Reading,4,Hispanic,208.57,187.76,210.89,232.46,35.11,45.99,34.23,54.01,16.72,19.78,3.06,3.06
2011,NC,Reading,4,Hispanic,206.57,183.68,209.73,232.54,37.29,48.10,32.19,51.90,16.11,19.72,3.61,3.61
2011,ND,Reading,4,Hispanic,214.30,194.02,216.49,234.52,29.90,40.28,38.22,59.72,19.45,21.50,2.06,2.06
2011,OH,Reading,4,Hispanic,210.81,192.76,213.68,232.31,29.92,41.10,39.81,58.90,17.71,19.09,1.38,1.38
2011,OK,Reading,4,Hispanic,206.87,185.86,211.23,231.77,37.51,46.91,34.92,53.09,14.20,18.17,3.98,3.98
2011,OR,Reading,4,Hispanic,196.16,171.56,198.86,222.18,37.38,59.94,27.75,40.06,10.51,12.31,1.81,1.81
2011,PA,Reading,4,Hispanic,202.21,178.88,205.35,229.11,37.93,52.29,30.68,47.71,14.39,17.04,2.65,2.65
2011,RI,Reading,4,Hispanic,203.98,182.62,207.36,229.24,34.79,50.69,33.79,49.31,14.06,15.52,1.47,1.47
2011,SC,Reading,4,Hispanic,207.78,189.69,212.53,233.65,38.53,42.66,37.53,57.34,16.87,19.81,2.94,2.94
2011,SD,Reading,4,Hispanic,206.88,184.21,213.54,232.60,39.18,43.75,34.93,56.25,17.95,21.32,3.38,3.38
2011,TN,Reading,4,Hispanic,201.26,177.40,206.02,227.24,37.07,52.13,32.07,47.87,13.92,15.80,1.88,1.88
2011,TX,Reading,4,Hispanic,209.72,189.77,211.22,231.35,31.31,46.16,35.31,53.84,16.29,18.53,2.24,2.24
2011,UT,Reading,4,Hispanic,196.29,174.22,200.22,223.85,39.21,58.80,28.15,41.20,11.35,13.05,1.69,1.69
2011,VT,Reading,4,Hispanic,999.00,999.00,999.00,999.00,999.00,999.00,999.00,999.00,999.00,999.00,999.00,999.00
2011,VA,Reading,4,Hispanic,208.96,187.43,212.58,234.32,37.00,44.67,34.12,55.33,17.91,21.21,3.29,3.29
2011,WA,Reading,4,Hispanic,199.37,174.31,203.81,226.62,38.96,54.67,29.79,45.33,13.59,15.54,1.96,1.96
2011,WV,Reading,4,Hispanic,999.00,999.00,999.00,999.00,999.00,999.00,999.00,999.00,999.00,999.00,999.00,999.00
2011,WI,Reading,4,Hispanic,202.38,183.27,206.34,226.44,33.85,51.82,35.47,48.18,11.47,12.71,1.24,1.24
2011,WY,Reading,4,Hispanic,212.70,192.06,215.03,235.05,31.86,41.68,36.86,58.32,18.35,21.46,3.11,3.11
2011,AL,Reading,4,Asian,999.00,999.00,999.00,999.00,999.00,999.00,999.00,999.00,999.00,999.00,999.00,999.00
2011,AK,Reading,4,Asian,197.18,174.11,201.29,225.21,39.00,57.62,29.19,42.38,11.69,13.19,1.50,1.50
2011,AZ,Reading,4,Asian,225.96,205.02,230.95,254.18,41.25,28.24,29.69,71.76,28.49,42.07,13.57,13.57
2011,AR,Reading,4,Asian,220.17,199.02,222.00,247.60,34.60,36.57,29.08,63.43,27.77,34.36,6.59,6.59
2011,CA,Reading,4,Asian,232.89,213.18,236.35,256.41,35.29,20.25,31.85,79.75,32.94,47.90,14.96,14.96
2011,CO,Reading,4,Asian,233.81,213.64,238.75,257.55,35.60,20.21,29.09,79.79,37.79,50.70,12.91,12.91
2011,CT,Reading,4,Asian,240.83,220.88,243.98,262.26,33.01,16.58,25.95,83.42,36.96,57.47,20.50,20.50
2011,DE,Reading,4,Asian,240.09,223.93,241.75,260.33,31.27,16.89,26.35,83.11,39.37,56.75,17.38,17.38
2011,DC,Reading,4,Asian,999.00,999.00,999.00,999.00,999.00,999.00,999.00,999.00,999.00,999.00,999.00,999.00
2011,FL,Reading,4,Asian,244.45,222.21,244.37,267.45,31.76,12.50,30.87,87.50,31.86,56.63,24.77,24.77
2011,GA,Reading,4,Asian,241.82,222.60,245.09,263.52,34.62,13.12,29.63,86.88,36.61,57.25,20.64,20.64
2011,HI,Reading,4,Asian,211.22,187.92,213.81,238.10,38.41,43.71,31.25,56.29,19.69,25.04,5.35,5.35
2011,ID,Reading,4,Asian,224.20,202.62,231.66,252.33,40.42,29.07,28.31,70.93,31.83,42.62,10.78,10.78
2011,IL,Reading,4,Asian,236.86,218.68,239.77,260.41,35.75,17.13,30.96,82.87,34.34,51.91,17.57,17.57
2011,IN,Reading,4,Asian,999.00,999.00,999.00,999.00,999.00,999.00,999.00,999.00,999.00,999.00,999.00,999.00
2011,IA,Reading,4,Asian,227.16,204.63,233.80,256.25,40.41,26.64,28.03,73.36,31.92,45.33,13.40,13.40
2011,KS,Reading,4,Asian,228.32,206.43,231.66,253.10,40.61,26.51,30.65,73.49,27.71,42.84,15.13,15.13
2011,KY,Reading,4,Asian,249.13,232.00,248.17,268.31,31.65,5.78,27.18,94.22,41.19,67.04,25.85,25.85
2011,LA,Reading,4,Asian,999.00,999.00,999.00,999.00,999.00,999.00,999.00,999.00,999.00,999.00,999.00,999.00
2011,ME,Reading,4,Asian,218.67,201.08,223.30,240.34,34.04,29.34,42.37,70.66,22.80,28.29,5.49,5.49
2011,MD,Reading,4,Asian,251.25,229.87,252.65,273.86,33.30,9.66,23.74,90.34,35.32,66.60,31.28,31.28
2011,MA,Reading,4,Asian,242.81,221.33,244.40,267.53,32.42,14.57,29.22,85.43,31.40,56.21,24.81,24.81
2011,MI,Reading,4,Asian,236.01,215.28,236.87,257.88,33.03,18.79,33.43,81.21,32.68,47.78,15.10,15.10
2011,MN,Reading,4,Asian,216.70,196.36,220.03,245.82,43.80,36.87,31.36,63.13,21.78,31.77,9.99,9.99
2011,MS,Reading,4,Asian,999.00,999.00,999.00,999.00,999.00,999.00,999.00,999.00,999.00,999.00,999.00,999.00
2011,MO,Reading,4,Asian,232.87,202.45,240.23,264.14,42.45,28.43,19.68,71.57,30.46,51.88,21.43,21.43
2011,MT,Reading,4,Asian,999.00,999.00,999.00,999.00,999.00,999.00,999.00,999.00,999.00,999.00,999.00,999.00
2011,NE,Reading,4,Asian,234.23,215.19,242.65,258.92,38.29,22.71,21.08,77.29,41.39,56.21,14.82,14.82
2011,NV,Reading,4,Asian,221.62,200.21,222.52,245.73,35.12,33.29,35.07,66.71,23.18,31.64,8.46,8.46
2011,NH,Reading,4,Asian,233.64,210.66,235.85,257.86,31.83,22.02,31.40,77.98,32.16,46.58,14.42,14.42
2011,NJ,Reading,4,Asian,247.48,228.11,249.21,270.26,33.23,11.51,24.40,88.49,36.70,64.09,27.40,27.40
2011,NM,Reading,4,Asian,222.25,200.23,229.08,251.27,39.54,30.57,30.53,69.43,27.79,38.90,11.11,11.11
2011,NY,Reading,4,Asian,234.63,214.21,237.59,258.79,36.72,19.95,30.89,80.05,32.04,49.17,17.13,17.13
2011,NC,Reading,4,Asian,235.57,215.64,236.59,260.62,36.88,18.85,33.12,81.15,29.43,48.03,18.60,18.60
2011,ND,Reading,4,Asian,999.00,999.00,999.00,999.00,999.00,999.00,999.00,999.00,999.00,999.00,999.00,999.00
2011,OH,Reading,4,Asian,999.00,999.00,999.00,999.00,999.00,999.00,999.00,999.00,999.00,999.00,999.00,999.00
2011,OK,Reading,4,Asian,224.93,200.36,227.10,249.47,35.32,31.29,31.00,68.71,27.14,37.71,10.57,10.57
2011,OR,Reading,4,Asian,229.75,202.77,235.31,257.62,40.52,28.02,25.20,71.98,31.22,46.78,15.56,15.56
2011,PA,Reading,4,Asian,242.45,220.59,246.04,267.57,38.06,17.74,22.24,82.26,35.56,60.02,24.47,24.47
2011,RI,Reading,4,Asian,232.33,213.70,236.26,252.51,33.86,18.14,35.27,81.86,35.02,46.59,11.57,11.57
2011,SC,Reading,4,Asian,999.00,999.00,999.00,999.00,999.00,999.00,999.00,999.00,999.00,999.00,999.00,999.00
2011,SD,Reading,4,Asian,999.00,999.00,999.00,999.00,999.00,999.00,999.00,999.00,999.00,999.00,999.00,999.00
2011,TN,Reading,4,Asian,234.00,210.05,240.14,259.60,37.29,24.23,25.03,75.77,35.73,50.73,15.00,15.00
2011,TX,Reading,4,Asian,246.62,224.97,245.35,266.25,30.97,8.34,32.79,91.66,35.30,58.87,23.57,23.57
2011,UT,Reading,4,Asian,216.65,191.66,219.82,244.94,38.48,37.19,30.34,62.81,25.89,32.48,6.58,6.58
2011,VT,Reading,4,Asian,999.00,999.00,999.00,999.00,999.00,999.00,999.00,999.00,999.00,999.00,999.00,999.00
2011,VA,Reading,4,Asian,235.96,214.21,238.02,259.38,34.97,20.12,29.79,79.88,31.27,50.09,18.82,18.82
2011,WA,Reading,4,Asian,227.19,201.64,230.62,255.36,40.52,29.93,27.36,70.07,27.85,42.71,14.86,14.86
2011,WV,Reading,4,Asian,999.00,999.00,999.00,999.00,999.00,999.00,999.00,999.00,999.00,999.00,999.00,999.00
2011,WI,Reading,4,Asian,224.64,199.82,227.49,251.41,38.62,32.37,28.74,67.63,27.55,38.89,11.34,11.34
2011,WY,Reading,4,Asian,999.00,999.00,999.00,999.00,999.00,999.00,999.00,999.00,999.00,999.00,999.00,999.00
2011,AL,Reading,4,American Indian or Alaskan Native,999.00,999.00,999.00,999.00,999.00,999.00,999.00,999.00,999.00,999.00,999.00,999.00
2011,AK,Reading,4,American Indian or Alaskan Native,174.92,145.22,177.27,209.41,47.67,74.01,17.74,25.99,7.19,8.25,1.06,1.06
2011,AZ,Reading,4,American Indian or Alaskan Native,184.50,159.91,187.13,214.31,42.03,69.90,22.45,30.10,5.96,7.65,1.69,1.69
2011,AR,Reading,4,American Indian or Alaskan Native,999.00,999.00,999.00,999.00,999.00,999.00,999.00,999.00,999.00,999.00,999.00,999.00
2011,CA,Reading,4,American Indian or Alaskan Native,999.00,999.00,999.00,999.00,999.00,999.00,999.00,999.00,999.00,999.00,999.00,999.00
2011,CO,Reading,4,American Indian or Alaskan Native,999.00,999.00,999.00,999.00,999.00,999.00,999.00,999.00,999.00,999.00,999.00,999.00
2011,CT,Reading,4,American Indian or Alaskan Native,999.00,999.00,999.00,999.00,999.00,999.00,999.00,999.00,999.00,999.00,999.00,999.00
2011,DE,Reading,4,American Indian or Alaskan Native,999.00,999.00,999.00,999.00,999.00,999.00,999.00,999.00,999.00,999.00,999.00,999.00
2011,DC,Reading,4,American Indian or Alaskan Native,999.00,999.00,999.00,999.00,999.00,999.00,999.00,999.00,999.00,999.00,999.00,999.00
2011,FL,Reading,4,American Indian or Alaskan Native,999.00,999.00,999.00,999.00,999.00,999.00,999.00,999.00,999.00,999.00,999.00,999.00
2011,GA,Reading,4,American Indian or Alaskan Native,999.00,999.00,999.00,999.00,999.00,999.00,999.00,999.00,999.00,999.00,999.00,999.00
2011,HI,Reading,4,American Indian or Alaskan Native,999.00,999.00,999.00,999.00,999.00,999.00,999.00,999.00,999.00,999.00,999.00,999.00
2011,ID,Reading,4,American Indian or Alaskan Native,999.00,999.00,999.00,999.00,999.00,999.00,999.00,999.00,999.00,999.00,999.00,999.00
2011,IL,Reading,4,American Indian or Alaskan Native,999.00,999.00,999.00,999.00,999.00,999.00,999.00,999.00,999.00,999.00,999.00,999.00
2011,IN,Reading,4,American Indian or Alaskan Native,999.00,999.00,999.00,999.00,999.00,999.00,999.00,999.00,999.00,999.00,999.00,999.00
2011,IA,Reading,4,American Indian or Alaskan Native,999.00,999.00,999.00,999.00,999.00,999.00,999.00,999.00,999.00,999.00,999.00,999.00
2011,KS,Reading,4,American Indian or Alaskan Native,999.00,999.00,999.00,999.00,999.00,999.00,999.00,999.00,999.00,999.00,999.00,999.00
2011,KY,Reading,4,American Indian or Alaskan Native,999.00,999.00,999.00,999.00,999.00,999.00,999.00,999.00,999.00,999.00,999.00,999.00
2011,LA,Reading,4,American Indian or Alaskan Native,999.00,999.00,999.00,999.00,999.00,999.00,999.00,999.00,999.00,999.00,999.00,999.00
2011,ME,Reading,4,American Indian or Alaskan Native,999.00,999.00,999.00,999.00,999.00,999.00,999.00,999.00,999.00,999.00,999.00,999.00
2011,MD,Reading,4,American Indian or Alaskan Native,999.00,999.00,999.00,999.00,999.00,999.00,999.00,999.00,999.00,999.00,999.00,999.00
2011,MA,Reading,4,American Indian or Alaskan Native,999.00,999.00,999.00,999.00,999.00,999.00,999.00,999.00,999.00,999.00,999.00,999.00
2011,MI,Reading,4,American Indian or Alaskan Native,999.00,999.00,999.00,999.00,999.00,999.00,999.00,999.00,999.00,999.00,999.00,999.00
2011,MN,Reading,4,American Indian or Alaskan Native,195.16,168.82,198.00,226.82,40.81,59.96,26.28,40.04,11.77,13.76,1.99,1.99
2011,MS,Reading,4,American Indian or Alaskan Native,999.00,999.00,999.00,999.00,999.00,999.00,999.00,999.00,999.00,999.00,999.00,999.00
2011,MO,Reading,4,American Indian or Alaskan Native,999.00,999.00,999.00,999.00,999.00,999.00,999.00,999.00,999.00,999.00,999.00,999.00
2011,MT,Reading,4,American Indian or Alaskan Native,199.50,177.27,202.76,224.98,36.69,56.60,29.87,43.40,11.47,13.53,2.06,2.06
2011,NE,Reading,4,American Indian or Alaskan Native,999.00,999.00,999.00,999.00,999.00,999.00,999.00,999.00,999.00,999.00,999.00,999.00
2011,NV,Reading,4,American Indian or Alaskan Native,999.00,999.00,999.00,999.00,999.00,999.00,999.00,999.00,999.00,999.00,999.00,999.00
2011,NH,Reading,4,American Indian or Alaskan Native,999.00,999.00,999.00,999.00,999.00,999.00,999.00,999.00,999.00,999.00,999.00,999.00
2011,NJ,Reading,4,American Indian or Alaskan Native,999.00,999.00,999.00,999.00,999.00,999.00,999.00,999.00,999.00,999.00,999.00,999.00
2011,NM,Reading,4,American Indian or Alaskan Native,192.53,167.27,193.58,219.82,38.62,63.71,24.77,36.29,9.80,11.52,1.72,1.72
2011,NY,Reading,4,American Indian or Alaskan Native,999.00,999.00,999.00,999.00,999.00,999.00,999.00,999.00,999.00,999.00,999.00,999.00
2011,NC,Reading,4,American Indian or Alaskan Native,192.23,167.32,196.82,220.52,41.33,62.00,27.52,38.00,8.38,10.48,2.10,2.10
2011,ND,Reading,4,American Indian or Alaskan Native,206.27,186.28,208.43,228.00,31.62,49.61,35.41,50.39,13.15,14.98,1.83,1.83
2011,OH,Reading,4,American Indian or Alaskan Native,999.00,999.00,999.00,999.00,999.00,999.00,999.00,999.00,999.00,999.00,999.00,999.00
2011,OK,Reading,4,American Indian or Alaskan Native,212.20,190.70,216.76,238.18,37.92,40.26,35.03,59.74,20.37,24.70,4.33,4.33
2011,OR,Reading,4,American Indian or Alaskan Native,213.02,185.68,218.13,243.00,41.24,39.41,33.00,60.59,20.37,27.59,7.22,7.22
2011,PA,Reading,4,American Indian or Alaskan Native,999.00,999.00,999.00,999.00,999.00,999.00,999.00,999.00,999.00,999.00,999.00,999.00
2011,RI,Reading,4,American Indian or Alaskan Native,999.00,999.00,999.00,999.00,999.00,999.00,999.00,999.00,999.00,999.00,999.00,999.00
2011,SC,Reading,4,American Indian or Alaskan Native,999.00,999.00,999.00,999.00,999.00,999.00,999.00,999.00,999.00,999.00,999.00,999.00
2011,SD,Reading,4,American Indian or Alaskan Native,196.83,175.40,199.83,223.25,40.45,57.97,28.85,42.03,10.79,13.19,2.40,2.40
2011,TN,Reading,4,American Indian or Alaskan Native,999.00,999.00,999.00,999.00,999.00,999.00,999.00,999.00,999.00,999.00,999.00,999.00
2011,TX,Reading,4,American Indian or Alaskan Native,999.00,999.00,999.00,999.00,999.00,999.00,999.00,999.00,999.00,999.00,999.00,999.00
2011,UT,Reading,4,American Indian or Alaskan Native,186.97,155.07,188.10,221.56,47.82,65.98,20.48,34.02,9.82,13.54,3.72,3.72
2011,VT,Reading,4,American Indian or Alaskan Native,999.00,999.00,999.00,999.00,999.00,999.00,999.00,999.00,999.00,999.00,999.00,999.00
2011,VA,Reading,4,American Indian or Alaskan Native,999.00,999.00,999.00,999.00,999.00,999.00,999.00,999.00,999.00,999.00,999.00,999.00
2011,WA,Reading,4,American Indian or Alaskan Native,201.67,170.52,205.39,230.82,43.62,53.51,27.72,46.49,13.05,18.78,5.73,5.73
2011,WV,Reading,4,American Indian or Alaskan Native,999.00,999.00,999.00,999.00,999.00,999.00,999.00,999.00,999.00,999.00,999.00,999.00
2011,WI,Reading,4,American Indian or Alaskan Native,999.00,999.00,999.00,999.00,999.00,999.00,999.00,999.00,999.00,999.00,999.00,999.00
2011,WY,Reading,4,American Indian or Alaskan Native,192.25,167.33,194.76,217.74,38.03,65.09,23.57,34.91,9.64,11.35,1.71,1.71
2011,AL,Reading,4,Hawaiian,999.00,999.00,999.00,999.00,999.00,999.00,999.00,999.00,999.00,999.00,999.00,999.00
2011,AK,Reading,4,Hawaiian,216.24,195.98,218.77,240.33,33.57,37.55,35.17,62.45,23.11,27.29,4.18,4.18
2011,AZ,Reading,4,Hawaiian,999.00,999.00,999.00,999.00,999.00,999.00,999.00,999.00,999.00,999.00,999.00,999.00
2011,AR,Reading,4,Hawaiian,999.00,999.00,999.00,999.00,999.00,999.00,999.00,999.00,999.00,999.00,999.00,999.00
2011,CA,Reading,4,Hawaiian,230.18,203.41,228.68,261.61,41.75,29.85,26.84,70.15,22.91,43.32,20.41,20.41
2011,CO,Reading,4,Hawaiian,232.21,211.77,237.03,255.56,37.44,22.12,28.67,77.88,34.30,49.22,14.92,14.92
2011,CT,Reading,4,Hawaiian,238.05,219.18,239.57,259.05,30.45,14.22,33.91,85.78,36.26,51.88,15.61,15.61
2011,DE,Reading,4,Hawaiian,226.76,209.09,230.24,244.81,27.15,23.83,38.34,76.17,31.69,37.83,6.15,6.15
2011,DC,Reading,4,Hawaiian,999.00,999.00,999.00,999.00,999.00,999.00,999.00,999.00,999.00,999.00,999.00,999.00
2011,FL,Reading,4,Hawaiian,235.38,217.47,235.18,255.81,27.11,16.63,37.70,83.37,34.22,45.67,11.46,11.46
2011,GA,Reading,4,Hawaiian,216.77,192.36,219.53,243.34,34.00,38.33,33.28,61.67,23.08,28.39,5.31,5.31
2011,HI,Reading,4,Hawaiian,213.38,189.65,218.33,242.95,41.35,40.21,31.49,59.79,21.03,28.29,7.26,7.26
2011,ID,Reading,4,Hawaiian,999.00,999.00,999.00,999.00,999.00,999.00,999.00,999.00,999.00,999.00,999.00,999.00
2011,IL,Reading,4,Hawaiian,224.79,200.28,232.10,254.43,44.78,30.48,26.86,69.52,28.58,42.65,14.07,14.07
2011,IN,Reading,4,Hawaiian,216.53,195.77,219.28,241.03,32.61,36.96,35.66,63.04,23.37,27.37,4.00,4.00
2011,IA,Reading,4,Hawaiian,219.76,194.67,219.18,245.61,36.21,38.03,29.50,61.97,24.27,32.47,8.20,8.20
2011,KS,Reading,4,Hawaiian,225.17,205.72,228.65,250.64,34.92,27.48,34.62,72.52,29.44,37.90,8.46,8.46
2011,KY,Reading,4,Hawaiian,233.38,213.26,232.20,251.30,29.52,19.69,36.65,80.31,32.41,43.66,11.26,11.26
2011,LA,Reading,4,Hawaiian,999.00,999.00,999.00,999.00,999.00,999.00,999.00,999.00,999.00,999.00,999.00,999.00
2011,ME,Reading,4,Hawaiian,999.00,999.00,999.00,999.00,999.00,999.00,999.00,999.00,999.00,999.00,999.00,999.00
2011,MD,Reading,4,Hawaiian,235.37,212.23,235.58,257.80,31.85,20.50,31.76,79.50,32.48,47.74,15.26,15.26
2011,MA,Reading,4,Hawaiian,245.89,224.30,246.24,266.99,30.53,12.24,27.86,87.76,35.34,59.90,24.56,24.56
2011,MI,Reading,4,Hawaiian,223.20,198.55,221.51,249.68,37.67,35.87,31.26,64.13,19.01,32.87,13.85,13.85
2011,MN,Reading,4,Hawaiian,208.79,181.32,211.40,235.17,36.53,45.78,34.26,54.22,14.96,19.96,5.00,5.00
2011,MS,Reading,4,Hawaiian,999.00,999.00,999.00,999.00,999.00,999.00,999.00,999.00,999.00,999.00,999.00,999.00
2011,MO,Reading,4,Hawaiian,999.00,999.00,999.00,999.00,999.00,999.00,999.00,999.00,999.00,999.00,999.00,999.00
2011,MT,Reading,4,Hawaiian,999.00,999.00,999.00,999.00,999.00,999.00,999.00,999.00,999.00,999.00,999.00,999.00
2011,NE,Reading,4,Hawaiian,215.71,192.72,224.07,240.86,37.65,36.47,33.41,63.53,26.69,30.13,3.44,3.44
2011,NV,Reading,4,Hawaiian,223.00,201.83,224.34,245.42,35.11,31.31,33.75,68.69,25.26,34.94,9.68,9.68
2011,NH,Reading,4,Hawaiian,999.00,999.00,999.00,999.00,999.00,999.00,999.00,999.00,999.00,999.00,999.00,999.00
2011,NJ,Reading,4,Hawaiian,999.00,999.00,999.00,999.00,999.00,999.00,999.00,999.00,999.00,999.00,999.00,999.00
2011,NM,Reading,4,Hawaiian,999.00,999.00,999.00,999.00,999.00,999.00,999.00,999.00,999.00,999.00,999.00,999.00
2011,NY,Reading,4,Hawaiian,999.00,999.00,999.00,999.00,999.00,999.00,999.00,999.00,999.00,999.00,999.00,999.00
2011,NC,Reading,4,Hawaiian,222.29,203.56,222.98,243.47,34.21,31.50,37.72,68.50,22.77,30.78,8.01,8.01
2011,ND,Reading,4,Hawaiian,999.00,999.00,999.00,999.00,999.00,999.00,999.00,999.00,999.00,999.00,999.00,999.00
2011,OH,Reading,4,Hawaiian,218.73,199.39,219.77,238.71,30.78,34.84,39.73,65.16,20.58,25.43,4.85,4.85
2011,OK,Reading,4,Hawaiian,999.00,999.00,999.00,999.00,999.00,999.00,999.00,999.00,999.00,999.00,999.00,999.00
2011,OR,Reading,4,Hawaiian,225.12,203.58,229.03,251.05,35.26,28.52,32.81,71.48,29.03,38.67,9.64,9.64
2011,PA,Reading,4,Hawaiian,231.99,212.33,234.12,259.29,39.64,22.63,31.37,77.37,29.08,45.99,16.91,16.91
2011,RI,Reading,4,Hawaiian,226.77,202.61,230.35,253.72,37.37,28.62,30.38,71.38,28.69,41.00,12.32,12.32
2011,SC,Reading,4,Hawaiian,211.80,192.85,213.57,234.25,29.94,43.76,35.01,56.24,18.82,21.23,2.41,2.41
2011,SD,Reading,4,Hawaiian,999.00,999.00,999.00,999.00,999.00,999.00,999.00,999.00,999.00,999.00,999.00,999.00
2011,TN,Reading,4,Hawaiian,999.00,999.00,999.00,999.00,999.00,999.00,999.00,999.00,999.00,999.00,999.00,999.00
2011,TX,Reading,4,Hawaiian,226.24,210.97,226.06,241.73,24.17,20.76,48.68,79.24,25.51,30.57,5.06,5.06
2011,UT,Reading,4,Hawaiian,999.00,999.00,999.00,999.00,999.00,999.00,999.00,999.00,999.00,999.00,999.00,999.00
2011,VT,Reading,4,Hawaiian,222.99,193.45,227.60,254.01,40.71,32.42,27.94,67.58,25.52,39.64,14.12,14.12
2011,VA,Reading,4,Hawaiian,228.56,207.01,232.54,251.67,35.48,25.98,32.57,74.02,30.11,41.45,11.34,11.34
2011,WA,Reading,4,Hawaiian,221.13,199.91,225.18,245.36,34.66,31.19,34.41,68.81,28.10,34.40,6.29,6.29
2011,WV,Reading,4,Hawaiian,999.00,999.00,999.00,999.00,999.00,999.00,999.00,999.00,999.00,999.00,999.00,999.00
2011,WI,Reading,4,Hawaiian,999.00,999.00,999.00,999.00,999.00,999.00,999.00,999.00,999.00,999.00,999.00,999.00
2011,WY,Reading,4,Hawaiian,999.00,999.00,999.00,999.00,999.00,999.00,999.00,999.00,999.00,999.00,999.00,999.00
2011,AL,Reading,4,Multiracial,N/A,N/A,N/A,N/A,N/A,N/A,N/A,N/A,N/A,N/A,N/A,N/A
2011,AK,Reading,4,Multiracial,N/A,N/A,N/A,N/A,N/A,N/A,N/A,N/A,N/A,N/A,N/A,N/A
2011,AZ,Reading,4,Multiracial,N/A,N/A,N/A,N/A,N/A,N/A,N/A,N/A,N/A,N/A,N/A,N/A
2011,AR,Reading,4,Multiracial,N/A,N/A,N/A,N/A,N/A,N/A,N/A,N/A,N/A,N/A,N/A,N/A
2011,CA,Reading,4,Multiracial,N/A,N/A,N/A,N/A,N/A,N/A,N/A,N/A,N/A,N/A,N/A,N/A
2011,CO,Reading,4,Multiracial,N/A,N/A,N/A,N/A,N/A,N/A,N/A,N/A,N/A,N/A,N/A,N/A
2011,CT,Reading,4,Multiracial,N/A,N/A,N/A,N/A,N/A,N/A,N/A,N/A,N/A,N/A,N/A,N/A
2011,DE,Reading,4,Multiracial,N/A,N/A,N/A,N/A,N/A,N/A,N/A,N/A,N/A,N/A,N/A,N/A
2011,DC,Reading,4,Multiracial,N/A,N/A,N/A,N/A,N/A,N/A,N/A,N/A,N/A,N/A,N/A,N/A
2011,FL,Reading,4,Multiracial,N/A,N/A,N/A,N/A,N/A,N/A,N/A,N/A,N/A,N/A,N/A,N/A
2011,GA,Reading,4,Multiracial,N/A,N/A,N/A,N/A,N/A,N/A,N/A,N/A,N/A,N/A,N/A,N/A
2011,HI,Reading,4,Multiracial,N/A,N/A,N/A,N/A,N/A,N/A,N/A,N/A,N/A,N/A,N/A,N/A
2011,ID,Reading,4,Multiracial,N/A,N/A,N/A,N/A,N/A,N/A,N/A,N/A,N/A,N/A,N/A,N/A
2011,IL,Reading,4,Multiracial,N/A,N/A,N/A,N/A,N/A,N/A,N/A,N/A,N/A,N/A,N/A,N/A
2011,IN,Reading,4,Multiracial,N/A,N/A,N/A,N/A,N/A,N/A,N/A,N/A,N/A,N/A,N/A,N/A
2011,IA,Reading,4,Multiracial,N/A,N/A,N/A,N/A,N/A,N/A,N/A,N/A,N/A,N/A,N/A,N/A
2011,KS,Reading,4,Multiracial,N/A,N/A,N/A,N/A,N/A,N/A,N/A,N/A,N/A,N/A,N/A,N/A
2011,KY,Reading,4,Multiracial,N/A,N/A,N/A,N/A,N/A,N/A,N/A,N/A,N/A,N/A,N/A,N/A
2011,LA,Reading,4,Multiracial,N/A,N/A,N/A,N/A,N/A,N/A,N/A,N/A,N/A,N/A,N/A,N/A
2011,ME,Reading,4,Multiracial,N/A,N/A,N/A,N/A,N/A,N/A,N/A,N/A,N/A,N/A,N/A,N/A
2011,MD,Reading,4,Multiracial,N/A,N/A,N/A,N/A,N/A,N/A,N/A,N/A,N/A,N/A,N/A,N/A
2011,MA,Reading,4,Multiracial,N/A,N/A,N/A,N/A,N/A,N/A,N/A,N/A,N/A,N/A,N/A,N/A
2011,MI,Reading,4,Multiracial,N/A,N/A,N/A,N/A,N/A,N/A,N/A,N/A,N/A,N/A,N/A,N/A
2011,MN,Reading,4,Multiracial,N/A,N/A,N/A,N/A,N/A,N/A,N/A,N/A,N/A,N/A,N/A,N/A
2011,MS,Reading,4,Multiracial,N/A,N/A,N/A,N/A,N/A,N/A,N/A,N/A,N/A,N/A,N/A,N/A
2011,MO,Reading,4,Multiracial,N/A,N/A,N/A,N/A,N/A,N/A,N/A,N/A,N/A,N/A,N/A,N/A
2011,MT,Reading,4,Multiracial,N/A,N/A,N/A,N/A,N/A,N/A,N/A,N/A,N/A,N/A,N/A,N/A
2011,NE,Reading,4,Multiracial,N/A,N/A,N/A,N/A,N/A,N/A,N/A,N/A,N/A,N/A,N/A,N/A
2011,NV,Reading,4,Multiracial,N/A,N/A,N/A,N/A,N/A,N/A,N/A,N/A,N/A,N/A,N/A,N/A
2011,NH,Reading,4,Multiracial,N/A,N/A,N/A,N/A,N/A,N/A,N/A,N/A,N/A,N/A,N/A,N/A
2011,NJ,Reading,4,Multiracial,N/A,N/A,N/A,N/A,N/A,N/A,N/A,N/A,N/A,N/A,N/A,N/A
2011,NM,Reading,4,Multiracial,N/A,N/A,N/A,N/A,N/A,N/A,N/A,N/A,N/A,N/A,N/A,N/A
2011,NY,Reading,4,Multiracial,N/A,N/A,N/A,N/A,N/A,N/A,N/A,N/A,N/A,N/A,N/A,N/A
2011,NC,Reading,4,Multiracial,N/A,N/A,N/A,N/A,N/A,N/A,N/A,N/A,N/A,N/A,N/A,N/A
2011,ND,Reading,4,Multiracial,N/A,N/A,N/A,N/A,N/A,N/A,N/A,N/A,N/A,N/A,N/A,N/A
2011,OH,Reading,4,Multiracial,N/A,N/A,N/A,N/A,N/A,N/A,N/A,N/A,N/A,N/A,N/A,N/A
2011,OK,Reading,4,Multiracial,N/A,N/A,N/A,N/A,N/A,N/A,N/A,N/A,N/A,N/A,N/A,N/A
2011,OR,Reading,4,Multiracial,N/A,N/A,N/A,N/A,N/A,N/A,N/A,N/A,N/A,N/A,N/A,N/A
2011,PA,Reading,4,Multiracial,N/A,N/A,N/A,N/A,N/A,N/A,N/A,N/A,N/A,N/A,N/A,N/A
2011,RI,Reading,4,Multiracial,N/A,N/A,N/A,N/A,N/A,N/A,N/A,N/A,N/A,N/A,N/A,N/A
2011,SC,Reading,4,Multiracial,N/A,N/A,N/A,N/A,N/A,N/A,N/A,N/A,N/A,N/A,N/A,N/A
2011,SD,Reading,4,Multiracial,N/A,N/A,N/A,N/A,N/A,N/A,N/A,N/A,N/A,N/A,N/A,N/A
2011,TN,Reading,4,Multiracial,N/A,N/A,N/A,N/A,N/A,N/A,N/A,N/A,N/A,N/A,N/A,N/A
2011,TX,Reading,4,Multiracial,N/A,N/A,N/A,N/A,N/A,N/A,N/A,N/A,N/A,N/A,N/A,N/A
2011,UT,Reading,4,Multiracial,N/A,N/A,N/A,N/A,N/A,N/A,N/A,N/A,N/A,N/A,N/A,N/A
2011,VT,Reading,4,Multiracial,N/A,N/A,N/A,N/A,N/A,N/A,N/A,N/A,N/A,N/A,N/A,N/A
2011,VA,Reading,4,Multiracial,N/A,N/A,N/A,N/A,N/A,N/A,N/A,N/A,N/A,N/A,N/A,N/A
2011,WA,Reading,4,Multiracial,N/A,N/A,N/A,N/A,N/A,N/A,N/A,N/A,N/A,N/A,N/A,N/A
2011,WV,Reading,4,Multiracial,N/A,N/A,N/A,N/A,N/A,N/A,N/A,N/A,N/A,N/A,N/A,N/A
2011,WI,Reading,4,Multiracial,N/A,N/A,N/A,N/A,N/A,N/A,N/A,N/A,N/A,N/A,N/A,N/A
2011,WY,Reading,4,Multiracial,N/A,N/A,N/A,N/A,N/A,N/A,N/A,N/A,N/A,N/A,N/A,N/A
2011,AL,Reading,8,All,258.42,237.27,260.01,281.57,34.02,30.97,43.46,69.03,23.54,25.57,2.03,2.03
2011,AK,Reading,8,All,261.29,240.53,264.81,286.49,36.58,27.02,42.02,72.98,28.32,30.96,2.64,2.64
2011,AZ,Reading,8,All,260.15,238.59,262.57,283.92,34.84,28.83,42.94,71.17,25.82,28.24,2.42,2.42
2011,AR,Reading,8,All,259.14,237.92,262.19,283.64,34.91,29.43,42.73,70.57,26.20,27.84,1.64,1.64
2011,CA,Reading,8,All,254.94,232.15,256.87,279.55,36.92,34.65,41.64,65.35,21.01,23.70,2.69,2.69
2011,CO,Reading,8,All,270.64,250.55,273.17,294.01,33.50,18.93,40.76,81.07,36.11,40.31,4.20,4.20
2011,CT,Reading,8,All,274.68,254.32,276.77,297.55,33.41,16.67,38.62,83.33,38.32,44.72,6.39,6.39
2011,DE,Reading,8,All,265.84,245.31,267.09,287.85,32.50,22.88,44.43,77.12,29.39,32.69,3.30,3.30
2011,DC,Reading,8,All,242.06,216.64,243.88,269.52,40.05,48.97,34.94,51.03,14.46,16.08,1.63,1.63
2011,FL,Reading,8,All,262.12,240.86,264.06,285.37,33.42,26.87,43.34,73.13,27.39,29.79,2.40,2.40
2011,GA,Reading,8,All,262.36,242.21,263.38,283.41,30.31,25.69,46.74,74.31,25.90,27.58,1.68,1.68
2011,HI,Reading,8,All,257.19,235.29,260.38,281.95,36.65,31.81,42.20,68.19,23.80,25.99,2.20,2.20
2011,ID,Reading,8,All,268.01,249.36,269.26,288.31,30.30,19.13,46.94,80.87,31.25,33.94,2.69,2.69
2011,IL,Reading,8,All,265.64,244.99,267.46,288.77,34.09,23.17,42.98,76.83,30.28,33.85,3.57,3.57
2011,IN,Reading,8,All,264.73,246.09,267.08,286.93,32.34,22.24,45.97,77.76,29.61,31.79,2.18,2.18
2011,IA,Reading,8,All,264.55,245.11,267.62,287.61,33.36,23.20,44.12,76.80,30.68,32.67,1.99,1.99
2011,KS,Reading,8,All,267.34,247.57,270.01,289.45,32.02,21.22,43.30,78.78,32.73,35.48,2.75,2.75
2011,KY,Reading,8,All,268.83,248.61,270.27,290.39,30.92,20.54,43.16,79.46,33.11,36.30,3.19,3.19
2011,LA,Reading,8,All,254.69,232.97,256.50,278.26,34.20,34.43,43.32,65.57,20.79,22.25,1.46,1.46
2011,ME,Reading,8,All,269.87,249.08,271.49,292.75,32.91,19.84,41.64,80.16,34.26,38.52,4.25,4.25
2011,MD,Reading,8,All,271.22,248.68,272.33,295.27,33.84,20.04,40.04,79.96,34.29,39.93,5.64,5.64
2011,MA,Reading,8,All,275.37,254.86,277.69,298.39,33.43,15.60,38.27,84.40,39.76,46.13,6.37,6.37
2011,MI,Reading,8,All,265.19,245.06,266.49,286.92,32.00,23.02,44.90,76.98,29.30,32.08,2.78,2.78
2011,MN,Reading,8,All,270.15,250.80,272.67,292.86,33.22,18.72,41.98,81.28,35.40,39.29,3.89,3.89
2011,MS,Reading,8,All,253.83,232.42,255.69,277.27,32.81,35.01,43.98,64.99,20.22,21.02,0.80,0.80
2011,MO,Reading,8,All,266.76,247.63,269.46,289.51,33.22,21.28,43.49,78.72,32.60,35.24,2.64,2.64
2011,MT,Reading,8,All,272.87,255.03,274.90,293.20,29.85,14.44,44.03,85.56,38.49,41.53,3.04,3.04
2011,NE,Reading,8,All,267.70,249.64,270.02,289.25,31.66,19.22,45.94,80.78,32.38,34.84,2.46,2.46
2011,NV,Reading,8,All,258.19,236.71,260.67,282.25,35.67,30.55,43.11,69.45,24.02,26.34,2.32,2.32
2011,NH,Reading,8,All,272.08,253.06,273.50,292.40,30.01,16.26,44.16,83.74,35.99,39.58,3.59,3.59
2011,NJ,Reading,8,All,275.18,254.09,276.78,297.78,32.53,15.81,39.46,84.19,38.59,44.74,6.15,6.15
2011,NM,Reading,8,All,255.86,235.44,257.82,278.26,32.58,32.29,45.56,67.71,20.89,22.15,1.26,1.26
2011,NY,Reading,8,All,265.70,244.50,268.03,290.13,35.34,23.65,41.21,76.35,31.30,35.14,3.84,3.84
2011,NC,Reading,8,All,262.93,241.77,264.82,286.40,34.34,26.15,42.75,73.85,28.21,31.10,2.89,2.89
2011,ND,Reading,8,All,268.69,250.97,270.28,288.03,27.98,17.11,48.82,82.89,32.38,34.07,1.69,1.69
2011,OH,Reading,8,All,268.28,248.38,270.37,290.98,32.96,20.51,42.60,79.49,33.29,36.89,3.61,3.61
2011,OK,Reading,8,All,260.12,240.13,262.61,282.48,32.78,27.47,45.81,72.53,25.15,26.72,1.56,1.56
2011,OR,Reading,8,All,264.23,243.99,266.64,288.03,34.74,24.21,43.14,75.79,29.65,32.65,3.00,3.00
2011,PA,Reading,8,All,267.75,245.73,270.51,292.17,35.18,22.84,39.20,77.16,33.74,37.96,4.22,4.22
2011,RI,Reading,8,All,265.12,243.67,267.44,288.34,34.24,24.46,42.17,75.54,29.86,33.38,3.52,3.52
2011,SC,Reading,8,All,260.31,239.86,261.45,282.47,32.19,28.07,45.34,71.93,24.77,26.59,1.82,1.82
2011,SD,Reading,8,All,268.94,251.40,271.24,288.98,29.51,17.34,47.36,82.66,33.22,35.30,2.08,2.08
2011,TN,Reading,8,All,259.21,237.35,261.26,282.92,34.63,29.90,43.06,70.10,24.70,27.05,2.35,2.35
2011,TX,Reading,8,All,261.43,242.42,262.98,282.39,30.97,25.54,47.95,74.46,24.94,26.52,1.58,1.58
2011,UT,Reading,8,All,267.09,247.75,270.02,289.65,32.67,21.09,43.48,78.91,32.68,35.43,2.75,2.75
2011,VT,Reading,8,All,273.84,252.89,276.48,297.90,34.60,17.56,38.07,82.44,38.51,44.37,5.86,5.86
2011,VA,Reading,8,All,267.27,246.44,269.37,290.55,34.00,22.03,42.18,77.97,32.00,35.79,3.79,3.79
2011,WA,Reading,8,All,267.58,245.63,269.89,292.52,35.56,22.93,40.07,77.07,32.34,37.00,4.66,4.66
2011,WV,Reading,8,All,256.11,235.66,258.80,280.17,34.57,32.03,43.84,67.97,22.69,24.13,1.44,1.44
2011,WI,Reading,8,All,267.17,247.29,269.59,289.40,32.60,21.33,43.78,78.67,31.85,34.88,3.03,3.03
2011,WY,Reading,8,All,269.57,250.56,271.91,290.60,30.70,18.40,43.89,81.60,34.99,37.71,2.72,2.72
2011,AL,Reading,8,White,267.73,248.22,268.92,288.48,31.06,20.27,45.60,79.73,31.21,34.13,2.92,2.92
2011,AK,Reading,8,White,273.51,255.33,275.52,293.39,29.29,14.59,43.37,85.41,38.33,42.04,3.71,3.71
2011,AZ,Reading,8,White,271.60,252.32,274.04,293.56,32.22,17.62,41.70,82.38,36.43,40.68,4.26,4.26
2011,AR,Reading,8,White,266.62,248.35,269.43,288.56,32.28,20.75,44.49,79.25,32.60,34.76,2.16,2.16
2011,CA,Reading,8,White,268.07,247.20,269.40,290.95,34.37,21.39,43.30,78.61,30.07,35.30,5.23,5.23
2011,CO,Reading,8,White,278.26,260.37,280.11,298.59,29.51,10.85,40.51,89.15,43.65,48.64,4.99,4.99
2011,CT,Reading,8,White,283.11,264.15,284.02,303.54,30.03,9.27,36.31,90.73,45.80,54.43,8.63,8.63
2011,DE,Reading,8,White,273.43,254.17,274.69,294.70,31.22,15.47,42.76,84.53,37.09,41.77,4.68,4.68
2011,DC,Reading,8,White,291.96,274.03,292.84,310.44,29.22,5.56,28.52,94.44,50.68,65.92,15.24,15.24
2011,FL,Reading,8,White,269.95,250.95,272.13,291.84,31.66,18.38,43.39,81.62,34.96,38.23,3.26,3.26
2011,GA,Reading,8,White,271.65,253.83,272.61,291.25,28.04,15.01,46.83,84.99,35.77,38.15,2.38,2.38
2011,HI,Reading,8,White,272.86,252.61,274.18,295.34,31.32,16.28,42.31,83.72,37.57,41.42,3.84,3.84
2011,ID,Reading,8,White,270.83,252.70,272.01,290.62,29.09,16.16,46.59,83.84,34.41,37.25,2.84,2.84
2011,IL,Reading,8,White,274.11,255.12,276.30,295.99,31.80,15.27,41.20,84.73,38.78,43.53,4.75,4.75
2011,IN,Reading,8,White,268.93,250.49,270.68,290.04,30.20,18.07,45.96,81.93,33.57,35.97,2.40,2.40
2011,IA,Reading,8,White,267.25,249.01,270.33,289.41,32.59,20.03,44.66,79.97,33.13,35.30,2.17,2.17
2011,KS,Reading,8,White,272.27,253.17,274.81,293.03,30.04,16.20,42.70,83.80,37.82,41.10,3.28,3.28
2011,KY,Reading,8,White,271.49,252.05,272.75,292.25,30.05,17.69,43.11,82.31,35.64,39.21,3.56,3.56
2011,LA,Reading,8,White,264.21,244.33,266.63,285.95,31.73,23.52,45.56,76.48,28.95,30.92,1.98,1.98
2011,ME,Reading,8,White,270.61,250.08,272.17,293.10,32.51,19.02,41.87,80.98,34.80,39.10,4.30,4.30
2011,MD,Reading,8,White,281.73,261.53,282.71,302.93,30.22,10.10,37.78,89.90,44.49,52.12,7.62,7.62
2011,MA,Reading,8,White,281.84,262.62,283.21,302.10,29.36,9.42,37.57,90.58,45.50,53.01,7.51,7.51
2011,MI,Reading,8,White,269.49,250.79,270.76,289.55,29.70,18.05,45.64,81.95,33.39,36.31,2.92,2.92
2011,MN,Reading,8,White,274.24,255.94,276.28,295.39,30.72,14.38,42.10,85.62,39.37,43.52,4.15,4.15
2011,MS,Reading,8,White,267.26,250.24,269.52,287.21,29.37,17.83,48.96,82.17,31.75,33.21,1.46,1.46
2011,MO,Reading,8,White,271.25,253.34,273.58,292.49,31.11,16.65,43.62,83.35,36.72,39.73,3.00,3.00
2011,MT,Reading,8,White,275.14,258.12,277.01,294.27,28.30,12.12,43.73,87.88,41.02,44.15,3.13,3.13
2011,NE,Reading,8,White,272.16,254.92,273.94,292.17,29.55,14.39,46.29,85.61,36.51,39.32,2.82,2.82
2011,NV,Reading,8,White,269.47,250.70,272.03,291.05,31.99,18.70,44.24,81.30,33.69,37.06,3.37,3.37
2011,NH,Reading,8,White,273.09,254.59,274.57,292.91,29.20,14.96,44.14,85.04,37.44,40.90,3.46,3.46
2011,NJ,Reading,8,White,283.95,266.08,284.78,302.85,28.71,7.77,36.61,92.23,47.62,55.61,7.99,7.99
2011,NM,Reading,8,White,269.53,251.48,271.39,289.57,28.69,17.21,46.95,82.79,33.45,35.84,2.40,2.40
2011,NY,Reading,8,White,275.82,256.81,277.44,296.76,31.14,13.58,40.84,86.42,40.00,45.57,5.57,5.57
2011,NC,Reading,8,White,271.37,251.98,272.90,293.31,31.98,17.42,42.39,82.58,36.22,40.19,3.97,3.97
2011,ND,Reading,8,White,271.77,255.06,272.77,289.77,25.98,13.30,49.47,86.70,35.48,37.22,1.74,1.74
2011,OH,Reading,8,White,274.06,255.58,276.03,294.77,30.27,14.67,42.24,85.33,38.82,43.09,4.27,4.27
2011,OK,Reading,8,White,265.38,246.64,267.68,286.48,30.85,22.02,45.94,77.98,30.25,32.04,1.79,1.79
2011,OR,Reading,8,White,269.00,249.26,271.41,290.91,32.00,18.90,43.85,81.10,34.13,37.24,3.12,3.12
2011,PA,Reading,8,White,275.25,255.31,277.66,296.96,31.69,15.20,38.88,84.80,40.74,45.92,5.17,5.17
2011,RI,Reading,8,White,272.46,253.03,274.25,293.97,31.83,16.97,42.13,83.03,36.28,40.89,4.62,4.62
2011,SC,Reading,8,White,269.46,250.69,271.43,289.79,29.96,18.03,45.46,81.97,33.81,36.51,2.70,2.70
2011,SD,Reading,8,White,272.92,256.76,274.18,290.93,26.61,12.47,48.68,87.53,36.64,38.85,2.21,2.21
2011,TN,Reading,8,White,264.91,244.93,266.19,286.58,31.90,23.38,45.29,76.62,28.53,31.33,2.80,2.80
2011,TX,Reading,8,White,273.74,256.67,274.89,293.64,28.59,13.30,45.13,86.70,38.56,41.58,3.01,3.01
2011,UT,Reading,8,White,271.75,253.65,274.09,292.61,30.81,16.17,43.49,83.83,37.00,40.35,3.34,3.34
2011,VT,Reading,8,White,274.13,253.48,276.74,298.03,34.48,17.15,38.17,82.85,38.90,44.69,5.79,5.79
2011,VA,Reading,8,White,272.68,254.09,275.52,295.22,33.23,16.45,40.91,83.55,37.87,42.63,4.77,4.77
2011,WA,Reading,8,White,272.24,252.30,274.68,295.92,33.65,17.69,40.50,82.31,36.71,41.81,5.09,5.09
2011,WV,Reading,8,White,256.50,236.35,259.16,280.37,34.45,31.46,44.25,68.54,22.83,24.29,1.45,1.45
2011,WI,Reading,8,White,272.38,253.98,274.43,292.56,29.74,15.60,44.42,84.40,36.63,39.98,3.35,3.35
2011,WY,Reading,8,White,271.68,253.60,273.65,292.00,29.75,16.03,44.10,83.97,36.90,39.87,2.97,2.97
2011,AL,Reading,8,Black,242.83,223.42,243.96,264.41,31.97,48.72,40.61,51.28,10.46,10.66,999.00,999.00
2011,AK,Reading,8,Black,251.69,233.04,254.09,273.41,31.68,33.68,49.43,66.32,16.21,16.89,0.68,0.68
2011,AZ,Reading,8,Black,248.08,225.19,249.77,272.90,35.22,42.21,39.63,57.79,17.60,18.16,0.55,0.55
2011,AR,Reading,8,Black,237.83,216.53,239.74,260.63,33.80,54.24,36.43,45.76,9.13,9.33,999.00,999.00
2011,CA,Reading,8,Black,242.84,222.83,245.23,264.57,33.81,47.28,42.08,52.72,9.68,10.64,0.96,0.96
2011,CO,Reading,8,Black,256.96,235.35,257.07,279.41,32.44,33.65,44.13,66.35,20.27,22.23,1.95,1.95
2011,CT,Reading,8,Black,254.88,233.83,256.87,276.94,31.86,34.19,44.61,65.81,20.10,21.20,1.10,1.10
2011,DE,Reading,8,Black,254.25,234.82,255.22,274.30,29.90,34.12,47.53,65.88,17.49,18.35,0.86,0.86
2011,DC,Reading,8,Black,238.53,215.03,240.74,264.65,37.77,52.36,35.49,47.64,11.56,12.15,0.60,0.60
2011,FL,Reading,8,Black,247.60,227.77,247.80,268.81,31.23,43.04,42.82,56.96,13.60,14.15,0.54,0.54
2011,GA,Reading,8,Black,250.54,231.97,251.13,270.06,28.33,39.20,46.80,60.80,13.58,14.01,999.00,999.00
2011,HI,Reading,8,Black,261.05,237.86,264.46,281.22,31.45,27.14,47.59,72.86,23.58,25.27,1.69,1.69
2011,ID,Reading,8,Black,999.00,999.00,999.00,999.00,999.00,999.00,999.00,999.00,999.00,999.00,999.00,999.00
2011,IL,Reading,8,Black,249.43,230.11,252.11,270.70,32.67,37.99,46.60,62.01,14.43,15.40,0.98,0.98
2011,IN,Reading,8,Black,246.52,226.32,249.94,269.94,34.82,40.63,45.21,59.37,13.37,14.17,0.79,0.79
2011,IA,Reading,8,Black,246.53,226.26,248.73,267.17,32.55,43.00,45.37,57.00,10.93,11.63,0.69,0.69
2011,KS,Reading,8,Black,247.71,228.58,249.84,269.74,32.87,42.02,42.76,57.98,14.69,15.22,0.52,0.52
2011,KY,Reading,8,Black,248.37,228.77,248.93,268.57,29.42,42.45,44.24,57.55,13.02,13.31,999.00,999.00
2011,LA,Reading,8,Black,241.40,220.96,243.83,263.88,32.49,49.24,40.73,50.76,9.85,10.03,999.00,999.00
2011,ME,Reading,8,Black,247.98,220.76,248.22,277.16,36.77,45.39,33.24,54.61,19.05,21.37,2.32,2.32
2011,MD,Reading,8,Black,255.35,234.49,255.22,277.24,31.34,34.03,44.94,65.97,19.64,21.04,1.39,1.39
2011,MA,Reading,8,Black,254.66,234.84,256.07,276.28,33.79,32.30,47.31,67.70,18.68,20.39,1.70,1.70
2011,MI,Reading,8,Black,244.13,224.18,246.05,265.34,31.53,46.47,42.85,53.53,10.26,10.68,999.00,999.00
2011,MN,Reading,8,Black,246.27,222.75,251.54,271.11,35.68,41.51,43.51,58.49,14.23,14.98,0.75,0.75
2011,MS,Reading,8,Black,240.41,220.62,241.38,261.75,30.26,51.93,39.40,48.07,8.62,8.67,999.00,999.00
2011,MO,Reading,8,Black,243.80,224.39,247.40,266.63,33.27,44.42,44.03,55.58,11.40,11.55,999.00,999.00
2011,MT,Reading,8,Black,999.00,999.00,999.00,999.00,999.00,999.00,999.00,999.00,999.00,999.00,999.00,999.00
2011,NE,Reading,8,Black,250.10,232.83,253.93,272.28,32.89,35.85,49.27,64.15,14.38,14.88,0.50,0.50
2011,NV,Reading,8,Black,250.13,229.42,251.34,271.64,33.58,38.08,44.58,61.92,15.59,17.35,1.75,1.75
2011,NH,Reading,8,Black,999.00,999.00,999.00,999.00,999.00,999.00,999.00,999.00,999.00,999.00,999.00,999.00
2011,NJ,Reading,8,Black,255.69,236.20,254.21,276.31,30.89,33.54,45.50,66.46,20.09,20.97,0.88,0.88
2011,NM,Reading,8,Black,247.55,228.68,250.21,268.03,30.63,39.18,46.67,60.82,13.74,14.15,999.00,999.00
2011,NY,Reading,8,Black,251.24,231.07,252.78,273.24,33.95,36.94,44.98,63.06,16.83,18.08,1.24,1.24
2011,NC,Reading,8,Black,247.05,227.55,249.19,269.45,33.40,42.23,43.36,57.77,13.94,14.41,999.00,999.00
2011,ND,Reading,8,Black,999.00,999.00,999.00,999.00,999.00,999.00,999.00,999.00,999.00,999.00,999.00,999.00
2011,OH,Reading,8,Black,246.95,226.00,249.40,268.41,33.24,41.65,44.45,58.35,13.08,13.90,0.81,0.81
2011,OK,Reading,8,Black,246.87,227.88,249.10,267.51,32.02,40.44,46.91,59.56,11.64,12.65,1.01,1.01
2011,OR,Reading,8,Black,247.72,220.86,253.51,276.10,38.95,40.56,40.08,59.44,18.68,19.36,0.68,0.68
2011,PA,Reading,8,Black,243.73,222.36,246.12,267.73,33.85,46.33,40.95,53.67,12.43,12.72,999.00,999.00
2011,RI,Reading,8,Black,248.14,225.98,250.46,272.25,34.72,41.98,40.56,58.02,16.40,17.46,1.06,1.06
2011,SC,Reading,8,Black,245.64,227.00,247.09,265.54,29.47,44.07,45.25,55.93,10.45,10.68,999.00,999.00
2011,SD,Reading,8,Black,256.37,238.01,257.51,273.69,25.77,30.26,52.47,69.74,16.68,17.27,0.59,0.59
2011,TN,Reading,8,Black,240.29,217.46,241.75,264.41,35.06,51.63,36.71,48.37,11.26,11.66,999.00,999.00
2011,TX,Reading,8,Black,252.10,233.57,252.94,271.47,27.89,36.64,48.17,63.36,14.87,15.19,999.00,999.00
2011,UT,Reading,8,Black,999.00,999.00,999.00,999.00,999.00,999.00,999.00,999.00,999.00,999.00,999.00,999.00
2011,VT,Reading,8,Black,999.00,999.00,999.00,999.00,999.00,999.00,999.00,999.00,999.00,999.00,999.00,999.00
2011,VA,Reading,8,Black,251.00,232.09,251.38,272.00,31.20,38.35,45.63,61.65,15.12,16.02,0.90,0.90
2011,WA,Reading,8,Black,254.36,234.35,256.45,278.21,33.86,33.64,43.88,66.36,21.34,22.48,1.14,1.14
2011,WV,Reading,8,Black,248.77,225.26,249.07,273.50,34.75,43.36,37.45,56.64,17.73,19.19,1.46,1.46
2011,WI,Reading,8,Black,240.23,217.91,242.45,263.33,33.55,50.55,38.67,49.45,10.44,10.78,999.00,999.00
2011,WY,Reading,8,Black,999.00,999.00,999.00,999.00,999.00,999.00,999.00,999.00,999.00,999.00,999.00,999.00
2011,AL,Reading,8,Hispanic,246.46,222.75,248.15,271.09,36.85,44.03,40.31,55.97,13.89,15.67,1.78,1.78
2011,AK,Reading,8,Hispanic,260.01,242.40,262.71,280.92,29.94,25.78,50.12,74.22,23.06,24.10,1.04,1.04
2011,AZ,Reading,8,Hispanic,251.08,231.32,253.11,273.34,32.21,37.34,45.43,62.66,16.81,17.24,999.00,999.00
2011,AR,Reading,8,Hispanic,253.43,232.34,256.38,278.01,34.72,35.51,43.66,64.49,19.93,20.82,0.89,0.89
2011,CA,Reading,8,Hispanic,245.22,224.09,247.92,269.08,35.05,43.84,41.73,56.16,13.86,14.42,0.56,0.56
2011,CO,Reading,8,Hispanic,254.25,232.66,256.43,278.45,34.44,34.90,42.73,65.10,20.99,22.37,1.38,1.38
2011,CT,Reading,8,Hispanic,254.57,233.22,256.99,278.51,32.87,33.93,44.27,66.07,20.72,21.80,1.08,1.08
2011,DE,Reading,8,Hispanic,259.27,240.60,261.13,281.71,33.40,27.43,46.60,72.57,24.20,25.97,1.77,1.77
2011,DC,Reading,8,Hispanic,239.05,210.57,242.79,270.04,42.57,49.62,34.03,50.38,14.91,16.34,1.44,1.44
2011,FL,Reading,8,Hispanic,259.06,238.05,261.62,282.68,33.58,29.12,44.18,70.88,24.92,26.70,1.78,1.78
2011,GA,Reading,8,Hispanic,257.65,238.53,259.66,277.42,29.92,29.61,49.57,70.39,19.39,20.82,1.43,1.43
2011,HI,Reading,8,Hispanic,246.42,221.37,249.53,274.23,36.81,43.84,38.97,56.16,16.42,17.18,0.76,0.76
2011,ID,Reading,8,Hispanic,253.86,235.67,255.48,273.74,31.02,33.43,49.64,66.57,15.79,16.93,1.14,1.14
2011,IL,Reading,8,Hispanic,257.10,237.22,258.95,279.67,32.38,30.63,45.92,69.37,21.87,23.45,1.58,1.58
2011,IN,Reading,8,Hispanic,255.37,236.88,257.51,279.07,34.35,32.16,45.75,67.84,20.55,22.09,1.54,1.54
2011,IA,Reading,8,Hispanic,251.14,230.90,251.78,273.59,31.74,38.29,42.19,61.71,18.77,19.51,0.75,0.75
2011,KS,Reading,8,Hispanic,254.20,234.40,255.85,275.10,29.97,33.98,47.44,66.02,18.13,18.58,999.00,999.00
2011,KY,Reading,8,Hispanic,263.59,243.33,266.03,285.01,30.43,25.47,44.89,74.53,27.64,29.64,2.01,2.01
2011,LA,Reading,8,Hispanic,248.83,227.14,249.52,272.36,34.92,42.45,38.77,57.55,17.02,18.78,1.75,1.75
2011,ME,Reading,8,Hispanic,999.00,999.00,999.00,999.00,999.00,999.00,999.00,999.00,999.00,999.00,999.00,999.00
2011,MD,Reading,8,Hispanic,261.72,238.63,263.50,286.22,34.00,28.55,41.13,71.45,27.71,30.31,2.60,2.60
2011,MA,Reading,8,Hispanic,247.91,225.10,250.28,272.95,35.60,41.48,40.53,58.52,17.10,17.99,0.89,0.89
2011,MI,Reading,8,Hispanic,260.33,243.52,261.97,281.60,29.78,24.57,49.62,75.43,24.70,25.81,1.11,1.11
2011,MN,Reading,8,Hispanic,257.30,236.96,258.00,279.39,33.09,31.28,45.59,68.72,21.08,23.13,2.05,2.05
2011,MS,Reading,8,Hispanic,999.00,999.00,999.00,999.00,999.00,999.00,999.00,999.00,999.00,999.00,999.00,999.00
2011,MO,Reading,8,Hispanic,257.74,235.08,258.40,281.93,36.57,30.42,43.64,69.58,21.38,25.94,4.56,4.56
2011,MT,Reading,8,Hispanic,262.23,242.58,265.67,282.42,34.37,24.20,48.89,75.80,24.19,26.91,2.73,2.73
2011,NE,Reading,8,Hispanic,251.75,229.82,255.00,275.70,33.98,36.88,43.13,63.12,19.44,19.99,0.55,0.55
2011,NV,Reading,8,Hispanic,247.20,226.42,249.59,271.46,34.65,42.11,42.27,57.89,15.12,15.62,999.00,999.00
2011,NH,Reading,8,Hispanic,253.42,234.41,253.26,272.34,30.54,36.83,47.30,63.17,14.76,15.87,1.11,1.11
2011,NJ,Reading,8,Hispanic,257.24,238.35,258.29,277.57,30.66,29.45,48.87,70.55,20.50,21.69,1.19,1.19
2011,NM,Reading,8,Hispanic,251.15,231.62,252.87,272.39,30.91,37.24,46.53,62.76,15.70,16.23,0.53,0.53
2011,NY,Reading,8,Hispanic,250.60,228.56,252.95,275.66,36.13,38.35,41.47,61.65,18.92,20.18,1.26,1.26
2011,NC,Reading,8,Hispanic,255.64,235.37,257.13,277.13,30.61,33.41,44.67,66.59,20.97,21.92,0.95,0.95
2011,ND,Reading,8,Hispanic,999.00,999.00,999.00,999.00,999.00,999.00,999.00,999.00,999.00,999.00,999.00,999.00
2011,OH,Reading,8,Hispanic,251.52,231.52,254.35,272.44,32.42,35.17,47.60,64.83,16.90,17.23,999.00,999.00
2011,OK,Reading,8,Hispanic,250.67,231.99,253.90,272.65,31.58,36.91,47.68,63.09,15.20,15.41,999.00,999.00
2011,OR,Reading,8,Hispanic,249.84,230.32,252.36,271.86,33.21,38.68,45.14,61.32,15.50,16.18,0.68,0.68
2011,PA,Reading,8,Hispanic,250.18,230.13,251.61,272.11,32.91,39.76,44.20,60.24,14.62,16.04,1.43,1.43
2011,RI,Reading,8,Hispanic,247.60,227.50,248.28,270.05,31.88,42.82,42.86,57.18,13.72,14.32,0.60,0.60
2011,SC,Reading,8,Hispanic,256.72,235.43,258.78,278.72,33.74,30.63,47.52,69.37,19.96,21.86,1.90,1.90
2011,SD,Reading,8,Hispanic,256.49,234.45,255.76,278.55,29.95,31.65,46.33,68.35,21.27,22.02,0.75,0.75
2011,TN,Reading,8,Hispanic,254.83,233.16,258.00,278.81,34.86,32.29,44.15,67.71,22.47,23.55,1.08,1.08
2011,TX,Reading,8,Hispanic,254.18,236.54,256.38,273.98,30.09,31.85,50.87,68.15,16.68,17.29,0.61,0.61
2011,UT,Reading,8,Hispanic,247.32,227.56,248.58,268.96,31.53,41.85,44.87,58.15,12.85,13.28,999.00,999.00
2011,VT,Reading,8,Hispanic,999.00,999.00,999.00,999.00,999.00,999.00,999.00,999.00,999.00,999.00,999.00,999.00
2011,VA,Reading,8,Hispanic,259.00,239.35,260.61,280.05,31.91,28.29,48.07,71.71,22.25,23.63,1.39,1.39
2011,WA,Reading,8,Hispanic,249.54,230.03,251.49,271.85,33.43,39.64,43.72,60.36,15.80,16.65,0.85,0.85
2011,WV,Reading,8,Hispanic,999.00,999.00,999.00,999.00,999.00,999.00,999.00,999.00,999.00,999.00,999.00,999.00
2011,WI,Reading,8,Hispanic,248.36,229.10,251.17,268.83,32.30,40.01,46.67,59.99,12.41,13.32,0.91,0.91
2011,WY,Reading,8,Hispanic,258.31,238.11,259.60,281.42,31.48,30.58,43.42,69.42,25.10,26.00,0.90,0.90
2011,AL,Reading,8,Asian,999.00,999.00,999.00,999.00,999.00,999.00,999.00,999.00,999.00,999.00,999.00,999.00
2011,AK,Reading,8,Asian,261.30,239.84,264.16,284.77,34.93,27.53,43.91,72.47,25.44,28.56,3.12,3.12
2011,AZ,Reading,8,Asian,268.96,249.37,268.82,292.71,36.30,19.18,46.39,80.82,26.73,34.42,7.70,7.70
2011,AR,Reading,8,Asian,999.00,999.00,999.00,999.00,999.00,999.00,999.00,999.00,999.00,999.00,999.00,999.00
2011,CA,Reading,8,Asian,270.62,248.28,272.33,295.62,35.86,20.53,38.86,79.47,34.20,40.61,6.41,6.41
2011,CO,Reading,8,Asian,284.53,266.82,288.32,308.74,36.18,11.40,28.14,88.60,48.19,60.46,12.27,12.27
2011,CT,Reading,8,Asian,282.04,265.64,284.89,300.79,31.50,11.39,33.50,88.61,46.29,55.11,8.82,8.82
2011,DE,Reading,8,Asian,284.61,265.59,283.54,307.23,31.20,9.92,34.34,90.08,44.53,55.74,11.21,11.21
2011,DC,Reading,8,Asian,999.00,999.00,999.00,999.00,999.00,999.00,999.00,999.00,999.00,999.00,999.00,999.00
2011,FL,Reading,8,Asian,278.59,255.31,279.21,303.96,34.52,15.51,36.71,84.49,37.90,47.78,9.88,9.88
2011,GA,Reading,8,Asian,277.43,259.88,279.22,297.47,31.32,11.52,40.89,88.48,41.48,47.58,6.11,6.11
2011,HI,Reading,8,Asian,254.84,233.06,257.93,279.39,36.66,34.10,42.43,65.90,21.45,23.47,2.02,2.02
2011,ID,Reading,8,Asian,999.00,999.00,999.00,999.00,999.00,999.00,999.00,999.00,999.00,999.00,999.00,999.00
2011,IL,Reading,8,Asian,280.46,259.83,282.22,303.90,36.73,11.96,34.88,88.04,42.03,53.16,11.13,11.13
2011,IN,Reading,8,Asian,999.00,999.00,999.00,999.00,999.00,999.00,999.00,999.00,999.00,999.00,999.00,999.00
2011,IA,Reading,8,Asian,266.45,245.96,267.35,293.83,38.48,22.86,39.57,77.14,32.94,37.57,4.64,4.64
2011,KS,Reading,8,Asian,269.46,244.91,277.06,299.75,43.47,23.95,29.82,76.05,39.32,46.23,6.91,6.91
2011,KY,Reading,8,Asian,999.00,999.00,999.00,999.00,999.00,999.00,999.00,999.00,999.00,999.00,999.00,999.00
2011,LA,Reading,8,Asian,999.00,999.00,999.00,999.00,999.00,999.00,999.00,999.00,999.00,999.00,999.00,999.00
2011,ME,Reading,8,Asian,999.00,999.00,999.00,999.00,999.00,999.00,999.00,999.00,999.00,999.00,999.00,999.00
2011,MD,Reading,8,Asian,293.71,273.92,294.71,314.62,30.82,5.31,26.80,94.69,49.08,67.89,18.81,18.81
2011,MA,Reading,8,Asian,288.14,266.18,290.82,312.25,32.72,9.97,28.54,90.03,47.97,61.49,13.52,13.52
2011,MI,Reading,8,Asian,278.72,248.49,284.33,312.05,43.88,20.18,26.90,79.82,38.76,52.93,14.17,14.17
2011,MN,Reading,8,Asian,266.55,242.56,268.79,294.70,38.99,25.98,37.17,74.02,31.19,36.85,5.66,5.66
2011,MS,Reading,8,Asian,999.00,999.00,999.00,999.00,999.00,999.00,999.00,999.00,999.00,999.00,999.00,999.00
2011,MO,Reading,8,Asian,999.00,999.00,999.00,999.00,999.00,999.00,999.00,999.00,999.00,999.00,999.00,999.00
2011,MT,Reading,8,Asian,999.00,999.00,999.00,999.00,999.00,999.00,999.00,999.00,999.00,999.00,999.00,999.00
2011,NE,Reading,8,Asian,999.00,999.00,999.00,999.00,999.00,999.00,999.00,999.00,999.00,999.00,999.00,999.00
2011,NV,Reading,8,Asian,264.45,243.43,267.22,286.94,34.71,25.23,41.22,74.77,29.91,33.55,3.64,3.64
2011,NH,Reading,8,Asian,279.66,256.83,280.57,308.73,38.33,17.50,33.28,82.50,35.52,49.21,13.70,13.70
2011,NJ,Reading,8,Asian,291.30,273.07,294.02,312.49,30.42,8.13,25.42,91.87,51.95,66.46,14.51,14.51
2011,NM,Reading,8,Asian,273.00,249.01,274.79,295.87,36.44,19.62,40.31,80.38,30.76,40.07,9.31,9.31
2011,NY,Reading,8,Asian,276.45,255.56,280.94,301.23,34.97,16.98,33.22,83.02,43.69,49.80,6.11,6.11
2011,NC,Reading,8,Asian,274.14,254.84,275.37,299.52,36.20,16.94,39.48,83.06,35.44,43.59,8.15,8.15
2011,ND,Reading,8,Asian,999.00,999.00,999.00,999.00,999.00,999.00,999.00,999.00,999.00,999.00,999.00,999.00
2011,OH,Reading,8,Asian,999.00,999.00,999.00,999.00,999.00,999.00,999.00,999.00,999.00,999.00,999.00,999.00
2011,OK,Reading,8,Asian,999.00,999.00,999.00,999.00,999.00,999.00,999.00,999.00,999.00,999.00,999.00,999.00
2011,OR,Reading,8,Asian,262.88,234.92,267.73,296.65,47.78,30.91,30.71,69.09,29.50,38.38,8.87,8.87
2011,PA,Reading,8,Asian,284.73,262.21,290.66,309.46,40.18,14.61,23.08,85.39,49.13,62.31,13.18,13.18
2011,RI,Reading,8,Asian,261.43,241.91,263.73,285.59,36.71,25.83,42.72,74.17,27.55,31.46,3.90,3.90
2011,SC,Reading,8,Asian,999.00,999.00,999.00,999.00,999.00,999.00,999.00,999.00,999.00,999.00,999.00,999.00
2011,SD,Reading,8,Asian,999.00,999.00,999.00,999.00,999.00,999.00,999.00,999.00,999.00,999.00,999.00,999.00
2011,TN,Reading,8,Asian,999.00,999.00,999.00,999.00,999.00,999.00,999.00,999.00,999.00,999.00,999.00,999.00
2011,TX,Reading,8,Asian,283.52,266.36,286.94,302.35,27.55,8.44,32.35,91.56,53.32,59.21,5.89,5.89
2011,UT,Reading,8,Asian,257.21,228.28,264.15,286.46,37.59,33.46,36.05,66.54,29.53,30.49,0.95,0.95
2011,VT,Reading,8,Asian,999.00,999.00,999.00,999.00,999.00,999.00,999.00,999.00,999.00,999.00,999.00,999.00
2011,VA,Reading,8,Asian,282.25,263.39,284.10,303.05,32.25,10.64,34.35,89.36,46.87,55.01,8.14,8.14
2011,WA,Reading,8,Asian,278.91,256.41,282.05,305.43,37.52,16.84,31.92,83.16,40.78,51.25,10.47,10.47
2011,WV,Reading,8,Asian,999.00,999.00,999.00,999.00,999.00,999.00,999.00,999.00,999.00,999.00,999.00,999.00
2011,WI,Reading,8,Asian,270.86,247.33,271.26,295.72,35.97,22.44,38.82,77.56,31.28,38.74,7.46,7.46
2011,WY,Reading,8,Asian,999.00,999.00,999.00,999.00,999.00,999.00,999.00,999.00,999.00,999.00,999.00,999.00
2011,AL,Reading,8,American Indian or Alaskan Native,999.00,999.00,999.00,999.00,999.00,999.00,999.00,999.00,999.00,999.00,999.00,999.00
2011,AK,Reading,8,American Indian or Alaskan Native,233.73,210.34,237.22,261.71,40.59,56.17,33.46,43.83,9.50,10.36,0.86,0.86
2011,AZ,Reading,8,American Indian or Alaskan Native,240.81,217.08,243.40,266.44,41.14,49.61,35.61,50.39,13.35,14.77,1.42,1.42
2011,AR,Reading,8,American Indian or Alaskan Native,999.00,999.00,999.00,999.00,999.00,999.00,999.00,999.00,999.00,999.00,999.00,999.00
2011,CA,Reading,8,American Indian or Alaskan Native,999.00,999.00,999.00,999.00,999.00,999.00,999.00,999.00,999.00,999.00,999.00,999.00
2011,CO,Reading,8,American Indian or Alaskan Native,999.00,999.00,999.00,999.00,999.00,999.00,999.00,999.00,999.00,999.00,999.00,999.00
2011,CT,Reading,8,American Indian or Alaskan Native,999.00,999.00,999.00,999.00,999.00,999.00,999.00,999.00,999.00,999.00,999.00,999.00
2011,DE,Reading,8,American Indian or Alaskan Native,999.00,999.00,999.00,999.00,999.00,999.00,999.00,999.00,999.00,999.00,999.00,999.00
2011,DC,Reading,8,American Indian or Alaskan Native,999.00,999.00,999.00,999.00,999.00,999.00,999.00,999.00,999.00,999.00,999.00,999.00
2011,FL,Reading,8,American Indian or Alaskan Native,999.00,999.00,999.00,999.00,999.00,999.00,999.00,999.00,999.00,999.00,999.00,999.00
2011,GA,Reading,8,American Indian or Alaskan Native,999.00,999.00,999.00,999.00,999.00,999.00,999.00,999.00,999.00,999.00,999.00,999.00
2011,HI,Reading,8,American Indian or Alaskan Native,999.00,999.00,999.00,999.00,999.00,999.00,999.00,999.00,999.00,999.00,999.00,999.00
2011,ID,Reading,8,American Indian or Alaskan Native,999.00,999.00,999.00,999.00,999.00,999.00,999.00,999.00,999.00,999.00,999.00,999.00
2011,IL,Reading,8,American Indian or Alaskan Native,999.00,999.00,999.00,999.00,999.00,999.00,999.00,999.00,999.00,999.00,999.00,999.00
2011,IN,Reading,8,American Indian or Alaskan Native,999.00,999.00,999.00,999.00,999.00,999.00,999.00,999.00,999.00,999.00,999.00,999.00
2011,IA,Reading,8,American Indian or Alaskan Native,999.00,999.00,999.00,999.00,999.00,999.00,999.00,999.00,999.00,999.00,999.00,999.00
2011,KS,Reading,8,American Indian or Alaskan Native,999.00,999.00,999.00,999.00,999.00,999.00,999.00,999.00,999.00,999.00,999.00,999.00
2011,KY,Reading,8,American Indian or Alaskan Native,999.00,999.00,999.00,999.00,999.00,999.00,999.00,999.00,999.00,999.00,999.00,999.00
2011,LA,Reading,8,American Indian or Alaskan Native,999.00,999.00,999.00,999.00,999.00,999.00,999.00,999.00,999.00,999.00,999.00,999.00
2011,ME,Reading,8,American Indian or Alaskan Native,999.00,999.00,999.00,999.00,999.00,999.00,999.00,999.00,999.00,999.00,999.00,999.00
2011,MD,Reading,8,American Indian or Alaskan Native,999.00,999.00,999.00,999.00,999.00,999.00,999.00,999.00,999.00,999.00,999.00,999.00
2011,MA,Reading,8,American Indian or Alaskan Native,999.00,999.00,999.00,999.00,999.00,999.00,999.00,999.00,999.00,999.00,999.00,999.00
2011,MI,Reading,8,American Indian or Alaskan Native,999.00,999.00,999.00,999.00,999.00,999.00,999.00,999.00,999.00,999.00,999.00,999.00
2011,MN,Reading,8,American Indian or Alaskan Native,258.07,230.74,260.68,283.34,38.99,32.63,37.86,67.37,24.04,29.51,5.47,5.47
2011,MS,Reading,8,American Indian or Alaskan Native,999.00,999.00,999.00,999.00,999.00,999.00,999.00,999.00,999.00,999.00,999.00,999.00
2011,MO,Reading,8,American Indian or Alaskan Native,999.00,999.00,999.00,999.00,999.00,999.00,999.00,999.00,999.00,999.00,999.00,999.00
2011,MT,Reading,8,American Indian or Alaskan Native,256.52,235.24,256.95,282.33,35.55,33.33,41.21,66.67,23.52,25.47,1.95,1.95
2011,NE,Reading,8,American Indian or Alaskan Native,999.00,999.00,999.00,999.00,999.00,999.00,999.00,999.00,999.00,999.00,999.00,999.00
2011,NV,Reading,8,American Indian or Alaskan Native,999.00,999.00,999.00,999.00,999.00,999.00,999.00,999.00,999.00,999.00,999.00,999.00
2011,NH,Reading,8,American Indian or Alaskan Native,999.00,999.00,999.00,999.00,999.00,999.00,999.00,999.00,999.00,999.00,999.00,999.00
2011,NJ,Reading,8,American Indian or Alaskan Native,999.00,999.00,999.00,999.00,999.00,999.00,999.00,999.00,999.00,999.00,999.00,999.00
2011,NM,Reading,8,American Indian or Alaskan Native,242.11,214.57,244.73,270.98,39.06,47.67,35.87,52.33,15.42,16.46,1.04,1.04
2011,NY,Reading,8,American Indian or Alaskan Native,999.00,999.00,999.00,999.00,999.00,999.00,999.00,999.00,999.00,999.00,999.00,999.00
2011,NC,Reading,8,American Indian or Alaskan Native,244.61,217.22,244.79,267.11,38.62,47.76,36.34,52.24,13.27,15.90,2.63,2.63
2011,ND,Reading,8,American Indian or Alaskan Native,244.88,222.30,244.95,267.86,34.85,47.80,39.31,52.20,10.82,12.89,2.07,2.07
2011,OH,Reading,8,American Indian or Alaskan Native,999.00,999.00,999.00,999.00,999.00,999.00,999.00,999.00,999.00,999.00,999.00,999.00
2011,OK,Reading,8,American Indian or Alaskan Native,255.78,235.84,259.41,279.32,34.61,31.18,45.88,68.82,21.82,22.93,1.12,1.12
2011,OR,Reading,8,American Indian or Alaskan Native,255.69,232.84,256.83,286.73,45.39,34.30,35.99,65.70,22.66,29.71,7.06,7.06
2011,PA,Reading,8,American Indian or Alaskan Native,999.00,999.00,999.00,999.00,999.00,999.00,999.00,999.00,999.00,999.00,999.00,999.00
2011,RI,Reading,8,American Indian or Alaskan Native,999.00,999.00,999.00,999.00,999.00,999.00,999.00,999.00,999.00,999.00,999.00,999.00
2011,SC,Reading,8,American Indian or Alaskan Native,999.00,999.00,999.00,999.00,999.00,999.00,999.00,999.00,999.00,999.00,999.00,999.00
2011,SD,Reading,8,American Indian or Alaskan Native,243.58,221.46,244.24,267.69,35.21,48.21,38.25,51.79,12.39,13.54,1.14,1.14
2011,TN,Reading,8,American Indian or Alaskan Native,999.00,999.00,999.00,999.00,999.00,999.00,999.00,999.00,999.00,999.00,999.00,999.00
2011,TX,Reading,8,American Indian or Alaskan Native,999.00,999.00,999.00,999.00,999.00,999.00,999.00,999.00,999.00,999.00,999.00,999.00
2011,UT,Reading,8,American Indian or Alaskan Native,244.46,219.53,250.25,274.55,39.36,42.88,39.34,57.12,17.79,17.79,999.00,999.00
2011,VT,Reading,8,American Indian or Alaskan Native,999.00,999.00,999.00,999.00,999.00,999.00,999.00,999.00,999.00,999.00,999.00,999.00
2011,VA,Reading,8,American Indian or Alaskan Native,999.00,999.00,999.00,999.00,999.00,999.00,999.00,999.00,999.00,999.00,999.00,999.00
2011,WA,Reading,8,American Indian or Alaskan Native,253.76,228.39,253.67,277.27,38.54,40.50,35.53,59.50,19.62,23.98,4.36,4.36
2011,WV,Reading,8,American Indian or Alaskan Native,999.00,999.00,999.00,999.00,999.00,999.00,999.00,999.00,999.00,999.00,999.00,999.00
2011,WI,Reading,8,American Indian or Alaskan Native,999.00,999.00,999.00,999.00,999.00,999.00,999.00,999.00,999.00,999.00,999.00,999.00
2011,WY,Reading,8,American Indian or Alaskan Native,999.00,999.00,999.00,999.00,999.00,999.00,999.00,999.00,999.00,999.00,999.00,999.00
2011,AL,Reading,8,Hawaiian,999.00,999.00,999.00,999.00,999.00,999.00,999.00,999.00,999.00,999.00,999.00,999.00
2011,AK,Reading,8,Hawaiian,263.53,243.60,264.09,285.99,33.10,24.44,45.08,75.56,28.45,30.48,2.03,2.03
2011,AZ,Reading,8,Hawaiian,999.00,999.00,999.00,999.00,999.00,999.00,999.00,999.00,999.00,999.00,999.00,999.00
2011,AR,Reading,8,Hawaiian,999.00,999.00,999.00,999.00,999.00,999.00,999.00,999.00,999.00,999.00,999.00,999.00
2011,CA,Reading,8,Hawaiian,999.00,999.00,999.00,999.00,999.00,999.00,999.00,999.00,999.00,999.00,999.00,999.00
2011,CO,Reading,8,Hawaiian,283.21,260.64,284.89,305.67,31.93,10.74,35.25,89.26,43.68,54.00,10.32,10.32
2011,CT,Reading,8,Hawaiian,999.00,999.00,999.00,999.00,999.00,999.00,999.00,999.00,999.00,999.00,999.00,999.00
2011,DE,Reading,8,Hawaiian,999.00,999.00,999.00,999.00,999.00,999.00,999.00,999.00,999.00,999.00,999.00,999.00
2011,DC,Reading,8,Hawaiian,999.00,999.00,999.00,999.00,999.00,999.00,999.00,999.00,999.00,999.00,999.00,999.00
2011,FL,Reading,8,Hawaiian,264.79,244.75,266.23,286.06,29.84,23.43,46.69,76.57,27.69,29.88,2.19,2.19
2011,GA,Reading,8,Hawaiian,272.73,254.69,276.26,294.86,30.04,16.55,40.62,83.45,39.70,42.83,3.13,3.13
2011,HI,Reading,8,Hawaiian,256.20,233.02,262.06,283.06,38.98,32.40,40.63,67.60,24.91,26.96,2.05,2.05
2011,ID,Reading,8,Hawaiian,999.00,999.00,999.00,999.00,999.00,999.00,999.00,999.00,999.00,999.00,999.00,999.00
2011,IL,Reading,8,Hawaiian,262.76,239.53,264.15,285.79,31.76,28.31,40.95,71.69,28.22,30.73,2.51,2.51
2011,IN,Reading,8,Hawaiian,263.45,245.76,264.97,283.35,31.65,20.86,50.97,79.14,25.16,28.17,3.01,3.01
2011,IA,Reading,8,Hawaiian,999.00,999.00,999.00,999.00,999.00,999.00,999.00,999.00,999.00,999.00,999.00,999.00
2011,KS,Reading,8,Hawaiian,264.27,246.73,266.72,284.91,32.60,21.66,49.77,78.34,25.59,28.57,2.98,2.98
2011,KY,Reading,8,Hawaiian,999.00,999.00,999.00,999.00,999.00,999.00,999.00,999.00,999.00,999.00,999.00,999.00
2011,LA,Reading,8,Hawaiian,999.00,999.00,999.00,999.00,999.00,999.00,999.00,999.00,999.00,999.00,999.00,999.00
2011,ME,Reading,8,Hawaiian,999.00,999.00,999.00,999.00,999.00,999.00,999.00,999.00,999.00,999.00,999.00,999.00
2011,MD,Reading,8,Hawaiian,275.65,255.10,275.08,299.81,31.52,15.90,41.89,84.10,35.80,42.20,6.41,6.41
2011,MA,Reading,8,Hawaiian,999.00,999.00,999.00,999.00,999.00,999.00,999.00,999.00,999.00,999.00,999.00,999.00
2011,MI,Reading,8,Hawaiian,999.00,999.00,999.00,999.00,999.00,999.00,999.00,999.00,999.00,999.00,999.00,999.00
2011,MN,Reading,8,Hawaiian,999.00,999.00,999.00,999.00,999.00,999.00,999.00,999.00,999.00,999.00,999.00,999.00
2011,MS,Reading,8,Hawaiian,999.00,999.00,999.00,999.00,999.00,999.00,999.00,999.00,999.00,999.00,999.00,999.00
2011,MO,Reading,8,Hawaiian,999.00,999.00,999.00,999.00,999.00,999.00,999.00,999.00,999.00,999.00,999.00,999.00
2011,MT,Reading,8,Hawaiian,999.00,999.00,999.00,999.00,999.00,999.00,999.00,999.00,999.00,999.00,999.00,999.00
2011,NE,Reading,8,Hawaiian,999.00,999.00,999.00,999.00,999.00,999.00,999.00,999.00,999.00,999.00,999.00,999.00
2011,NV,Reading,8,Hawaiian,265.19,244.05,266.18,287.46,38.05,23.85,44.21,76.15,25.63,31.95,6.31,6.31
2011,NH,Reading,8,Hawaiian,999.00,999.00,999.00,999.00,999.00,999.00,999.00,999.00,999.00,999.00,999.00,999.00
2011,NJ,Reading,8,Hawaiian,999.00,999.00,999.00,999.00,999.00,999.00,999.00,999.00,999.00,999.00,999.00,999.00
2011,NM,Reading,8,Hawaiian,999.00,999.00,999.00,999.00,999.00,999.00,999.00,999.00,999.00,999.00,999.00,999.00
2011,NY,Reading,8,Hawaiian,999.00,999.00,999.00,999.00,999.00,999.00,999.00,999.00,999.00,999.00,999.00,999.00
2011,NC,Reading,8,Hawaiian,267.52,246.89,269.33,288.95,34.66,21.91,42.98,78.09,29.53,35.12,5.58,5.58
2011,ND,Reading,8,Hawaiian,999.00,999.00,999.00,999.00,999.00,999.00,999.00,999.00,999.00,999.00,999.00,999.00
2011,OH,Reading,8,Hawaiian,260.86,238.35,261.93,285.95,34.73,29.85,39.44,70.15,28.45,30.70,2.25,2.25
2011,OK,Reading,8,Hawaiian,999.00,999.00,999.00,999.00,999.00,999.00,999.00,999.00,999.00,999.00,999.00,999.00
2011,OR,Reading,8,Hawaiian,273.19,253.72,276.13,295.95,34.30,17.01,40.96,82.99,36.39,42.03,5.65,5.65
2011,PA,Reading,8,Hawaiian,999.00,999.00,999.00,999.00,999.00,999.00,999.00,999.00,999.00,999.00,999.00,999.00
2011,RI,Reading,8,Hawaiian,999.00,999.00,999.00,999.00,999.00,999.00,999.00,999.00,999.00,999.00,999.00,999.00
2011,SC,Reading,8,Hawaiian,999.00,999.00,999.00,999.00,999.00,999.00,999.00,999.00,999.00,999.00,999.00,999.00
2011,SD,Reading,8,Hawaiian,999.00,999.00,999.00,999.00,999.00,999.00,999.00,999.00,999.00,999.00,999.00,999.00
2011,TN,Reading,8,Hawaiian,999.00,999.00,999.00,999.00,999.00,999.00,999.00,999.00,999.00,999.00,999.00,999.00
2011,TX,Reading,8,Hawaiian,269.04,249.22,268.58,288.65,29.58,20.44,44.85,79.56,30.05,34.72,4.67,4.67
2011,UT,Reading,8,Hawaiian,999.00,999.00,999.00,999.00,999.00,999.00,999.00,999.00,999.00,999.00,999.00,999.00
2011,VT,Reading,8,Hawaiian,999.00,999.00,999.00,999.00,999.00,999.00,999.00,999.00,999.00,999.00,999.00,999.00
2011,VA,Reading,8,Hawaiian,277.63,258.92,280.26,298.63,30.80,13.68,37.77,86.32,43.20,48.55,5.35,5.35
2011,WA,Reading,8,Hawaiian,269.98,243.07,271.77,296.86,36.18,24.40,33.96,75.60,35.95,41.64,5.69,5.69
2011,WV,Reading,8,Hawaiian,999.00,999.00,999.00,999.00,999.00,999.00,999.00,999.00,999.00,999.00,999.00,999.00
2011,WI,Reading,8,Hawaiian,999.00,999.00,999.00,999.00,999.00,999.00,999.00,999.00,999.00,999.00,999.00,999.00
2011,WY,Reading,8,Hawaiian,999.00,999.00,999.00,999.00,999.00,999.00,999.00,999.00,999.00,999.00,999.00,999.00
2011,AL,Reading,8,Multiracial,N/A,N/A,N/A,N/A,N/A,N/A,N/A,N/A,N/A,N/A,N/A,N/A
2011,AK,Reading,8,Multiracial,N/A,N/A,N/A,N/A,N/A,N/A,N/A,N/A,N/A,N/A,N/A,N/A
2011,AZ,Reading,8,Multiracial,N/A,N/A,N/A,N/A,N/A,N/A,N/A,N/A,N/A,N/A,N/A,N/A
2011,AR,Reading,8,Multiracial,N/A,N/A,N/A,N/A,N/A,N/A,N/A,N/A,N/A,N/A,N/A,N/A
2011,CA,Reading,8,Multiracial,N/A,N/A,N/A,N/A,N/A,N/A,N/A,N/A,N/A,N/A,N/A,N/A
2011,CO,Reading,8,Multiracial,N/A,N/A,N/A,N/A,N/A,N/A,N/A,N/A,N/A,N/A,N/A,N/A
2011,CT,Reading,8,Multiracial,N/A,N/A,N/A,N/A,N/A,N/A,N/A,N/A,N/A,N/A,N/A,N/A
2011,DE,Reading,8,Multiracial,N/A,N/A,N/A,N/A,N/A,N/A,N/A,N/A,N/A,N/A,N/A,N/A
2011,DC,Reading,8,Multiracial,N/A,N/A,N/A,N/A,N/A,N/A,N/A,N/A,N/A,N/A,N/A,N/A
2011,FL,Reading,8,Multiracial,N/A,N/A,N/A,N/A,N/A,N/A,N/A,N/A,N/A,N/A,N/A,N/A
2011,GA,Reading,8,Multiracial,N/A,N/A,N/A,N/A,N/A,N/A,N/A,N/A,N/A,N/A,N/A,N/A
2011,HI,Reading,8,Multiracial,N/A,N/A,N/A,N/A,N/A,N/A,N/A,N/A,N/A,N/A,N/A,N/A
2011,ID,Reading,8,Multiracial,N/A,N/A,N/A,N/A,N/A,N/A,N/A,N/A,N/A,N/A,N/A,N/A
2011,IL,Reading,8,Multiracial,N/A,N/A,N/A,N/A,N/A,N/A,N/A,N/A,N/A,N/A,N/A,N/A
2011,IN,Reading,8,Multiracial,N/A,N/A,N/A,N/A,N/A,N/A,N/A,N/A,N/A,N/A,N/A,N/A
2011,IA,Reading,8,Multiracial,N/A,N/A,N/A,N/A,N/A,N/A,N/A,N/A,N/A,N/A,N/A,N/A
2011,KS,Reading,8,Multiracial,N/A,N/A,N/A,N/A,N/A,N/A,N/A,N/A,N/A,N/A,N/A,N/A
2011,KY,Reading,8,Multiracial,N/A,N/A,N/A,N/A,N/A,N/A,N/A,N/A,N/A,N/A,N/A,N/A
2011,LA,Reading,8,Multiracial,N/A,N/A,N/A,N/A,N/A,N/A,N/A,N/A,N/A,N/A,N/A,N/A
2011,ME,Reading,8,Multiracial,N/A,N/A,N/A,N/A,N/A,N/A,N/A,N/A,N/A,N/A,N/A,N/A
2011,MD,Reading,8,Multiracial,N/A,N/A,N/A,N/A,N/A,N/A,N/A,N/A,N/A,N/A,N/A,N/A
2011,MA,Reading,8,Multiracial,N/A,N/A,N/A,N/A,N/A,N/A,N/A,N/A,N/A,N/A,N/A,N/A
2011,MI,Reading,8,Multiracial,N/A,N/A,N/A,N/A,N/A,N/A,N/A,N/A,N/A,N/A,N/A,N/A
2011,MN,Reading,8,Multiracial,N/A,N/A,N/A,N/A,N/A,N/A,N/A,N/A,N/A,N/A,N/A,N/A
2011,MS,Reading,8,Multiracial,N/A,N/A,N/A,N/A,N/A,N/A,N/A,N/A,N/A,N/A,N/A,N/A
2011,MO,Reading,8,Multiracial,N/A,N/A,N/A,N/A,N/A,N/A,N/A,N/A,N/A,N/A,N/A,N/A
2011,MT,Reading,8,Multiracial,N/A,N/A,N/A,N/A,N/A,N/A,N/A,N/A,N/A,N/A,N/A,N/A
2011,NE,Reading,8,Multiracial,N/A,N/A,N/A,N/A,N/A,N/A,N/A,N/A,N/A,N/A,N/A,N/A
2011,NV,Reading,8,Multiracial,N/A,N/A,N/A,N/A,N/A,N/A,N/A,N/A,N/A,N/A,N/A,N/A
2011,NH,Reading,8,Multiracial,N/A,N/A,N/A,N/A,N/A,N/A,N/A,N/A,N/A,N/A,N/A,N/A
2011,NJ,Reading,8,Multiracial,N/A,N/A,N/A,N/A,N/A,N/A,N/A,N/A,N/A,N/A,N/A,N/A
2011,NM,Reading,8,Multiracial,N/A,N/A,N/A,N/A,N/A,N/A,N/A,N/A,N/A,N/A,N/A,N/A
2011,NY,Reading,8,Multiracial,N/A,N/A,N/A,N/A,N/A,N/A,N/A,N/A,N/A,N/A,N/A,N/A
2011,NC,Reading,8,Multiracial,N/A,N/A,N/A,N/A,N/A,N/A,N/A,N/A,N/A,N/A,N/A,N/A
2011,ND,Reading,8,Multiracial,N/A,N/A,N/A,N/A,N/A,N/A,N/A,N/A,N/A,N/A,N/A,N/A
2011,OH,Reading,8,Multiracial,N/A,N/A,N/A,N/A,N/A,N/A,N/A,N/A,N/A,N/A,N/A,N/A
2011,OK,Reading,8,Multiracial,N/A,N/A,N/A,N/A,N/A,N/A,N/A,N/A,N/A,N/A,N/A,N/A
2011,OR,Reading,8,Multiracial,N/A,N/A,N/A,N/A,N/A,N/A,N/A,N/A,N/A,N/A,N/A,N/A
2011,PA,Reading,8,Multiracial,N/A,N/A,N/A,N/A,N/A,N/A,N/A,N/A,N/A,N/A,N/A,N/A
2011,RI,Reading,8,Multiracial,N/A,N/A,N/A,N/A,N/A,N/A,N/A,N/A,N/A,N/A,N/A,N/A
2011,SC,Reading,8,Multiracial,N/A,N/A,N/A,N/A,N/A,N/A,N/A,N/A,N/A,N/A,N/A,N/A
2011,SD,Reading,8,Multiracial,N/A,N/A,N/A,N/A,N/A,N/A,N/A,N/A,N/A,N/A,N/A,N/A
2011,TN,Reading,8,Multiracial,N/A,N/A,N/A,N/A,N/A,N/A,N/A,N/A,N/A,N/A,N/A,N/A
2011,TX,Reading,8,Multiracial,N/A,N/A,N/A,N/A,N/A,N/A,N/A,N/A,N/A,N/A,N/A,N/A
2011,UT,Reading,8,Multiracial,N/A,N/A,N/A,N/A,N/A,N/A,N/A,N/A,N/A,N/A,N/A,N/A
2011,VT,Reading,8,Multiracial,N/A,N/A,N/A,N/A,N/A,N/A,N/A,N/A,N/A,N/A,N/A,N/A
2011,VA,Reading,8,Multiracial,N/A,N/A,N/A,N/A,N/A,N/A,N/A,N/A,N/A,N/A,N/A,N/A
2011,WA,Reading,8,Multiracial,N/A,N/A,N/A,N/A,N/A,N/A,N/A,N/A,N/A,N/A,N/A,N/A
2011,WV,Reading,8,Multiracial,N/A,N/A,N/A,N/A,N/A,N/A,N/A,N/A,N/A,N/A,N/A,N/A
2011,WI,Reading,8,Multiracial,N/A,N/A,N/A,N/A,N/A,N/A,N/A,N/A,N/A,N/A,N/A,N/A
2011,WY,Reading,8,Multiracial,N/A,N/A,N/A,N/A,N/A,N/A,N/A,N/A,N/A,N/A,N/A,N/A
