Year,Jurisdiction,Subject,Grade,Subgroup,Mean,25th Percentile,50th Percentile,75th Percentile,Standard Deviation,Cumulative achievement level - Below Basic,Discrete achievement level - At Basic,Cumulative achievement level - At or above Basic,Discrete achievement level - At Proficient,Cumulative achievement level - At or above Proficient,Discrete achievement level - At Advanced,Cumulative achievement level - At Advanced
2009,AL,Mathematics,4,Special Education,193.66,170.14,194.44,218.51,33.92,70.74,24.18,29.26,4.98,5.08,999.00,999.00
2009,AK,Mathematics,4,Special Education,217.57,196.54,218.55,239.57,30.62,44.76,38.82,55.24,15.05,16.43,1.38,1.38
2009,AZ,Mathematics,4,Special Education,209.19,182.88,207.68,234.47,34.92,56.82,28.51,43.18,13.19,14.66,1.47,1.47
2009,AR,Mathematics,4,Special Education,215.25,195.60,217.25,237.99,30.94,46.15,40.27,53.85,13.30,13.57,999.00,999.00
2009,CA,Mathematics,4,Special Education,207.59,179.08,205.01,234.38,39.17,57.19,26.75,42.81,12.92,16.06,3.13,3.13
2009,CO,Mathematics,4,Special Education,218.15,198.13,218.90,238.20,30.75,42.68,42.32,57.32,12.55,15.00,2.45,2.45
2009,CT,Mathematics,4,Special Education,221.96,201.75,222.24,242.67,29.94,39.25,42.08,60.75,17.04,18.67,1.62,1.62
2009,DE,Mathematics,4,Special Education,220.01,201.68,219.51,238.96,27.76,41.60,42.86,58.40,14.14,15.54,1.40,1.40
2009,DC,Mathematics,4,Special Education,192.73,170.11,191.07,212.63,31.07,76.91,19.19,23.09,2.89,3.89,1.01,1.01
2009,FL,Mathematics,4,Special Education,230.24,211.23,231.79,250.53,28.19,27.87,45.66,72.13,23.99,26.48,2.49,2.49
2009,GA,Mathematics,4,Special Education,215.21,194.66,217.00,237.25,31.49,46.97,39.80,53.03,11.76,13.23,1.47,1.47
2009,HI,Mathematics,4,Special Education,195.82,168.10,192.27,221.49,36.85,69.89,21.37,30.11,7.16,8.74,1.58,1.58
2009,ID,Mathematics,4,Special Education,219.42,200.39,218.59,237.60,29.08,43.51,40.63,56.49,13.59,15.86,2.26,2.26
2009,IL,Mathematics,4,Special Education,222.94,198.77,223.99,247.72,34.79,38.16,38.56,61.84,19.34,23.28,3.94,3.94
2009,IN,Mathematics,4,Special Education,227.75,208.98,229.42,248.67,29.35,30.27,45.55,69.73,21.95,24.18,2.23,2.23
2009,IA,Mathematics,4,Special Education,219.93,203.63,219.42,237.29,25.35,40.04,47.55,59.96,11.83,12.41,0.58,0.58
2009,KS,Mathematics,4,Special Education,227.38,209.01,227.94,247.96,29.56,31.25,45.48,68.75,20.86,23.28,2.41,2.41
2009,KY,Mathematics,4,Special Education,225.59,205.48,224.46,244.46,28.81,35.27,43.69,64.73,17.69,21.04,3.35,3.35
2009,LA,Mathematics,4,Special Education,214.61,195.78,213.81,231.83,27.18,50.13,39.81,49.87,8.86,10.06,1.21,1.21
2009,ME,Mathematics,4,Special Education,224.60,206.75,225.94,243.41,26.63,33.63,47.67,66.37,17.80,18.70,0.90,0.90
2009,MD,Mathematics,4,Special Education,228.50,205.54,227.61,251.58,31.56,32.71,39.91,67.29,23.02,27.38,4.36,4.36
2009,MA,Mathematics,4,Special Education,236.75,220.12,237.88,253.09,25.09,18.73,49.40,81.27,27.97,31.87,3.91,3.91
2009,MI,Mathematics,4,Special Education,219.96,197.78,221.37,242.31,32.92,42.07,39.01,57.93,16.61,18.92,2.31,2.31
2009,MN,Mathematics,4,Special Education,232.09,210.78,232.97,255.29,32.21,28.13,39.86,71.87,27.04,32.01,4.97,4.97
2009,MS,Mathematics,4,Special Education,212.30,194.36,212.19,230.17,28.45,52.62,36.90,47.38,10.05,10.48,999.00,999.00
2009,MO,Mathematics,4,Special Education,225.37,203.09,226.50,250.05,32.63,36.16,37.39,63.84,24.29,26.45,2.16,2.16
2009,MT,Mathematics,4,Special Education,223.36,206.40,224.66,241.17,26.52,34.29,49.70,65.71,14.84,16.01,1.17,1.17
2009,NE,Mathematics,4,Special Education,221.67,202.32,221.95,242.08,29.26,38.99,43.09,61.01,16.34,17.92,1.58,1.58
2009,NV,Mathematics,4,Special Education,218.17,195.80,220.59,240.83,31.87,43.04,40.47,56.96,15.65,16.49,0.84,0.84
2009,NH,Mathematics,4,Special Education,231.25,213.06,231.59,250.72,27.05,26.07,46.89,73.93,24.88,27.04,2.17,2.17
2009,NJ,Mathematics,4,Special Education,230.07,209.00,230.91,251.09,29.78,29.68,43.16,70.32,23.05,27.16,4.12,4.12
2009,NM,Mathematics,4,Special Education,211.87,191.46,214.22,232.44,29.09,49.97,40.39,50.03,9.21,9.63,999.00,999.00
2009,NY,Mathematics,4,Special Education,219.77,201.19,221.51,238.60,27.42,40.12,46.86,59.88,11.93,13.02,1.10,1.10
2009,NC,Mathematics,4,Special Education,224.19,204.89,226.66,246.63,31.32,35.64,41.77,64.36,20.33,22.59,2.26,2.26
2009,ND,Mathematics,4,Special Education,230.99,215.85,230.21,245.65,24.63,21.77,57.34,78.23,18.90,20.89,1.99,1.99
2009,OH,Mathematics,4,Special Education,220.14,198.53,221.97,242.60,29.24,40.31,41.84,59.69,17.49,17.85,999.00,999.00
2009,OK,Mathematics,4,Special Education,220.12,200.90,220.36,240.13,28.06,41.28,42.46,58.72,15.37,16.26,0.89,0.89
2009,OR,Mathematics,4,Special Education,218.38,195.53,218.02,241.04,32.18,45.66,36.94,54.34,14.87,17.40,2.53,2.53
2009,PA,Mathematics,4,Special Education,222.43,202.54,222.48,242.06,30.39,39.88,40.89,60.12,16.40,19.23,2.84,2.84
2009,RI,Mathematics,4,Special Education,213.87,192.59,214.49,234.95,30.62,49.09,37.73,50.91,12.25,13.18,0.92,0.92
2009,SC,Mathematics,4,Special Education,211.18,189.65,210.64,233.75,31.86,54.83,32.47,45.17,11.81,12.70,0.88,0.88
2009,SD,Mathematics,4,Special Education,225.57,206.45,226.79,246.01,30.83,34.72,43.11,65.28,19.19,22.17,2.98,2.98
2009,TN,Mathematics,4,Special Education,210.31,189.06,209.19,229.04,30.69,56.72,32.37,43.28,8.80,10.92,2.12,2.12
2009,TX,Mathematics,4,Special Education,221.80,200.78,221.64,243.34,30.32,39.31,42.69,60.69,16.02,18.01,1.99,1.99
2009,UT,Mathematics,4,Special Education,218.80,195.48,220.08,241.75,32.63,43.94,38.33,56.06,15.04,17.74,2.70,2.70
2009,VT,Mathematics,4,Special Education,226.00,205.45,225.94,246.25,28.93,34.30,43.22,65.70,19.97,22.48,2.51,2.51
2009,VA,Mathematics,4,Special Education,224.72,202.98,225.09,244.87,30.82,37.24,41.38,62.76,18.43,21.38,2.95,2.95
2009,WA,Mathematics,4,Special Education,217.42,194.87,215.34,239.49,31.08,48.52,34.83,51.48,14.80,16.65,1.85,1.85
2009,WV,Mathematics,4,Special Education,216.86,197.63,218.20,236.91,29.06,44.62,41.87,55.38,12.76,13.51,0.75,0.75
2009,WI,Mathematics,4,Special Education,221.96,202.82,221.93,241.14,29.40,39.60,42.81,60.40,15.54,17.59,2.05,2.05
2009,WY,Mathematics,4,Special Education,227.12,208.52,227.09,244.26,25.69,31.35,48.38,68.65,18.53,20.27,1.75,1.75
2009,AL,Mathematics,4,Non-Special Education,231.41,213.51,232.46,250.01,27.08,25.61,47.98,74.39,23.83,26.41,2.58,2.58
2009,AK,Mathematics,4,Non-Special Education,241.01,223.46,243.52,261.70,29.80,17.19,40.83,82.81,35.21,41.98,6.77,6.77
2009,AZ,Mathematics,4,Non-Special Education,232.89,213.39,233.56,253.15,28.93,25.64,44.56,74.36,25.82,29.81,3.99,3.99
2009,AR,Mathematics,4,Non-Special Education,240.27,222.45,241.71,259.20,27.31,16.79,44.18,83.21,33.59,39.03,5.44,5.44
2009,CA,Mathematics,4,Non-Special Education,233.67,213.16,234.15,254.96,30.65,25.91,42.68,74.09,25.86,31.41,5.55,5.55
2009,CO,Mathematics,4,Non-Special Education,245.93,227.85,248.07,265.73,27.94,13.25,38.12,86.75,39.89,48.63,8.74,8.74
2009,CT,Mathematics,4,Non-Special Education,247.79,229.82,248.91,266.83,26.73,11.15,38.96,88.85,40.68,49.89,9.21,9.21
2009,DE,Mathematics,4,Non-Special Education,242.30,225.39,242.31,259.32,24.65,12.68,47.88,87.32,34.00,39.44,5.43,5.43
2009,DC,Mathematics,4,Non-Special Education,222.37,201.59,221.31,241.76,30.95,39.82,41.64,60.18,15.01,18.54,3.53,3.53
2009,FL,Mathematics,4,Non-Special Education,244.07,227.41,244.37,261.12,24.90,11.33,45.76,88.67,37.07,42.91,5.84,5.84
2009,GA,Mathematics,4,Non-Special Education,238.21,219.71,239.28,257.35,27.21,19.42,44.57,80.58,31.14,36.01,4.87,4.87
2009,HI,Mathematics,4,Non-Special Education,239.87,222.02,242.06,260.10,28.71,17.57,42.73,82.43,34.14,39.70,5.56,5.56
2009,ID,Mathematics,4,Non-Special Education,243.30,227.23,244.45,260.60,24.78,12.44,44.45,87.56,38.30,43.11,4.81,4.81
2009,IL,Mathematics,4,Non-Special Education,240.65,221.59,241.45,260.91,28.92,17.71,42.45,82.29,32.71,39.84,7.13,7.13
2009,IN,Mathematics,4,Non-Special Education,244.95,228.90,245.57,261.30,24.39,10.12,45.55,89.88,38.38,44.32,5.94,5.94
2009,IA,Mathematics,4,Non-Special Education,245.85,230.24,246.53,261.96,23.71,9.26,45.18,90.74,39.64,45.55,5.91,5.91
2009,KS,Mathematics,4,Non-Special Education,247.63,232.15,248.51,264.37,24.09,8.49,42.26,91.51,42.46,49.25,6.79,6.79
2009,KY,Mathematics,4,Non-Special Education,240.74,222.64,241.22,259.19,27.08,16.71,44.56,83.29,32.55,38.73,6.18,6.18
2009,LA,Mathematics,4,Non-Special Education,232.74,216.07,233.10,249.46,24.65,22.65,51.65,77.35,23.64,25.70,2.06,2.06
2009,ME,Mathematics,4,Non-Special Education,248.58,232.33,249.28,265.41,24.84,8.47,41.06,91.53,42.14,50.47,8.33,8.33
2009,MD,Mathematics,4,Non-Special Education,245.48,226.46,245.70,264.78,27.37,12.86,41.61,87.14,36.20,45.52,9.32,9.32
2009,MA,Mathematics,4,Non-Special Education,254.94,239.56,255.91,272.16,25.28,5.73,33.12,94.27,47.69,61.15,13.46,13.46
2009,MI,Mathematics,4,Non-Special Education,238.42,220.08,240.02,258.54,28.90,19.43,43.32,80.57,31.64,37.25,5.62,5.62
2009,MN,Mathematics,4,Non-Special Education,252.04,235.05,253.63,270.91,26.60,8.88,34.07,91.12,44.59,57.05,12.47,12.47
2009,MS,Mathematics,4,Non-Special Education,228.72,210.83,229.03,247.54,26.80,28.82,47.81,71.18,21.74,23.37,1.63,1.63
2009,MO,Mathematics,4,Non-Special Education,242.78,225.16,244.49,261.65,27.33,14.80,42.07,85.20,36.70,43.12,6.42,6.42
2009,MT,Mathematics,4,Non-Special Education,246.84,230.99,248.27,263.44,23.99,8.99,42.13,91.01,42.70,48.88,6.18,6.18
2009,NE,Mathematics,4,Non-Special Education,241.99,226.16,243.46,259.81,25.65,13.85,44.39,86.15,37.20,41.76,4.56,4.56
2009,NV,Mathematics,4,Non-Special Education,237.01,219.96,238.19,255.27,26.23,19.08,47.15,80.92,30.40,33.77,3.37,3.37
2009,NH,Mathematics,4,Non-Special Education,255.04,239.65,255.93,270.78,23.21,4.29,34.22,95.71,49.81,61.49,11.68,11.68
2009,NJ,Mathematics,4,Non-Special Education,249.14,231.77,250.58,267.28,26.13,9.75,37.97,90.25,42.52,52.28,9.76,9.76
2009,NM,Mathematics,4,Non-Special Education,232.25,213.40,232.79,251.82,28.00,25.52,46.27,74.48,24.97,28.21,3.24,3.24
2009,NY,Mathematics,4,Non-Special Education,244.47,227.51,245.85,262.43,25.64,12.37,42.49,87.63,38.94,45.13,6.19,6.19
2009,NC,Mathematics,4,Non-Special Education,246.71,229.26,246.43,264.10,26.04,10.13,43.57,89.87,37.16,46.31,9.15,9.15
2009,ND,Mathematics,4,Non-Special Education,247.30,232.82,247.84,262.24,22.22,6.92,45.03,93.08,42.58,48.05,5.47,5.47
2009,OH,Mathematics,4,Non-Special Education,246.65,228.57,248.12,265.31,26.45,11.46,39.80,88.54,40.33,48.74,8.41,8.41
2009,OK,Mathematics,4,Non-Special Education,238.98,223.02,239.76,255.32,23.91,15.24,49.91,84.76,31.54,34.85,3.31,3.31
2009,OR,Mathematics,4,Non-Special Education,241.19,223.60,242.30,259.50,26.70,15.75,43.92,84.25,34.76,40.33,5.57,5.57
2009,PA,Mathematics,4,Non-Special Education,246.87,229.14,248.77,265.61,26.84,11.74,38.66,88.26,41.29,49.59,8.30,8.30
2009,RI,Mathematics,4,Non-Special Education,243.50,226.75,245.26,262.27,26.64,13.36,42.28,86.64,38.57,44.37,5.80,5.80
2009,SC,Mathematics,4,Non-Special Education,239.29,221.51,240.11,258.26,27.17,17.41,45.43,82.59,32.03,37.16,5.13,5.13
2009,SD,Mathematics,4,Non-Special Education,244.59,229.77,245.99,261.20,24.55,10.82,44.41,89.18,39.71,44.77,5.06,5.06
2009,TN,Mathematics,4,Non-Special Education,234.38,216.81,235.51,253.35,26.40,22.13,47.35,77.87,27.83,30.51,2.68,2.68
2009,TX,Mathematics,4,Non-Special Education,241.95,225.67,242.61,258.83,24.56,12.66,47.36,87.34,35.48,39.98,4.51,4.51
2009,UT,Mathematics,4,Non-Special Education,242.84,224.67,245.06,262.31,28.11,15.61,40.39,84.39,37.31,44.00,6.69,6.69
2009,VT,Mathematics,4,Non-Special Education,252.20,236.16,253.00,269.13,24.32,6.58,36.96,93.42,45.69,56.46,10.76,10.76
2009,VA,Mathematics,4,Non-Special Education,245.65,227.46,245.87,264.06,26.05,11.31,43.16,88.69,37.68,45.53,7.85,7.85
2009,WA,Mathematics,4,Non-Special Education,245.31,228.37,246.90,263.70,26.81,12.19,41.34,87.81,38.96,46.47,7.52,7.52
2009,WV,Mathematics,4,Non-Special Education,236.05,219.70,236.55,253.30,24.44,18.43,50.68,81.57,28.39,30.89,2.51,2.51
2009,WI,Mathematics,4,Non-Special Education,246.87,229.93,248.46,265.43,26.85,11.32,39.43,88.68,40.76,49.25,8.50,8.50
2009,WY,Mathematics,4,Non-Special Education,244.63,229.35,245.34,260.70,22.95,9.28,46.70,90.72,39.54,44.02,4.48,4.48
2009,AL,Mathematics,8,Special Education,220.69,195.84,219.89,247.01,35.61,86.78,12.32,13.22,0.90,0.90,999.00,999.00
2009,AK,Mathematics,8,Special Education,246.98,224.50,247.47,269.89,33.47,65.92,27.91,34.08,5.73,6.17,999.00,999.00
2009,AZ,Mathematics,8,Special Education,235.46,209.13,235.27,261.16,39.20,75.34,19.81,24.66,4.01,4.85,0.84,0.84
2009,AR,Mathematics,8,Special Education,237.72,212.75,238.78,262.44,37.12,74.80,20.87,25.20,3.99,4.33,999.00,999.00
2009,CA,Mathematics,8,Special Education,229.37,204.21,227.11,253.64,36.96,81.54,15.18,18.46,2.85,3.28,999.00,999.00
2009,CO,Mathematics,8,Special Education,251.66,227.40,251.09,276.20,37.39,60.85,28.34,39.15,9.34,10.81,1.47,1.47
2009,CT,Mathematics,8,Special Education,256.09,229.58,258.10,284.48,38.20,53.67,32.98,46.33,12.45,13.35,0.90,0.90
2009,DE,Mathematics,8,Special Education,255.06,233.54,253.76,277.65,33.12,60.09,30.98,39.91,7.63,8.92,1.30,1.30
2009,DC,Mathematics,8,Special Education,212.68,191.67,212.23,232.19,32.11,93.82,5.27,6.18,0.90,0.90,999.00,999.00
2009,FL,Mathematics,8,Special Education,251.88,228.69,251.64,275.77,35.03,61.10,30.41,38.90,7.15,8.49,1.34,1.34
2009,GA,Mathematics,8,Special Education,244.61,222.49,243.42,265.95,34.84,71.61,22.06,28.39,4.84,6.33,1.49,1.49
2009,HI,Mathematics,8,Special Education,229.88,204.38,230.22,254.05,37.81,81.07,15.43,18.93,2.84,3.50,0.66,0.66
2009,ID,Mathematics,8,Special Education,248.16,223.43,245.94,271.59,35.92,65.41,26.33,34.59,7.01,8.26,1.25,1.25
2009,IL,Mathematics,8,Special Education,250.09,224.84,249.63,274.71,35.35,62.21,29.86,37.79,6.88,7.94,1.06,1.06
2009,IN,Mathematics,8,Special Education,258.12,236.47,255.11,279.01,32.56,59.39,28.75,40.61,10.53,11.87,1.34,1.34
2009,IA,Mathematics,8,Special Education,243.29,222.46,243.20,263.62,32.99,73.33,21.87,26.67,3.75,4.80,1.05,1.05
2009,KS,Mathematics,8,Special Education,253.90,231.92,253.72,274.29,34.67,60.42,30.86,39.58,7.13,8.72,1.58,1.58
2009,KY,Mathematics,8,Special Education,249.87,228.31,248.82,269.50,32.77,67.34,25.26,32.66,6.30,7.40,1.10,1.10
2009,LA,Mathematics,8,Special Education,244.29,221.89,242.87,264.29,34.16,72.32,21.62,27.68,4.73,6.06,1.33,1.33
2009,ME,Mathematics,8,Special Education,256.85,235.11,255.55,275.90,33.08,58.48,31.20,41.52,8.32,10.32,2.00,2.00
2009,MD,Mathematics,8,Special Education,264.63,239.36,266.20,290.95,35.68,45.88,35.94,54.12,16.65,18.18,1.53,1.53
2009,MA,Mathematics,8,Special Education,270.55,245.40,271.55,294.44,35.65,40.75,38.30,59.25,16.85,20.94,4.10,4.10
2009,MI,Mathematics,8,Special Education,239.07,216.37,240.41,261.87,33.61,74.95,22.37,25.05,1.99,2.68,0.68,0.68
2009,MN,Mathematics,8,Special Education,262.97,237.23,261.95,285.55,35.66,50.02,33.74,49.98,13.09,16.24,3.15,3.15
2009,MS,Mathematics,8,Special Education,232.85,212.63,233.47,255.33,30.86,81.93,16.69,18.07,1.38,1.38,999.00,999.00
2009,MO,Mathematics,8,Special Education,254.95,233.19,253.18,277.82,32.56,58.97,31.54,41.03,8.90,9.49,0.58,0.58
2009,MT,Mathematics,8,Special Education,243.98,222.00,245.14,269.18,36.74,69.01,24.54,30.99,6.00,6.45,999.00,999.00
2009,NE,Mathematics,8,Special Education,252.22,228.63,252.55,275.22,34.94,60.67,29.49,39.33,9.08,9.84,0.76,0.76
2009,NV,Mathematics,8,Special Education,242.02,214.44,240.61,266.56,38.96,70.74,20.18,29.26,8.27,9.08,0.81,0.81
2009,NH,Mathematics,8,Special Education,263.94,241.94,263.52,285.41,33.12,48.39,37.58,51.61,11.90,14.03,2.14,2.14
2009,NJ,Mathematics,8,Special Education,258.99,234.09,259.09,284.30,38.32,52.95,33.66,47.05,10.15,13.39,3.25,3.25
2009,NM,Mathematics,8,Special Education,236.49,210.53,235.61,259.94,36.64,76.51,17.87,23.49,5.57,5.62,999.00,999.00
2009,NY,Mathematics,8,Special Education,254.88,231.07,256.18,278.99,36.14,56.69,32.91,43.31,9.24,10.40,1.16,1.16
2009,NC,Mathematics,8,Special Education,251.37,225.85,251.09,277.02,38.28,61.46,27.24,38.54,9.75,11.30,1.55,1.55
2009,ND,Mathematics,8,Special Education,268.07,250.64,269.56,286.91,29.37,38.19,49.20,61.81,11.38,12.61,1.23,1.23
2009,OH,Mathematics,8,Special Education,254.94,229.98,255.30,281.03,36.42,57.14,31.52,42.86,9.94,11.34,1.40,1.40
2009,OK,Mathematics,8,Special Education,240.37,219.55,239.63,261.32,33.46,75.38,19.18,24.62,5.16,5.43,999.00,999.00
2009,OR,Mathematics,8,Special Education,245.88,221.23,243.47,269.83,34.55,67.76,26.25,32.24,5.17,5.99,0.82,0.82
2009,PA,Mathematics,8,Special Education,253.86,227.78,254.74,281.22,37.85,57.98,31.60,42.02,8.97,10.41,1.44,1.44
2009,RI,Mathematics,8,Special Education,244.95,223.42,245.83,266.47,32.49,70.37,24.46,29.63,4.66,5.16,999.00,999.00
2009,SC,Mathematics,8,Special Education,247.66,224.29,248.37,267.91,37.42,67.37,25.88,32.63,4.11,6.75,2.64,2.64
2009,SD,Mathematics,8,Special Education,254.68,232.44,253.88,274.97,32.05,60.29,32.15,39.71,5.57,7.56,1.98,1.98
2009,TN,Mathematics,8,Special Education,238.64,215.56,237.15,258.66,34.72,77.20,16.81,22.80,5.27,5.99,0.72,0.72
2009,TX,Mathematics,8,Special Education,253.90,226.24,252.74,279.19,38.85,59.50,26.53,40.50,11.42,13.98,2.55,2.55
2009,UT,Mathematics,8,Special Education,242.54,221.65,241.49,261.07,32.56,75.47,18.87,24.53,4.86,5.66,0.80,0.80
2009,VT,Mathematics,8,Special Education,260.76,237.23,258.75,282.10,32.83,53.02,36.23,46.98,8.16,10.75,2.59,2.59
2009,VA,Mathematics,8,Special Education,253.32,230.12,252.42,274.58,35.03,60.41,29.57,39.59,8.21,10.02,1.81,1.81
2009,WA,Mathematics,8,Special Education,247.96,224.93,246.34,271.35,33.62,65.58,28.71,34.42,4.73,5.72,0.99,0.99
2009,WV,Mathematics,8,Special Education,236.88,215.91,237.06,259.73,31.66,77.58,20.21,22.42,2.21,2.21,999.00,999.00
2009,WI,Mathematics,8,Special Education,254.92,230.11,257.22,280.59,35.60,55.22,35.17,44.78,8.68,9.61,0.93,0.93
2009,WY,Mathematics,8,Special Education,253.97,234.14,253.45,273.18,30.92,60.59,31.64,39.41,7.24,7.78,0.54,0.54
2009,AL,Mathematics,8,Non-Special Education,273.25,250.18,273.21,296.15,33.73,37.29,40.35,62.71,18.38,22.36,3.99,3.99
2009,AK,Mathematics,8,Non-Special Education,287.04,266.49,288.11,309.80,32.47,21.02,42.51,78.98,29.63,36.47,6.84,6.84
2009,AZ,Mathematics,8,Non-Special Education,281.96,259.18,282.72,305.61,35.00,27.87,40.47,72.13,24.94,31.66,6.72,6.72
2009,AR,Mathematics,8,Non-Special Education,280.97,258.99,281.94,303.69,32.59,28.01,42.07,71.99,25.07,29.93,4.86,4.86
2009,CA,Mathematics,8,Non-Special Education,273.93,249.01,273.43,299.24,36.96,37.49,37.36,62.51,19.63,25.15,5.52,5.52
2009,CO,Mathematics,8,Non-Special Education,290.91,267.30,292.17,315.59,34.83,20.89,36.54,79.11,31.69,42.57,10.88,10.88
2009,CT,Mathematics,8,Non-Special Education,292.81,271.03,293.50,316.54,33.22,17.76,39.06,82.24,31.84,43.18,11.34,11.34
2009,DE,Mathematics,8,Non-Special Education,288.23,267.73,287.67,308.39,29.83,19.10,45.69,80.90,28.24,35.20,6.96,6.96
2009,DC,Mathematics,8,Non-Special Education,259.01,235.23,257.71,281.36,35.24,55.01,32.39,44.99,10.15,12.60,2.44,2.44
2009,FL,Mathematics,8,Non-Special Education,283.53,261.98,283.82,305.89,32.58,25.06,42.81,74.94,25.90,32.13,6.23,6.23
2009,GA,Mathematics,8,Non-Special Education,280.79,257.69,279.95,303.17,32.54,29.47,41.70,70.53,22.97,28.82,5.85,5.85
2009,HI,Mathematics,8,Non-Special Education,279.34,257.51,280.62,302.06,33.44,29.12,42.78,70.88,23.23,28.10,4.87,4.87
2009,ID,Mathematics,8,Non-Special Education,290.63,269.68,291.71,313.01,31.99,18.20,40.88,81.80,32.30,40.92,8.62,8.62
2009,IL,Mathematics,8,Non-Special Education,286.58,263.98,287.54,309.50,33.24,22.90,40.80,77.10,28.33,36.31,7.98,7.98
2009,IN,Mathematics,8,Non-Special Education,290.03,269.36,290.25,311.03,30.53,18.07,43.05,81.93,30.91,38.88,7.96,7.96
2009,IA,Mathematics,8,Non-Special Education,289.90,270.13,290.29,309.59,29.56,16.84,45.18,83.16,30.68,37.98,7.30,7.30
2009,KS,Mathematics,8,Non-Special Education,292.13,270.91,292.68,313.82,31.13,16.97,40.40,83.03,33.49,42.63,9.14,9.14
2009,KY,Mathematics,8,Non-Special Education,281.75,260.45,281.14,302.95,31.17,26.56,44.55,73.44,23.82,28.89,5.08,5.08
2009,LA,Mathematics,8,Non-Special Education,276.73,255.77,275.35,296.27,31.10,32.57,44.96,67.43,17.87,22.47,4.60,4.60
2009,ME,Mathematics,8,Non-Special Education,291.76,271.50,291.34,312.28,30.21,15.92,44.25,84.08,30.58,39.83,9.24,9.24
2009,MD,Mathematics,8,Non-Special Education,289.79,263.98,290.32,316.56,37.02,23.53,35.07,76.47,28.56,41.40,12.84,12.84
2009,MA,Mathematics,8,Non-Special Education,303.52,281.74,304.71,326.69,33.98,10.51,32.72,89.49,37.39,56.77,19.38,19.38
2009,MI,Mathematics,8,Non-Special Education,282.65,259.29,284.26,307.63,35.74,27.43,38.94,72.57,26.41,33.64,7.22,7.22
2009,MN,Mathematics,8,Non-Special Education,298.17,276.73,299.45,320.77,32.54,13.56,35.87,86.44,36.12,50.57,14.45,14.45
2009,MS,Mathematics,8,Non-Special Education,267.70,245.89,267.76,289.12,31.23,42.69,40.97,57.31,14.63,16.34,1.71,1.71
2009,MO,Mathematics,8,Non-Special Education,289.20,268.39,289.73,311.00,30.92,19.15,42.50,80.85,31.01,38.35,7.35,7.35
2009,MT,Mathematics,8,Non-Special Education,296.65,277.31,296.96,316.95,30.03,11.99,40.45,88.01,36.49,47.57,11.07,11.07
2009,NE,Mathematics,8,Non-Special Education,288.30,267.15,289.59,310.68,32.51,20.60,41.63,79.40,29.31,37.77,8.46,8.46
2009,NV,Mathematics,8,Non-Special Education,277.21,254.07,276.29,300.30,33.61,33.53,40.22,66.47,21.28,26.25,4.97,4.97
2009,NH,Mathematics,8,Non-Special Education,298.48,278.00,298.78,319.76,30.41,11.85,38.50,88.15,36.47,49.65,13.18,13.18
2009,NJ,Mathematics,8,Non-Special Education,298.27,275.32,298.68,321.96,34.70,14.23,36.21,85.77,33.60,49.56,15.97,15.97
2009,NM,Mathematics,8,Non-Special Education,273.63,251.32,273.02,295.62,32.77,36.36,41.76,63.64,18.22,21.88,3.66,3.66
2009,NY,Mathematics,8,Non-Special Education,287.05,265.18,288.31,310.62,34.92,22.29,40.30,77.71,28.72,37.41,8.69,8.69
2009,NC,Mathematics,8,Non-Special Education,288.47,265.15,288.36,312.14,34.77,22.06,39.33,77.94,28.47,38.62,10.15,10.15
2009,ND,Mathematics,8,Non-Special Education,295.80,278.69,296.91,314.58,27.53,10.69,42.56,89.31,38.62,46.75,8.14,8.14
2009,OH,Mathematics,8,Non-Special Education,289.08,266.96,289.39,311.50,32.00,20.23,41.32,79.77,29.94,38.46,8.51,8.51
2009,OK,Mathematics,8,Non-Special Education,279.49,259.33,279.37,299.78,30.14,27.71,46.51,72.29,22.07,25.78,3.71,3.71
2009,OR,Mathematics,8,Non-Special Education,289.69,267.53,290.76,312.42,33.18,19.90,39.89,80.10,31.00,40.22,9.21,9.21
2009,PA,Mathematics,8,Non-Special Education,294.11,273.02,295.19,316.13,32.22,15.77,39.43,84.23,33.66,44.80,11.15,11.15
2009,RI,Mathematics,8,Non-Special Education,284.38,262.90,284.43,306.23,32.24,23.99,43.78,76.01,25.58,32.23,6.65,6.65
2009,SC,Mathematics,8,Non-Special Education,283.89,260.37,283.40,306.89,33.03,26.66,40.68,73.34,25.56,32.67,7.10,7.10
2009,SD,Mathematics,8,Non-Special Education,294.08,275.73,295.42,313.92,28.41,13.08,42.10,86.92,37.22,44.82,7.60,7.60
2009,TN,Mathematics,8,Non-Special Education,277.78,254.98,277.94,300.83,33.30,31.85,41.36,68.15,22.04,26.79,4.75,4.75
2009,TX,Mathematics,8,Non-Special Education,289.40,268.05,288.98,310.77,31.63,19.36,42.65,80.64,29.01,37.99,8.98,8.98
2009,UT,Mathematics,8,Non-Special Education,287.41,266.44,288.73,310.18,32.10,21.14,41.38,78.86,30.52,37.48,6.97,6.97
2009,VT,Mathematics,8,Non-Special Education,299.96,278.56,299.54,321.11,30.97,11.33,37.95,88.67,35.69,50.72,15.03,15.03
2009,VA,Mathematics,8,Non-Special Education,290.00,268.32,289.73,312.06,31.79,19.07,42.23,80.93,29.66,38.70,9.03,9.03
2009,WA,Mathematics,8,Non-Special Education,292.72,270.51,292.75,315.71,33.29,17.62,39.71,82.38,31.05,42.67,11.62,11.62
2009,WV,Mathematics,8,Non-Special Education,275.71,254.98,275.67,296.05,30.13,32.94,44.89,67.06,19.34,22.17,2.84,2.84
2009,WI,Mathematics,8,Non-Special Education,292.85,272.66,294.10,314.68,31.23,16.11,40.33,83.89,34.14,43.56,9.41,9.41
2009,WY,Mathematics,8,Non-Special Education,290.59,270.91,290.92,310.12,29.42,16.52,45.07,83.48,30.75,38.41,7.66,7.66
2009,AL,Reading,4,Special Education,171.54,142.12,169.47,200.94,43.64,78.92,13.39,21.08,6.44,7.69,1.25,1.25
2009,AK,Reading,4,Special Education,173.16,143.49,173.90,205.30,43.39,77.04,17.38,22.96,4.79,5.58,0.79,0.79
2009,AZ,Reading,4,Special Education,177.44,142.28,177.28,217.49,51.50,69.99,17.15,30.01,10.08,12.86,2.78,2.78
2009,AR,Reading,4,Special Education,173.58,141.04,171.43,207.45,44.41,75.15,16.67,24.85,6.80,8.17,1.37,1.37
2009,CA,Reading,4,Special Education,170.22,138.75,169.38,202.18,47.68,77.63,13.84,22.37,6.48,8.54,2.05,2.05
2009,CO,Reading,4,Special Education,191.75,161.68,192.18,222.00,42.04,63.41,22.09,36.59,11.57,14.50,2.94,2.94
2009,CT,Reading,4,Special Education,194.87,170.11,196.53,222.10,38.26,61.78,25.27,38.22,11.43,12.94,1.51,1.51
2009,DE,Reading,4,Special Education,201.24,178.57,ERROR,ERROR,ERROR,ERROR,ERROR,ERROR,ERROR,ERROR,ERROR,ERROR
2009,DC,Reading,4,Special Education,ERROR,ERROR,ERROR,ERROR,ERROR,ERROR,ERROR,ERROR,ERROR,ERROR,ERROR,ERROR
2009,FL,Reading,4,Special Education,ERROR,ERROR,ERROR,ERROR,ERROR,ERROR,ERROR,ERROR,ERROR,ERROR,ERROR,ERROR
2009,GA,Reading,4,Special Education,ERROR,ERROR,ERROR,ERROR,ERROR,ERROR,ERROR,ERROR,ERROR,ERROR,ERROR,ERROR
2009,HI,Reading,4,Special Education,ERROR,ERROR,ERROR,ERROR,ERROR,ERROR,ERROR,ERROR,ERROR,ERROR,ERROR,ERROR
2009,ID,Reading,4,Special Education,ERROR,ERROR,ERROR,ERROR,ERROR,ERROR,ERROR,ERROR,ERROR,ERROR,ERROR,ERROR
2009,IL,Reading,4,Special Education,ERROR,ERROR,ERROR,ERROR,ERROR,ERROR,ERROR,ERROR,ERROR,ERROR,ERROR,ERROR
2009,IN,Reading,4,Special Education,ERROR,ERROR,ERROR,ERROR,ERROR,ERROR,ERROR,ERROR,ERROR,ERROR,ERROR,ERROR
2009,IA,Reading,4,Special Education,ERROR,ERROR,ERROR,ERROR,ERROR,ERROR,ERROR,ERROR,ERROR,ERROR,ERROR,ERROR
2009,KS,Reading,4,Special Education,ERROR,ERROR,ERROR,ERROR,ERROR,ERROR,ERROR,ERROR,ERROR,ERROR,ERROR,ERROR
2009,KY,Reading,4,Special Education,ERROR,ERROR,ERROR,ERROR,ERROR,ERROR,ERROR,ERROR,ERROR,ERROR,ERROR,ERROR
2009,LA,Reading,4,Special Education,ERROR,ERROR,ERROR,ERROR,ERROR,ERROR,ERROR,ERROR,ERROR,ERROR,ERROR,ERROR
2009,ME,Reading,4,Special Education,ERROR,ERROR,ERROR,ERROR,ERROR,ERROR,ERROR,ERROR,ERROR,ERROR,ERROR,ERROR
2009,MD,Reading,4,Special Education,ERROR,ERROR,ERROR,ERROR,ERROR,ERROR,ERROR,ERROR,ERROR,ERROR,ERROR,ERROR
2009,MA,Reading,4,Special Education,ERROR,ERROR,ERROR,ERROR,ERROR,ERROR,ERROR,ERROR,ERROR,ERROR,ERROR,ERROR
2009,MI,Reading,4,Special Education,ERROR,ERROR,ERROR,ERROR,ERROR,ERROR,ERROR,ERROR,ERROR,ERROR,ERROR,ERROR
2009,MN,Reading,4,Special Education,ERROR,ERROR,ERROR,ERROR,ERROR,ERROR,ERROR,ERROR,ERROR,ERROR,ERROR,ERROR
2009,MS,Reading,4,Special Education,ERROR,ERROR,ERROR,ERROR,ERROR,ERROR,ERROR,ERROR,ERROR,ERROR,ERROR,ERROR
2009,MO,Reading,4,Special Education,ERROR,ERROR,ERROR,ERROR,ERROR,ERROR,ERROR,ERROR,ERROR,ERROR,ERROR,ERROR
2009,MT,Reading,4,Special Education,ERROR,ERROR,ERROR,ERROR,ERROR,ERROR,ERROR,ERROR,ERROR,ERROR,ERROR,ERROR
2009,NE,Reading,4,Special Education,ERROR,ERROR,ERROR,ERROR,ERROR,ERROR,ERROR,ERROR,ERROR,ERROR,ERROR,ERROR
2009,NV,Reading,4,Special Education,ERROR,ERROR,ERROR,ERROR,ERROR,ERROR,ERROR,ERROR,ERROR,ERROR,ERROR,ERROR
2009,NH,Reading,4,Special Education,ERROR,ERROR,ERROR,ERROR,ERROR,ERROR,ERROR,ERROR,ERROR,ERROR,ERROR,ERROR
2009,NJ,Reading,4,Special Education,ERROR,ERROR,ERROR,ERROR,ERROR,ERROR,ERROR,ERROR,ERROR,ERROR,ERROR,ERROR
2009,NM,Reading,4,Special Education,ERROR,ERROR,ERROR,ERROR,ERROR,ERROR,ERROR,ERROR,ERROR,ERROR,ERROR,ERROR
2009,NY,Reading,4,Special Education,ERROR,ERROR,ERROR,ERROR,ERROR,ERROR,ERROR,ERROR,ERROR,ERROR,ERROR,ERROR
2009,NC,Reading,4,Special Education,ERROR,ERROR,ERROR,ERROR,ERROR,ERROR,ERROR,ERROR,ERROR,ERROR,ERROR,ERROR
2009,ND,Reading,4,Special Education,ERROR,ERROR,ERROR,ERROR,ERROR,ERROR,ERROR,ERROR,ERROR,ERROR,ERROR,ERROR
2009,OH,Reading,4,Special Education,ERROR,ERROR,ERROR,ERROR,ERROR,ERROR,ERROR,ERROR,ERROR,ERROR,ERROR,ERROR
2009,OK,Reading,4,Special Education,ERROR,ERROR,ERROR,ERROR,ERROR,ERROR,ERROR,ERROR,ERROR,ERROR,ERROR,ERROR
2009,OR,Reading,4,Special Education,ERROR,ERROR,ERROR,ERROR,ERROR,ERROR,ERROR,ERROR,ERROR,ERROR,ERROR,ERROR
2009,PA,Reading,4,Special Education,ERROR,ERROR,ERROR,ERROR,ERROR,ERROR,ERROR,ERROR,ERROR,ERROR,ERROR,ERROR
2009,RI,Reading,4,Special Education,ERROR,ERROR,ERROR,ERROR,ERROR,ERROR,ERROR,ERROR,ERROR,ERROR,ERROR,ERROR
2009,SC,Reading,4,Special Education,ERROR,ERROR,ERROR,ERROR,ERROR,ERROR,ERROR,ERROR,ERROR,ERROR,ERROR,ERROR
2009,SD,Reading,4,Special Education,ERROR,ERROR,ERROR,ERROR,ERROR,ERROR,ERROR,ERROR,ERROR,ERROR,ERROR,ERROR
2009,TN,Reading,4,Special Education,ERROR,ERROR,ERROR,ERROR,ERROR,ERROR,ERROR,ERROR,ERROR,ERROR,ERROR,ERROR
2009,TX,Reading,4,Special Education,ERROR,ERROR,ERROR,ERROR,ERROR,ERROR,ERROR,ERROR,ERROR,ERROR,ERROR,ERROR
2009,UT,Reading,4,Special Education,ERROR,ERROR,ERROR,ERROR,ERROR,ERROR,ERROR,ERROR,ERROR,ERROR,ERROR,ERROR
2009,VT,Reading,4,Special Education,ERROR,ERROR,ERROR,ERROR,ERROR,ERROR,ERROR,ERROR,ERROR,ERROR,ERROR,ERROR
2009,VA,Reading,4,Special Education,ERROR,ERROR,ERROR,ERROR,ERROR,ERROR,ERROR,ERROR,ERROR,ERROR,ERROR,ERROR
2009,WA,Reading,4,Special Education,ERROR,ERROR,ERROR,ERROR,ERROR,ERROR,ERROR,ERROR,ERROR,ERROR,ERROR,ERROR
2009,WV,Reading,4,Special Education,ERROR,ERROR,ERROR,ERROR,ERROR,ERROR,ERROR,ERROR,ERROR,ERROR,ERROR,ERROR
2009,WI,Reading,4,Special Education,ERROR,ERROR,ERROR,ERROR,ERROR,ERROR,ERROR,ERROR,ERROR,ERROR,ERROR,ERROR
2009,WY,Reading,4,Special Education,ERROR,ERROR,ERROR,ERROR,ERROR,ERROR,ERROR,ERROR,ERROR,ERROR,ERROR,ERROR
2009,AL,Reading,4,Non-Special Education,ERROR,ERROR,ERROR,ERROR,ERROR,ERROR,ERROR,ERROR,ERROR,ERROR,ERROR,ERROR
2009,AK,Reading,4,Non-Special Education,ERROR,ERROR,ERROR,ERROR,ERROR,ERROR,ERROR,ERROR,ERROR,ERROR,ERROR,ERROR
2009,AZ,Reading,4,Non-Special Education,ERROR,ERROR,ERROR,ERROR,ERROR,ERROR,ERROR,ERROR,ERROR,ERROR,ERROR,ERROR
2009,AR,Reading,4,Non-Special Education,ERROR,ERROR,ERROR,ERROR,ERROR,ERROR,ERROR,ERROR,ERROR,ERROR,ERROR,ERROR
2009,CA,Reading,4,Non-Special Education,ERROR,ERROR,ERROR,ERROR,ERROR,ERROR,ERROR,ERROR,ERROR,ERROR,ERROR,ERROR
2009,CO,Reading,4,Non-Special Education,ERROR,ERROR,ERROR,ERROR,ERROR,ERROR,ERROR,ERROR,ERROR,ERROR,ERROR,ERROR
2009,CT,Reading,4,Non-Special Education,ERROR,ERROR,ERROR,ERROR,ERROR,ERROR,ERROR,ERROR,ERROR,ERROR,ERROR,ERROR
2009,DE,Reading,4,Non-Special Education,ERROR,ERROR,ERROR,ERROR,ERROR,ERROR,ERROR,ERROR,ERROR,ERROR,ERROR,ERROR
2009,DC,Reading,4,Non-Special Education,ERROR,ERROR,ERROR,ERROR,ERROR,ERROR,ERROR,ERROR,ERROR,ERROR,ERROR,ERROR
2009,FL,Reading,4,Non-Special Education,ERROR,ERROR,ERROR,ERROR,ERROR,ERROR,ERROR,ERROR,ERROR,ERROR,ERROR,ERROR
2009,GA,Reading,4,Non-Special Education,ERROR,ERROR,ERROR,ERROR,ERROR,ERROR,ERROR,ERROR,ERROR,ERROR,ERROR,ERROR
2009,HI,Reading,4,Non-Special Education,ERROR,ERROR,ERROR,ERROR,ERROR,ERROR,ERROR,ERROR,ERROR,ERROR,ERROR,ERROR
2009,ID,Reading,4,Non-Special Education,ERROR,ERROR,ERROR,ERROR,ERROR,ERROR,ERROR,ERROR,ERROR,ERROR,ERROR,ERROR
2009,IL,Reading,4,Non-Special Education,ERROR,ERROR,ERROR,ERROR,ERROR,ERROR,ERROR,ERROR,ERROR,ERROR,ERROR,ERROR
2009,IN,Reading,4,Non-Special Education,ERROR,ERROR,ERROR,ERROR,ERROR,ERROR,ERROR,ERROR,ERROR,ERROR,ERROR,ERROR
2009,IA,Reading,4,Non-Special Education,ERROR,ERROR,ERROR,ERROR,ERROR,ERROR,ERROR,ERROR,ERROR,ERROR,ERROR,ERROR
2009,KS,Reading,4,Non-Special Education,ERROR,ERROR,ERROR,ERROR,ERROR,ERROR,ERROR,ERROR,ERROR,ERROR,ERROR,ERROR
2009,KY,Reading,4,Non-Special Education,ERROR,ERROR,ERROR,ERROR,ERROR,ERROR,ERROR,ERROR,ERROR,ERROR,ERROR,ERROR
2009,LA,Reading,4,Non-Special Education,ERROR,ERROR,ERROR,ERROR,ERROR,ERROR,ERROR,ERROR,ERROR,ERROR,ERROR,ERROR
2009,ME,Reading,4,Non-Special Education,ERROR,ERROR,ERROR,ERROR,ERROR,ERROR,ERROR,ERROR,ERROR,ERROR,ERROR,ERROR
2009,MD,Reading,4,Non-Special Education,ERROR,ERROR,ERROR,ERROR,ERROR,ERROR,ERROR,ERROR,ERROR,ERROR,ERROR,ERROR
2009,MA,Reading,4,Non-Special Education,ERROR,ERROR,ERROR,ERROR,ERROR,ERROR,ERROR,ERROR,ERROR,ERROR,ERROR,ERROR
2009,MI,Reading,4,Non-Special Education,ERROR,ERROR,ERROR,ERROR,ERROR,ERROR,ERROR,ERROR,ERROR,ERROR,ERROR,ERROR
2009,MN,Reading,4,Non-Special Education,ERROR,ERROR,ERROR,ERROR,ERROR,ERROR,ERROR,ERROR,ERROR,ERROR,ERROR,ERROR
2009,MS,Reading,4,Non-Special Education,ERROR,ERROR,ERROR,ERROR,ERROR,ERROR,ERROR,ERROR,ERROR,ERROR,ERROR,ERROR
2009,MO,Reading,4,Non-Special Education,ERROR,ERROR,ERROR,ERROR,ERROR,ERROR,ERROR,ERROR,ERROR,ERROR,ERROR,ERROR
2009,MT,Reading,4,Non-Special Education,ERROR,ERROR,ERROR,ERROR,ERROR,ERROR,ERROR,ERROR,ERROR,ERROR,ERROR,ERROR
2009,NE,Reading,4,Non-Special Education,ERROR,ERROR,ERROR,ERROR,ERROR,ERROR,ERROR,ERROR,ERROR,ERROR,ERROR,ERROR
2009,NV,Reading,4,Non-Special Education,ERROR,ERROR,ERROR,ERROR,ERROR,ERROR,ERROR,ERROR,ERROR,ERROR,ERROR,ERROR
2009,NH,Reading,4,Non-Special Education,ERROR,ERROR,ERROR,ERROR,ERROR,ERROR,ERROR,ERROR,ERROR,ERROR,ERROR,ERROR
2009,NJ,Reading,4,Non-Special Education,ERROR,ERROR,ERROR,ERROR,ERROR,ERROR,ERROR,ERROR,ERROR,ERROR,ERROR,ERROR
2009,NM,Reading,4,Non-Special Education,ERROR,ERROR,ERROR,ERROR,ERROR,ERROR,ERROR,ERROR,ERROR,ERROR,ERROR,ERROR
2009,NY,Reading,4,Non-Special Education,ERROR,ERROR,ERROR,ERROR,ERROR,ERROR,ERROR,ERROR,ERROR,ERROR,ERROR,ERROR
2009,NC,Reading,4,Non-Special Education,ERROR,ERROR,ERROR,ERROR,ERROR,ERROR,ERROR,ERROR,ERROR,ERROR,ERROR,ERROR
2009,ND,Reading,4,Non-Special Education,ERROR,ERROR,ERROR,ERROR,ERROR,ERROR,ERROR,ERROR,ERROR,ERROR,ERROR,ERROR
2009,OH,Reading,4,Non-Special Education,ERROR,ERROR,ERROR,ERROR,ERROR,ERROR,ERROR,ERROR,ERROR,ERROR,ERROR,ERROR
2009,OK,Reading,4,Non-Special Education,ERROR,ERROR,ERROR,ERROR,ERROR,ERROR,ERROR,ERROR,ERROR,ERROR,ERROR,ERROR
2009,OR,Reading,4,Non-Special Education,ERROR,ERROR,ERROR,ERROR,ERROR,ERROR,ERROR,ERROR,ERROR,ERROR,ERROR,ERROR
2009,PA,Reading,4,Non-Special Education,ERROR,ERROR,ERROR,ERROR,ERROR,ERROR,ERROR,ERROR,ERROR,ERROR,ERROR,ERROR
2009,RI,Reading,4,Non-Special Education,ERROR,ERROR,ERROR,ERROR,ERROR,ERROR,ERROR,ERROR,ERROR,ERROR,ERROR,ERROR
2009,SC,Reading,4,Non-Special Education,ERROR,ERROR,ERROR,ERROR,ERROR,ERROR,ERROR,ERROR,ERROR,ERROR,ERROR,ERROR
2009,SD,Reading,4,Non-Special Education,ERROR,ERROR,ERROR,ERROR,ERROR,ERROR,ERROR,ERROR,ERROR,ERROR,ERROR,ERROR
2009,TN,Reading,4,Non-Special Education,ERROR,ERROR,ERROR,ERROR,ERROR,ERROR,ERROR,ERROR,ERROR,ERROR,ERROR,ERROR
2009,TX,Reading,4,Non-Special Education,ERROR,ERROR,ERROR,ERROR,ERROR,ERROR,ERROR,ERROR,ERROR,ERROR,ERROR,ERROR
2009,UT,Reading,4,Non-Special Education,ERROR,ERROR,ERROR,ERROR,ERROR,ERROR,ERROR,ERROR,ERROR,ERROR,ERROR,ERROR
2009,VT,Reading,4,Non-Special Education,ERROR,ERROR,ERROR,ERROR,ERROR,ERROR,ERROR,ERROR,ERROR,ERROR,ERROR,ERROR
2009,VA,Reading,4,Non-Special Education,ERROR,ERROR,ERROR,ERROR,ERROR,ERROR,ERROR,ERROR,ERROR,ERROR,ERROR,ERROR
2009,WA,Reading,4,Non-Special Education,ERROR,ERROR,ERROR,ERROR,ERROR,ERROR,ERROR,ERROR,ERROR,ERROR,ERROR,ERROR
2009,WV,Reading,4,Non-Special Education,ERROR,ERROR,ERROR,ERROR,ERROR,ERROR,ERROR,ERROR,ERROR,ERROR,ERROR,ERROR
2009,WI,Reading,4,Non-Special Education,ERROR,ERROR,ERROR,ERROR,ERROR,ERROR,ERROR,ERROR,ERROR,ERROR,ERROR,ERROR
2009,WY,Reading,4,Non-Special Education,ERROR,ERROR,ERROR,ERROR,ERROR,ERROR,ERROR,ERROR,ERROR,ERROR,ERROR,ERROR
2009,AL,Reading,8,Special Education,ERROR,ERROR,ERROR,ERROR,ERROR,ERROR,ERROR,ERROR,ERROR,ERROR,ERROR,ERROR
2009,AK,Reading,8,Special Education,ERROR,ERROR,ERROR,ERROR,ERROR,ERROR,ERROR,ERROR,ERROR,ERROR,ERROR,ERROR
2009,AZ,Reading,8,Special Education,ERROR,ERROR,ERROR,ERROR,ERROR,ERROR,ERROR,ERROR,ERROR,ERROR,ERROR,ERROR
2009,AR,Reading,8,Special Education,ERROR,ERROR,ERROR,ERROR,ERROR,ERROR,ERROR,ERROR,ERROR,ERROR,ERROR,ERROR
2009,CA,Reading,8,Special Education,ERROR,ERROR,ERROR,ERROR,ERROR,ERROR,ERROR,ERROR,ERROR,ERROR,ERROR,ERROR
2009,CO,Reading,8,Special Education,ERROR,ERROR,ERROR,ERROR,ERROR,ERROR,ERROR,ERROR,ERROR,ERROR,ERROR,ERROR
2009,CT,Reading,8,Special Education,ERROR,ERROR,ERROR,ERROR,ERROR,ERROR,ERROR,ERROR,ERROR,ERROR,ERROR,ERROR
2009,DE,Reading,8,Special Education,ERROR,ERROR,ERROR,ERROR,ERROR,ERROR,ERROR,ERROR,ERROR,ERROR,ERROR,ERROR
2009,DC,Reading,8,Special Education,ERROR,ERROR,ERROR,ERROR,ERROR,ERROR,ERROR,ERROR,ERROR,ERROR,ERROR,ERROR
2009,FL,Reading,8,Special Education,ERROR,ERROR,ERROR,ERROR,ERROR,ERROR,ERROR,ERROR,ERROR,ERROR,ERROR,ERROR
2009,GA,Reading,8,Special Education,ERROR,ERROR,ERROR,ERROR,ERROR,ERROR,ERROR,ERROR,ERROR,ERROR,ERROR,ERROR
2009,HI,Reading,8,Special Education,ERROR,ERROR,ERROR,ERROR,ERROR,ERROR,ERROR,ERROR,ERROR,ERROR,ERROR,ERROR
2009,ID,Reading,8,Special Education,ERROR,ERROR,ERROR,ERROR,ERROR,ERROR,ERROR,ERROR,ERROR,ERROR,ERROR,ERROR
2009,IL,Reading,8,Special Education,ERROR,ERROR,ERROR,ERROR,ERROR,ERROR,ERROR,ERROR,ERROR,ERROR,ERROR,ERROR
2009,IN,Reading,8,Special Education,ERROR,ERROR,ERROR,ERROR,ERROR,ERROR,ERROR,ERROR,ERROR,ERROR,ERROR,ERROR
2009,IA,Reading,8,Special Education,ERROR,ERROR,ERROR,ERROR,ERROR,ERROR,ERROR,ERROR,ERROR,ERROR,ERROR,ERROR
2009,KS,Reading,8,Special Education,ERROR,ERROR,ERROR,ERROR,ERROR,ERROR,ERROR,ERROR,ERROR,ERROR,ERROR,ERROR
2009,KY,Reading,8,Special Education,ERROR,ERROR,ERROR,ERROR,ERROR,ERROR,ERROR,ERROR,ERROR,ERROR,ERROR,ERROR
2009,LA,Reading,8,Special Education,ERROR,ERROR,ERROR,ERROR,ERROR,ERROR,ERROR,ERROR,ERROR,ERROR,ERROR,ERROR
2009,ME,Reading,8,Special Education,ERROR,ERROR,ERROR,ERROR,ERROR,ERROR,ERROR,ERROR,ERROR,ERROR,ERROR,ERROR
2009,MD,Reading,8,Special Education,ERROR,ERROR,ERROR,ERROR,ERROR,ERROR,ERROR,ERROR,ERROR,ERROR,ERROR,ERROR
2009,MA,Reading,8,Special Education,ERROR,ERROR,ERROR,ERROR,ERROR,ERROR,ERROR,ERROR,ERROR,ERROR,ERROR,ERROR
2009,MI,Reading,8,Special Education,ERROR,ERROR,ERROR,ERROR,ERROR,ERROR,ERROR,ERROR,ERROR,ERROR,ERROR,ERROR
2009,MN,Reading,8,Special Education,ERROR,ERROR,ERROR,ERROR,ERROR,ERROR,ERROR,ERROR,ERROR,ERROR,ERROR,ERROR
2009,MS,Reading,8,Special Education,ERROR,ERROR,ERROR,ERROR,ERROR,ERROR,ERROR,ERROR,ERROR,ERROR,ERROR,ERROR
2009,MO,Reading,8,Special Education,ERROR,ERROR,ERROR,ERROR,ERROR,ERROR,ERROR,ERROR,ERROR,ERROR,ERROR,ERROR
2009,MT,Reading,8,Special Education,ERROR,ERROR,ERROR,ERROR,ERROR,ERROR,ERROR,ERROR,ERROR,ERROR,ERROR,ERROR
2009,NE,Reading,8,Special Education,ERROR,ERROR,ERROR,ERROR,ERROR,ERROR,ERROR,ERROR,ERROR,ERROR,ERROR,ERROR
2009,NV,Reading,8,Special Education,ERROR,ERROR,ERROR,ERROR,ERROR,ERROR,ERROR,ERROR,ERROR,ERROR,ERROR,ERROR
2009,NH,Reading,8,Special Education,ERROR,ERROR,ERROR,ERROR,ERROR,ERROR,ERROR,ERROR,ERROR,ERROR,ERROR,ERROR
2009,NJ,Reading,8,Special Education,ERROR,ERROR,ERROR,ERROR,ERROR,ERROR,ERROR,ERROR,ERROR,ERROR,ERROR,ERROR
2009,NM,Reading,8,Special Education,ERROR,ERROR,ERROR,ERROR,ERROR,ERROR,ERROR,ERROR,ERROR,ERROR,ERROR,ERROR
2009,NY,Reading,8,Special Education,ERROR,ERROR,ERROR,ERROR,ERROR,ERROR,ERROR,ERROR,ERROR,ERROR,ERROR,ERROR
2009,NC,Reading,8,Special Education,ERROR,ERROR,ERROR,ERROR,ERROR,ERROR,ERROR,ERROR,ERROR,ERROR,ERROR,ERROR
2009,ND,Reading,8,Special Education,ERROR,ERROR,ERROR,ERROR,ERROR,ERROR,ERROR,ERROR,ERROR,ERROR,ERROR,ERROR
2009,OH,Reading,8,Special Education,ERROR,ERROR,ERROR,ERROR,ERROR,ERROR,ERROR,ERROR,ERROR,ERROR,ERROR,ERROR
2009,OK,Reading,8,Special Education,ERROR,ERROR,ERROR,ERROR,ERROR,ERROR,ERROR,ERROR,ERROR,ERROR,ERROR,ERROR
2009,OR,Reading,8,Special Education,ERROR,ERROR,ERROR,ERROR,ERROR,ERROR,ERROR,ERROR,ERROR,ERROR,ERROR,ERROR
2009,PA,Reading,8,Special Education,ERROR,ERROR,ERROR,ERROR,ERROR,ERROR,ERROR,ERROR,ERROR,ERROR,ERROR,ERROR
2009,RI,Reading,8,Special Education,ERROR,ERROR,ERROR,ERROR,ERROR,ERROR,ERROR,ERROR,ERROR,ERROR,ERROR,ERROR
2009,SC,Reading,8,Special Education,ERROR,ERROR,ERROR,ERROR,ERROR,ERROR,ERROR,ERROR,ERROR,ERROR,ERROR,ERROR
2009,SD,Reading,8,Special Education,ERROR,ERROR,ERROR,ERROR,ERROR,ERROR,ERROR,ERROR,ERROR,ERROR,ERROR,ERROR
2009,TN,Reading,8,Special Education,ERROR,ERROR,ERROR,ERROR,ERROR,ERROR,ERROR,ERROR,ERROR,ERROR,ERROR,ERROR
2009,TX,Reading,8,Special Education,ERROR,ERROR,ERROR,ERROR,ERROR,ERROR,ERROR,ERROR,ERROR,ERROR,ERROR,ERROR
2009,UT,Reading,8,Special Education,ERROR,ERROR,ERROR,ERROR,ERROR,ERROR,ERROR,ERROR,ERROR,ERROR,ERROR,ERROR
2009,VT,Reading,8,Special Education,ERROR,ERROR,ERROR,ERROR,ERROR,ERROR,ERROR,ERROR,ERROR,ERROR,ERROR,ERROR
2009,VA,Reading,8,Special Education,ERROR,ERROR,ERROR,ERROR,ERROR,ERROR,ERROR,ERROR,ERROR,ERROR,ERROR,ERROR
2009,WA,Reading,8,Special Education,ERROR,ERROR,ERROR,ERROR,ERROR,ERROR,ERROR,ERROR,ERROR,ERROR,ERROR,ERROR
2009,WV,Reading,8,Special Education,ERROR,ERROR,ERROR,ERROR,ERROR,ERROR,ERROR,ERROR,ERROR,ERROR,ERROR,ERROR
2009,WI,Reading,8,Special Education,ERROR,ERROR,ERROR,ERROR,ERROR,ERROR,ERROR,ERROR,ERROR,ERROR,ERROR,ERROR
2009,WY,Reading,8,Special Education,ERROR,ERROR,ERROR,ERROR,ERROR,ERROR,ERROR,ERROR,ERROR,ERROR,ERROR,ERROR
2009,AL,Reading,8,Non-Special Education,ERROR,ERROR,ERROR,ERROR,ERROR,ERROR,ERROR,ERROR,ERROR,ERROR,ERROR,ERROR
2009,AK,Reading,8,Non-Special Education,ERROR,ERROR,ERROR,ERROR,ERROR,ERROR,ERROR,ERROR,ERROR,ERROR,ERROR,ERROR
2009,AZ,Reading,8,Non-Special Education,ERROR,ERROR,ERROR,ERROR,ERROR,ERROR,ERROR,ERROR,ERROR,ERROR,ERROR,ERROR
2009,AR,Reading,8,Non-Special Education,ERROR,ERROR,ERROR,ERROR,ERROR,ERROR,ERROR,ERROR,ERROR,ERROR,ERROR,ERROR
2009,CA,Reading,8,Non-Special Education,ERROR,ERROR,ERROR,ERROR,ERROR,ERROR,ERROR,ERROR,ERROR,ERROR,ERROR,ERROR
2009,CO,Reading,8,Non-Special Education,ERROR,ERROR,ERROR,ERROR,ERROR,ERROR,ERROR,ERROR,ERROR,ERROR,ERROR,ERROR
2009,CT,Reading,8,Non-Special Education,ERROR,ERROR,ERROR,ERROR,ERROR,ERROR,ERROR,ERROR,ERROR,ERROR,ERROR,ERROR
2009,DE,Reading,8,Non-Special Education,ERROR,ERROR,ERROR,ERROR,ERROR,ERROR,ERROR,ERROR,ERROR,ERROR,ERROR,ERROR
2009,DC,Reading,8,Non-Special Education,ERROR,ERROR,ERROR,ERROR,ERROR,ERROR,ERROR,ERROR,ERROR,ERROR,ERROR,ERROR
2009,FL,Reading,8,Non-Special Education,ERROR,ERROR,ERROR,ERROR,ERROR,ERROR,ERROR,ERROR,ERROR,ERROR,ERROR,ERROR
2009,GA,Reading,8,Non-Special Education,ERROR,ERROR,ERROR,ERROR,ERROR,ERROR,ERROR,ERROR,ERROR,ERROR,ERROR,ERROR
2009,HI,Reading,8,Non-Special Education,ERROR,ERROR,ERROR,ERROR,ERROR,ERROR,ERROR,ERROR,ERROR,ERROR,ERROR,ERROR
2009,ID,Reading,8,Non-Special Education,ERROR,ERROR,ERROR,ERROR,ERROR,ERROR,ERROR,ERROR,ERROR,ERROR,ERROR,ERROR
2009,IL,Reading,8,Non-Special Education,ERROR,ERROR,ERROR,ERROR,ERROR,ERROR,ERROR,ERROR,ERROR,ERROR,ERROR,ERROR
2009,IN,Reading,8,Non-Special Education,ERROR,ERROR,ERROR,ERROR,ERROR,ERROR,ERROR,ERROR,ERROR,ERROR,ERROR,ERROR
2009,IA,Reading,8,Non-Special Education,ERROR,ERROR,ERROR,ERROR,ERROR,ERROR,ERROR,ERROR,ERROR,ERROR,ERROR,ERROR
2009,KS,Reading,8,Non-Special Education,ERROR,ERROR,ERROR,ERROR,ERROR,ERROR,ERROR,ERROR,ERROR,ERROR,ERROR,ERROR
2009,KY,Reading,8,Non-Special Education,ERROR,ERROR,ERROR,ERROR,ERROR,ERROR,ERROR,ERROR,ERROR,ERROR,ERROR,ERROR
2009,LA,Reading,8,Non-Special Education,ERROR,ERROR,ERROR,ERROR,ERROR,ERROR,ERROR,ERROR,ERROR,ERROR,ERROR,ERROR
2009,ME,Reading,8,Non-Special Education,ERROR,ERROR,ERROR,ERROR,ERROR,ERROR,ERROR,ERROR,ERROR,ERROR,ERROR,ERROR
2009,MD,Reading,8,Non-Special Education,ERROR,ERROR,ERROR,ERROR,ERROR,ERROR,ERROR,ERROR,ERROR,ERROR,ERROR,ERROR
2009,MA,Reading,8,Non-Special Education,ERROR,ERROR,ERROR,ERROR,ERROR,ERROR,ERROR,ERROR,ERROR,ERROR,ERROR,ERROR
2009,MI,Reading,8,Non-Special Education,ERROR,ERROR,ERROR,ERROR,ERROR,ERROR,ERROR,ERROR,ERROR,ERROR,ERROR,ERROR
2009,MN,Reading,8,Non-Special Education,ERROR,ERROR,ERROR,ERROR,ERROR,ERROR,ERROR,ERROR,ERROR,ERROR,ERROR,ERROR
2009,MS,Reading,8,Non-Special Education,ERROR,ERROR,ERROR,ERROR,ERROR,ERROR,ERROR,ERROR,ERROR,ERROR,ERROR,ERROR
2009,MO,Reading,8,Non-Special Education,ERROR,ERROR,ERROR,ERROR,ERROR,ERROR,ERROR,ERROR,ERROR,ERROR,ERROR,ERROR
2009,MT,Reading,8,Non-Special Education,ERROR,ERROR,ERROR,ERROR,ERROR,ERROR,ERROR,ERROR,ERROR,ERROR,ERROR,ERROR
2009,NE,Reading,8,Non-Special Education,ERROR,ERROR,ERROR,ERROR,ERROR,ERROR,ERROR,ERROR,ERROR,ERROR,ERROR,ERROR
2009,NV,Reading,8,Non-Special Education,ERROR,ERROR,ERROR,ERROR,ERROR,ERROR,ERROR,ERROR,ERROR,ERROR,ERROR,ERROR
2009,NH,Reading,8,Non-Special Education,ERROR,ERROR,ERROR,ERROR,ERROR,ERROR,ERROR,ERROR,ERROR,ERROR,ERROR,ERROR
2009,NJ,Reading,8,Non-Special Education,ERROR,ERROR,ERROR,ERROR,ERROR,ERROR,ERROR,ERROR,ERROR,ERROR,ERROR,ERROR
2009,NM,Reading,8,Non-Special Education,ERROR,ERROR,ERROR,ERROR,ERROR,ERROR,ERROR,ERROR,ERROR,ERROR,ERROR,ERROR
2009,NY,Reading,8,Non-Special Education,ERROR,ERROR,ERROR,ERROR,ERROR,ERROR,ERROR,ERROR,ERROR,ERROR,ERROR,ERROR
2009,NC,Reading,8,Non-Special Education,ERROR,ERROR,ERROR,ERROR,ERROR,ERROR,ERROR,ERROR,ERROR,ERROR,ERROR,ERROR
2009,ND,Reading,8,Non-Special Education,ERROR,ERROR,ERROR,ERROR,ERROR,ERROR,ERROR,ERROR,ERROR,ERROR,ERROR,ERROR
2009,OH,Reading,8,Non-Special Education,ERROR,ERROR,ERROR,ERROR,ERROR,ERROR,ERROR,ERROR,ERROR,ERROR,ERROR,ERROR
2009,OK,Reading,8,Non-Special Education,ERROR,ERROR,ERROR,ERROR,ERROR,ERROR,ERROR,ERROR,ERROR,ERROR,ERROR,ERROR
2009,OR,Reading,8,Non-Special Education,ERROR,ERROR,ERROR,ERROR,ERROR,ERROR,ERROR,ERROR,ERROR,ERROR,ERROR,ERROR
2009,PA,Reading,8,Non-Special Education,ERROR,ERROR,ERROR,ERROR,ERROR,ERROR,ERROR,ERROR,ERROR,ERROR,ERROR,ERROR
2009,RI,Reading,8,Non-Special Education,ERROR,ERROR,ERROR,ERROR,ERROR,ERROR,ERROR,ERROR,ERROR,ERROR,ERROR,ERROR
2009,SC,Reading,8,Non-Special Education,ERROR,ERROR,ERROR,ERROR,ERROR,ERROR,ERROR,ERROR,ERROR,ERROR,ERROR,ERROR
2009,SD,Reading,8,Non-Special Education,ERROR,ERROR,ERROR,ERROR,ERROR,ERROR,ERROR,ERROR,ERROR,ERROR,ERROR,ERROR
2009,TN,Reading,8,Non-Special Education,ERROR,ERROR,ERROR,ERROR,ERROR,ERROR,ERROR,ERROR,ERROR,ERROR,ERROR,ERROR
2009,TX,Reading,8,Non-Special Education,ERROR,ERROR,ERROR,ERROR,ERROR,ERROR,ERROR,ERROR,ERROR,ERROR,ERROR,ERROR
2009,UT,Reading,8,Non-Special Education,ERROR,ERROR,ERROR,ERROR,ERROR,ERROR,ERROR,ERROR,ERROR,ERROR,ERROR,ERROR
2009,VT,Reading,8,Non-Special Education,ERROR,ERROR,ERROR,ERROR,ERROR,ERROR,ERROR,ERROR,ERROR,ERROR,ERROR,ERROR
2009,VA,Reading,8,Non-Special Education,ERROR,ERROR,ERROR,ERROR,ERROR,ERROR,ERROR,ERROR,ERROR,ERROR,ERROR,ERROR
2009,WA,Reading,8,Non-Special Education,ERROR,ERROR,ERROR,ERROR,ERROR,ERROR,ERROR,ERROR,ERROR,ERROR,ERROR,ERROR
2009,WV,Reading,8,Non-Special Education,ERROR,ERROR,ERROR,ERROR,ERROR,ERROR,ERROR,ERROR,ERROR,ERROR,ERROR,ERROR
2009,WI,Reading,8,Non-Special Education,ERROR,ERROR,ERROR,ERROR,ERROR,ERROR,ERROR,ERROR,ERROR,ERROR,ERROR,ERROR
2009,WY,Reading,8,Non-Special Education,ERROR,ERROR,ERROR,ERROR,ERROR,ERROR,ERROR,ERROR,ERROR,ERROR,ERROR,ERROR
2011,AL,Mathematics,4,Special Education,ERROR,ERROR,ERROR,ERROR,ERROR,ERROR,ERROR,ERROR,ERROR,ERROR,ERROR,ERROR
2011,AK,Mathematics,4,Special Education,ERROR,ERROR,ERROR,ERROR,ERROR,ERROR,ERROR,ERROR,ERROR,ERROR,ERROR,ERROR
2011,AZ,Mathematics,4,Special Education,ERROR,ERROR,ERROR,ERROR,ERROR,ERROR,ERROR,ERROR,ERROR,ERROR,ERROR,ERROR
2011,AR,Mathematics,4,Special Education,ERROR,ERROR,ERROR,ERROR,ERROR,ERROR,ERROR,ERROR,ERROR,ERROR,ERROR,ERROR
2011,CA,Mathematics,4,Special Education,ERROR,ERROR,ERROR,ERROR,ERROR,ERROR,ERROR,ERROR,ERROR,ERROR,ERROR,ERROR
2011,CO,Mathematics,4,Special Education,ERROR,ERROR,ERROR,ERROR,ERROR,ERROR,ERROR,ERROR,ERROR,ERROR,ERROR,ERROR
2011,CT,Mathematics,4,Special Education,ERROR,ERROR,ERROR,ERROR,ERROR,ERROR,ERROR,ERROR,ERROR,ERROR,ERROR,ERROR
2011,DE,Mathematics,4,Special Education,ERROR,ERROR,ERROR,ERROR,ERROR,ERROR,ERROR,ERROR,ERROR,ERROR,ERROR,ERROR
2011,DC,Mathematics,4,Special Education,ERROR,ERROR,ERROR,ERROR,ERROR,ERROR,ERROR,ERROR,ERROR,ERROR,ERROR,ERROR
2011,FL,Mathematics,4,Special Education,ERROR,ERROR,ERROR,ERROR,ERROR,ERROR,ERROR,ERROR,ERROR,ERROR,ERROR,ERROR
2011,GA,Mathematics,4,Special Education,ERROR,ERROR,ERROR,ERROR,ERROR,ERROR,ERROR,ERROR,ERROR,ERROR,ERROR,ERROR
2011,HI,Mathematics,4,Special Education,ERROR,ERROR,ERROR,ERROR,ERROR,ERROR,ERROR,ERROR,ERROR,ERROR,ERROR,ERROR
2011,ID,Mathematics,4,Special Education,ERROR,ERROR,ERROR,ERROR,ERROR,ERROR,ERROR,ERROR,ERROR,ERROR,ERROR,ERROR
2011,IL,Mathematics,4,Special Education,ERROR,ERROR,ERROR,ERROR,ERROR,ERROR,ERROR,ERROR,ERROR,ERROR,ERROR,ERROR
2011,IN,Mathematics,4,Special Education,ERROR,ERROR,ERROR,ERROR,ERROR,ERROR,ERROR,ERROR,ERROR,ERROR,ERROR,ERROR
2011,IA,Mathematics,4,Special Education,ERROR,ERROR,ERROR,ERROR,ERROR,ERROR,ERROR,ERROR,ERROR,ERROR,ERROR,ERROR
2011,KS,Mathematics,4,Special Education,ERROR,ERROR,ERROR,ERROR,ERROR,ERROR,ERROR,ERROR,ERROR,ERROR,ERROR,ERROR
2011,KY,Mathematics,4,Special Education,ERROR,ERROR,ERROR,ERROR,ERROR,ERROR,ERROR,ERROR,ERROR,ERROR,ERROR,ERROR
2011,LA,Mathematics,4,Special Education,ERROR,ERROR,ERROR,ERROR,ERROR,ERROR,ERROR,ERROR,ERROR,ERROR,ERROR,ERROR
2011,ME,Mathematics,4,Special Education,ERROR,ERROR,ERROR,ERROR,ERROR,ERROR,ERROR,ERROR,ERROR,ERROR,ERROR,ERROR
2011,MD,Mathematics,4,Special Education,ERROR,ERROR,ERROR,ERROR,ERROR,ERROR,ERROR,ERROR,ERROR,ERROR,ERROR,ERROR
2011,MA,Mathematics,4,Special Education,ERROR,ERROR,ERROR,ERROR,ERROR,ERROR,ERROR,ERROR,ERROR,ERROR,ERROR,ERROR
2011,MI,Mathematics,4,Special Education,ERROR,ERROR,ERROR,ERROR,ERROR,ERROR,ERROR,ERROR,ERROR,ERROR,ERROR,ERROR
2011,MN,Mathematics,4,Special Education,ERROR,ERROR,ERROR,ERROR,ERROR,ERROR,ERROR,ERROR,ERROR,ERROR,ERROR,ERROR
2011,MS,Mathematics,4,Special Education,ERROR,ERROR,ERROR,ERROR,ERROR,ERROR,ERROR,ERROR,ERROR,ERROR,ERROR,ERROR
2011,MO,Mathematics,4,Special Education,ERROR,ERROR,ERROR,ERROR,ERROR,ERROR,ERROR,ERROR,ERROR,ERROR,ERROR,ERROR
2011,MT,Mathematics,4,Special Education,ERROR,ERROR,ERROR,ERROR,ERROR,ERROR,ERROR,ERROR,ERROR,ERROR,ERROR,ERROR
2011,NE,Mathematics,4,Special Education,ERROR,ERROR,ERROR,ERROR,ERROR,ERROR,ERROR,ERROR,ERROR,ERROR,ERROR,ERROR
2011,NV,Mathematics,4,Special Education,ERROR,ERROR,ERROR,ERROR,ERROR,ERROR,ERROR,ERROR,ERROR,ERROR,ERROR,ERROR
2011,NH,Mathematics,4,Special Education,ERROR,ERROR,ERROR,ERROR,ERROR,ERROR,ERROR,ERROR,ERROR,ERROR,ERROR,ERROR
2011,NJ,Mathematics,4,Special Education,ERROR,ERROR,ERROR,ERROR,ERROR,ERROR,ERROR,ERROR,ERROR,ERROR,ERROR,ERROR
2011,NM,Mathematics,4,Special Education,ERROR,ERROR,ERROR,ERROR,ERROR,ERROR,ERROR,ERROR,ERROR,ERROR,ERROR,ERROR
2011,NY,Mathematics,4,Special Education,ERROR,ERROR,ERROR,ERROR,ERROR,ERROR,ERROR,ERROR,ERROR,ERROR,ERROR,ERROR
2011,NC,Mathematics,4,Special Education,ERROR,ERROR,ERROR,ERROR,ERROR,ERROR,ERROR,ERROR,ERROR,ERROR,ERROR,ERROR
2011,ND,Mathematics,4,Special Education,ERROR,ERROR,ERROR,ERROR,ERROR,ERROR,ERROR,ERROR,ERROR,ERROR,ERROR,ERROR
2011,OH,Mathematics,4,Special Education,ERROR,ERROR,ERROR,ERROR,ERROR,ERROR,ERROR,ERROR,ERROR,ERROR,ERROR,ERROR
2011,OK,Mathematics,4,Special Education,ERROR,ERROR,ERROR,ERROR,ERROR,ERROR,ERROR,ERROR,ERROR,ERROR,ERROR,ERROR
2011,OR,Mathematics,4,Special Education,ERROR,ERROR,ERROR,ERROR,ERROR,ERROR,ERROR,ERROR,ERROR,ERROR,ERROR,ERROR
2011,PA,Mathematics,4,Special Education,ERROR,ERROR,ERROR,ERROR,ERROR,ERROR,ERROR,ERROR,ERROR,ERROR,ERROR,ERROR
2011,RI,Mathematics,4,Special Education,ERROR,ERROR,ERROR,ERROR,ERROR,ERROR,ERROR,ERROR,ERROR,ERROR,ERROR,ERROR
2011,SC,Mathematics,4,Special Education,ERROR,ERROR,ERROR,ERROR,ERROR,ERROR,ERROR,ERROR,ERROR,ERROR,ERROR,ERROR
2011,SD,Mathematics,4,Special Education,ERROR,ERROR,ERROR,ERROR,ERROR,ERROR,ERROR,ERROR,ERROR,ERROR,ERROR,ERROR
2011,TN,Mathematics,4,Special Education,ERROR,ERROR,ERROR,ERROR,ERROR,ERROR,ERROR,ERROR,ERROR,ERROR,ERROR,ERROR
2011,TX,Mathematics,4,Special Education,ERROR,ERROR,ERROR,ERROR,ERROR,ERROR,ERROR,ERROR,ERROR,ERROR,ERROR,ERROR
2011,UT,Mathematics,4,Special Education,ERROR,ERROR,ERROR,ERROR,ERROR,ERROR,ERROR,ERROR,ERROR,ERROR,ERROR,ERROR
2011,VT,Mathematics,4,Special Education,ERROR,ERROR,ERROR,ERROR,ERROR,ERROR,ERROR,ERROR,ERROR,ERROR,ERROR,ERROR
2011,VA,Mathematics,4,Special Education,ERROR,ERROR,ERROR,ERROR,ERROR,ERROR,ERROR,ERROR,ERROR,ERROR,ERROR,ERROR
2011,WA,Mathematics,4,Special Education,ERROR,ERROR,ERROR,ERROR,ERROR,ERROR,ERROR,ERROR,ERROR,ERROR,ERROR,ERROR
2011,WV,Mathematics,4,Special Education,ERROR,ERROR,ERROR,ERROR,ERROR,ERROR,ERROR,ERROR,ERROR,ERROR,ERROR,ERROR
2011,WI,Mathematics,4,Special Education,ERROR,ERROR,ERROR,ERROR,ERROR,ERROR,ERROR,ERROR,ERROR,ERROR,ERROR,ERROR
2011,WY,Mathematics,4,Special Education,ERROR,ERROR,ERROR,ERROR,ERROR,ERROR,ERROR,ERROR,ERROR,ERROR,ERROR,ERROR
2011,AL,Mathematics,4,Non-Special Education,ERROR,ERROR,ERROR,ERROR,ERROR,ERROR,ERROR,ERROR,ERROR,ERROR,ERROR,ERROR
2011,AK,Mathematics,4,Non-Special Education,ERROR,ERROR,ERROR,ERROR,ERROR,ERROR,ERROR,ERROR,ERROR,ERROR,ERROR,ERROR
2011,AZ,Mathematics,4,Non-Special Education,ERROR,ERROR,ERROR,ERROR,ERROR,ERROR,ERROR,ERROR,ERROR,ERROR,ERROR,ERROR
2011,AR,Mathematics,4,Non-Special Education,ERROR,ERROR,ERROR,ERROR,ERROR,ERROR,ERROR,ERROR,ERROR,ERROR,ERROR,ERROR
2011,CA,Mathematics,4,Non-Special Education,ERROR,ERROR,ERROR,ERROR,ERROR,ERROR,ERROR,ERROR,ERROR,ERROR,ERROR,ERROR
2011,CO,Mathematics,4,Non-Special Education,ERROR,ERROR,ERROR,ERROR,ERROR,ERROR,ERROR,ERROR,ERROR,ERROR,ERROR,ERROR
2011,CT,Mathematics,4,Non-Special Education,ERROR,ERROR,ERROR,ERROR,ERROR,ERROR,ERROR,ERROR,ERROR,ERROR,ERROR,ERROR
2011,DE,Mathematics,4,Non-Special Education,ERROR,ERROR,ERROR,ERROR,ERROR,ERROR,ERROR,ERROR,ERROR,ERROR,ERROR,ERROR
2011,DC,Mathematics,4,Non-Special Education,ERROR,ERROR,ERROR,ERROR,ERROR,ERROR,ERROR,ERROR,ERROR,ERROR,ERROR,ERROR
2011,FL,Mathematics,4,Non-Special Education,ERROR,ERROR,ERROR,ERROR,ERROR,ERROR,ERROR,ERROR,ERROR,ERROR,ERROR,ERROR
2011,GA,Mathematics,4,Non-Special Education,ERROR,ERROR,ERROR,ERROR,ERROR,ERROR,ERROR,ERROR,ERROR,ERROR,ERROR,ERROR
2011,HI,Mathematics,4,Non-Special Education,ERROR,ERROR,ERROR,ERROR,ERROR,ERROR,ERROR,ERROR,ERROR,ERROR,ERROR,ERROR
2011,ID,Mathematics,4,Non-Special Education,ERROR,ERROR,ERROR,ERROR,ERROR,ERROR,ERROR,ERROR,ERROR,ERROR,ERROR,ERROR
2011,IL,Mathematics,4,Non-Special Education,ERROR,ERROR,ERROR,ERROR,ERROR,ERROR,ERROR,ERROR,ERROR,ERROR,ERROR,ERROR
2011,IN,Mathematics,4,Non-Special Education,ERROR,ERROR,ERROR,ERROR,ERROR,ERROR,ERROR,ERROR,ERROR,ERROR,ERROR,ERROR
2011,IA,Mathematics,4,Non-Special Education,ERROR,ERROR,ERROR,ERROR,ERROR,ERROR,ERROR,ERROR,ERROR,ERROR,ERROR,ERROR
2011,KS,Mathematics,4,Non-Special Education,ERROR,ERROR,ERROR,ERROR,ERROR,ERROR,ERROR,ERROR,ERROR,ERROR,ERROR,ERROR
2011,KY,Mathematics,4,Non-Special Education,ERROR,ERROR,ERROR,ERROR,ERROR,ERROR,ERROR,ERROR,ERROR,ERROR,ERROR,ERROR
2011,LA,Mathematics,4,Non-Special Education,ERROR,ERROR,ERROR,ERROR,ERROR,ERROR,ERROR,ERROR,ERROR,ERROR,ERROR,ERROR
2011,ME,Mathematics,4,Non-Special Education,ERROR,ERROR,ERROR,ERROR,ERROR,ERROR,ERROR,ERROR,ERROR,ERROR,ERROR,ERROR
2011,MD,Mathematics,4,Non-Special Education,ERROR,ERROR,ERROR,ERROR,ERROR,ERROR,ERROR,ERROR,ERROR,ERROR,ERROR,ERROR
2011,MA,Mathematics,4,Non-Special Education,ERROR,ERROR,ERROR,ERROR,ERROR,ERROR,ERROR,ERROR,ERROR,ERROR,ERROR,ERROR
2011,MI,Mathematics,4,Non-Special Education,ERROR,ERROR,ERROR,ERROR,ERROR,ERROR,ERROR,ERROR,ERROR,ERROR,ERROR,ERROR
2011,MN,Mathematics,4,Non-Special Education,ERROR,ERROR,ERROR,ERROR,ERROR,ERROR,ERROR,ERROR,ERROR,ERROR,ERROR,ERROR
2011,MS,Mathematics,4,Non-Special Education,ERROR,ERROR,ERROR,ERROR,ERROR,ERROR,ERROR,ERROR,ERROR,ERROR,ERROR,ERROR
2011,MO,Mathematics,4,Non-Special Education,ERROR,ERROR,ERROR,ERROR,ERROR,ERROR,ERROR,ERROR,ERROR,ERROR,ERROR,ERROR
2011,MT,Mathematics,4,Non-Special Education,ERROR,ERROR,ERROR,ERROR,ERROR,ERROR,ERROR,ERROR,ERROR,ERROR,ERROR,ERROR
2011,NE,Mathematics,4,Non-Special Education,ERROR,ERROR,ERROR,ERROR,ERROR,ERROR,ERROR,ERROR,ERROR,ERROR,ERROR,ERROR
2011,NV,Mathematics,4,Non-Special Education,ERROR,ERROR,ERROR,ERROR,ERROR,ERROR,ERROR,ERROR,ERROR,ERROR,ERROR,ERROR
2011,NH,Mathematics,4,Non-Special Education,ERROR,ERROR,ERROR,ERROR,ERROR,ERROR,ERROR,ERROR,ERROR,ERROR,ERROR,ERROR
2011,NJ,Mathematics,4,Non-Special Education,ERROR,ERROR,ERROR,ERROR,ERROR,ERROR,ERROR,ERROR,ERROR,ERROR,ERROR,ERROR
2011,NM,Mathematics,4,Non-Special Education,ERROR,ERROR,ERROR,ERROR,ERROR,ERROR,ERROR,ERROR,ERROR,ERROR,ERROR,ERROR
2011,NY,Mathematics,4,Non-Special Education,ERROR,ERROR,ERROR,ERROR,ERROR,ERROR,ERROR,ERROR,ERROR,ERROR,ERROR,ERROR
2011,NC,Mathematics,4,Non-Special Education,ERROR,ERROR,ERROR,ERROR,ERROR,ERROR,ERROR,ERROR,ERROR,ERROR,ERROR,ERROR
2011,ND,Mathematics,4,Non-Special Education,ERROR,ERROR,ERROR,ERROR,ERROR,ERROR,ERROR,ERROR,ERROR,ERROR,ERROR,ERROR
2011,OH,Mathematics,4,Non-Special Education,ERROR,ERROR,ERROR,ERROR,ERROR,ERROR,ERROR,ERROR,ERROR,ERROR,ERROR,ERROR
2011,OK,Mathematics,4,Non-Special Education,ERROR,ERROR,ERROR,ERROR,ERROR,ERROR,ERROR,ERROR,ERROR,ERROR,ERROR,ERROR
2011,OR,Mathematics,4,Non-Special Education,ERROR,ERROR,ERROR,ERROR,ERROR,ERROR,ERROR,ERROR,ERROR,ERROR,ERROR,ERROR
2011,PA,Mathematics,4,Non-Special Education,ERROR,ERROR,ERROR,ERROR,ERROR,ERROR,ERROR,ERROR,ERROR,ERROR,ERROR,ERROR
2011,RI,Mathematics,4,Non-Special Education,ERROR,ERROR,ERROR,ERROR,ERROR,ERROR,ERROR,ERROR,ERROR,ERROR,ERROR,ERROR
2011,SC,Mathematics,4,Non-Special Education,ERROR,ERROR,ERROR,ERROR,ERROR,ERROR,ERROR,ERROR,ERROR,ERROR,ERROR,ERROR
2011,SD,Mathematics,4,Non-Special Education,ERROR,ERROR,ERROR,ERROR,ERROR,ERROR,ERROR,ERROR,ERROR,ERROR,ERROR,ERROR
2011,TN,Mathematics,4,Non-Special Education,ERROR,ERROR,ERROR,ERROR,ERROR,ERROR,ERROR,ERROR,ERROR,ERROR,ERROR,ERROR
2011,TX,Mathematics,4,Non-Special Education,ERROR,ERROR,ERROR,ERROR,ERROR,ERROR,ERROR,ERROR,ERROR,ERROR,ERROR,ERROR
2011,UT,Mathematics,4,Non-Special Education,ERROR,ERROR,ERROR,ERROR,ERROR,ERROR,ERROR,ERROR,ERROR,ERROR,ERROR,ERROR
2011,VT,Mathematics,4,Non-Special Education,ERROR,ERROR,ERROR,ERROR,ERROR,ERROR,ERROR,ERROR,ERROR,ERROR,ERROR,ERROR
2011,VA,Mathematics,4,Non-Special Education,ERROR,ERROR,ERROR,ERROR,ERROR,ERROR,ERROR,ERROR,ERROR,ERROR,ERROR,ERROR
2011,WA,Mathematics,4,Non-Special Education,ERROR,ERROR,ERROR,ERROR,ERROR,ERROR,ERROR,ERROR,ERROR,ERROR,ERROR,ERROR
2011,WV,Mathematics,4,Non-Special Education,ERROR,ERROR,ERROR,ERROR,ERROR,ERROR,ERROR,ERROR,ERROR,ERROR,ERROR,ERROR
2011,WI,Mathematics,4,Non-Special Education,ERROR,ERROR,ERROR,ERROR,ERROR,ERROR,ERROR,ERROR,ERROR,ERROR,ERROR,ERROR
2011,WY,Mathematics,4,Non-Special Education,ERROR,ERROR,ERROR,ERROR,ERROR,ERROR,ERROR,ERROR,ERROR,ERROR,ERROR,ERROR
2011,AL,Mathematics,8,Special Education,ERROR,ERROR,ERROR,ERROR,ERROR,ERROR,ERROR,ERROR,ERROR,ERROR,ERROR,ERROR
2011,AK,Mathematics,8,Special Education,ERROR,ERROR,ERROR,ERROR,ERROR,ERROR,ERROR,ERROR,ERROR,ERROR,ERROR,ERROR
2011,AZ,Mathematics,8,Special Education,ERROR,ERROR,ERROR,ERROR,ERROR,ERROR,ERROR,ERROR,ERROR,ERROR,ERROR,ERROR
2011,AR,Mathematics,8,Special Education,ERROR,ERROR,ERROR,ERROR,ERROR,ERROR,ERROR,ERROR,ERROR,ERROR,ERROR,ERROR
2011,CA,Mathematics,8,Special Education,ERROR,ERROR,ERROR,ERROR,ERROR,ERROR,ERROR,ERROR,ERROR,ERROR,ERROR,ERROR
2011,CO,Mathematics,8,Special Education,ERROR,ERROR,ERROR,ERROR,ERROR,ERROR,ERROR,ERROR,ERROR,ERROR,ERROR,ERROR
2011,CT,Mathematics,8,Special Education,ERROR,ERROR,ERROR,ERROR,ERROR,ERROR,ERROR,ERROR,ERROR,ERROR,ERROR,ERROR
2011,DE,Mathematics,8,Special Education,ERROR,ERROR,ERROR,ERROR,ERROR,ERROR,ERROR,ERROR,ERROR,ERROR,ERROR,ERROR
2011,DC,Mathematics,8,Special Education,ERROR,ERROR,ERROR,ERROR,ERROR,ERROR,ERROR,ERROR,ERROR,ERROR,ERROR,ERROR
2011,FL,Mathematics,8,Special Education,ERROR,ERROR,ERROR,ERROR,ERROR,ERROR,ERROR,ERROR,ERROR,ERROR,ERROR,ERROR
2011,GA,Mathematics,8,Special Education,ERROR,ERROR,ERROR,ERROR,ERROR,ERROR,ERROR,ERROR,ERROR,ERROR,ERROR,ERROR
2011,HI,Mathematics,8,Special Education,ERROR,ERROR,ERROR,ERROR,ERROR,ERROR,ERROR,ERROR,ERROR,ERROR,ERROR,ERROR
2011,ID,Mathematics,8,Special Education,ERROR,ERROR,ERROR,ERROR,ERROR,ERROR,ERROR,ERROR,ERROR,ERROR,ERROR,ERROR
2011,IL,Mathematics,8,Special Education,ERROR,ERROR,ERROR,ERROR,ERROR,ERROR,ERROR,ERROR,ERROR,ERROR,ERROR,ERROR
2011,IN,Mathematics,8,Special Education,ERROR,ERROR,ERROR,ERROR,ERROR,ERROR,ERROR,ERROR,ERROR,ERROR,ERROR,ERROR
2011,IA,Mathematics,8,Special Education,ERROR,ERROR,ERROR,ERROR,ERROR,ERROR,ERROR,ERROR,ERROR,ERROR,ERROR,ERROR
2011,KS,Mathematics,8,Special Education,ERROR,ERROR,ERROR,ERROR,ERROR,ERROR,ERROR,ERROR,ERROR,ERROR,ERROR,ERROR
2011,KY,Mathematics,8,Special Education,ERROR,ERROR,ERROR,ERROR,ERROR,ERROR,ERROR,ERROR,ERROR,ERROR,ERROR,ERROR
2011,LA,Mathematics,8,Special Education,ERROR,ERROR,ERROR,ERROR,ERROR,ERROR,ERROR,ERROR,ERROR,ERROR,ERROR,ERROR
2011,ME,Mathematics,8,Special Education,ERROR,ERROR,ERROR,ERROR,ERROR,ERROR,ERROR,ERROR,ERROR,ERROR,ERROR,ERROR
2011,MD,Mathematics,8,Special Education,ERROR,ERROR,ERROR,ERROR,ERROR,ERROR,ERROR,ERROR,ERROR,ERROR,ERROR,ERROR
2011,MA,Mathematics,8,Special Education,ERROR,ERROR,ERROR,ERROR,ERROR,ERROR,ERROR,ERROR,ERROR,ERROR,ERROR,ERROR
2011,MI,Mathematics,8,Special Education,ERROR,ERROR,ERROR,ERROR,ERROR,ERROR,ERROR,ERROR,ERROR,ERROR,ERROR,ERROR
2011,MN,Mathematics,8,Special Education,ERROR,ERROR,ERROR,ERROR,ERROR,ERROR,ERROR,ERROR,ERROR,ERROR,ERROR,ERROR
2011,MS,Mathematics,8,Special Education,ERROR,ERROR,ERROR,ERROR,ERROR,ERROR,ERROR,ERROR,ERROR,ERROR,ERROR,ERROR
2011,MO,Mathematics,8,Special Education,ERROR,ERROR,ERROR,ERROR,ERROR,ERROR,ERROR,ERROR,ERROR,ERROR,ERROR,ERROR
2011,MT,Mathematics,8,Special Education,ERROR,ERROR,ERROR,ERROR,ERROR,ERROR,ERROR,ERROR,ERROR,ERROR,ERROR,ERROR
2011,NE,Mathematics,8,Special Education,ERROR,ERROR,ERROR,ERROR,ERROR,ERROR,ERROR,ERROR,ERROR,ERROR,ERROR,ERROR
2011,NV,Mathematics,8,Special Education,ERROR,ERROR,ERROR,ERROR,ERROR,ERROR,ERROR,ERROR,ERROR,ERROR,ERROR,ERROR
2011,NH,Mathematics,8,Special Education,ERROR,ERROR,ERROR,ERROR,ERROR,ERROR,ERROR,ERROR,ERROR,ERROR,ERROR,ERROR
2011,NJ,Mathematics,8,Special Education,ERROR,ERROR,ERROR,ERROR,ERROR,ERROR,ERROR,ERROR,ERROR,ERROR,ERROR,ERROR
2011,NM,Mathematics,8,Special Education,ERROR,ERROR,ERROR,ERROR,ERROR,ERROR,ERROR,ERROR,ERROR,ERROR,ERROR,ERROR
2011,NY,Mathematics,8,Special Education,ERROR,ERROR,ERROR,ERROR,ERROR,ERROR,ERROR,ERROR,ERROR,ERROR,ERROR,ERROR
2011,NC,Mathematics,8,Special Education,ERROR,ERROR,ERROR,ERROR,ERROR,ERROR,ERROR,ERROR,ERROR,ERROR,ERROR,ERROR
2011,ND,Mathematics,8,Special Education,ERROR,ERROR,ERROR,ERROR,ERROR,ERROR,ERROR,ERROR,ERROR,ERROR,ERROR,ERROR
2011,OH,Mathematics,8,Special Education,ERROR,ERROR,ERROR,ERROR,ERROR,ERROR,ERROR,ERROR,ERROR,ERROR,ERROR,ERROR
2011,OK,Mathematics,8,Special Education,ERROR,ERROR,ERROR,ERROR,ERROR,ERROR,ERROR,ERROR,ERROR,ERROR,ERROR,ERROR
2011,OR,Mathematics,8,Special Education,ERROR,ERROR,ERROR,ERROR,ERROR,ERROR,ERROR,ERROR,ERROR,ERROR,ERROR,ERROR
2011,PA,Mathematics,8,Special Education,ERROR,ERROR,ERROR,ERROR,ERROR,ERROR,ERROR,ERROR,ERROR,ERROR,ERROR,ERROR
2011,RI,Mathematics,8,Special Education,ERROR,ERROR,ERROR,ERROR,ERROR,ERROR,ERROR,ERROR,ERROR,ERROR,ERROR,ERROR
2011,SC,Mathematics,8,Special Education,ERROR,ERROR,ERROR,ERROR,ERROR,ERROR,ERROR,ERROR,ERROR,ERROR,ERROR,ERROR
2011,SD,Mathematics,8,Special Education,ERROR,ERROR,ERROR,ERROR,ERROR,ERROR,ERROR,ERROR,ERROR,ERROR,ERROR,ERROR
2011,TN,Mathematics,8,Special Education,ERROR,ERROR,ERROR,ERROR,ERROR,ERROR,ERROR,ERROR,ERROR,ERROR,ERROR,ERROR
2011,TX,Mathematics,8,Special Education,ERROR,ERROR,ERROR,ERROR,ERROR,ERROR,ERROR,ERROR,ERROR,ERROR,ERROR,ERROR
2011,UT,Mathematics,8,Special Education,ERROR,ERROR,ERROR,ERROR,ERROR,ERROR,ERROR,ERROR,ERROR,ERROR,ERROR,ERROR
2011,VT,Mathematics,8,Special Education,ERROR,ERROR,ERROR,ERROR,ERROR,ERROR,ERROR,ERROR,ERROR,ERROR,ERROR,ERROR
2011,VA,Mathematics,8,Special Education,ERROR,ERROR,ERROR,ERROR,ERROR,ERROR,ERROR,ERROR,ERROR,ERROR,ERROR,ERROR
2011,WA,Mathematics,8,Special Education,ERROR,ERROR,ERROR,ERROR,ERROR,ERROR,ERROR,ERROR,ERROR,ERROR,ERROR,ERROR
2011,WV,Mathematics,8,Special Education,ERROR,ERROR,ERROR,ERROR,ERROR,ERROR,ERROR,ERROR,ERROR,ERROR,ERROR,ERROR
2011,WI,Mathematics,8,Special Education,ERROR,ERROR,ERROR,ERROR,ERROR,ERROR,ERROR,ERROR,ERROR,ERROR,ERROR,ERROR
2011,WY,Mathematics,8,Special Education,ERROR,ERROR,ERROR,ERROR,ERROR,ERROR,ERROR,ERROR,ERROR,ERROR,ERROR,ERROR
2011,AL,Mathematics,8,Non-Special Education,ERROR,ERROR,ERROR,ERROR,ERROR,ERROR,ERROR,ERROR,ERROR,ERROR,ERROR,ERROR
2011,AK,Mathematics,8,Non-Special Education,ERROR,ERROR,ERROR,ERROR,ERROR,ERROR,ERROR,ERROR,ERROR,ERROR,ERROR,ERROR
2011,AZ,Mathematics,8,Non-Special Education,ERROR,ERROR,ERROR,ERROR,ERROR,ERROR,ERROR,ERROR,ERROR,ERROR,ERROR,ERROR
2011,AR,Mathematics,8,Non-Special Education,ERROR,ERROR,ERROR,ERROR,ERROR,ERROR,ERROR,ERROR,ERROR,ERROR,ERROR,ERROR
2011,CA,Mathematics,8,Non-Special Education,ERROR,ERROR,ERROR,ERROR,ERROR,ERROR,ERROR,ERROR,ERROR,ERROR,ERROR,ERROR
2011,CO,Mathematics,8,Non-Special Education,ERROR,ERROR,ERROR,ERROR,ERROR,ERROR,ERROR,ERROR,ERROR,ERROR,ERROR,ERROR
2011,CT,Mathematics,8,Non-Special Education,ERROR,ERROR,ERROR,ERROR,ERROR,ERROR,ERROR,ERROR,ERROR,ERROR,ERROR,ERROR
2011,DE,Mathematics,8,Non-Special Education,ERROR,ERROR,ERROR,ERROR,ERROR,ERROR,ERROR,ERROR,ERROR,ERROR,ERROR,ERROR
2011,DC,Mathematics,8,Non-Special Education,ERROR,ERROR,ERROR,ERROR,ERROR,ERROR,ERROR,ERROR,ERROR,ERROR,ERROR,ERROR
2011,FL,Mathematics,8,Non-Special Education,ERROR,ERROR,ERROR,ERROR,ERROR,ERROR,ERROR,ERROR,ERROR,ERROR,ERROR,ERROR
2011,GA,Mathematics,8,Non-Special Education,ERROR,ERROR,ERROR,ERROR,ERROR,ERROR,ERROR,ERROR,ERROR,ERROR,ERROR,ERROR
2011,HI,Mathematics,8,Non-Special Education,ERROR,ERROR,ERROR,ERROR,ERROR,ERROR,ERROR,ERROR,ERROR,ERROR,ERROR,ERROR
2011,ID,Mathematics,8,Non-Special Education,ERROR,ERROR,ERROR,ERROR,ERROR,ERROR,ERROR,ERROR,ERROR,ERROR,ERROR,ERROR
2011,IL,Mathematics,8,Non-Special Education,ERROR,ERROR,ERROR,ERROR,ERROR,ERROR,ERROR,ERROR,ERROR,ERROR,ERROR,ERROR
2011,IN,Mathematics,8,Non-Special Education,ERROR,ERROR,ERROR,ERROR,ERROR,ERROR,ERROR,ERROR,ERROR,ERROR,ERROR,ERROR
2011,IA,Mathematics,8,Non-Special Education,ERROR,ERROR,ERROR,ERROR,ERROR,ERROR,ERROR,ERROR,ERROR,ERROR,ERROR,ERROR
2011,KS,Mathematics,8,Non-Special Education,ERROR,ERROR,ERROR,ERROR,ERROR,ERROR,ERROR,ERROR,ERROR,ERROR,ERROR,ERROR
2011,KY,Mathematics,8,Non-Special Education,ERROR,ERROR,ERROR,ERROR,ERROR,ERROR,ERROR,ERROR,ERROR,ERROR,ERROR,ERROR
2011,LA,Mathematics,8,Non-Special Education,ERROR,ERROR,ERROR,ERROR,ERROR,ERROR,ERROR,ERROR,ERROR,ERROR,ERROR,ERROR
2011,ME,Mathematics,8,Non-Special Education,ERROR,ERROR,ERROR,ERROR,ERROR,ERROR,ERROR,ERROR,ERROR,ERROR,ERROR,ERROR
2011,MD,Mathematics,8,Non-Special Education,ERROR,ERROR,ERROR,ERROR,ERROR,ERROR,ERROR,ERROR,ERROR,ERROR,ERROR,ERROR
2011,MA,Mathematics,8,Non-Special Education,ERROR,ERROR,ERROR,ERROR,ERROR,ERROR,ERROR,ERROR,ERROR,ERROR,ERROR,ERROR
2011,MI,Mathematics,8,Non-Special Education,ERROR,ERROR,ERROR,ERROR,ERROR,ERROR,ERROR,ERROR,ERROR,ERROR,ERROR,ERROR
2011,MN,Mathematics,8,Non-Special Education,ERROR,ERROR,ERROR,ERROR,ERROR,ERROR,ERROR,ERROR,ERROR,ERROR,ERROR,ERROR
2011,MS,Mathematics,8,Non-Special Education,ERROR,ERROR,ERROR,ERROR,ERROR,ERROR,ERROR,ERROR,ERROR,ERROR,ERROR,ERROR
2011,MO,Mathematics,8,Non-Special Education,ERROR,ERROR,ERROR,ERROR,ERROR,ERROR,ERROR,ERROR,ERROR,ERROR,ERROR,ERROR
2011,MT,Mathematics,8,Non-Special Education,ERROR,ERROR,ERROR,ERROR,ERROR,ERROR,ERROR,ERROR,ERROR,ERROR,ERROR,ERROR
2011,NE,Mathematics,8,Non-Special Education,ERROR,ERROR,ERROR,ERROR,ERROR,ERROR,ERROR,ERROR,ERROR,ERROR,ERROR,ERROR
2011,NV,Mathematics,8,Non-Special Education,ERROR,ERROR,ERROR,ERROR,ERROR,ERROR,ERROR,ERROR,ERROR,ERROR,ERROR,ERROR
2011,NH,Mathematics,8,Non-Special Education,ERROR,ERROR,ERROR,ERROR,ERROR,ERROR,ERROR,ERROR,ERROR,ERROR,ERROR,ERROR
2011,NJ,Mathematics,8,Non-Special Education,ERROR,ERROR,ERROR,ERROR,ERROR,ERROR,ERROR,ERROR,ERROR,ERROR,ERROR,ERROR
2011,NM,Mathematics,8,Non-Special Education,ERROR,ERROR,ERROR,ERROR,ERROR,ERROR,ERROR,ERROR,ERROR,ERROR,ERROR,ERROR
2011,NY,Mathematics,8,Non-Special Education,ERROR,ERROR,ERROR,ERROR,ERROR,ERROR,ERROR,ERROR,ERROR,ERROR,ERROR,ERROR
2011,NC,Mathematics,8,Non-Special Education,ERROR,ERROR,ERROR,ERROR,ERROR,ERROR,ERROR,ERROR,ERROR,ERROR,ERROR,ERROR
2011,ND,Mathematics,8,Non-Special Education,ERROR,ERROR,ERROR,ERROR,ERROR,ERROR,ERROR,ERROR,ERROR,ERROR,ERROR,ERROR
2011,OH,Mathematics,8,Non-Special Education,ERROR,ERROR,ERROR,ERROR,ERROR,ERROR,ERROR,ERROR,ERROR,ERROR,ERROR,ERROR
2011,OK,Mathematics,8,Non-Special Education,ERROR,ERROR,ERROR,ERROR,ERROR,ERROR,ERROR,ERROR,ERROR,ERROR,ERROR,ERROR
2011,OR,Mathematics,8,Non-Special Education,ERROR,ERROR,ERROR,ERROR,ERROR,ERROR,ERROR,ERROR,ERROR,ERROR,ERROR,ERROR
2011,PA,Mathematics,8,Non-Special Education,ERROR,ERROR,ERROR,ERROR,ERROR,ERROR,ERROR,ERROR,ERROR,ERROR,ERROR,ERROR
2011,RI,Mathematics,8,Non-Special Education,ERROR,ERROR,ERROR,ERROR,ERROR,ERROR,ERROR,ERROR,ERROR,ERROR,ERROR,ERROR
2011,SC,Mathematics,8,Non-Special Education,ERROR,ERROR,ERROR,ERROR,ERROR,ERROR,ERROR,ERROR,ERROR,ERROR,ERROR,ERROR
2011,SD,Mathematics,8,Non-Special Education,ERROR,ERROR,ERROR,ERROR,ERROR,ERROR,ERROR,ERROR,ERROR,ERROR,ERROR,ERROR
2011,TN,Mathematics,8,Non-Special Education,ERROR,ERROR,ERROR,ERROR,ERROR,ERROR,ERROR,ERROR,ERROR,ERROR,ERROR,ERROR
2011,TX,Mathematics,8,Non-Special Education,ERROR,ERROR,ERROR,ERROR,ERROR,ERROR,ERROR,ERROR,ERROR,ERROR,ERROR,ERROR
2011,UT,Mathematics,8,Non-Special Education,ERROR,ERROR,ERROR,ERROR,ERROR,ERROR,ERROR,ERROR,ERROR,ERROR,ERROR,ERROR
2011,VT,Mathematics,8,Non-Special Education,ERROR,ERROR,ERROR,ERROR,ERROR,ERROR,ERROR,ERROR,ERROR,ERROR,ERROR,ERROR
2011,VA,Mathematics,8,Non-Special Education,ERROR,ERROR,ERROR,ERROR,ERROR,ERROR,ERROR,ERROR,ERROR,ERROR,ERROR,ERROR
2011,WA,Mathematics,8,Non-Special Education,ERROR,ERROR,ERROR,ERROR,ERROR,ERROR,ERROR,ERROR,ERROR,ERROR,ERROR,ERROR
2011,WV,Mathematics,8,Non-Special Education,ERROR,ERROR,ERROR,ERROR,ERROR,ERROR,ERROR,ERROR,ERROR,ERROR,ERROR,ERROR
2011,WI,Mathematics,8,Non-Special Education,ERROR,ERROR,ERROR,ERROR,ERROR,ERROR,ERROR,ERROR,ERROR,ERROR,ERROR,ERROR
2011,WY,Mathematics,8,Non-Special Education,ERROR,ERROR,ERROR,ERROR,ERROR,ERROR,ERROR,ERROR,ERROR,ERROR,ERROR,ERROR
2011,AL,Reading,4,Special Education,ERROR,ERROR,ERROR,ERROR,ERROR,ERROR,ERROR,ERROR,ERROR,ERROR,ERROR,ERROR
2011,AK,Reading,4,Special Education,ERROR,ERROR,ERROR,ERROR,ERROR,ERROR,ERROR,ERROR,ERROR,ERROR,ERROR,ERROR
2011,AZ,Reading,4,Special Education,ERROR,ERROR,ERROR,ERROR,ERROR,ERROR,ERROR,ERROR,ERROR,ERROR,ERROR,ERROR
2011,AR,Reading,4,Special Education,ERROR,ERROR,ERROR,ERROR,ERROR,ERROR,ERROR,ERROR,ERROR,ERROR,ERROR,ERROR
2011,CA,Reading,4,Special Education,ERROR,ERROR,ERROR,ERROR,ERROR,ERROR,ERROR,ERROR,ERROR,ERROR,ERROR,ERROR
2011,CO,Reading,4,Special Education,ERROR,ERROR,ERROR,ERROR,ERROR,ERROR,ERROR,ERROR,ERROR,ERROR,ERROR,ERROR
2011,CT,Reading,4,Special Education,ERROR,ERROR,ERROR,ERROR,ERROR,ERROR,ERROR,ERROR,ERROR,ERROR,ERROR,ERROR
2011,DE,Reading,4,Special Education,ERROR,ERROR,ERROR,ERROR,ERROR,ERROR,ERROR,ERROR,ERROR,ERROR,ERROR,ERROR
2011,DC,Reading,4,Special Education,ERROR,ERROR,ERROR,ERROR,ERROR,ERROR,ERROR,ERROR,ERROR,ERROR,ERROR,ERROR
2011,FL,Reading,4,Special Education,ERROR,ERROR,ERROR,ERROR,ERROR,ERROR,ERROR,ERROR,ERROR,ERROR,ERROR,ERROR
2011,GA,Reading,4,Special Education,ERROR,ERROR,ERROR,ERROR,ERROR,ERROR,ERROR,ERROR,ERROR,ERROR,ERROR,ERROR
2011,HI,Reading,4,Special Education,ERROR,ERROR,ERROR,ERROR,ERROR,ERROR,ERROR,ERROR,ERROR,ERROR,ERROR,ERROR
2011,ID,Reading,4,Special Education,ERROR,ERROR,ERROR,ERROR,ERROR,ERROR,ERROR,ERROR,ERROR,ERROR,ERROR,ERROR
2011,IL,Reading,4,Special Education,ERROR,ERROR,ERROR,ERROR,ERROR,ERROR,ERROR,ERROR,ERROR,ERROR,ERROR,ERROR
2011,IN,Reading,4,Special Education,ERROR,ERROR,ERROR,ERROR,ERROR,ERROR,ERROR,ERROR,ERROR,ERROR,ERROR,ERROR
2011,IA,Reading,4,Special Education,ERROR,ERROR,ERROR,ERROR,ERROR,ERROR,ERROR,ERROR,ERROR,ERROR,ERROR,ERROR
2011,KS,Reading,4,Special Education,ERROR,ERROR,ERROR,ERROR,ERROR,ERROR,ERROR,ERROR,ERROR,ERROR,ERROR,ERROR
2011,KY,Reading,4,Special Education,ERROR,ERROR,ERROR,ERROR,ERROR,ERROR,ERROR,ERROR,ERROR,ERROR,ERROR,ERROR
2011,LA,Reading,4,Special Education,ERROR,ERROR,ERROR,ERROR,ERROR,ERROR,ERROR,ERROR,ERROR,ERROR,ERROR,ERROR
2011,ME,Reading,4,Special Education,ERROR,ERROR,ERROR,ERROR,ERROR,ERROR,ERROR,ERROR,ERROR,ERROR,ERROR,ERROR
2011,MD,Reading,4,Special Education,ERROR,ERROR,ERROR,ERROR,ERROR,ERROR,ERROR,ERROR,ERROR,ERROR,ERROR,ERROR
2011,MA,Reading,4,Special Education,ERROR,ERROR,ERROR,ERROR,ERROR,ERROR,ERROR,ERROR,ERROR,ERROR,ERROR,ERROR
2011,MI,Reading,4,Special Education,ERROR,ERROR,ERROR,ERROR,ERROR,ERROR,ERROR,ERROR,ERROR,ERROR,ERROR,ERROR
2011,MN,Reading,4,Special Education,ERROR,ERROR,ERROR,ERROR,ERROR,ERROR,ERROR,ERROR,ERROR,ERROR,ERROR,ERROR
2011,MS,Reading,4,Special Education,ERROR,ERROR,ERROR,ERROR,ERROR,ERROR,ERROR,ERROR,ERROR,ERROR,ERROR,ERROR
2011,MO,Reading,4,Special Education,ERROR,ERROR,ERROR,ERROR,ERROR,ERROR,ERROR,ERROR,ERROR,ERROR,ERROR,ERROR
2011,MT,Reading,4,Special Education,ERROR,ERROR,ERROR,ERROR,ERROR,ERROR,ERROR,ERROR,ERROR,ERROR,ERROR,ERROR
2011,NE,Reading,4,Special Education,ERROR,ERROR,ERROR,ERROR,ERROR,ERROR,ERROR,ERROR,ERROR,ERROR,ERROR,ERROR
2011,NV,Reading,4,Special Education,ERROR,ERROR,ERROR,ERROR,ERROR,ERROR,ERROR,ERROR,ERROR,ERROR,ERROR,ERROR
2011,NH,Reading,4,Special Education,ERROR,ERROR,ERROR,ERROR,ERROR,ERROR,ERROR,ERROR,ERROR,ERROR,ERROR,ERROR
2011,NJ,Reading,4,Special Education,ERROR,ERROR,ERROR,ERROR,ERROR,ERROR,ERROR,ERROR,ERROR,ERROR,ERROR,ERROR
2011,NM,Reading,4,Special Education,ERROR,ERROR,ERROR,ERROR,ERROR,ERROR,ERROR,ERROR,ERROR,ERROR,ERROR,ERROR
2011,NY,Reading,4,Special Education,ERROR,ERROR,ERROR,ERROR,ERROR,ERROR,ERROR,ERROR,ERROR,ERROR,ERROR,ERROR
2011,NC,Reading,4,Special Education,ERROR,ERROR,ERROR,ERROR,ERROR,ERROR,ERROR,ERROR,ERROR,ERROR,ERROR,ERROR
2011,ND,Reading,4,Special Education,ERROR,ERROR,ERROR,ERROR,ERROR,ERROR,ERROR,ERROR,ERROR,ERROR,ERROR,ERROR
2011,OH,Reading,4,Special Education,ERROR,ERROR,ERROR,ERROR,ERROR,ERROR,ERROR,ERROR,ERROR,ERROR,ERROR,ERROR
2011,OK,Reading,4,Special Education,ERROR,ERROR,ERROR,ERROR,ERROR,ERROR,ERROR,ERROR,ERROR,ERROR,ERROR,ERROR
2011,OR,Reading,4,Special Education,ERROR,ERROR,ERROR,ERROR,ERROR,ERROR,ERROR,ERROR,ERROR,ERROR,ERROR,ERROR
2011,PA,Reading,4,Special Education,ERROR,ERROR,ERROR,ERROR,ERROR,ERROR,ERROR,ERROR,ERROR,ERROR,ERROR,ERROR
2011,RI,Reading,4,Special Education,ERROR,ERROR,ERROR,ERROR,ERROR,ERROR,ERROR,ERROR,ERROR,ERROR,ERROR,ERROR
2011,SC,Reading,4,Special Education,ERROR,ERROR,ERROR,ERROR,ERROR,ERROR,ERROR,ERROR,ERROR,ERROR,ERROR,ERROR
2011,SD,Reading,4,Special Education,ERROR,ERROR,ERROR,ERROR,ERROR,ERROR,ERROR,ERROR,ERROR,ERROR,ERROR,ERROR
2011,TN,Reading,4,Special Education,ERROR,ERROR,ERROR,ERROR,ERROR,ERROR,ERROR,ERROR,ERROR,ERROR,ERROR,ERROR
2011,TX,Reading,4,Special Education,ERROR,ERROR,ERROR,ERROR,ERROR,ERROR,ERROR,ERROR,ERROR,ERROR,ERROR,ERROR
2011,UT,Reading,4,Special Education,ERROR,ERROR,ERROR,ERROR,ERROR,ERROR,ERROR,ERROR,ERROR,ERROR,ERROR,ERROR
2011,VT,Reading,4,Special Education,ERROR,ERROR,ERROR,ERROR,ERROR,ERROR,ERROR,ERROR,ERROR,ERROR,ERROR,ERROR
2011,VA,Reading,4,Special Education,ERROR,ERROR,ERROR,ERROR,ERROR,ERROR,ERROR,ERROR,ERROR,ERROR,ERROR,ERROR
2011,WA,Reading,4,Special Education,ERROR,ERROR,ERROR,ERROR,ERROR,ERROR,ERROR,ERROR,ERROR,ERROR,ERROR,ERROR
2011,WV,Reading,4,Special Education,ERROR,ERROR,ERROR,ERROR,ERROR,ERROR,ERROR,ERROR,ERROR,ERROR,ERROR,ERROR
2011,WI,Reading,4,Special Education,ERROR,ERROR,ERROR,ERROR,ERROR,ERROR,ERROR,ERROR,ERROR,ERROR,ERROR,ERROR
2011,WY,Reading,4,Special Education,ERROR,ERROR,ERROR,ERROR,ERROR,ERROR,ERROR,ERROR,ERROR,ERROR,ERROR,ERROR
2011,AL,Reading,4,Non-Special Education,ERROR,ERROR,ERROR,ERROR,ERROR,ERROR,ERROR,ERROR,ERROR,ERROR,ERROR,ERROR
2011,AK,Reading,4,Non-Special Education,ERROR,ERROR,ERROR,ERROR,ERROR,ERROR,ERROR,ERROR,ERROR,ERROR,ERROR,ERROR
2011,AZ,Reading,4,Non-Special Education,ERROR,ERROR,ERROR,ERROR,ERROR,ERROR,ERROR,ERROR,ERROR,ERROR,ERROR,ERROR
2011,AR,Reading,4,Non-Special Education,ERROR,ERROR,ERROR,ERROR,ERROR,ERROR,ERROR,ERROR,ERROR,ERROR,ERROR,ERROR
2011,CA,Reading,4,Non-Special Education,ERROR,ERROR,ERROR,ERROR,ERROR,ERROR,ERROR,ERROR,ERROR,ERROR,ERROR,ERROR
2011,CO,Reading,4,Non-Special Education,ERROR,ERROR,ERROR,ERROR,ERROR,ERROR,ERROR,ERROR,ERROR,ERROR,ERROR,ERROR
2011,CT,Reading,4,Non-Special Education,ERROR,ERROR,ERROR,ERROR,ERROR,ERROR,ERROR,ERROR,ERROR,ERROR,ERROR,ERROR
2011,DE,Reading,4,Non-Special Education,ERROR,ERROR,ERROR,ERROR,ERROR,ERROR,ERROR,ERROR,ERROR,ERROR,ERROR,ERROR
2011,DC,Reading,4,Non-Special Education,ERROR,ERROR,ERROR,ERROR,ERROR,ERROR,ERROR,ERROR,ERROR,ERROR,ERROR,ERROR
2011,FL,Reading,4,Non-Special Education,ERROR,ERROR,ERROR,ERROR,ERROR,ERROR,ERROR,ERROR,ERROR,ERROR,ERROR,ERROR
2011,GA,Reading,4,Non-Special Education,ERROR,ERROR,ERROR,ERROR,ERROR,ERROR,ERROR,ERROR,ERROR,ERROR,ERROR,ERROR
2011,HI,Reading,4,Non-Special Education,ERROR,ERROR,ERROR,ERROR,ERROR,ERROR,ERROR,ERROR,ERROR,ERROR,ERROR,ERROR
2011,ID,Reading,4,Non-Special Education,ERROR,ERROR,ERROR,ERROR,ERROR,ERROR,ERROR,ERROR,ERROR,ERROR,ERROR,ERROR
2011,IL,Reading,4,Non-Special Education,ERROR,ERROR,ERROR,ERROR,ERROR,ERROR,ERROR,ERROR,ERROR,ERROR,ERROR,ERROR
2011,IN,Reading,4,Non-Special Education,ERROR,ERROR,ERROR,ERROR,ERROR,ERROR,ERROR,ERROR,ERROR,ERROR,ERROR,ERROR
2011,IA,Reading,4,Non-Special Education,ERROR,ERROR,ERROR,ERROR,ERROR,ERROR,ERROR,ERROR,ERROR,ERROR,ERROR,ERROR
2011,KS,Reading,4,Non-Special Education,ERROR,ERROR,ERROR,ERROR,ERROR,ERROR,ERROR,ERROR,ERROR,ERROR,ERROR,ERROR
2011,KY,Reading,4,Non-Special Education,ERROR,ERROR,ERROR,ERROR,ERROR,ERROR,ERROR,ERROR,ERROR,ERROR,ERROR,ERROR
2011,LA,Reading,4,Non-Special Education,ERROR,ERROR,ERROR,ERROR,ERROR,ERROR,ERROR,ERROR,ERROR,ERROR,ERROR,ERROR
2011,ME,Reading,4,Non-Special Education,ERROR,ERROR,ERROR,ERROR,ERROR,ERROR,ERROR,ERROR,ERROR,ERROR,ERROR,ERROR
2011,MD,Reading,4,Non-Special Education,ERROR,ERROR,ERROR,ERROR,ERROR,ERROR,ERROR,ERROR,ERROR,ERROR,ERROR,ERROR
2011,MA,Reading,4,Non-Special Education,ERROR,ERROR,ERROR,ERROR,ERROR,ERROR,ERROR,ERROR,ERROR,ERROR,ERROR,ERROR
2011,MI,Reading,4,Non-Special Education,ERROR,ERROR,ERROR,ERROR,ERROR,ERROR,ERROR,ERROR,ERROR,ERROR,ERROR,ERROR
2011,MN,Reading,4,Non-Special Education,ERROR,ERROR,ERROR,ERROR,ERROR,ERROR,ERROR,ERROR,ERROR,ERROR,ERROR,ERROR
2011,MS,Reading,4,Non-Special Education,ERROR,ERROR,ERROR,ERROR,ERROR,ERROR,ERROR,ERROR,ERROR,ERROR,ERROR,ERROR
2011,MO,Reading,4,Non-Special Education,ERROR,ERROR,ERROR,ERROR,ERROR,ERROR,ERROR,ERROR,ERROR,ERROR,ERROR,ERROR
2011,MT,Reading,4,Non-Special Education,ERROR,ERROR,ERROR,ERROR,ERROR,ERROR,ERROR,ERROR,ERROR,ERROR,ERROR,ERROR
2011,NE,Reading,4,Non-Special Education,ERROR,ERROR,ERROR,ERROR,ERROR,ERROR,ERROR,ERROR,ERROR,ERROR,ERROR,ERROR
2011,NV,Reading,4,Non-Special Education,ERROR,ERROR,ERROR,ERROR,ERROR,ERROR,ERROR,ERROR,ERROR,ERROR,ERROR,ERROR
2011,NH,Reading,4,Non-Special Education,ERROR,ERROR,ERROR,ERROR,ERROR,ERROR,ERROR,ERROR,ERROR,ERROR,ERROR,ERROR
2011,NJ,Reading,4,Non-Special Education,ERROR,ERROR,ERROR,ERROR,ERROR,ERROR,ERROR,ERROR,ERROR,ERROR,ERROR,ERROR
2011,NM,Reading,4,Non-Special Education,ERROR,ERROR,ERROR,ERROR,ERROR,ERROR,ERROR,ERROR,ERROR,ERROR,ERROR,ERROR
2011,NY,Reading,4,Non-Special Education,ERROR,ERROR,ERROR,ERROR,ERROR,ERROR,ERROR,ERROR,ERROR,ERROR,ERROR,ERROR
2011,NC,Reading,4,Non-Special Education,ERROR,ERROR,ERROR,ERROR,ERROR,ERROR,ERROR,ERROR,ERROR,ERROR,ERROR,ERROR
2011,ND,Reading,4,Non-Special Education,ERROR,ERROR,ERROR,ERROR,ERROR,ERROR,ERROR,ERROR,ERROR,ERROR,ERROR,ERROR
2011,OH,Reading,4,Non-Special Education,ERROR,ERROR,ERROR,ERROR,ERROR,ERROR,ERROR,ERROR,ERROR,ERROR,ERROR,ERROR
2011,OK,Reading,4,Non-Special Education,ERROR,ERROR,ERROR,ERROR,ERROR,ERROR,ERROR,ERROR,ERROR,ERROR,ERROR,ERROR
2011,OR,Reading,4,Non-Special Education,ERROR,ERROR,ERROR,ERROR,ERROR,ERROR,ERROR,ERROR,ERROR,ERROR,ERROR,ERROR
2011,PA,Reading,4,Non-Special Education,ERROR,ERROR,ERROR,ERROR,ERROR,ERROR,ERROR,ERROR,ERROR,ERROR,ERROR,ERROR
2011,RI,Reading,4,Non-Special Education,ERROR,ERROR,ERROR,ERROR,ERROR,ERROR,ERROR,ERROR,ERROR,ERROR,ERROR,ERROR
2011,SC,Reading,4,Non-Special Education,ERROR,ERROR,ERROR,ERROR,ERROR,ERROR,ERROR,ERROR,ERROR,ERROR,ERROR,ERROR
2011,SD,Reading,4,Non-Special Education,ERROR,ERROR,ERROR,ERROR,ERROR,ERROR,ERROR,ERROR,ERROR,ERROR,ERROR,ERROR
2011,TN,Reading,4,Non-Special Education,ERROR,ERROR,ERROR,ERROR,ERROR,ERROR,ERROR,ERROR,ERROR,ERROR,ERROR,ERROR
2011,TX,Reading,4,Non-Special Education,ERROR,ERROR,ERROR,ERROR,ERROR,ERROR,ERROR,ERROR,ERROR,ERROR,ERROR,ERROR
2011,UT,Reading,4,Non-Special Education,ERROR,ERROR,ERROR,ERROR,ERROR,ERROR,ERROR,ERROR,ERROR,ERROR,ERROR,ERROR
2011,VT,Reading,4,Non-Special Education,ERROR,ERROR,ERROR,ERROR,ERROR,ERROR,ERROR,ERROR,ERROR,ERROR,ERROR,ERROR
2011,VA,Reading,4,Non-Special Education,ERROR,ERROR,ERROR,ERROR,ERROR,ERROR,ERROR,ERROR,ERROR,ERROR,ERROR,ERROR
2011,WA,Reading,4,Non-Special Education,ERROR,ERROR,ERROR,ERROR,ERROR,ERROR,ERROR,ERROR,ERROR,ERROR,ERROR,ERROR
2011,WV,Reading,4,Non-Special Education,ERROR,ERROR,ERROR,ERROR,ERROR,ERROR,ERROR,ERROR,ERROR,ERROR,ERROR,ERROR
2011,WI,Reading,4,Non-Special Education,ERROR,ERROR,ERROR,ERROR,ERROR,ERROR,ERROR,ERROR,ERROR,ERROR,ERROR,ERROR
2011,WY,Reading,4,Non-Special Education,ERROR,ERROR,ERROR,ERROR,ERROR,ERROR,ERROR,ERROR,ERROR,ERROR,ERROR,ERROR
2011,AL,Reading,8,Special Education,ERROR,ERROR,ERROR,ERROR,ERROR,ERROR,ERROR,ERROR,ERROR,ERROR,ERROR,ERROR
2011,AK,Reading,8,Special Education,ERROR,ERROR,ERROR,ERROR,ERROR,ERROR,ERROR,ERROR,ERROR,ERROR,ERROR,ERROR
2011,AZ,Reading,8,Special Education,ERROR,ERROR,ERROR,ERROR,ERROR,ERROR,ERROR,ERROR,ERROR,ERROR,ERROR,ERROR
2011,AR,Reading,8,Special Education,ERROR,ERROR,ERROR,ERROR,ERROR,ERROR,ERROR,ERROR,ERROR,ERROR,ERROR,ERROR
2011,CA,Reading,8,Special Education,ERROR,ERROR,ERROR,ERROR,ERROR,ERROR,ERROR,ERROR,ERROR,ERROR,ERROR,ERROR
2011,CO,Reading,8,Special Education,ERROR,ERROR,ERROR,ERROR,ERROR,ERROR,ERROR,ERROR,ERROR,ERROR,ERROR,ERROR
2011,CT,Reading,8,Special Education,ERROR,ERROR,ERROR,ERROR,ERROR,ERROR,ERROR,ERROR,ERROR,ERROR,ERROR,ERROR
2011,DE,Reading,8,Special Education,ERROR,ERROR,ERROR,ERROR,ERROR,ERROR,ERROR,ERROR,ERROR,ERROR,ERROR,ERROR
2011,DC,Reading,8,Special Education,ERROR,ERROR,ERROR,ERROR,ERROR,ERROR,ERROR,ERROR,ERROR,ERROR,ERROR,ERROR
2011,FL,Reading,8,Special Education,ERROR,ERROR,ERROR,ERROR,ERROR,ERROR,ERROR,ERROR,ERROR,ERROR,ERROR,ERROR
2011,GA,Reading,8,Special Education,ERROR,ERROR,ERROR,ERROR,ERROR,ERROR,ERROR,ERROR,ERROR,ERROR,ERROR,ERROR
2011,HI,Reading,8,Special Education,ERROR,ERROR,ERROR,ERROR,ERROR,ERROR,ERROR,ERROR,ERROR,ERROR,ERROR,ERROR
2011,ID,Reading,8,Special Education,ERROR,ERROR,ERROR,ERROR,ERROR,ERROR,ERROR,ERROR,ERROR,ERROR,ERROR,ERROR
2011,IL,Reading,8,Special Education,ERROR,ERROR,ERROR,ERROR,ERROR,ERROR,ERROR,ERROR,ERROR,ERROR,ERROR,ERROR
2011,IN,Reading,8,Special Education,ERROR,ERROR,ERROR,ERROR,ERROR,ERROR,ERROR,ERROR,ERROR,ERROR,ERROR,ERROR
2011,IA,Reading,8,Special Education,ERROR,ERROR,ERROR,ERROR,ERROR,ERROR,ERROR,ERROR,ERROR,ERROR,ERROR,ERROR
2011,KS,Reading,8,Special Education,ERROR,ERROR,ERROR,ERROR,ERROR,ERROR,ERROR,ERROR,ERROR,ERROR,ERROR,ERROR
2011,KY,Reading,8,Special Education,ERROR,ERROR,ERROR,ERROR,ERROR,ERROR,ERROR,ERROR,ERROR,ERROR,ERROR,ERROR
2011,LA,Reading,8,Special Education,ERROR,ERROR,ERROR,ERROR,ERROR,ERROR,ERROR,ERROR,ERROR,ERROR,ERROR,ERROR
2011,ME,Reading,8,Special Education,ERROR,ERROR,ERROR,ERROR,ERROR,ERROR,ERROR,ERROR,ERROR,ERROR,ERROR,ERROR
2011,MD,Reading,8,Special Education,ERROR,ERROR,ERROR,ERROR,ERROR,ERROR,ERROR,ERROR,ERROR,ERROR,ERROR,ERROR
2011,MA,Reading,8,Special Education,ERROR,ERROR,ERROR,ERROR,ERROR,ERROR,ERROR,ERROR,ERROR,ERROR,ERROR,ERROR
2011,MI,Reading,8,Special Education,ERROR,ERROR,ERROR,ERROR,ERROR,ERROR,ERROR,ERROR,ERROR,ERROR,ERROR,ERROR
2011,MN,Reading,8,Special Education,ERROR,ERROR,ERROR,ERROR,ERROR,ERROR,ERROR,ERROR,ERROR,ERROR,ERROR,ERROR
2011,MS,Reading,8,Special Education,ERROR,ERROR,ERROR,ERROR,ERROR,ERROR,ERROR,ERROR,ERROR,ERROR,ERROR,ERROR
2011,MO,Reading,8,Special Education,ERROR,ERROR,ERROR,ERROR,ERROR,ERROR,ERROR,ERROR,ERROR,ERROR,ERROR,ERROR
2011,MT,Reading,8,Special Education,ERROR,ERROR,ERROR,ERROR,ERROR,ERROR,ERROR,ERROR,ERROR,ERROR,ERROR,ERROR
2011,NE,Reading,8,Special Education,ERROR,ERROR,ERROR,ERROR,ERROR,ERROR,ERROR,ERROR,ERROR,ERROR,ERROR,ERROR
2011,NV,Reading,8,Special Education,ERROR,ERROR,ERROR,ERROR,ERROR,ERROR,ERROR,ERROR,ERROR,ERROR,ERROR,ERROR
2011,NH,Reading,8,Special Education,ERROR,ERROR,ERROR,ERROR,ERROR,ERROR,ERROR,ERROR,ERROR,ERROR,ERROR,ERROR
2011,NJ,Reading,8,Special Education,ERROR,ERROR,ERROR,ERROR,ERROR,ERROR,ERROR,ERROR,ERROR,ERROR,ERROR,ERROR
2011,NM,Reading,8,Special Education,ERROR,ERROR,ERROR,ERROR,ERROR,ERROR,ERROR,ERROR,ERROR,ERROR,ERROR,ERROR
2011,NY,Reading,8,Special Education,ERROR,ERROR,ERROR,ERROR,ERROR,ERROR,ERROR,ERROR,ERROR,ERROR,ERROR,ERROR
2011,NC,Reading,8,Special Education,ERROR,ERROR,ERROR,ERROR,ERROR,ERROR,ERROR,ERROR,ERROR,ERROR,ERROR,ERROR
2011,ND,Reading,8,Special Education,ERROR,ERROR,ERROR,ERROR,ERROR,ERROR,ERROR,ERROR,ERROR,ERROR,ERROR,ERROR
2011,OH,Reading,8,Special Education,ERROR,ERROR,ERROR,ERROR,ERROR,ERROR,ERROR,ERROR,ERROR,ERROR,ERROR,ERROR
2011,OK,Reading,8,Special Education,ERROR,ERROR,ERROR,ERROR,ERROR,ERROR,ERROR,ERROR,ERROR,ERROR,ERROR,ERROR
2011,OR,Reading,8,Special Education,ERROR,ERROR,ERROR,ERROR,ERROR,ERROR,ERROR,ERROR,ERROR,ERROR,ERROR,ERROR
2011,PA,Reading,8,Special Education,ERROR,ERROR,ERROR,ERROR,ERROR,ERROR,ERROR,ERROR,ERROR,ERROR,ERROR,ERROR
2011,RI,Reading,8,Special Education,ERROR,ERROR,ERROR,ERROR,ERROR,ERROR,ERROR,ERROR,ERROR,ERROR,ERROR,ERROR
2011,SC,Reading,8,Special Education,ERROR,ERROR,ERROR,ERROR,ERROR,ERROR,ERROR,ERROR,ERROR,ERROR,ERROR,ERROR
2011,SD,Reading,8,Special Education,ERROR,ERROR,ERROR,ERROR,ERROR,ERROR,ERROR,ERROR,ERROR,ERROR,ERROR,ERROR
2011,TN,Reading,8,Special Education,ERROR,ERROR,ERROR,ERROR,ERROR,ERROR,ERROR,ERROR,ERROR,ERROR,ERROR,ERROR
2011,TX,Reading,8,Special Education,ERROR,ERROR,ERROR,ERROR,ERROR,ERROR,ERROR,ERROR,ERROR,ERROR,ERROR,ERROR
2011,UT,Reading,8,Special Education,ERROR,ERROR,ERROR,ERROR,ERROR,ERROR,ERROR,ERROR,ERROR,ERROR,ERROR,ERROR
2011,VT,Reading,8,Special Education,ERROR,ERROR,ERROR,ERROR,ERROR,ERROR,ERROR,ERROR,ERROR,ERROR,ERROR,ERROR
2011,VA,Reading,8,Special Education,ERROR,ERROR,ERROR,ERROR,ERROR,ERROR,ERROR,ERROR,ERROR,ERROR,ERROR,ERROR
2011,WA,Reading,8,Special Education,ERROR,ERROR,ERROR,ERROR,ERROR,ERROR,ERROR,ERROR,ERROR,ERROR,ERROR,ERROR
2011,WV,Reading,8,Special Education,ERROR,ERROR,ERROR,ERROR,ERROR,ERROR,ERROR,ERROR,ERROR,ERROR,ERROR,ERROR
2011,WI,Reading,8,Special Education,ERROR,ERROR,ERROR,ERROR,ERROR,ERROR,ERROR,ERROR,ERROR,ERROR,ERROR,ERROR
2011,WY,Reading,8,Special Education,ERROR,ERROR,ERROR,ERROR,ERROR,ERROR,ERROR,ERROR,ERROR,ERROR,ERROR,ERROR
2011,AL,Reading,8,Non-Special Education,ERROR,ERROR,ERROR,ERROR,ERROR,ERROR,ERROR,ERROR,ERROR,ERROR,ERROR,ERROR
2011,AK,Reading,8,Non-Special Education,ERROR,ERROR,ERROR,ERROR,ERROR,ERROR,ERROR,ERROR,ERROR,ERROR,ERROR,ERROR
2011,AZ,Reading,8,Non-Special Education,ERROR,ERROR,ERROR,ERROR,ERROR,ERROR,ERROR,ERROR,ERROR,ERROR,ERROR,ERROR
2011,AR,Reading,8,Non-Special Education,ERROR,ERROR,ERROR,ERROR,ERROR,ERROR,ERROR,ERROR,ERROR,ERROR,ERROR,ERROR
2011,CA,Reading,8,Non-Special Education,ERROR,ERROR,ERROR,ERROR,ERROR,ERROR,ERROR,ERROR,ERROR,ERROR,ERROR,ERROR
2011,CO,Reading,8,Non-Special Education,ERROR,ERROR,ERROR,ERROR,ERROR,ERROR,ERROR,ERROR,ERROR,ERROR,ERROR,ERROR
2011,CT,Reading,8,Non-Special Education,ERROR,ERROR,ERROR,ERROR,ERROR,ERROR,ERROR,ERROR,ERROR,ERROR,ERROR,ERROR
2011,DE,Reading,8,Non-Special Education,ERROR,ERROR,ERROR,ERROR,ERROR,ERROR,ERROR,ERROR,ERROR,ERROR,ERROR,ERROR
2011,DC,Reading,8,Non-Special Education,ERROR,ERROR,ERROR,ERROR,ERROR,ERROR,ERROR,ERROR,ERROR,ERROR,ERROR,ERROR
2011,FL,Reading,8,Non-Special Education,ERROR,ERROR,ERROR,ERROR,ERROR,ERROR,ERROR,ERROR,ERROR,ERROR,ERROR,ERROR
2011,GA,Reading,8,Non-Special Education,ERROR,ERROR,ERROR,ERROR,ERROR,ERROR,ERROR,ERROR,ERROR,ERROR,ERROR,ERROR
2011,HI,Reading,8,Non-Special Education,ERROR,ERROR,ERROR,ERROR,ERROR,ERROR,ERROR,ERROR,ERROR,ERROR,ERROR,ERROR
2011,ID,Reading,8,Non-Special Education,ERROR,ERROR,ERROR,ERROR,ERROR,ERROR,ERROR,ERROR,ERROR,ERROR,ERROR,ERROR
2011,IL,Reading,8,Non-Special Education,ERROR,ERROR,ERROR,ERROR,ERROR,ERROR,ERROR,ERROR,ERROR,ERROR,ERROR,ERROR
2011,IN,Reading,8,Non-Special Education,ERROR,ERROR,ERROR,ERROR,ERROR,ERROR,ERROR,ERROR,ERROR,ERROR,ERROR,ERROR
2011,IA,Reading,8,Non-Special Education,ERROR,ERROR,ERROR,ERROR,ERROR,ERROR,ERROR,ERROR,ERROR,ERROR,ERROR,ERROR
2011,KS,Reading,8,Non-Special Education,ERROR,ERROR,ERROR,ERROR,ERROR,ERROR,ERROR,ERROR,ERROR,ERROR,ERROR,ERROR
2011,KY,Reading,8,Non-Special Education,ERROR,ERROR,ERROR,ERROR,ERROR,ERROR,ERROR,ERROR,ERROR,ERROR,ERROR,ERROR
2011,LA,Reading,8,Non-Special Education,ERROR,ERROR,ERROR,ERROR,ERROR,ERROR,ERROR,ERROR,ERROR,ERROR,ERROR,ERROR
2011,ME,Reading,8,Non-Special Education,ERROR,ERROR,ERROR,ERROR,ERROR,ERROR,ERROR,ERROR,ERROR,ERROR,ERROR,ERROR
2011,MD,Reading,8,Non-Special Education,ERROR,ERROR,ERROR,ERROR,ERROR,ERROR,ERROR,ERROR,ERROR,ERROR,ERROR,ERROR
2011,MA,Reading,8,Non-Special Education,ERROR,ERROR,ERROR,ERROR,ERROR,ERROR,ERROR,ERROR,ERROR,ERROR,ERROR,ERROR
2011,MI,Reading,8,Non-Special Education,ERROR,ERROR,ERROR,ERROR,ERROR,ERROR,ERROR,ERROR,ERROR,ERROR,ERROR,ERROR
2011,MN,Reading,8,Non-Special Education,ERROR,ERROR,ERROR,ERROR,ERROR,ERROR,ERROR,ERROR,ERROR,ERROR,ERROR,ERROR
2011,MS,Reading,8,Non-Special Education,ERROR,ERROR,ERROR,ERROR,ERROR,ERROR,ERROR,ERROR,ERROR,ERROR,ERROR,ERROR
2011,MO,Reading,8,Non-Special Education,ERROR,ERROR,ERROR,ERROR,ERROR,ERROR,ERROR,ERROR,ERROR,ERROR,ERROR,ERROR
2011,MT,Reading,8,Non-Special Education,ERROR,ERROR,ERROR,ERROR,ERROR,ERROR,ERROR,ERROR,ERROR,ERROR,ERROR,ERROR
2011,NE,Reading,8,Non-Special Education,ERROR,ERROR,ERROR,ERROR,ERROR,ERROR,ERROR,ERROR,ERROR,ERROR,ERROR,ERROR
2011,NV,Reading,8,Non-Special Education,ERROR,ERROR,ERROR,ERROR,ERROR,ERROR,ERROR,ERROR,ERROR,ERROR,ERROR,ERROR
2011,NH,Reading,8,Non-Special Education,ERROR,ERROR,ERROR,ERROR,ERROR,ERROR,ERROR,ERROR,ERROR,ERROR,ERROR,ERROR
2011,NJ,Reading,8,Non-Special Education,ERROR,ERROR,ERROR,ERROR,ERROR,ERROR,ERROR,ERROR,ERROR,ERROR,ERROR,ERROR
2011,NM,Reading,8,Non-Special Education,ERROR,ERROR,ERROR,ERROR,ERROR,ERROR,ERROR,ERROR,ERROR,ERROR,ERROR,ERROR
2011,NY,Reading,8,Non-Special Education,ERROR,ERROR,ERROR,ERROR,ERROR,ERROR,ERROR,ERROR,ERROR,ERROR,ERROR,ERROR
2011,NC,Reading,8,Non-Special Education,ERROR,ERROR,ERROR,ERROR,ERROR,ERROR,ERROR,ERROR,ERROR,ERROR,ERROR,ERROR
2011,ND,Reading,8,Non-Special Education,ERROR,ERROR,ERROR,ERROR,ERROR,ERROR,ERROR,ERROR,ERROR,ERROR,ERROR,ERROR
2011,OH,Reading,8,Non-Special Education,ERROR,ERROR,ERROR,ERROR,ERROR,ERROR,ERROR,ERROR,ERROR,ERROR,ERROR,ERROR
2011,OK,Reading,8,Non-Special Education,ERROR,ERROR,ERROR,ERROR,ERROR,ERROR,ERROR,ERROR,ERROR,ERROR,ERROR,ERROR
2011,OR,Reading,8,Non-Special Education,ERROR,ERROR,ERROR,ERROR,ERROR,ERROR,ERROR,ERROR,ERROR,ERROR,ERROR,ERROR
2011,PA,Reading,8,Non-Special Education,ERROR,ERROR,ERROR,ERROR,ERROR,ERROR,ERROR,ERROR,ERROR,ERROR,ERROR,ERROR
2011,RI,Reading,8,Non-Special Education,ERROR,ERROR,ERROR,ERROR,ERROR,ERROR,ERROR,ERROR,ERROR,ERROR,ERROR,ERROR
2011,SC,Reading,8,Non-Special Education,ERROR,ERROR,ERROR,ERROR,ERROR,ERROR,ERROR,ERROR,ERROR,ERROR,ERROR,ERROR
2011,SD,Reading,8,Non-Special Education,ERROR,ERROR,ERROR,ERROR,ERROR,ERROR,ERROR,ERROR,ERROR,ERROR,ERROR,ERROR
2011,TN,Reading,8,Non-Special Education,ERROR,ERROR,ERROR,ERROR,ERROR,ERROR,ERROR,ERROR,ERROR,ERROR,ERROR,ERROR
2011,TX,Reading,8,Non-Special Education,ERROR,ERROR,ERROR,ERROR,ERROR,ERROR,ERROR,ERROR,ERROR,ERROR,ERROR,ERROR
2011,UT,Reading,8,Non-Special Education,ERROR,ERROR,ERROR,ERROR,ERROR,ERROR,ERROR,ERROR,ERROR,ERROR,ERROR,ERROR
2011,VT,Reading,8,Non-Special Education,ERROR,ERROR,ERROR,ERROR,ERROR,ERROR,ERROR,ERROR,ERROR,ERROR,ERROR,ERROR
2011,VA,Reading,8,Non-Special Education,ERROR,ERROR,ERROR,ERROR,ERROR,ERROR,ERROR,ERROR,ERROR,ERROR,ERROR,ERROR
2011,WA,Reading,8,Non-Special Education,ERROR,ERROR,ERROR,ERROR,ERROR,ERROR,ERROR,ERROR,ERROR,ERROR,ERROR,ERROR
2011,WV,Reading,8,Non-Special Education,ERROR,ERROR,ERROR,ERROR,ERROR,ERROR,ERROR,ERROR,ERROR,ERROR,ERROR,ERROR
2011,WI,Reading,8,Non-Special Education,ERROR,ERROR,ERROR,ERROR,ERROR,ERROR,ERROR,ERROR,ERROR,ERROR,ERROR,ERROR
2011,WY,Reading,8,Non-Special Education,ERROR,ERROR,ERROR,ERROR,ERROR,ERROR,ERROR,ERROR,ERROR,ERROR,ERROR,ERROR
2013,AL,Mathematics,4,Special Education,ERROR,ERROR,ERROR,ERROR,ERROR,ERROR,ERROR,ERROR,ERROR,ERROR,ERROR,ERROR
2013,AK,Mathematics,4,Special Education,ERROR,ERROR,ERROR,ERROR,ERROR,ERROR,ERROR,ERROR,ERROR,ERROR,ERROR,ERROR
2013,AZ,Mathematics,4,Special Education,ERROR,ERROR,ERROR,ERROR,ERROR,ERROR,ERROR,ERROR,ERROR,ERROR,ERROR,ERROR
2013,AR,Mathematics,4,Special Education,ERROR,ERROR,ERROR,ERROR,ERROR,ERROR,ERROR,ERROR,ERROR,ERROR,ERROR,ERROR
2013,CA,Mathematics,4,Special Education,ERROR,ERROR,ERROR,ERROR,ERROR,ERROR,ERROR,ERROR,ERROR,ERROR,ERROR,ERROR
2013,CO,Mathematics,4,Special Education,ERROR,ERROR,ERROR,ERROR,ERROR,ERROR,ERROR,ERROR,ERROR,ERROR,ERROR,ERROR
2013,CT,Mathematics,4,Special Education,ERROR,ERROR,ERROR,ERROR,ERROR,ERROR,ERROR,ERROR,ERROR,ERROR,ERROR,ERROR
2013,DE,Mathematics,4,Special Education,ERROR,ERROR,ERROR,ERROR,ERROR,ERROR,ERROR,ERROR,ERROR,ERROR,ERROR,ERROR
2013,DC,Mathematics,4,Special Education,ERROR,ERROR,ERROR,ERROR,ERROR,ERROR,ERROR,ERROR,ERROR,ERROR,ERROR,ERROR
2013,FL,Mathematics,4,Special Education,ERROR,ERROR,ERROR,ERROR,ERROR,ERROR,ERROR,ERROR,ERROR,ERROR,ERROR,ERROR
2013,GA,Mathematics,4,Special Education,ERROR,ERROR,ERROR,ERROR,ERROR,ERROR,ERROR,ERROR,ERROR,ERROR,ERROR,ERROR
2013,HI,Mathematics,4,Special Education,ERROR,ERROR,ERROR,ERROR,ERROR,ERROR,ERROR,ERROR,ERROR,ERROR,ERROR,ERROR
2013,ID,Mathematics,4,Special Education,ERROR,ERROR,ERROR,ERROR,ERROR,ERROR,ERROR,ERROR,ERROR,ERROR,ERROR,ERROR
2013,IL,Mathematics,4,Special Education,ERROR,ERROR,ERROR,ERROR,ERROR,ERROR,ERROR,ERROR,ERROR,ERROR,ERROR,ERROR
2013,IN,Mathematics,4,Special Education,ERROR,ERROR,ERROR,ERROR,ERROR,ERROR,ERROR,ERROR,ERROR,ERROR,ERROR,ERROR
2013,IA,Mathematics,4,Special Education,ERROR,ERROR,ERROR,ERROR,ERROR,ERROR,ERROR,ERROR,ERROR,ERROR,ERROR,ERROR
2013,KS,Mathematics,4,Special Education,ERROR,ERROR,ERROR,ERROR,ERROR,ERROR,ERROR,ERROR,ERROR,ERROR,ERROR,ERROR
2013,KY,Mathematics,4,Special Education,ERROR,ERROR,ERROR,ERROR,ERROR,ERROR,ERROR,ERROR,ERROR,ERROR,ERROR,ERROR
2013,LA,Mathematics,4,Special Education,ERROR,ERROR,ERROR,ERROR,ERROR,ERROR,ERROR,ERROR,ERROR,ERROR,ERROR,ERROR
2013,ME,Mathematics,4,Special Education,ERROR,ERROR,ERROR,ERROR,ERROR,ERROR,ERROR,ERROR,ERROR,ERROR,ERROR,ERROR
2013,MD,Mathematics,4,Special Education,ERROR,ERROR,ERROR,ERROR,ERROR,ERROR,ERROR,ERROR,ERROR,ERROR,ERROR,ERROR
2013,MA,Mathematics,4,Special Education,ERROR,ERROR,ERROR,ERROR,ERROR,ERROR,ERROR,ERROR,ERROR,ERROR,ERROR,ERROR
2013,MI,Mathematics,4,Special Education,ERROR,ERROR,ERROR,ERROR,ERROR,ERROR,ERROR,ERROR,ERROR,ERROR,ERROR,ERROR
2013,MN,Mathematics,4,Special Education,ERROR,ERROR,ERROR,ERROR,ERROR,ERROR,ERROR,ERROR,ERROR,ERROR,ERROR,ERROR
2013,MS,Mathematics,4,Special Education,ERROR,ERROR,ERROR,ERROR,ERROR,ERROR,ERROR,ERROR,ERROR,ERROR,ERROR,ERROR
2013,MO,Mathematics,4,Special Education,ERROR,ERROR,ERROR,ERROR,ERROR,ERROR,ERROR,ERROR,ERROR,ERROR,ERROR,ERROR
2013,MT,Mathematics,4,Special Education,ERROR,ERROR,ERROR,ERROR,ERROR,ERROR,ERROR,ERROR,ERROR,ERROR,ERROR,ERROR
2013,NE,Mathematics,4,Special Education,ERROR,ERROR,ERROR,ERROR,ERROR,ERROR,ERROR,ERROR,ERROR,ERROR,ERROR,ERROR
2013,NV,Mathematics,4,Special Education,ERROR,ERROR,ERROR,ERROR,ERROR,ERROR,ERROR,ERROR,ERROR,ERROR,ERROR,ERROR
2013,NH,Mathematics,4,Special Education,ERROR,ERROR,ERROR,ERROR,ERROR,ERROR,ERROR,ERROR,ERROR,ERROR,ERROR,ERROR
2013,NJ,Mathematics,4,Special Education,ERROR,ERROR,ERROR,ERROR,ERROR,ERROR,ERROR,ERROR,ERROR,ERROR,ERROR,ERROR
2013,NM,Mathematics,4,Special Education,ERROR,ERROR,ERROR,ERROR,ERROR,ERROR,ERROR,ERROR,ERROR,ERROR,ERROR,ERROR
2013,NY,Mathematics,4,Special Education,ERROR,ERROR,ERROR,ERROR,ERROR,ERROR,ERROR,ERROR,ERROR,ERROR,ERROR,ERROR
2013,NC,Mathematics,4,Special Education,ERROR,ERROR,ERROR,ERROR,ERROR,ERROR,ERROR,ERROR,ERROR,ERROR,ERROR,ERROR
2013,ND,Mathematics,4,Special Education,ERROR,ERROR,ERROR,ERROR,ERROR,ERROR,ERROR,ERROR,ERROR,ERROR,ERROR,ERROR
2013,OH,Mathematics,4,Special Education,ERROR,ERROR,ERROR,ERROR,ERROR,ERROR,ERROR,ERROR,ERROR,ERROR,ERROR,ERROR
2013,OK,Mathematics,4,Special Education,ERROR,ERROR,ERROR,ERROR,ERROR,ERROR,ERROR,ERROR,ERROR,ERROR,ERROR,ERROR
2013,OR,Mathematics,4,Special Education,ERROR,ERROR,ERROR,ERROR,ERROR,ERROR,ERROR,ERROR,ERROR,ERROR,ERROR,ERROR
2013,PA,Mathematics,4,Special Education,ERROR,ERROR,ERROR,ERROR,ERROR,ERROR,ERROR,ERROR,ERROR,ERROR,ERROR,ERROR
2013,RI,Mathematics,4,Special Education,ERROR,ERROR,ERROR,ERROR,ERROR,ERROR,ERROR,ERROR,ERROR,ERROR,ERROR,ERROR
2013,SC,Mathematics,4,Special Education,ERROR,ERROR,ERROR,ERROR,ERROR,ERROR,ERROR,ERROR,ERROR,ERROR,ERROR,ERROR
2013,SD,Mathematics,4,Special Education,ERROR,ERROR,ERROR,ERROR,ERROR,ERROR,ERROR,ERROR,ERROR,ERROR,ERROR,ERROR
2013,TN,Mathematics,4,Special Education,ERROR,ERROR,ERROR,ERROR,ERROR,ERROR,ERROR,ERROR,ERROR,ERROR,ERROR,ERROR
2013,TX,Mathematics,4,Special Education,ERROR,ERROR,ERROR,ERROR,ERROR,ERROR,ERROR,ERROR,ERROR,ERROR,ERROR,ERROR
2013,UT,Mathematics,4,Special Education,ERROR,ERROR,ERROR,ERROR,ERROR,ERROR,ERROR,ERROR,ERROR,ERROR,ERROR,ERROR
2013,VT,Mathematics,4,Special Education,ERROR,ERROR,ERROR,ERROR,ERROR,ERROR,ERROR,ERROR,ERROR,ERROR,ERROR,ERROR
2013,VA,Mathematics,4,Special Education,ERROR,ERROR,ERROR,ERROR,ERROR,ERROR,ERROR,ERROR,ERROR,ERROR,ERROR,ERROR
2013,WA,Mathematics,4,Special Education,ERROR,ERROR,ERROR,ERROR,ERROR,ERROR,ERROR,ERROR,ERROR,ERROR,ERROR,ERROR
2013,WV,Mathematics,4,Special Education,ERROR,ERROR,ERROR,ERROR,ERROR,ERROR,ERROR,ERROR,ERROR,ERROR,ERROR,ERROR
2013,WI,Mathematics,4,Special Education,ERROR,ERROR,ERROR,ERROR,ERROR,ERROR,ERROR,ERROR,ERROR,ERROR,ERROR,ERROR
2013,WY,Mathematics,4,Special Education,ERROR,ERROR,ERROR,ERROR,ERROR,ERROR,ERROR,ERROR,ERROR,ERROR,ERROR,ERROR
2013,AL,Mathematics,4,Non-Special Education,ERROR,ERROR,ERROR,ERROR,ERROR,ERROR,ERROR,ERROR,ERROR,ERROR,ERROR,ERROR
2013,AK,Mathematics,4,Non-Special Education,ERROR,ERROR,ERROR,ERROR,ERROR,ERROR,ERROR,ERROR,ERROR,ERROR,ERROR,ERROR
2013,AZ,Mathematics,4,Non-Special Education,ERROR,ERROR,ERROR,ERROR,ERROR,ERROR,ERROR,ERROR,ERROR,ERROR,ERROR,ERROR
2013,AR,Mathematics,4,Non-Special Education,ERROR,ERROR,ERROR,ERROR,ERROR,ERROR,ERROR,ERROR,ERROR,ERROR,ERROR,ERROR
2013,CA,Mathematics,4,Non-Special Education,ERROR,ERROR,ERROR,ERROR,ERROR,ERROR,ERROR,ERROR,ERROR,ERROR,ERROR,ERROR
2013,CO,Mathematics,4,Non-Special Education,ERROR,ERROR,ERROR,ERROR,ERROR,ERROR,ERROR,ERROR,ERROR,ERROR,ERROR,ERROR
2013,CT,Mathematics,4,Non-Special Education,ERROR,ERROR,ERROR,ERROR,ERROR,ERROR,ERROR,ERROR,ERROR,ERROR,ERROR,ERROR
2013,DE,Mathematics,4,Non-Special Education,ERROR,ERROR,ERROR,ERROR,ERROR,ERROR,ERROR,ERROR,ERROR,ERROR,ERROR,ERROR
2013,DC,Mathematics,4,Non-Special Education,ERROR,ERROR,ERROR,ERROR,ERROR,ERROR,ERROR,ERROR,ERROR,ERROR,ERROR,ERROR
2013,FL,Mathematics,4,Non-Special Education,ERROR,ERROR,ERROR,ERROR,ERROR,ERROR,ERROR,ERROR,ERROR,ERROR,ERROR,ERROR
2013,GA,Mathematics,4,Non-Special Education,ERROR,ERROR,ERROR,ERROR,ERROR,ERROR,ERROR,ERROR,ERROR,ERROR,ERROR,ERROR
2013,HI,Mathematics,4,Non-Special Education,ERROR,ERROR,ERROR,ERROR,ERROR,ERROR,ERROR,ERROR,ERROR,ERROR,ERROR,ERROR
2013,ID,Mathematics,4,Non-Special Education,ERROR,ERROR,ERROR,ERROR,ERROR,ERROR,ERROR,ERROR,ERROR,ERROR,ERROR,ERROR
2013,IL,Mathematics,4,Non-Special Education,ERROR,ERROR,ERROR,ERROR,ERROR,ERROR,ERROR,ERROR,ERROR,ERROR,ERROR,ERROR
2013,IN,Mathematics,4,Non-Special Education,ERROR,ERROR,ERROR,ERROR,ERROR,ERROR,ERROR,ERROR,ERROR,ERROR,ERROR,ERROR
2013,IA,Mathematics,4,Non-Special Education,ERROR,ERROR,ERROR,ERROR,ERROR,ERROR,ERROR,ERROR,ERROR,ERROR,ERROR,ERROR
2013,KS,Mathematics,4,Non-Special Education,ERROR,ERROR,ERROR,ERROR,ERROR,ERROR,ERROR,ERROR,ERROR,ERROR,ERROR,ERROR
2013,KY,Mathematics,4,Non-Special Education,ERROR,ERROR,ERROR,ERROR,ERROR,ERROR,ERROR,ERROR,ERROR,ERROR,ERROR,ERROR
2013,LA,Mathematics,4,Non-Special Education,ERROR,ERROR,ERROR,ERROR,ERROR,ERROR,ERROR,ERROR,ERROR,ERROR,ERROR,ERROR
2013,ME,Mathematics,4,Non-Special Education,ERROR,ERROR,ERROR,ERROR,ERROR,ERROR,ERROR,ERROR,ERROR,ERROR,ERROR,ERROR
2013,MD,Mathematics,4,Non-Special Education,ERROR,ERROR,ERROR,ERROR,ERROR,ERROR,ERROR,ERROR,ERROR,ERROR,ERROR,ERROR
2013,MA,Mathematics,4,Non-Special Education,ERROR,ERROR,ERROR,ERROR,ERROR,ERROR,ERROR,ERROR,ERROR,ERROR,ERROR,ERROR
2013,MI,Mathematics,4,Non-Special Education,ERROR,ERROR,ERROR,ERROR,ERROR,ERROR,ERROR,ERROR,ERROR,ERROR,ERROR,ERROR
2013,MN,Mathematics,4,Non-Special Education,ERROR,ERROR,ERROR,ERROR,ERROR,ERROR,ERROR,ERROR,ERROR,ERROR,ERROR,ERROR
2013,MS,Mathematics,4,Non-Special Education,ERROR,ERROR,ERROR,ERROR,ERROR,ERROR,ERROR,ERROR,ERROR,ERROR,ERROR,ERROR
2013,MO,Mathematics,4,Non-Special Education,ERROR,ERROR,ERROR,ERROR,ERROR,ERROR,ERROR,ERROR,ERROR,ERROR,ERROR,ERROR
2013,MT,Mathematics,4,Non-Special Education,ERROR,ERROR,ERROR,ERROR,ERROR,ERROR,ERROR,ERROR,ERROR,ERROR,ERROR,ERROR
2013,NE,Mathematics,4,Non-Special Education,ERROR,ERROR,ERROR,ERROR,ERROR,ERROR,ERROR,ERROR,ERROR,ERROR,ERROR,ERROR
2013,NV,Mathematics,4,Non-Special Education,ERROR,ERROR,ERROR,ERROR,ERROR,ERROR,ERROR,ERROR,ERROR,ERROR,ERROR,ERROR
2013,NH,Mathematics,4,Non-Special Education,ERROR,ERROR,ERROR,ERROR,ERROR,ERROR,ERROR,ERROR,ERROR,ERROR,ERROR,ERROR
2013,NJ,Mathematics,4,Non-Special Education,ERROR,ERROR,ERROR,ERROR,ERROR,ERROR,ERROR,ERROR,ERROR,ERROR,ERROR,ERROR
2013,NM,Mathematics,4,Non-Special Education,ERROR,ERROR,ERROR,ERROR,ERROR,ERROR,ERROR,ERROR,ERROR,ERROR,ERROR,ERROR
2013,NY,Mathematics,4,Non-Special Education,ERROR,ERROR,ERROR,ERROR,ERROR,ERROR,ERROR,ERROR,ERROR,ERROR,ERROR,ERROR
2013,NC,Mathematics,4,Non-Special Education,ERROR,ERROR,ERROR,ERROR,ERROR,ERROR,ERROR,ERROR,ERROR,ERROR,ERROR,ERROR
2013,ND,Mathematics,4,Non-Special Education,ERROR,ERROR,ERROR,ERROR,ERROR,ERROR,ERROR,ERROR,ERROR,ERROR,ERROR,ERROR
2013,OH,Mathematics,4,Non-Special Education,ERROR,ERROR,ERROR,ERROR,ERROR,ERROR,ERROR,ERROR,ERROR,ERROR,ERROR,ERROR
2013,OK,Mathematics,4,Non-Special Education,ERROR,ERROR,ERROR,ERROR,ERROR,ERROR,ERROR,ERROR,ERROR,ERROR,ERROR,ERROR
2013,OR,Mathematics,4,Non-Special Education,ERROR,ERROR,ERROR,ERROR,ERROR,ERROR,ERROR,ERROR,ERROR,ERROR,ERROR,ERROR
2013,PA,Mathematics,4,Non-Special Education,ERROR,ERROR,ERROR,ERROR,ERROR,ERROR,ERROR,ERROR,ERROR,ERROR,ERROR,ERROR
2013,RI,Mathematics,4,Non-Special Education,ERROR,ERROR,ERROR,ERROR,ERROR,ERROR,ERROR,ERROR,ERROR,ERROR,ERROR,ERROR
2013,SC,Mathematics,4,Non-Special Education,ERROR,ERROR,ERROR,ERROR,ERROR,ERROR,ERROR,ERROR,ERROR,ERROR,ERROR,ERROR
2013,SD,Mathematics,4,Non-Special Education,ERROR,ERROR,ERROR,ERROR,ERROR,ERROR,ERROR,ERROR,ERROR,ERROR,ERROR,ERROR
2013,TN,Mathematics,4,Non-Special Education,ERROR,ERROR,ERROR,ERROR,ERROR,ERROR,ERROR,ERROR,ERROR,ERROR,ERROR,ERROR
2013,TX,Mathematics,4,Non-Special Education,ERROR,ERROR,ERROR,ERROR,ERROR,ERROR,ERROR,ERROR,ERROR,ERROR,ERROR,ERROR
2013,UT,Mathematics,4,Non-Special Education,ERROR,ERROR,ERROR,ERROR,ERROR,ERROR,ERROR,ERROR,ERROR,ERROR,ERROR,ERROR
2013,VT,Mathematics,4,Non-Special Education,ERROR,ERROR,ERROR,ERROR,ERROR,ERROR,ERROR,ERROR,ERROR,ERROR,ERROR,ERROR
2013,VA,Mathematics,4,Non-Special Education,ERROR,ERROR,ERROR,ERROR,ERROR,ERROR,ERROR,ERROR,ERROR,ERROR,ERROR,ERROR
2013,WA,Mathematics,4,Non-Special Education,ERROR,ERROR,ERROR,ERROR,ERROR,ERROR,ERROR,ERROR,ERROR,ERROR,ERROR,ERROR
2013,WV,Mathematics,4,Non-Special Education,ERROR,ERROR,ERROR,ERROR,ERROR,ERROR,ERROR,ERROR,ERROR,ERROR,ERROR,ERROR
2013,WI,Mathematics,4,Non-Special Education,ERROR,ERROR,ERROR,ERROR,ERROR,ERROR,ERROR,ERROR,ERROR,ERROR,ERROR,ERROR
2013,WY,Mathematics,4,Non-Special Education,ERROR,ERROR,ERROR,ERROR,ERROR,ERROR,ERROR,ERROR,ERROR,ERROR,ERROR,ERROR
2013,AL,Mathematics,8,Special Education,ERROR,ERROR,ERROR,ERROR,ERROR,ERROR,ERROR,ERROR,ERROR,ERROR,ERROR,ERROR
2013,AK,Mathematics,8,Special Education,ERROR,ERROR,ERROR,ERROR,ERROR,ERROR,ERROR,ERROR,ERROR,ERROR,ERROR,ERROR
2013,AZ,Mathematics,8,Special Education,ERROR,ERROR,ERROR,ERROR,ERROR,ERROR,ERROR,ERROR,ERROR,ERROR,ERROR,ERROR
2013,AR,Mathematics,8,Special Education,ERROR,ERROR,ERROR,ERROR,ERROR,ERROR,ERROR,ERROR,ERROR,ERROR,ERROR,ERROR
2013,CA,Mathematics,8,Special Education,ERROR,ERROR,ERROR,ERROR,ERROR,ERROR,ERROR,ERROR,ERROR,ERROR,ERROR,ERROR
2013,CO,Mathematics,8,Special Education,ERROR,ERROR,ERROR,ERROR,ERROR,ERROR,ERROR,ERROR,ERROR,ERROR,ERROR,ERROR
2013,CT,Mathematics,8,Special Education,ERROR,ERROR,ERROR,ERROR,ERROR,ERROR,ERROR,ERROR,ERROR,ERROR,ERROR,ERROR
2013,DE,Mathematics,8,Special Education,ERROR,ERROR,ERROR,ERROR,ERROR,ERROR,ERROR,ERROR,ERROR,ERROR,ERROR,ERROR
2013,DC,Mathematics,8,Special Education,ERROR,ERROR,ERROR,ERROR,ERROR,ERROR,ERROR,ERROR,ERROR,ERROR,ERROR,ERROR
2013,FL,Mathematics,8,Special Education,ERROR,ERROR,ERROR,ERROR,ERROR,ERROR,ERROR,ERROR,ERROR,ERROR,ERROR,ERROR
2013,GA,Mathematics,8,Special Education,ERROR,ERROR,ERROR,ERROR,ERROR,ERROR,ERROR,ERROR,ERROR,ERROR,ERROR,ERROR
2013,HI,Mathematics,8,Special Education,ERROR,ERROR,ERROR,ERROR,ERROR,ERROR,ERROR,ERROR,ERROR,ERROR,ERROR,ERROR
2013,ID,Mathematics,8,Special Education,ERROR,ERROR,ERROR,ERROR,ERROR,ERROR,ERROR,ERROR,ERROR,ERROR,ERROR,ERROR
2013,IL,Mathematics,8,Special Education,ERROR,ERROR,ERROR,ERROR,ERROR,ERROR,ERROR,ERROR,ERROR,ERROR,ERROR,ERROR
2013,IN,Mathematics,8,Special Education,ERROR,ERROR,ERROR,ERROR,ERROR,ERROR,ERROR,ERROR,ERROR,ERROR,ERROR,ERROR
2013,IA,Mathematics,8,Special Education,ERROR,ERROR,ERROR,ERROR,ERROR,ERROR,ERROR,ERROR,ERROR,ERROR,ERROR,ERROR
2013,KS,Mathematics,8,Special Education,ERROR,ERROR,ERROR,ERROR,ERROR,ERROR,ERROR,ERROR,ERROR,ERROR,ERROR,ERROR
2013,KY,Mathematics,8,Special Education,ERROR,ERROR,ERROR,ERROR,ERROR,ERROR,ERROR,ERROR,ERROR,ERROR,ERROR,ERROR
2013,LA,Mathematics,8,Special Education,ERROR,ERROR,ERROR,ERROR,ERROR,ERROR,ERROR,ERROR,ERROR,ERROR,ERROR,ERROR
2013,ME,Mathematics,8,Special Education,ERROR,ERROR,ERROR,ERROR,ERROR,ERROR,ERROR,ERROR,ERROR,ERROR,ERROR,ERROR
2013,MD,Mathematics,8,Special Education,ERROR,ERROR,ERROR,ERROR,ERROR,ERROR,ERROR,ERROR,ERROR,ERROR,ERROR,ERROR
2013,MA,Mathematics,8,Special Education,ERROR,ERROR,ERROR,ERROR,ERROR,ERROR,ERROR,ERROR,ERROR,ERROR,ERROR,ERROR
2013,MI,Mathematics,8,Special Education,ERROR,ERROR,ERROR,ERROR,ERROR,ERROR,ERROR,ERROR,ERROR,ERROR,ERROR,ERROR
2013,MN,Mathematics,8,Special Education,ERROR,ERROR,ERROR,ERROR,ERROR,ERROR,ERROR,ERROR,ERROR,ERROR,ERROR,ERROR
2013,MS,Mathematics,8,Special Education,ERROR,ERROR,ERROR,ERROR,ERROR,ERROR,ERROR,ERROR,ERROR,ERROR,ERROR,ERROR
2013,MO,Mathematics,8,Special Education,ERROR,ERROR,ERROR,ERROR,ERROR,ERROR,ERROR,ERROR,ERROR,ERROR,ERROR,ERROR
2013,MT,Mathematics,8,Special Education,ERROR,ERROR,ERROR,ERROR,ERROR,ERROR,ERROR,ERROR,ERROR,ERROR,ERROR,ERROR
2013,NE,Mathematics,8,Special Education,ERROR,ERROR,ERROR,ERROR,ERROR,ERROR,ERROR,ERROR,ERROR,ERROR,ERROR,ERROR
2013,NV,Mathematics,8,Special Education,ERROR,ERROR,ERROR,ERROR,ERROR,ERROR,ERROR,ERROR,ERROR,ERROR,ERROR,ERROR
2013,NH,Mathematics,8,Special Education,ERROR,ERROR,ERROR,ERROR,ERROR,ERROR,ERROR,ERROR,ERROR,ERROR,ERROR,ERROR
2013,NJ,Mathematics,8,Special Education,ERROR,ERROR,ERROR,ERROR,ERROR,ERROR,ERROR,ERROR,ERROR,ERROR,ERROR,ERROR
2013,NM,Mathematics,8,Special Education,ERROR,ERROR,ERROR,ERROR,ERROR,ERROR,ERROR,ERROR,ERROR,ERROR,ERROR,ERROR
2013,NY,Mathematics,8,Special Education,ERROR,ERROR,ERROR,ERROR,ERROR,ERROR,ERROR,ERROR,ERROR,ERROR,ERROR,ERROR
2013,NC,Mathematics,8,Special Education,ERROR,ERROR,ERROR,ERROR,ERROR,ERROR,ERROR,ERROR,ERROR,ERROR,ERROR,ERROR
2013,ND,Mathematics,8,Special Education,ERROR,ERROR,ERROR,ERROR,ERROR,ERROR,ERROR,ERROR,ERROR,ERROR,ERROR,ERROR
2013,OH,Mathematics,8,Special Education,ERROR,ERROR,ERROR,ERROR,ERROR,ERROR,ERROR,ERROR,ERROR,ERROR,ERROR,ERROR
2013,OK,Mathematics,8,Special Education,ERROR,ERROR,ERROR,ERROR,ERROR,ERROR,ERROR,ERROR,ERROR,ERROR,ERROR,ERROR
2013,OR,Mathematics,8,Special Education,ERROR,ERROR,ERROR,ERROR,ERROR,ERROR,ERROR,ERROR,ERROR,ERROR,ERROR,ERROR
2013,PA,Mathematics,8,Special Education,ERROR,ERROR,ERROR,ERROR,ERROR,ERROR,ERROR,ERROR,ERROR,ERROR,ERROR,ERROR
2013,RI,Mathematics,8,Special Education,ERROR,ERROR,ERROR,ERROR,ERROR,ERROR,ERROR,ERROR,ERROR,ERROR,ERROR,ERROR
2013,SC,Mathematics,8,Special Education,ERROR,ERROR,ERROR,ERROR,ERROR,ERROR,ERROR,ERROR,ERROR,ERROR,ERROR,ERROR
2013,SD,Mathematics,8,Special Education,ERROR,ERROR,ERROR,ERROR,ERROR,ERROR,ERROR,ERROR,ERROR,ERROR,ERROR,ERROR
2013,TN,Mathematics,8,Special Education,ERROR,ERROR,ERROR,ERROR,ERROR,ERROR,ERROR,ERROR,ERROR,ERROR,ERROR,ERROR
2013,TX,Mathematics,8,Special Education,ERROR,ERROR,ERROR,ERROR,ERROR,ERROR,ERROR,ERROR,ERROR,ERROR,ERROR,ERROR
2013,UT,Mathematics,8,Special Education,ERROR,ERROR,ERROR,ERROR,ERROR,ERROR,ERROR,ERROR,ERROR,ERROR,ERROR,ERROR
2013,VT,Mathematics,8,Special Education,ERROR,ERROR,ERROR,ERROR,ERROR,ERROR,ERROR,ERROR,ERROR,ERROR,ERROR,ERROR
2013,VA,Mathematics,8,Special Education,ERROR,ERROR,ERROR,ERROR,ERROR,ERROR,ERROR,ERROR,ERROR,ERROR,ERROR,ERROR
2013,WA,Mathematics,8,Special Education,ERROR,ERROR,ERROR,ERROR,ERROR,ERROR,ERROR,ERROR,ERROR,ERROR,ERROR,ERROR
2013,WV,Mathematics,8,Special Education,ERROR,ERROR,ERROR,ERROR,ERROR,ERROR,ERROR,ERROR,ERROR,ERROR,ERROR,ERROR
2013,WI,Mathematics,8,Special Education,ERROR,ERROR,ERROR,ERROR,ERROR,ERROR,ERROR,ERROR,ERROR,ERROR,ERROR,ERROR
2013,WY,Mathematics,8,Special Education,ERROR,ERROR,ERROR,ERROR,ERROR,ERROR,ERROR,ERROR,ERROR,ERROR,ERROR,ERROR
2013,AL,Mathematics,8,Non-Special Education,ERROR,ERROR,ERROR,ERROR,ERROR,ERROR,ERROR,ERROR,ERROR,ERROR,ERROR,ERROR
2013,AK,Mathematics,8,Non-Special Education,ERROR,ERROR,ERROR,ERROR,ERROR,ERROR,ERROR,ERROR,ERROR,ERROR,ERROR,ERROR
2013,AZ,Mathematics,8,Non-Special Education,ERROR,ERROR,ERROR,ERROR,ERROR,ERROR,ERROR,ERROR,ERROR,ERROR,ERROR,ERROR
2013,AR,Mathematics,8,Non-Special Education,ERROR,ERROR,ERROR,ERROR,ERROR,ERROR,ERROR,ERROR,ERROR,ERROR,ERROR,ERROR
2013,CA,Mathematics,8,Non-Special Education,ERROR,ERROR,ERROR,ERROR,ERROR,ERROR,ERROR,ERROR,ERROR,ERROR,ERROR,ERROR
2013,CO,Mathematics,8,Non-Special Education,ERROR,ERROR,ERROR,ERROR,ERROR,ERROR,ERROR,ERROR,ERROR,ERROR,ERROR,ERROR
2013,CT,Mathematics,8,Non-Special Education,ERROR,ERROR,ERROR,ERROR,ERROR,ERROR,ERROR,ERROR,ERROR,ERROR,ERROR,ERROR
2013,DE,Mathematics,8,Non-Special Education,ERROR,ERROR,ERROR,ERROR,ERROR,ERROR,ERROR,ERROR,ERROR,ERROR,ERROR,ERROR
2013,DC,Mathematics,8,Non-Special Education,ERROR,ERROR,ERROR,ERROR,ERROR,ERROR,ERROR,ERROR,ERROR,ERROR,ERROR,ERROR
2013,FL,Mathematics,8,Non-Special Education,ERROR,ERROR,ERROR,ERROR,ERROR,ERROR,ERROR,ERROR,ERROR,ERROR,ERROR,ERROR
2013,GA,Mathematics,8,Non-Special Education,ERROR,ERROR,ERROR,ERROR,ERROR,ERROR,ERROR,ERROR,ERROR,ERROR,ERROR,ERROR
2013,HI,Mathematics,8,Non-Special Education,ERROR,ERROR,ERROR,ERROR,ERROR,ERROR,ERROR,ERROR,ERROR,ERROR,ERROR,ERROR
2013,ID,Mathematics,8,Non-Special Education,ERROR,ERROR,ERROR,ERROR,ERROR,ERROR,ERROR,ERROR,ERROR,ERROR,ERROR,ERROR
2013,IL,Mathematics,8,Non-Special Education,ERROR,ERROR,ERROR,ERROR,ERROR,ERROR,ERROR,ERROR,ERROR,ERROR,ERROR,ERROR
2013,IN,Mathematics,8,Non-Special Education,ERROR,ERROR,ERROR,ERROR,ERROR,ERROR,ERROR,ERROR,ERROR,ERROR,ERROR,ERROR
2013,IA,Mathematics,8,Non-Special Education,ERROR,ERROR,ERROR,ERROR,ERROR,ERROR,ERROR,ERROR,ERROR,ERROR,ERROR,ERROR
2013,KS,Mathematics,8,Non-Special Education,ERROR,ERROR,ERROR,ERROR,ERROR,ERROR,ERROR,ERROR,ERROR,ERROR,ERROR,ERROR
2013,KY,Mathematics,8,Non-Special Education,ERROR,ERROR,ERROR,ERROR,ERROR,ERROR,ERROR,ERROR,ERROR,ERROR,ERROR,ERROR
2013,LA,Mathematics,8,Non-Special Education,ERROR,ERROR,ERROR,ERROR,ERROR,ERROR,ERROR,ERROR,ERROR,ERROR,ERROR,ERROR
2013,ME,Mathematics,8,Non-Special Education,ERROR,ERROR,ERROR,ERROR,ERROR,ERROR,ERROR,ERROR,ERROR,ERROR,ERROR,ERROR
2013,MD,Mathematics,8,Non-Special Education,ERROR,ERROR,ERROR,ERROR,ERROR,ERROR,ERROR,ERROR,ERROR,ERROR,ERROR,ERROR
2013,MA,Mathematics,8,Non-Special Education,ERROR,ERROR,ERROR,ERROR,ERROR,ERROR,ERROR,ERROR,ERROR,ERROR,ERROR,ERROR
2013,MI,Mathematics,8,Non-Special Education,ERROR,ERROR,ERROR,ERROR,ERROR,ERROR,ERROR,ERROR,ERROR,ERROR,ERROR,ERROR
2013,MN,Mathematics,8,Non-Special Education,ERROR,ERROR,ERROR,ERROR,ERROR,ERROR,ERROR,ERROR,ERROR,ERROR,ERROR,ERROR
2013,MS,Mathematics,8,Non-Special Education,ERROR,ERROR,ERROR,ERROR,ERROR,ERROR,ERROR,ERROR,ERROR,ERROR,ERROR,ERROR
2013,MO,Mathematics,8,Non-Special Education,ERROR,ERROR,ERROR,ERROR,ERROR,ERROR,ERROR,ERROR,ERROR,ERROR,ERROR,ERROR
2013,MT,Mathematics,8,Non-Special Education,ERROR,ERROR,ERROR,ERROR,ERROR,ERROR,ERROR,ERROR,ERROR,ERROR,ERROR,ERROR
2013,NE,Mathematics,8,Non-Special Education,ERROR,ERROR,ERROR,ERROR,ERROR,ERROR,ERROR,ERROR,ERROR,ERROR,ERROR,ERROR
2013,NV,Mathematics,8,Non-Special Education,ERROR,ERROR,ERROR,ERROR,ERROR,ERROR,ERROR,ERROR,ERROR,ERROR,ERROR,ERROR
2013,NH,Mathematics,8,Non-Special Education,ERROR,ERROR,ERROR,ERROR,ERROR,ERROR,ERROR,ERROR,ERROR,ERROR,ERROR,ERROR
2013,NJ,Mathematics,8,Non-Special Education,ERROR,ERROR,ERROR,ERROR,ERROR,ERROR,ERROR,ERROR,ERROR,ERROR,ERROR,ERROR
2013,NM,Mathematics,8,Non-Special Education,ERROR,ERROR,ERROR,ERROR,ERROR,ERROR,ERROR,ERROR,ERROR,ERROR,ERROR,ERROR
2013,NY,Mathematics,8,Non-Special Education,ERROR,ERROR,ERROR,ERROR,ERROR,ERROR,ERROR,ERROR,ERROR,ERROR,ERROR,ERROR
2013,NC,Mathematics,8,Non-Special Education,ERROR,ERROR,ERROR,ERROR,ERROR,ERROR,ERROR,ERROR,ERROR,ERROR,ERROR,ERROR
2013,ND,Mathematics,8,Non-Special Education,ERROR,ERROR,ERROR,ERROR,ERROR,ERROR,ERROR,ERROR,ERROR,ERROR,ERROR,ERROR
2013,OH,Mathematics,8,Non-Special Education,ERROR,ERROR,ERROR,ERROR,ERROR,ERROR,ERROR,ERROR,ERROR,ERROR,ERROR,ERROR
2013,OK,Mathematics,8,Non-Special Education,ERROR,ERROR,ERROR,ERROR,ERROR,ERROR,ERROR,ERROR,ERROR,ERROR,ERROR,ERROR
2013,OR,Mathematics,8,Non-Special Education,ERROR,ERROR,ERROR,ERROR,ERROR,ERROR,ERROR,ERROR,ERROR,ERROR,ERROR,ERROR
2013,PA,Mathematics,8,Non-Special Education,ERROR,ERROR,ERROR,ERROR,ERROR,ERROR,ERROR,ERROR,ERROR,ERROR,ERROR,ERROR
2013,RI,Mathematics,8,Non-Special Education,ERROR,ERROR,ERROR,ERROR,ERROR,ERROR,ERROR,ERROR,ERROR,ERROR,ERROR,ERROR
2013,SC,Mathematics,8,Non-Special Education,ERROR,ERROR,ERROR,ERROR,ERROR,ERROR,ERROR,ERROR,ERROR,ERROR,ERROR,ERROR
2013,SD,Mathematics,8,Non-Special Education,ERROR,ERROR,ERROR,ERROR,ERROR,ERROR,ERROR,ERROR,ERROR,ERROR,ERROR,ERROR
2013,TN,Mathematics,8,Non-Special Education,ERROR,ERROR,ERROR,ERROR,ERROR,ERROR,ERROR,ERROR,ERROR,ERROR,ERROR,ERROR
2013,TX,Mathematics,8,Non-Special Education,ERROR,ERROR,ERROR,ERROR,ERROR,ERROR,ERROR,ERROR,ERROR,ERROR,ERROR,ERROR
2013,UT,Mathematics,8,Non-Special Education,ERROR,ERROR,ERROR,ERROR,ERROR,ERROR,ERROR,ERROR,ERROR,ERROR,ERROR,ERROR
2013,VT,Mathematics,8,Non-Special Education,ERROR,ERROR,ERROR,ERROR,ERROR,ERROR,ERROR,ERROR,ERROR,ERROR,ERROR,ERROR
2013,VA,Mathematics,8,Non-Special Education,ERROR,ERROR,ERROR,ERROR,ERROR,ERROR,ERROR,ERROR,ERROR,ERROR,ERROR,ERROR
2013,WA,Mathematics,8,Non-Special Education,ERROR,ERROR,ERROR,ERROR,ERROR,ERROR,ERROR,ERROR,ERROR,ERROR,ERROR,ERROR
2013,WV,Mathematics,8,Non-Special Education,ERROR,ERROR,ERROR,ERROR,ERROR,ERROR,ERROR,ERROR,ERROR,ERROR,ERROR,ERROR
2013,WI,Mathematics,8,Non-Special Education,ERROR,ERROR,ERROR,ERROR,ERROR,ERROR,ERROR,ERROR,ERROR,ERROR,ERROR,ERROR
2013,WY,Mathematics,8,Non-Special Education,ERROR,ERROR,ERROR,ERROR,ERROR,ERROR,ERROR,ERROR,ERROR,ERROR,ERROR,ERROR
2013,AL,Reading,4,Special Education,ERROR,ERROR,ERROR,ERROR,ERROR,ERROR,ERROR,ERROR,ERROR,ERROR,ERROR,ERROR
2013,AK,Reading,4,Special Education,ERROR,ERROR,ERROR,ERROR,ERROR,ERROR,ERROR,ERROR,ERROR,ERROR,ERROR,ERROR
2013,AZ,Reading,4,Special Education,ERROR,ERROR,ERROR,ERROR,ERROR,ERROR,ERROR,ERROR,ERROR,ERROR,ERROR,ERROR
2013,AR,Reading,4,Special Education,ERROR,ERROR,ERROR,ERROR,ERROR,ERROR,ERROR,ERROR,ERROR,ERROR,ERROR,ERROR
2013,CA,Reading,4,Special Education,ERROR,ERROR,ERROR,ERROR,ERROR,ERROR,ERROR,ERROR,ERROR,ERROR,ERROR,ERROR
2013,CO,Reading,4,Special Education,ERROR,ERROR,ERROR,ERROR,ERROR,ERROR,ERROR,ERROR,ERROR,ERROR,ERROR,ERROR
2013,CT,Reading,4,Special Education,ERROR,ERROR,ERROR,ERROR,ERROR,ERROR,ERROR,ERROR,ERROR,ERROR,ERROR,ERROR
2013,DE,Reading,4,Special Education,ERROR,ERROR,ERROR,ERROR,ERROR,ERROR,ERROR,ERROR,ERROR,ERROR,ERROR,ERROR
2013,DC,Reading,4,Special Education,ERROR,ERROR,ERROR,ERROR,ERROR,ERROR,ERROR,ERROR,ERROR,ERROR,ERROR,ERROR
2013,FL,Reading,4,Special Education,ERROR,ERROR,ERROR,ERROR,ERROR,ERROR,ERROR,ERROR,ERROR,ERROR,ERROR,ERROR
2013,GA,Reading,4,Special Education,ERROR,ERROR,ERROR,ERROR,ERROR,ERROR,ERROR,ERROR,ERROR,ERROR,ERROR,ERROR
2013,HI,Reading,4,Special Education,ERROR,ERROR,ERROR,ERROR,ERROR,ERROR,ERROR,ERROR,ERROR,ERROR,ERROR,ERROR
2013,ID,Reading,4,Special Education,ERROR,ERROR,ERROR,ERROR,ERROR,ERROR,ERROR,ERROR,ERROR,ERROR,ERROR,ERROR
2013,IL,Reading,4,Special Education,ERROR,ERROR,ERROR,ERROR,ERROR,ERROR,ERROR,ERROR,ERROR,ERROR,ERROR,ERROR
2013,IN,Reading,4,Special Education,ERROR,ERROR,ERROR,ERROR,ERROR,ERROR,ERROR,ERROR,ERROR,ERROR,ERROR,ERROR
2013,IA,Reading,4,Special Education,ERROR,ERROR,ERROR,ERROR,ERROR,ERROR,ERROR,ERROR,ERROR,ERROR,ERROR,ERROR
2013,KS,Reading,4,Special Education,ERROR,ERROR,ERROR,ERROR,ERROR,ERROR,ERROR,ERROR,ERROR,ERROR,ERROR,ERROR
2013,KY,Reading,4,Special Education,ERROR,ERROR,ERROR,ERROR,ERROR,ERROR,ERROR,ERROR,ERROR,ERROR,ERROR,ERROR
2013,LA,Reading,4,Special Education,ERROR,ERROR,ERROR,ERROR,ERROR,ERROR,ERROR,ERROR,ERROR,ERROR,ERROR,ERROR
2013,ME,Reading,4,Special Education,ERROR,ERROR,ERROR,ERROR,ERROR,ERROR,ERROR,ERROR,ERROR,ERROR,ERROR,ERROR
2013,MD,Reading,4,Special Education,ERROR,ERROR,ERROR,ERROR,ERROR,ERROR,ERROR,ERROR,ERROR,ERROR,ERROR,ERROR
2013,MA,Reading,4,Special Education,ERROR,ERROR,ERROR,ERROR,ERROR,ERROR,ERROR,ERROR,ERROR,ERROR,ERROR,ERROR
2013,MI,Reading,4,Special Education,ERROR,ERROR,ERROR,ERROR,ERROR,ERROR,ERROR,ERROR,ERROR,ERROR,ERROR,ERROR
2013,MN,Reading,4,Special Education,ERROR,ERROR,ERROR,ERROR,ERROR,ERROR,ERROR,ERROR,ERROR,ERROR,ERROR,ERROR
2013,MS,Reading,4,Special Education,ERROR,ERROR,ERROR,ERROR,ERROR,ERROR,ERROR,ERROR,ERROR,ERROR,ERROR,ERROR
2013,MO,Reading,4,Special Education,ERROR,ERROR,ERROR,ERROR,ERROR,ERROR,ERROR,ERROR,ERROR,ERROR,ERROR,ERROR
2013,MT,Reading,4,Special Education,ERROR,ERROR,ERROR,ERROR,ERROR,ERROR,ERROR,ERROR,ERROR,ERROR,ERROR,ERROR
2013,NE,Reading,4,Special Education,ERROR,ERROR,ERROR,ERROR,ERROR,ERROR,ERROR,ERROR,ERROR,ERROR,ERROR,ERROR
2013,NV,Reading,4,Special Education,ERROR,ERROR,ERROR,ERROR,ERROR,ERROR,ERROR,ERROR,ERROR,ERROR,ERROR,ERROR
2013,NH,Reading,4,Special Education,ERROR,ERROR,ERROR,ERROR,ERROR,ERROR,ERROR,ERROR,ERROR,ERROR,ERROR,ERROR
2013,NJ,Reading,4,Special Education,ERROR,ERROR,ERROR,ERROR,ERROR,ERROR,ERROR,ERROR,ERROR,ERROR,ERROR,ERROR
2013,NM,Reading,4,Special Education,ERROR,ERROR,ERROR,ERROR,ERROR,ERROR,ERROR,ERROR,ERROR,ERROR,ERROR,ERROR
2013,NY,Reading,4,Special Education,ERROR,ERROR,ERROR,ERROR,ERROR,ERROR,ERROR,ERROR,ERROR,ERROR,ERROR,ERROR
2013,NC,Reading,4,Special Education,ERROR,ERROR,ERROR,ERROR,ERROR,ERROR,ERROR,ERROR,ERROR,ERROR,ERROR,ERROR
2013,ND,Reading,4,Special Education,ERROR,ERROR,ERROR,ERROR,ERROR,ERROR,ERROR,ERROR,ERROR,ERROR,ERROR,ERROR
2013,OH,Reading,4,Special Education,ERROR,ERROR,ERROR,ERROR,ERROR,ERROR,ERROR,ERROR,ERROR,ERROR,ERROR,ERROR
2013,OK,Reading,4,Special Education,ERROR,ERROR,ERROR,ERROR,ERROR,ERROR,ERROR,ERROR,ERROR,ERROR,ERROR,ERROR
2013,OR,Reading,4,Special Education,ERROR,ERROR,ERROR,ERROR,ERROR,ERROR,ERROR,ERROR,ERROR,ERROR,ERROR,ERROR
2013,PA,Reading,4,Special Education,ERROR,ERROR,ERROR,ERROR,ERROR,ERROR,ERROR,ERROR,ERROR,ERROR,ERROR,ERROR
2013,RI,Reading,4,Special Education,ERROR,ERROR,ERROR,ERROR,ERROR,ERROR,ERROR,ERROR,ERROR,ERROR,ERROR,ERROR
2013,SC,Reading,4,Special Education,ERROR,ERROR,ERROR,ERROR,ERROR,ERROR,ERROR,ERROR,ERROR,ERROR,ERROR,ERROR
2013,SD,Reading,4,Special Education,ERROR,ERROR,ERROR,ERROR,ERROR,ERROR,ERROR,ERROR,ERROR,ERROR,ERROR,ERROR
2013,TN,Reading,4,Special Education,ERROR,ERROR,ERROR,ERROR,ERROR,ERROR,ERROR,ERROR,ERROR,ERROR,ERROR,ERROR
2013,TX,Reading,4,Special Education,ERROR,ERROR,ERROR,ERROR,ERROR,ERROR,ERROR,ERROR,ERROR,ERROR,ERROR,ERROR
2013,UT,Reading,4,Special Education,ERROR,ERROR,ERROR,ERROR,ERROR,ERROR,ERROR,ERROR,ERROR,ERROR,ERROR,ERROR
2013,VT,Reading,4,Special Education,ERROR,ERROR,ERROR,ERROR,ERROR,ERROR,ERROR,ERROR,ERROR,ERROR,ERROR,ERROR
2013,VA,Reading,4,Special Education,ERROR,ERROR,ERROR,ERROR,ERROR,ERROR,ERROR,ERROR,ERROR,ERROR,ERROR,ERROR
2013,WA,Reading,4,Special Education,ERROR,ERROR,ERROR,ERROR,ERROR,ERROR,ERROR,ERROR,ERROR,ERROR,ERROR,ERROR
2013,WV,Reading,4,Special Education,ERROR,ERROR,ERROR,ERROR,ERROR,ERROR,ERROR,ERROR,ERROR,ERROR,ERROR,ERROR
2013,WI,Reading,4,Special Education,ERROR,ERROR,ERROR,ERROR,ERROR,ERROR,ERROR,ERROR,ERROR,ERROR,ERROR,ERROR
2013,WY,Reading,4,Special Education,ERROR,ERROR,ERROR,ERROR,ERROR,ERROR,ERROR,ERROR,ERROR,ERROR,ERROR,ERROR
2013,AL,Reading,4,Non-Special Education,ERROR,ERROR,ERROR,ERROR,ERROR,ERROR,ERROR,ERROR,ERROR,ERROR,ERROR,ERROR
2013,AK,Reading,4,Non-Special Education,ERROR,ERROR,ERROR,ERROR,ERROR,ERROR,ERROR,ERROR,ERROR,ERROR,ERROR,ERROR
2013,AZ,Reading,4,Non-Special Education,ERROR,ERROR,ERROR,ERROR,ERROR,ERROR,ERROR,ERROR,ERROR,ERROR,ERROR,ERROR
2013,AR,Reading,4,Non-Special Education,ERROR,ERROR,ERROR,ERROR,ERROR,ERROR,ERROR,ERROR,ERROR,ERROR,ERROR,ERROR
2013,CA,Reading,4,Non-Special Education,ERROR,ERROR,ERROR,ERROR,ERROR,ERROR,ERROR,ERROR,ERROR,ERROR,ERROR,ERROR
2013,CO,Reading,4,Non-Special Education,ERROR,ERROR,ERROR,ERROR,ERROR,ERROR,ERROR,ERROR,ERROR,ERROR,ERROR,ERROR
2013,CT,Reading,4,Non-Special Education,ERROR,ERROR,ERROR,ERROR,ERROR,ERROR,ERROR,ERROR,ERROR,ERROR,ERROR,ERROR
2013,DE,Reading,4,Non-Special Education,ERROR,ERROR,ERROR,ERROR,ERROR,ERROR,ERROR,ERROR,ERROR,ERROR,ERROR,ERROR
2013,DC,Reading,4,Non-Special Education,ERROR,ERROR,ERROR,ERROR,ERROR,ERROR,ERROR,ERROR,ERROR,ERROR,ERROR,ERROR
2013,FL,Reading,4,Non-Special Education,ERROR,ERROR,ERROR,ERROR,ERROR,ERROR,ERROR,ERROR,ERROR,ERROR,ERROR,ERROR
2013,GA,Reading,4,Non-Special Education,ERROR,ERROR,ERROR,ERROR,ERROR,ERROR,ERROR,ERROR,ERROR,ERROR,ERROR,ERROR
2013,HI,Reading,4,Non-Special Education,ERROR,ERROR,ERROR,ERROR,ERROR,ERROR,ERROR,ERROR,ERROR,ERROR,ERROR,ERROR
2013,ID,Reading,4,Non-Special Education,ERROR,ERROR,ERROR,ERROR,ERROR,ERROR,ERROR,ERROR,ERROR,ERROR,ERROR,ERROR
2013,IL,Reading,4,Non-Special Education,ERROR,ERROR,ERROR,ERROR,ERROR,ERROR,ERROR,ERROR,ERROR,ERROR,ERROR,ERROR
2013,IN,Reading,4,Non-Special Education,ERROR,ERROR,ERROR,ERROR,ERROR,ERROR,ERROR,ERROR,ERROR,ERROR,ERROR,ERROR
2013,IA,Reading,4,Non-Special Education,ERROR,ERROR,ERROR,ERROR,ERROR,ERROR,ERROR,ERROR,ERROR,ERROR,ERROR,ERROR
2013,KS,Reading,4,Non-Special Education,ERROR,ERROR,ERROR,ERROR,ERROR,ERROR,ERROR,ERROR,ERROR,ERROR,ERROR,ERROR
2013,KY,Reading,4,Non-Special Education,ERROR,ERROR,ERROR,ERROR,ERROR,ERROR,ERROR,ERROR,ERROR,ERROR,ERROR,ERROR
2013,LA,Reading,4,Non-Special Education,ERROR,ERROR,ERROR,ERROR,ERROR,ERROR,ERROR,ERROR,ERROR,ERROR,ERROR,ERROR
2013,ME,Reading,4,Non-Special Education,ERROR,ERROR,ERROR,ERROR,ERROR,ERROR,ERROR,ERROR,ERROR,ERROR,ERROR,ERROR
2013,MD,Reading,4,Non-Special Education,ERROR,ERROR,ERROR,ERROR,ERROR,ERROR,ERROR,ERROR,ERROR,ERROR,ERROR,ERROR
2013,MA,Reading,4,Non-Special Education,ERROR,ERROR,ERROR,ERROR,ERROR,ERROR,ERROR,ERROR,ERROR,ERROR,ERROR,ERROR
2013,MI,Reading,4,Non-Special Education,ERROR,ERROR,ERROR,ERROR,ERROR,ERROR,ERROR,ERROR,ERROR,ERROR,ERROR,ERROR
2013,MN,Reading,4,Non-Special Education,ERROR,ERROR,ERROR,ERROR,ERROR,ERROR,ERROR,ERROR,ERROR,ERROR,ERROR,ERROR
2013,MS,Reading,4,Non-Special Education,ERROR,ERROR,ERROR,ERROR,ERROR,ERROR,ERROR,ERROR,ERROR,ERROR,ERROR,ERROR
2013,MO,Reading,4,Non-Special Education,ERROR,ERROR,ERROR,ERROR,ERROR,ERROR,ERROR,ERROR,ERROR,ERROR,ERROR,ERROR
2013,MT,Reading,4,Non-Special Education,226.94,207.37,228.49,247.90,30.36,25.59,36.94,74.41,29.63,37.47,7.85,7.85
2013,NE,Reading,4,Non-Special Education,229.94,210.87,231.65,250.79,30.38,22.21,36.30,77.79,31.98,41.49,9.50,9.50
2013,NV,Reading,4,Non-Special Education,220.20,200.04,221.96,242.37,32.30,33.11,36.81,66.89,24.32,30.07,5.76,5.76
2013,NH,Reading,4,Non-Special Education,237.40,220.36,237.92,255.12,26.64,13.20,36.86,86.80,37.77,49.93,12.17,12.17
2013,NJ,Reading,4,Non-Special Education,234.10,214.71,235.61,255.08,31.11,19.15,34.09,80.85,33.61,46.76,13.15,13.15
2013,NM,Reading,4,Non-Special Education,212.49,190.27,215.22,237.10,35.62,41.90,34.03,58.10,19.74,24.06,4.32,4.32
2013,NY,Reading,4,Non-Special Education,230.32,210.81,232.24,251.64,31.29,22.43,35.33,77.57,31.97,42.24,10.27,10.27
2013,NC,Reading,4,Non-Special Education,228.22,208.33,229.85,249.89,30.80,24.71,35.87,75.29,30.37,39.42,9.04,9.04
2013,ND,Reading,4,Non-Special Education,227.49,210.28,229.16,246.45,28.13,22.58,40.67,77.42,30.64,36.74,6.10,6.10
2013,OH,Reading,4,Non-Special Education,229.22,209.31,231.35,251.29,31.88,23.73,35.01,76.27,31.21,41.25,10.04,10.04
2013,OK,Reading,4,Non-Special Education,224.69,205.56,225.94,244.96,29.41,27.54,38.74,72.46,27.39,33.72,6.33,6.33
2013,OR,Reading,4,Non-Special Education,225.86,204.85,227.61,248.97,33.95,28.04,34.67,71.96,27.67,37.29,9.62,9.62
2013,PA,Reading,4,Non-Special Education,232.47,213.46,234.24,253.48,30.57,20.04,35.14,79.96,33.45,44.82,11.37,11.37
2013,RI,Reading,4,Non-Special Education,229.66,210.49,232.40,251.88,32.38,22.78,34.66,77.22,32.53,42.56,10.03,10.03
2013,SC,Reading,4,Non-Special Education,221.07,199.46,222.47,243.65,32.93,33.53,35.12,66.47,24.52,31.35,6.82,6.82
2013,SD,Reading,4,Non-Special Education,224.01,204.60,226.64,246.59,32.75,28.30,36.15,71.70,28.69,35.55,6.86,6.86
2013,TN,Reading,4,Non-Special Education,225.89,205.79,227.74,247.82,32.14,27.03,35.94,72.97,28.61,37.03,8.42,8.42
2013,TX,Reading,4,Non-Special Education,220.45,199.29,221.72,242.91,33.23,33.93,35.72,66.07,23.59,30.36,6.77,6.77
2013,UT,Reading,4,Non-Special Education,227.76,209.01,230.72,249.74,32.68,24.12,35.83,75.88,31.06,40.05,8.99,8.99
2013,VT,Reading,4,Non-Special Education,236.43,217.45,237.40,256.50,29.86,16.47,34.42,83.53,35.03,49.11,14.08,14.08
2013,VA,Reading,4,Non-Special Education,234.53,213.90,236.19,256.59,31.68,19.78,32.42,80.22,33.80,47.80,14.00,14.00
2013,WA,Reading,4,Non-Special Education,231.25,211.84,233.28,252.75,31.47,21.50,34.80,78.50,32.63,43.70,11.07,11.07
2013,WV,Reading,4,Non-Special Education,221.99,202.03,223.47,242.94,30.03,31.28,37.86,68.72,25.50,30.87,5.37,5.37
2013,WI,Reading,4,Non-Special Education,227.29,206.87,229.33,249.44,32.12,26.00,35.12,74.00,29.65,38.88,9.23,9.23
2013,WY,Reading,4,Non-Special Education,231.68,214.56,232.65,249.82,26.76,18.18,40.07,81.82,33.70,41.75,8.05,8.05
2013,AL,Reading,8,Special Education,209.99,188.11,209.94,232.63,33.92,84.07,14.16,15.93,1.61,1.77,999.00,999.00
2013,AK,Reading,8,Special Education,225.11,201.90,226.23,249.03,33.93,69.19,26.21,30.81,4.53,4.60,999.00,999.00
2013,AZ,Reading,8,Special Education,221.05,196.97,222.51,245.85,36.17,71.87,23.75,28.13,4.28,4.37,999.00,999.00
2013,AR,Reading,8,Special Education,222.87,196.29,222.28,248.80,38.66,70.21,23.05,29.79,6.12,6.74,0.61,0.61
2013,CA,Reading,8,Special Education,220.12,194.57,221.50,245.72,37.62,72.59,22.67,27.41,4.45,4.74,999.00,999.00
2013,CO,Reading,8,Special Education,234.86,210.31,234.86,259.54,36.19,58.76,30.87,41.24,9.66,10.37,0.70,0.70
2013,CT,Reading,8,Special Education,239.50,215.70,238.79,264.02,36.58,54.39,32.64,45.61,11.84,12.96,1.12,1.12
2013,DE,Reading,8,Special Education,236.08,210.35,235.59,260.13,37.10,58.18,29.86,41.82,10.95,11.96,1.01,1.01
2013,DC,Reading,8,Special Education,212.27,188.90,211.22,234.93,33.06,81.32,16.78,18.68,1.83,1.90,999.00,999.00
2013,FL,Reading,8,Special Education,242.73,220.00,242.98,266.51,33.50,50.00,36.79,50.00,12.72,13.22,999.00,999.00
2013,GA,Reading,8,Special Education,230.08,207.01,232.86,255.38,36.46,61.83,31.75,38.17,5.93,6.42,999.00,999.00
2013,HI,Reading,8,Special Education,214.30,190.84,213.91,238.69,36.87,78.39,18.60,21.61,2.79,3.01,999.00,999.00
2013,ID,Reading,8,Special Education,228.16,204.45,225.66,250.43,34.23,68.73,24.18,31.27,6.55,7.09,0.54,0.54
2013,IL,Reading,8,Special Education,227.97,203.30,228.03,252.80,36.58,65.70,26.98,34.30,6.98,7.32,999.00,999.00
2013,IN,Reading,8,Special Education,236.16,214.95,238.25,259.69,34.47,55.97,34.89,44.03,8.87,9.14,999.00,999.00
2013,IA,Reading,8,Special Education,229.25,208.24,230.13,250.26,31.13,66.83,28.62,33.17,4.51,4.55,999.00,999.00
2013,KS,Reading,8,Special Education,223.97,200.04,223.81,247.00,34.32,71.08,23.71,28.92,4.94,5.20,999.00,999.00
2013,KY,Reading,8,Special Education,235.00,211.64,236.21,258.11,34.47,58.33,32.79,41.67,8.41,8.88,999.00,999.00
2013,LA,Reading,8,Special Education,226.95,205.95,226.23,248.78,33.08,69.48,25.29,30.52,5.17,5.23,999.00,999.00
2013,ME,Reading,8,Special Education,239.65,216.94,239.51,262.08,34.09,54.19,34.41,45.81,10.68,11.40,0.72,0.72
2013,MD,Reading,8,Special Education,250.93,229.52,249.41,270.12,32.48,41.16,42.58,58.84,13.63,16.26,2.63,2.63
2013,MA,Reading,8,Special Education,246.09,223.10,247.72,269.12,34.85,44.68,40.80,55.32,13.15,14.51,1.36,1.36
2013,MI,Reading,8,Special Education,235.47,213.41,235.69,258.35,32.19,58.90,33.72,41.10,7.04,7.39,999.00,999.00
2013,MN,Reading,8,Special Education,232.93,209.12,232.64,257.60,36.97,60.85,29.59,39.15,8.91,9.56,0.64,0.64
2013,MS,Reading,8,Special Education,217.15,189.60,216.43,247.00,41.27,72.20,22.09,27.80,5.42,5.71,999.00,999.00
2013,MO,Reading,8,Special Education,227.89,201.72,230.04,255.49,38.99,62.61,29.75,37.39,7.23,7.64,999.00,999.00
2013,MT,Reading,8,Special Education,232.34,208.98,232.91,256.05,35.30,61.51,29.96,38.49,8.05,8.53,999.00,999.00
2013,NE,Reading,8,Special Education,235.32,215.64,236.06,255.89,30.95,59.06,34.45,40.94,6.31,6.49,999.00,999.00
2013,NV,Reading,8,Special Education,220.32,194.91,220.47,246.06,39.18,72.35,21.87,27.65,5.44,5.78,999.00,999.00
2013,NH,Reading,8,Special Education,244.10,223.14,244.61,265.50,31.87,47.91,39.80,52.09,11.81,12.29,999.00,999.00
2013,NJ,Reading,8,Special Education,246.83,225.60,248.14,269.69,34.00,43.34,41.62,56.66,13.88,15.04,1.16,1.16
2013,NM,Reading,8,Special Education,221.48,198.20,222.67,244.69,35.65,73.43,21.74,26.57,4.67,4.83,999.00,999.00
2013,NY,Reading,8,Special Education,237.14,215.76,237.68,258.89,32.29,56.40,35.35,43.60,7.90,8.25,999.00,999.00
2013,NC,Reading,8,Special Education,228.01,203.77,230.52,254.23,37.15,63.66,29.99,36.34,6.12,6.35,999.00,999.00
2013,ND,Reading,8,Special Education,233.20,213.79,234.00,253.65,30.20,61.15,33.83,38.85,4.98,5.02,999.00,999.00
2013,OH,Reading,8,Special Education,228.57,206.09,230.41,252.30,35.78,64.64,29.31,35.36,5.72,6.05,999.00,999.00
2013,OK,Reading,8,Special Education,227.91,205.78,230.78,251.73,35.65,64.92,29.51,35.08,5.37,5.57,999.00,999.00
2013,OR,Reading,8,Special Education,234.70,212.51,236.60,258.86,35.65,57.70,33.11,42.30,8.93,9.18,999.00,999.00
2013,PA,Reading,8,Special Education,239.88,215.94,238.80,262.23,35.44,54.56,33.51,45.44,10.59,11.93,1.34,1.34
2013,RI,Reading,8,Special Education,235.06,210.28,233.94,258.35,35.92,60.39,29.28,39.61,9.31,10.34,1.03,1.03
2013,SC,Reading,8,Special Education,218.87,194.21,218.77,244.65,37.55,73.42,22.03,26.58,4.02,4.55,0.52,0.52
2013,SD,Reading,8,Special Education,227.96,204.08,229.38,253.42,35.04,63.94,30.88,36.06,5.02,5.17,999.00,999.00
2013,TN,Reading,8,Special Education,225.84,199.47,224.12,251.73,37.66,67.77,24.30,32.23,7.44,7.93,999.00,999.00
2013,TX,Reading,8,Special Education,225.56,198.74,226.05,252.31,38.79,66.20,26.28,33.80,7.10,7.51,999.00,999.00
2013,UT,Reading,8,Special Education,227.26,201.72,226.66,250.66,36.56,67.81,24.86,32.19,6.43,7.33,0.90,0.90
2013,VT,Reading,8,Special Education,237.82,213.67,238.58,262.53,34.34,54.77,34.97,45.23,9.86,10.25,999.00,999.00
2013,VA,Reading,8,Special Education,233.58,210.19,234.06,257.48,35.43,60.55,30.45,39.45,8.62,9.00,999.00,999.00
2013,WA,Reading,8,Special Education,232.77,207.74,232.39,257.06,36.30,61.28,29.70,38.72,8.26,9.02,0.75,0.75
2013,WV,Reading,8,Special Education,208.73,184.36,212.73,236.27,39.92,80.85,17.22,19.15,1.91,1.93,999.00,999.00
2013,WI,Reading,8,Special Education,227.67,205.92,228.29,250.95,35.21,67.09,26.59,32.91,6.20,6.31,999.00,999.00
2013,WY,Reading,8,Special Education,239.92,220.82,240.37,259.15,28.21,54.09,39.00,45.91,6.68,6.91,999.00,999.00
2013,AL,Reading,8,Non-Special Education,261.99,241.48,262.67,283.12,30.55,26.53,46.17,73.47,25.53,27.30,1.77,1.77
2013,AK,Reading,8,Non-Special Education,266.94,246.38,269.01,289.98,33.30,22.13,42.63,77.87,31.83,35.24,3.41,3.41
2013,AZ,Reading,8,Non-Special Education,265.18,245.17,266.01,285.94,30.22,22.76,46.57,77.24,28.33,30.66,2.33,2.33
2013,AR,Reading,8,Non-Special Education,267.14,246.70,268.04,288.23,30.90,21.48,45.07,78.52,30.23,33.46,3.23,3.23
2013,CA,Reading,8,Non-Special Education,264.98,243.89,265.74,287.00,32.26,24.16,44.47,75.84,28.15,31.38,3.22,3.22
2013,CO,Reading,8,Non-Special Education,275.09,255.31,275.84,296.03,30.23,14.17,42.66,85.83,38.15,43.16,5.02,5.02
2013,CT,Reading,8,Non-Special Education,279.88,260.47,281.07,300.91,30.91,11.54,38.38,88.46,42.78,50.08,7.29,7.29
2013,DE,Reading,8,Non-Special Education,270.46,250.18,271.11,290.74,30.37,18.28,45.18,81.72,32.48,36.54,4.06,4.06
2013,DC,Reading,8,Non-Special Education,254.98,233.91,254.91,276.26,32.94,35.09,44.31,64.91,18.46,20.60,2.15,2.15
2013,FL,Reading,8,Non-Special Education,268.98,248.89,269.90,290.49,31.77,19.60,44.39,80.40,32.24,36.01,3.77,3.77
2013,GA,Reading,8,Non-Special Education,267.79,246.79,267.79,289.29,31.55,21.29,44.90,78.71,29.97,33.81,3.84,3.84
2013,HI,Reading,8,Non-Special Education,265.51,245.40,266.29,286.76,31.15,22.68,45.78,77.32,28.78,31.53,2.75,2.75
2013,ID,Reading,8,Non-Special Education,273.69,254.78,274.25,293.76,29.09,14.18,44.96,85.82,36.99,40.86,3.87,3.87
2013,IL,Reading,8,Non-Special Education,272.39,252.62,273.38,293.87,30.95,16.50,43.19,83.50,36.07,40.31,4.24,4.24
2013,IN,Reading,8,Non-Special Education,271.99,253.41,272.65,291.68,28.70,15.42,46.00,84.58,35.43,38.58,3.15,3.15
2013,IA,Reading,8,Non-Special Education,274.45,256.56,274.91,293.15,27.49,12.23,46.66,87.77,37.70,41.11,3.41,3.41
2013,KS,Reading,8,Non-Special Education,272.35,253.83,273.68,292.68,29.42,15.48,44.77,84.52,36.49,39.74,3.26,3.26
2013,KY,Reading,8,Non-Special Education,272.87,252.26,273.55,294.30,31.56,16.79,42.70,83.21,35.31,40.51,5.20,5.20
2013,LA,Reading,8,Non-Special Education,262.31,241.72,262.57,282.89,30.32,26.39,46.66,73.61,24.72,26.96,2.24,2.24
2013,ME,Reading,8,Non-Special Education,275.31,255.77,276.27,295.98,30.40,14.21,42.00,85.79,38.67,43.79,5.12,5.12
2013,MD,Reading,8,Non-Special Education,275.20,253.29,275.81,297.68,32.58,16.27,39.93,83.73,36.92,43.80,6.88,6.88
2013,MA,Reading,8,Non-Special Education,282.98,263.43,284.59,304.75,31.51,10.09,35.25,89.91,45.58,54.65,9.07,9.07
2013,MI,Reading,8,Non-Special Education,269.34,249.68,270.13,290.00,30.47,18.68,45.74,81.32,32.19,35.58,3.40,3.40
2013,MN,Reading,8,Non-Special Education,275.73,257.41,276.99,296.07,30.04,13.01,42.65,86.99,39.53,44.34,4.81,4.81
2013,MS,Reading,8,Non-Special Education,256.17,235.68,257.02,277.63,31.14,32.69,45.87,67.31,20.22,21.44,1.21,1.21
2013,MO,Reading,8,Non-Special Education,272.36,252.51,272.92,292.88,29.88,16.27,44.29,83.73,35.35,39.45,4.09,4.09
2013,MT,Reading,8,Non-Special Education,275.93,258.63,276.77,294.54,27.63,11.56,44.78,88.44,39.88,43.66,3.78,3.78
2013,NE,Reading,8,Non-Special Education,273.65,255.12,274.44,293.09,28.75,13.90,45.47,86.10,36.82,40.63,3.81,3.81
2013,NV,Reading,8,Non-Special Education,266.29,245.64,267.27,288.36,31.96,22.53,44.40,77.47,29.90,33.07,3.17,3.17
2013,NH,Reading,8,Non-Special Education,280.12,261.69,280.79,299.53,29.18,10.01,40.28,89.99,43.04,49.71,6.67,6.67
2013,NJ,Reading,8,Non-Special Education,281.54,262.52,282.23,301.41,29.48,9.61,38.68,90.39,44.21,51.71,7.51,7.51
2013,NM,Reading,8,Non-Special Education,260.77,241.20,261.29,280.67,29.55,26.98,48.36,73.02,23.05,24.67,1.62,1.62
2013,NY,Reading,8,Non-Special Education,272.08,252.07,273.39,294.35,33.49,17.38,42.40,82.62,34.80,40.21,5.41,5.41
2013,NC,Reading,8,Non-Special Education,270.05,250.15,270.65,290.95,31.52,18.41,45.04,81.59,32.20,36.55,4.35,4.35
2013,ND,Reading,8,Non-Special Education,271.81,254.16,272.61,290.15,27.06,14.23,48.15,85.77,35.25,37.63,2.37,2.37
2013,OH,Reading,8,Non-Special Education,275.03,254.84,275.78,296.24,30.81,14.99,41.65,85.01,37.86,43.37,5.51,5.51
2013,OK,Reading,8,Non-Special Education,267.81,249.74,268.79,287.10,28.60,18.52,48.78,81.48,30.58,32.70,2.12,2.12
2013,OR,Reading,8,Non-Special Education,273.34,254.06,274.34,293.75,30.25,15.41,43.72,84.59,36.42,40.88,4.46,4.46
2013,PA,Reading,8,Non-Special Education,277.91,258.80,279.09,298.51,29.94,12.19,40.34,87.81,41.83,47.47,5.65,5.65
2013,RI,Reading,8,Non-Special Education,271.96,252.84,273.66,293.32,31.33,16.82,42.91,83.18,36.28,40.27,3.99,3.99
2013,SC,Reading,8,Non-Special Education,266.49,246.07,266.67,287.54,30.48,21.91,45.84,78.09,29.35,32.25,2.91,2.91
2013,SD,Reading,8,Non-Special Education,272.11,253.94,272.94,291.53,28.51,14.77,46.68,85.23,35.53,38.55,3.02,3.02
2013,TN,Reading,8,Non-Special Education,269.02,249.23,270.13,289.72,30.12,19.12,45.50,80.88,32.39,35.38,2.99,2.99
2013,TX,Reading,8,Non-Special Education,267.31,247.77,268.14,287.96,29.74,20.35,46.62,79.65,30.64,33.04,2.39,2.39
2013,UT,Reading,8,Non-Special Education,274.17,255.09,275.37,294.65,29.73,14.50,43.19,85.50,38.22,42.31,4.09,4.09
2013,VT,Reading,8,Non-Special Education,281.65,262.99,282.16,301.05,28.43,8.66,39.69,91.34,44.91,51.65,6.74,6.74
2013,VA,Reading,8,Non-Special Education,272.10,251.63,273.09,293.65,31.52,17.20,42.84,82.80,35.38,39.96,4.57,4.57
2013,WA,Reading,8,Non-Special Education,276.57,256.52,277.60,298.15,31.62,14.05,40.43,85.95,39.26,45.53,6.27,6.27
2013,WV,Reading,8,Non-Special Education,263.58,244.35,264.54,283.93,30.62,23.62,48.14,76.38,25.95,28.23,2.29,2.29
2013,WI,Reading,8,Non-Special Education,273.38,253.79,274.16,293.69,30.22,15.48,43.65,84.52,36.23,40.87,4.65,4.65
2013,WY,Reading,8,Non-Special Education,275.69,258.84,276.12,292.74,25.13,9.73,47.99,90.27,39.48,42.28,2.80,2.80
2015,AL,Mathematics,4,Special Education,204.33,182.99,203.46,225.61,30.96,62.44,29.07,37.56,7.93,8.49,0.55,0.55
2015,AK,Mathematics,4,Special Education,210.32,189.54,210.82,231.56,31.38,54.57,34.86,45.43,9.96,10.57,0.62,0.62
2015,AZ,Mathematics,4,Special Education,209.96,187.08,208.43,231.86,32.63,56.45,30.22,43.55,12.02,13.33,1.31,1.31
2015,AR,Mathematics,4,Special Education,208.74,189.53,208.17,228.14,27.74,58.28,33.50,41.72,8.16,8.22,999.00,999.00
2015,CA,Mathematics,4,Special Education,205.88,182.81,206.22,228.47,35.42,59.54,30.26,40.46,7.61,10.20,2.59,2.59
2015,CO,Mathematics,4,Special Education,209.74,186.40,208.54,233.70,34.25,56.44,30.27,43.56,11.43,13.28,1.86,1.86
2015,CT,Mathematics,4,Special Education,213.74,192.87,213.05,232.99,31.26,51.03,36.27,48.97,10.70,12.70,2.01,2.01
2015,DE,Mathematics,4,Special Education,214.08,192.40,213.78,233.77,30.90,50.33,37.33,49.67,10.37,12.34,1.97,1.97
2015,DC,Mathematics,4,Special Education,202.44,176.89,199.80,225.88,35.77,64.80,24.17,35.20,9.20,11.04,1.83,1.83
2015,FL,Mathematics,4,Special Education,228.44,209.51,229.79,247.57,27.91,30.17,46.85,69.83,20.31,22.98,2.67,2.67
2015,GA,Mathematics,4,Special Education,214.29,193.25,212.88,235.85,30.35,51.30,34.92,48.70,12.84,13.78,0.95,0.95
2015,HI,Mathematics,4,Special Education,198.41,175.77,197.53,221.59,33.05,67.54,25.73,32.46,6.61,6.72,999.00,999.00
2015,ID,Mathematics,4,Special Education,210.69,190.81,207.48,228.32,29.94,59.09,29.14,40.91,10.22,11.77,1.55,1.55
2015,IL,Mathematics,4,Special Education,209.87,185.16,209.02,233.95,34.40,54.86,32.43,45.14,10.61,12.72,2.11,2.11
2015,IN,Mathematics,4,Special Education,226.72,206.54,226.81,246.18,30.00,33.54,44.52,66.46,18.34,21.94,3.61,3.61
2015,IA,Mathematics,4,Special Education,212.89,194.51,212.89,231.69,29.45,51.59,37.64,48.41,9.41,10.77,1.36,1.36
2015,KS,Mathematics,4,Special Education,218.72,196.06,217.95,243.38,32.67,45.40,34.78,54.60,18.01,19.82,1.81,1.81
2015,KY,Mathematics,4,Special Education,222.31,202.22,221.70,243.05,29.59,40.04,40.56,59.96,17.36,19.40,2.04,2.04
2015,LA,Mathematics,4,Special Education,214.70,196.99,213.69,231.69,26.44,50.53,39.27,49.47,9.58,10.21,0.63,0.63
2015,ME,Mathematics,4,Special Education,222.18,203.09,221.39,241.71,29.47,39.43,42.19,60.57,16.23,18.38,2.15,2.15
2015,MD,Mathematics,4,Special Education,217.01,191.12,215.39,242.33,34.31,48.64,31.65,51.36,16.56,19.71,3.15,3.15
2015,MA,Mathematics,4,Special Education,231.34,213.43,230.90,249.22,28.14,25.88,48.90,74.12,20.95,25.23,4.28,4.28
2015,MI,Mathematics,4,Special Education,216.73,197.82,216.71,236.57,30.75,46.01,38.97,53.99,13.51,15.02,1.51,1.51
2015,MN,Mathematics,4,Special Education,227.02,202.19,228.78,252.02,36.76,35.58,36.15,64.42,21.55,28.27,6.71,6.71
2015,MS,Mathematics,4,Special Education,219.18,197.26,219.13,240.28,30.78,43.28,40.10,56.72,14.71,16.62,1.91,1.91
2015,MO,Mathematics,4,Special Education,217.19,193.90,219.73,240.38,34.49,43.67,38.49,56.33,15.60,17.84,2.24,2.24
2015,MT,Mathematics,4,Special Education,218.22,197.73,218.60,239.01,31.00,44.15,40.25,55.85,13.40,15.60,2.20,2.20
2015,NE,Mathematics,4,Special Education,222.15,201.73,222.95,243.47,29.29,38.66,42.15,61.34,17.72,19.19,1.47,1.47
2015,NV,Mathematics,4,Special Education,201.90,177.15,199.82,227.26,34.50,64.39,26.76,35.61,7.57,8.86,1.28,1.28
2015,NH,Mathematics,4,Special Education,227.30,210.51,227.61,244.01,27.32,29.54,50.90,70.46,16.83,19.57,2.73,2.73
2015,NJ,Mathematics,4,Special Education,227.20,206.71,228.37,248.01,30.89,32.47,43.96,67.53,19.77,23.57,3.79,3.79
2015,NM,Mathematics,4,Special Education,205.08,185.57,205.09,225.07,29.65,61.73,31.75,38.27,5.87,6.52,0.65,0.65
2015,NY,Mathematics,4,Special Education,215.59,196.69,214.47,232.51,27.91,49.17,39.14,50.83,10.13,11.68,1.55,1.55
2015,NC,Mathematics,4,Special Education,218.43,198.60,218.04,237.71,29.87,44.75,40.70,55.25,12.39,14.55,2.16,2.16
2015,ND,Mathematics,4,Special Education,220.86,202.58,222.97,240.64,28.18,37.80,46.72,62.20,14.57,15.48,0.92,0.92
2015,OH,Mathematics,4,Special Education,215.77,196.43,216.97,235.96,29.25,45.64,41.96,54.36,11.46,12.40,0.94,0.94
2015,OK,Mathematics,4,Special Education,221.50,201.86,222.85,242.60,28.90,38.59,43.43,61.41,17.06,17.98,0.92,0.92
2015,OR,Mathematics,4,Special Education,211.06,188.37,208.30,230.82,32.75,57.35,29.74,42.65,10.29,12.91,2.61,2.61
2015,PA,Mathematics,4,Special Education,220.40,197.86,219.11,242.98,31.83,43.94,36.17,56.06,17.48,19.89,2.41,2.41
2015,RI,Mathematics,4,Special Education,208.80,186.56,209.48,230.12,31.74,55.80,34.85,44.20,7.81,9.35,1.55,1.55
2015,SC,Mathematics,4,Special Education,213.81,189.36,214.56,237.39,34.69,49.31,35.10,50.69,13.10,15.59,2.49,2.49
2015,SD,Mathematics,4,Special Education,218.88,197.86,219.47,241.75,32.40,43.63,38.13,56.37,16.49,18.24,1.76,1.76
2015,TN,Mathematics,4,Special Education,219.33,196.58,217.99,241.17,31.73,44.66,36.45,55.34,16.07,18.89,2.81,2.81
2015,TX,Mathematics,4,Special Education,220.52,199.23,221.87,242.57,31.36,41.43,40.33,58.57,16.32,18.25,1.93,1.93
2015,UT,Mathematics,4,Special Education,216.41,190.77,215.68,242.58,36.27,48.49,31.86,51.51,16.71,19.65,2.94,2.94
2015,VT,Mathematics,4,Special Education,217.83,200.04,217.07,234.86,27.20,45.13,41.99,54.87,11.68,12.87,1.19,1.19
2015,VA,Mathematics,4,Special Education,224.41,204.81,223.47,244.29,28.62,36.98,42.79,63.02,17.92,20.23,2.31,2.31
2015,WA,Mathematics,4,Special Education,217.57,192.90,217.38,241.82,34.61,46.17,34.91,53.83,16.13,18.92,2.79,2.79
2015,WV,Mathematics,4,Special Education,214.43,192.72,214.98,236.67,32.24,48.74,37.59,51.26,12.02,13.67,1.64,1.64
2015,WI,Mathematics,4,Special Education,217.68,197.22,215.17,236.82,30.80,48.36,35.07,51.64,13.76,16.58,2.82,2.82
2015,WY,Mathematics,4,Special Education,224.40,205.53,224.50,243.72,28.59,35.51,45.28,64.49,17.26,19.21,1.95,1.95
2015,AL,Mathematics,4,Non-Special Education,234.23,217.45,234.25,251.50,25.10,20.87,50.90,79.13,25.77,28.23,2.46,2.46
2015,AK,Mathematics,4,Non-Special Education,240.54,221.99,241.25,259.70,28.85,17.07,43.84,82.93,32.20,39.09,6.89,6.89
2015,AZ,Mathematics,4,Non-Special Education,241.52,222.90,242.78,260.61,27.64,16.27,42.46,83.73,34.62,41.27,6.65,6.65
2015,AR,Mathematics,4,Non-Special Education,239.25,222.53,239.75,256.60,25.14,15.77,48.65,84.23,31.57,35.57,4.01,4.01
2015,CA,Mathematics,4,Non-Special Education,234.10,214.45,234.94,253.98,29.46,24.48,44.48,75.52,26.18,31.05,4.86,4.86
2015,CO,Mathematics,4,Non-Special Education,245.20,226.42,246.06,264.81,28.17,13.59,40.39,86.41,36.83,46.02,9.19,9.19
2015,CT,Mathematics,4,Non-Special Education,243.90,224.89,245.33,263.68,28.11,15.00,40.11,85.00,37.00,44.89,7.89,7.89
2015,DE,Mathematics,4,Non-Special Education,243.31,226.75,243.72,260.54,24.76,12.18,46.40,87.82,35.75,41.42,5.67,5.67
2015,DC,Mathematics,4,Non-Special Education,235.63,213.26,235.24,257.47,31.91,25.72,40.65,74.28,25.80,33.63,7.83,7.83
2015,FL,Mathematics,4,Non-Special Education,245.46,228.29,246.19,263.33,26.62,12.05,42.16,87.95,37.81,45.79,7.98,7.98
2015,GA,Mathematics,4,Non-Special Education,239.74,220.81,240.25,258.76,27.19,17.99,44.28,82.01,31.96,37.73,5.77,5.77
2015,HI,Mathematics,4,Non-Special Education,241.68,222.56,242.30,262.16,28.41,16.80,41.90,83.20,34.10,41.31,7.21,7.21
2015,ID,Mathematics,4,Non-Special Education,241.87,223.75,242.74,261.09,27.19,15.53,43.42,84.47,34.75,41.04,6.29,6.29
2015,IL,Mathematics,4,Non-Special Education,241.30,221.14,241.36,262.04,29.88,18.29,41.59,81.71,31.47,40.13,8.66,8.66
2015,IN,Mathematics,4,Non-Special Education,251.61,235.36,252.06,268.03,24.51,6.43,38.58,93.57,44.53,55.00,10.47,10.47
2015,IA,Mathematics,4,Non-Special Education,247.81,230.07,248.44,266.69,26.92,10.64,40.13,89.36,39.44,49.22,9.78,9.78
2015,KS,Mathematics,4,Non-Special Education,244.78,227.34,245.62,263.11,26.92,12.43,42.68,87.57,36.88,44.89,8.01,8.01
2015,KY,Mathematics,4,Non-Special Education,245.00,227.81,245.11,262.37,26.12,11.86,44.09,88.14,36.17,44.05,7.87,7.87
2015,LA,Mathematics,4,Non-Special Education,239.12,222.55,239.19,255.73,24.73,15.56,50.01,84.44,30.23,34.43,4.21,4.21
2015,ME,Mathematics,4,Non-Special Education,246.69,229.56,246.43,264.18,25.91,9.80,44.06,90.20,37.50,46.14,8.64,8.64
2015,MD,Mathematics,4,Non-Special Education,242.69,223.17,243.94,263.12,29.77,17.13,39.80,82.87,34.53,43.06,8.53,8.53
2015,MA,Mathematics,4,Non-Special Education,254.86,237.53,255.90,272.83,26.99,6.94,32.71,93.06,45.27,60.35,15.08,15.08
2015,MI,Mathematics,4,Non-Special Education,238.37,220.03,239.42,258.04,28.64,19.23,44.18,80.77,31.16,36.59,5.43,5.43
2015,MN,Mathematics,4,Non-Special Education,252.90,234.34,254.29,273.03,29.26,9.44,33.44,90.56,41.72,57.13,15.41,15.41
2015,MS,Mathematics,4,Non-Special Education,236.28,218.82,236.53,253.78,25.55,19.51,49.20,80.49,27.70,31.29,3.59,3.59
2015,MO,Mathematics,4,Non-Special Education,242.30,225.20,243.37,260.65,26.27,14.22,44.27,85.78,35.96,41.51,5.56,5.56
2015,MT,Mathematics,4,Non-Special Education,244.20,226.69,245.07,262.51,26.13,12.74,43.10,87.26,37.21,44.16,6.95,6.95
2015,NE,Mathematics,4,Non-Special Education,248.02,231.87,249.33,265.55,25.32,9.65,39.78,90.35,42.46,50.58,8.12,8.12
2015,NV,Mathematics,4,Non-Special Education,237.14,218.88,238.02,255.81,27.00,19.87,45.87,80.13,29.85,34.26,4.40,4.40
2015,NH,Mathematics,4,Non-Special Education,253.67,238.08,253.71,269.68,23.77,4.72,37.26,95.28,46.50,58.01,11.52,11.52
2015,NJ,Mathematics,4,Non-Special Education,249.20,231.70,250.09,267.27,26.98,9.77,38.46,90.23,41.29,51.77,10.49,10.49
2015,NM,Mathematics,4,Non-Special Education,235.37,217.69,235.50,253.09,26.10,20.88,48.92,79.12,26.61,30.20,3.59,3.59
2015,NY,Mathematics,4,Non-Special Education,241.39,224.07,242.29,259.46,27.03,15.06,44.98,84.94,33.88,39.96,6.08,6.08
2015,NC,Mathematics,4,Non-Special Education,247.41,230.14,248.07,265.48,26.14,10.44,40.88,89.56,39.71,48.68,8.97,8.97
2015,ND,Mathematics,4,Non-Special Education,247.90,231.23,248.18,265.23,25.34,9.06,42.24,90.94,39.87,48.70,8.83,8.83
2015,OH,Mathematics,4,Non-Special Education,248.22,230.87,249.01,266.26,25.85,9.67,40.39,90.33,40.82,49.94,9.12,9.12
2015,OK,Mathematics,4,Non-Special Education,243.39,226.62,242.74,260.05,24.42,11.20,48.39,88.80,34.52,40.42,5.90,5.90
2015,OR,Mathematics,4,Non-Special Education,241.58,223.33,242.44,260.57,27.58,15.80,43.66,84.20,34.16,40.54,6.37,6.37
2015,PA,Mathematics,4,Non-Special Education,248.19,229.85,249.25,267.52,28.15,11.66,38.01,88.34,39.11,50.33,11.22,11.22
2015,RI,Mathematics,4,Non-Special Education,242.38,224.70,243.41,261.07,26.78,14.49,43.81,85.51,35.53,41.70,6.17,6.17
2015,SC,Mathematics,4,Non-Special Education,240.75,222.93,241.76,259.75,27.38,16.48,44.27,83.52,33.24,39.25,6.01,6.01
2015,SD,Mathematics,4,Non-Special Education,243.58,227.64,245.09,261.23,25.24,12.28,43.99,87.72,38.83,43.73,4.90,4.90
2015,TN,Mathematics,4,Non-Special Education,244.19,227.12,244.97,262.26,26.43,13.01,43.32,86.99,36.51,43.67,7.15,7.15
2015,TX,Mathematics,4,Non-Special Education,247.32,229.84,247.46,265.24,26.39,10.29,42.07,89.71,38.48,47.64,9.16,9.16
2015,UT,Mathematics,4,Non-Special Education,245.96,228.68,246.91,264.08,26.51,11.68,41.42,88.32,38.92,46.90,7.98,7.98
2015,VT,Mathematics,4,Non-Special Education,248.29,230.17,248.44,266.90,26.37,9.47,41.33,90.53,39.02,49.20,10.18,10.18
2015,VA,Mathematics,4,Non-Special Education,249.74,231.50,249.82,268.08,26.85,9.26,39.57,90.74,39.65,51.17,11.52,11.52
2015,WA,Mathematics,4,Non-Special Education,248.81,228.31,249.63,269.75,30.15,12.89,36.26,87.11,37.43,50.85,13.41,13.41
2015,WV,Mathematics,4,Non-Special Education,240.09,222.36,240.29,258.08,26.16,16.15,46.83,83.85,31.78,37.02,5.24,5.24
2015,WI,Mathematics,4,Non-Special Education,246.84,228.38,248.56,266.57,28.73,12.98,37.62,87.02,39.35,49.40,10.05,10.05
2015,WY,Mathematics,4,Non-Special Education,250.57,234.37,251.02,267.50,25.12,7.48,39.29,92.52,43.10,53.23,10.13,10.13
2015,AL,Mathematics,8,Special Education,224.69,201.89,222.43,244.34,35.06,86.57,10.34,13.43,2.69,3.09,999.00,999.00
2015,AK,Mathematics,8,Special Education,241.96,218.11,244.55,265.97,36.90,70.39,24.42,29.61,4.54,5.18,0.64,0.64
2015,AZ,Mathematics,8,Special Education,245.08,219.39,243.71,268.18,36.93,69.54,22.53,30.46,6.40,7.93,1.53,1.53
2015,AR,Mathematics,8,Special Education,237.95,213.68,236.94,260.99,35.64,75.96,18.89,24.04,4.85,5.15,999.00,999.00
2015,CA,Mathematics,8,Special Education,234.21,210.18,233.60,256.36,35.80,79.33,16.86,20.67,2.93,3.80,0.88,0.88
2015,CO,Mathematics,8,Special Education,248.45,222.78,245.14,271.75,38.36,67.28,22.25,32.72,7.80,10.47,2.67,2.67
2015,CT,Mathematics,8,Special Education,250.02,224.17,249.09,276.31,37.51,63.78,25.90,36.22,8.72,10.32,1.60,1.60
2015,DE,Mathematics,8,Special Education,245.86,223.64,244.70,266.22,32.62,71.14,22.45,28.86,5.74,6.42,0.68,0.68
2015,DC,Mathematics,8,Special Education,227.73,201.03,225.36,250.79,37.48,83.75,11.90,16.25,3.33,4.35,1.02,1.02
2015,FL,Mathematics,8,Special Education,248.59,227.78,247.94,268.50,32.06,67.95,25.97,32.05,5.21,6.09,0.87,0.87
2015,GA,Mathematics,8,Special Education,245.13,223.32,245.31,266.17,34.28,70.68,24.05,29.32,3.58,5.28,1.70,1.70
2015,HI,Mathematics,8,Special Education,232.91,212.72,232.03,252.41,29.95,83.73,14.29,16.27,1.93,1.98,999.00,999.00
2015,ID,Mathematics,8,Special Education,245.97,221.89,243.50,268.84,34.94,69.52,23.11,30.48,6.37,7.36,0.99,0.99
2015,IL,Mathematics,8,Special Education,241.37,217.07,238.49,261.56,35.84,75.68,17.20,24.32,5.15,7.12,1.97,1.97
2015,IN,Mathematics,8,Special Education,252.22,226.73,252.38,277.25,37.69,60.00,29.85,40.00,8.34,10.16,1.82,1.82
2015,IA,Mathematics,8,Special Education,245.19,219.92,243.51,269.81,36.91,68.47,24.08,31.53,5.82,7.45,1.63,1.63
2015,KS,Mathematics,8,Special Education,246.71,225.30,245.50,266.14,34.53,70.66,23.14,29.34,3.93,6.20,2.27,2.27
2015,KY,Mathematics,8,Special Education,246.59,223.26,244.45,267.33,33.82,69.83,23.50,30.17,5.22,6.67,1.44,1.44
2015,LA,Mathematics,8,Special Education,241.78,222.02,241.09,261.01,29.36,76.08,21.28,23.92,2.05,2.64,0.59,0.59
2015,ME,Mathematics,8,Special Education,247.15,224.75,246.92,268.51,32.27,68.09,26.18,31.91,5.20,5.73,0.53,0.53
2015,MD,Mathematics,8,Special Education,248.21,220.10,246.41,273.95,38.60,65.00,25.04,35.00,7.92,9.96,2.04,2.04
2015,MA,Mathematics,8,Special Education,263.53,240.24,262.66,286.89,35.81,49.26,34.39,50.74,13.60,16.35,2.75,2.75
2015,MI,Mathematics,8,Special Education,241.26,219.65,240.65,262.41,30.98,74.62,21.93,25.38,3.39,3.45,999.00,999.00
2015,MN,Mathematics,8,Special Education,253.08,227.81,252.66,277.85,36.04,59.36,29.61,40.64,10.01,11.03,1.02,1.02
2015,MS,Mathematics,8,Special Education,227.47,205.44,226.23,249.76,33.21,84.57,13.32,15.43,2.07,2.12,999.00,999.00
2015,MO,Mathematics,8,Special Education,239.76,216.00,238.92,261.02,37.15,76.08,18.13,23.92,3.94,5.80,1.86,1.86
2015,MT,Mathematics,8,Special Education,247.17,222.65,248.70,271.77,35.32,65.20,27.88,34.80,6.37,6.92,0.56,0.56
2015,NE,Mathematics,8,Special Education,253.27,231.90,254.99,276.50,34.92,58.34,34.42,41.66,6.02,7.23,1.22,1.22
2015,NV,Mathematics,8,Special Education,233.49,208.82,230.85,256.34,36.17,78.71,16.82,21.29,3.94,4.48,0.54,0.54
2015,NH,Mathematics,8,Special Education,262.12,239.74,262.29,282.38,34.62,49.83,37.70,50.17,9.44,12.47,3.03,3.03
2015,NJ,Mathematics,8,Special Education,257.01,228.75,255.45,285.46,38.70,55.88,28.05,44.12,14.29,16.07,1.78,1.78
2015,NM,Mathematics,8,Special Education,234.33,212.58,233.57,255.56,32.10,80.42,17.30,19.58,2.03,2.28,999.00,999.00
2015,NY,Mathematics,8,Special Education,251.72,229.00,250.53,273.30,33.52,63.70,26.87,36.30,8.52,9.43,0.91,0.91
2015,NC,Mathematics,8,Special Education,244.70,220.24,242.54,267.23,36.98,70.30,21.94,29.70,5.93,7.77,1.83,1.83
2015,ND,Mathematics,8,Special Education,255.59,235.19,257.87,277.24,34.09,55.89,34.14,44.11,9.31,9.96,0.65,0.65
2015,OH,Mathematics,8,Special Education,254.48,231.21,253.23,276.54,34.42,59.82,30.15,40.18,8.53,10.03,1.49,1.49
2015,OK,Mathematics,8,Special Education,240.06,220.32,240.78,261.33,31.27,75.45,21.88,24.55,2.66,2.67,999.00,999.00
2015,OR,Mathematics,8,Special Education,246.50,224.79,245.85,266.80,34.11,70.12,23.16,29.88,5.68,6.72,1.04,1.04
2015,PA,Mathematics,8,Special Education,248.36,223.40,246.46,271.91,35.33,66.03,25.21,33.97,7.83,8.76,0.93,0.93
2015,RI,Mathematics,8,Special Education,245.99,222.13,244.33,268.64,33.50,69.12,24.37,30.88,6.05,6.51,999.00,999.00
2015,SC,Mathematics,8,Special Education,237.84,216.67,237.67,258.71,30.66,78.27,19.06,21.73,2.68,2.68,999.00,999.00
2015,SD,Mathematics,8,Special Education,248.93,228.13,250.14,270.02,32.34,65.84,28.27,34.16,5.33,5.89,0.56,0.56
2015,TN,Mathematics,8,Special Education,241.08,215.97,240.81,264.27,36.94,73.07,19.99,26.93,6.07,6.94,0.87,0.87
2015,TX,Mathematics,8,Special Education,251.49,227.36,250.82,275.06,33.30,ERROR,30.93,38.45,6.43,7.52,1.09,1.09
2015,UT,Mathematics,8,Special Education,242.30,217.80,242.60,268.11,36.01,69.77,24.45,30.23,5.63,5.78,999.00,999.00
2015,VT,Mathematics,8,Special Education,251.76,231.20,248.94,270.04,31.05,67.04,25.02,32.96,6.98,7.94,0.97,0.97
2015,VA,Mathematics,8,Special Education,255.87,232.59,252.69,276.38,33.93,61.23,27.36,38.77,9.41,11.41,2.00,2.00
2015,WA,Mathematics,8,Special Education,238.15,212.59,236.35,260.58,38.27,76.23,17.86,23.77,3.98,5.91,1.93,1.93
2015,WV,Mathematics,8,Special Education,237.64,215.54,236.18,258.83,32.85,77.45,19.14,22.55,3.16,3.41,999.00,999.00
2015,WI,Mathematics,8,Special Education,253.33,229.55,251.67,276.83,33.15,60.48,30.61,39.52,7.96,8.91,0.95,0.95
2015,WY,Mathematics,8,Special Education,254.14,234.54,252.76,273.77,28.77,61.94,31.30,38.06,6.63,6.76,999.00,999.00
2015,AL,Mathematics,8,Non-Special Education,270.87,249.02,270.09,291.95,32.25,39.97,41.36,60.03,15.47,18.67,3.20,3.20
2015,AK,Mathematics,8,Non-Special Education,286.18,264.30,287.57,308.70,33.26,22.94,41.30,77.06,28.03,35.77,7.74,7.74
2015,AZ,Mathematics,8,Non-Special Education,287.27,264.12,287.71,311.62,34.23,22.99,39.07,77.01,29.28,37.93,8.65,8.65
2015,AR,Mathematics,8,Non-Special Education,279.53,258.01,279.77,301.19,31.44,29.05,43.66,70.95,23.04,27.29,4.26,4.26
2015,CA,Mathematics,8,Non-Special Education,279.79,255.09,279.57,304.16,35.60,31.45,38.89,68.55,22.63,29.66,7.02,7.02
2015,CO,Mathematics,8,Non-Special Education,289.61,264.89,289.63,313.96,35.36,22.31,37.85,77.69,28.67,39.84,11.17,11.17
2015,CT,Mathematics,8,Non-Special Education,290.00,266.23,290.60,313.93,35.07,21.30,38.06,78.70,29.46,40.65,11.18,11.18
2015,DE,Mathematics,8,Non-Special Education,286.28,263.56,284.72,308.38,32.40,23.42,42.63,76.58,25.60,33.95,8.35,8.35
2015,DC,Mathematics,8,Non-Special Education,271.12,246.47,269.96,295.94,36.70,41.03,36.45,58.97,17.51,22.52,5.01,5.01
2015,FL,Mathematics,8,Non-Special Education,279.26,255.77,278.92,303.35,34.17,31.15,39.78,68.85,23.30,29.08,5.77,5.77
2015,GA,Mathematics,8,Non-Special Education,282.88,259.17,281.07,305.92,34.48,27.95,40.83,72.05,23.15,31.22,8.07,8.07
2015,HI,Mathematics,8,Non-Special Education,284.71,262.98,284.67,306.97,32.34,24.00,42.74,76.00,26.68,33.27,6.58,6.58
2015,ID,Mathematics,8,Non-Special Education,287.87,267.25,288.46,309.09,30.78,20.05,43.00,79.95,30.25,36.95,6.70,6.70
2015,IL,Mathematics,8,Non-Special Education,287.91,266.39,287.19,309.28,31.80,20.64,43.49,79.36,27.91,35.87,7.95,7.95
2015,IN,Mathematics,8,Non-Special Education,292.44,270.67,293.08,314.71,32.44,17.17,39.85,82.83,32.71,42.97,10.27,10.27
2015,IA,Mathematics,8,Non-Special Education,291.97,269.56,291.96,314.00,31.93,17.80,40.87,82.20,31.01,41.34,10.33,10.33
2015,KS,Mathematics,8,Non-Special Education,288.74,268.69,288.68,309.37,29.92,18.40,44.85,81.60,29.85,36.74,6.90,6.90
2015,KY,Mathematics,8,Non-Special Education,282.04,259.68,281.17,304.55,32.46,27.46,42.15,72.54,24.37,30.39,6.02,6.02
2015,LA,Mathematics,8,Non-Special Education,273.84,252.29,272.46,294.73,30.70,36.67,42.33,63.33,17.95,21.00,3.05,3.05
2015,ME,Mathematics,8,Non-Special Education,292.86,272.86,292.67,313.71,30.34,14.87,43.51,85.13,32.22,41.62,9.40,9.40
2015,MD,Mathematics,8,Non-Special Education,288.61,263.33,288.03,313.25,36.09,23.72,37.72,76.28,27.47,38.56,11.09,11.09
2015,MA,Mathematics,8,Non-Special Education,304.25,281.79,306.41,329.36,36.07,12.50,29.13,87.50,36.81,58.37,21.56,21.56
2015,MI,Mathematics,8,Non-Special Education,282.82,259.79,282.41,305.99,33.90,27.02,41.29,72.98,24.27,31.69,7.42,7.42
2015,MN,Mathematics,8,Non-Special Education,299.54,278.96,301.19,322.41,32.95,12.54,34.82,87.46,37.73,52.64,14.91,14.91
2015,MS,Mathematics,8,Non-Special Education,275.19,252.61,275.12,297.96,32.67,34.95,41.12,65.05,20.32,23.93,3.61,3.61
2015,MO,Mathematics,8,Non-Special Education,286.29,264.30,285.89,308.30,32.35,22.77,42.40,77.23,27.30,34.83,7.52,7.52
2015,MT,Mathematics,8,Non-Special Education,292.47,271.78,293.28,313.79,30.51,15.96,41.16,84.04,34.16,42.89,8.73,8.73
2015,NE,Mathematics,8,Non-Special Education,291.47,271.11,292.80,313.68,32.06,17.24,40.46,82.76,33.25,42.30,9.04,9.04
2015,NV,Mathematics,8,Non-Special Education,279.57,256.32,278.92,302.44,33.54,30.73,40.92,69.27,22.36,28.35,5.99,5.99
2015,NH,Mathematics,8,Non-Special Education,300.80,281.13,301.16,321.07,30.06,9.55,37.41,90.45,38.77,53.04,14.27,14.27
2015,NJ,Mathematics,8,Non-Special Education,300.89,276.91,301.29,326.14,37.15,14.18,33.41,85.82,33.07,52.41,19.34,19.34
2015,NM,Mathematics,8,Non-Special Education,276.12,255.08,275.49,297.06,31.15,32.90,43.93,67.10,19.69,23.17,3.48,3.48
2015,NY,Mathematics,8,Non-Special Education,285.79,263.21,285.74,309.31,34.46,23.86,40.90,76.14,26.70,35.24,8.54,8.54
2015,NC,Mathematics,8,Non-Special Education,287.22,262.88,287.06,311.04,34.65,24.26,39.16,75.74,26.60,36.59,9.98,9.98
2015,ND,Mathematics,8,Non-Special Education,292.96,274.05,294.04,313.36,29.98,14.58,42.00,85.42,35.05,43.43,8.38,8.38
2015,OH,Mathematics,8,Non-Special Education,290.17,268.64,290.24,312.95,33.70,18.87,41.51,81.13,29.74,39.62,9.88,9.88
2015,OK,Mathematics,8,Non-Special Education,280.88,261.84,281.09,300.31,28.56,25.16,48.27,74.84,23.34,26.57,3.23,3.23
2015,OR,Mathematics,8,Non-Special Education,288.17,266.08,288.30,310.61,32.26,21.20,41.10,78.80,29.64,37.69,8.05,8.05
2015,PA,Mathematics,8,Non-Special Education,290.15,266.06,290.76,314.85,35.43,21.48,37.50,78.52,29.94,41.02,11.07,11.07
2015,RI,Mathematics,8,Non-Special Education,287.55,266.63,287.55,309.87,32.03,20.41,43.26,79.59,28.97,36.34,7.36,7.36
2015,SC,Mathematics,8,Non-Special Education,280.82,258.34,280.08,302.92,32.45,28.77,42.50,71.23,22.78,28.73,5.95,5.95
2015,SD,Mathematics,8,Non-Special Education,288.83,269.56,289.32,309.14,30.29,17.51,45.55,82.49,30.35,36.94,6.59,6.59
2015,TN,Mathematics,8,Non-Special Education,283.78,261.06,283.88,306.32,33.72,25.92,41.51,74.08,25.30,32.57,7.26,7.26
2015,TX,Mathematics,8,Non-Special Education,287.54,265.97,286.94,308.93,31.24,21.06,43.79,78.94,27.29,35.16,7.87,7.87
2015,UT,Mathematics,8,Non-Special Education,291.05,269.64,292.13,313.57,32.52,18.48,40.02,81.52,32.34,41.49,9.16,9.16
2015,VT,Mathematics,8,Non-Special Education,298.79,277.93,298.65,320.29,31.09,11.43,39.02,88.57,35.87,49.55,13.68,13.68
2015,VA,Mathematics,8,Non-Special Education,292.27,269.51,291.68,315.13,33.59,18.34,40.24,81.66,30.03,41.41,11.38,11.38
2015,WA,Mathematics,8,Non-Special Education,292.92,269.29,293.46,316.80,35.09,19.04,37.20,80.96,31.26,43.76,12.50,12.50
2015,WV,Mathematics,8,Non-Special Education,276.48,255.41,275.99,296.93,30.60,32.36,44.56,67.64,19.68,23.08,3.40,3.40
2015,WI,Mathematics,8,Non-Special Education,294.31,272.00,295.29,317.22,33.63,16.70,37.86,83.30,33.17,45.44,12.28,12.28
2015,WY,Mathematics,8,Non-Special Education,291.65,272.14,291.26,311.48,29.62,15.33,45.09,84.67,31.31,39.58,8.27,8.27
2015,AL,Reading,4,Special Education,180.38,147.39,179.36,214.64,45.37,70.85,18.03,29.15,9.27,11.12,1.86,1.86
2015,AK,Reading,4,Special Education,170.63,138.94,169.65,203.19,46.81,78.02,14.22,21.98,6.23,7.75,1.53,1.53
2015,AZ,Reading,4,Special Education,176.68,143.77,175.71,209.88,46.50,74.10,14.89,25.90,9.36,11.01,1.65,1.65
2015,AR,Reading,4,Special Education,180.60,146.84,178.16,214.40,45.59,71.32,16.76,28.68,9.61,11.92,2.31,2.31
2015,CA,Reading,4,Special Education,164.67,130.12,164.73,199.11,49.30,80.34,12.06,19.66,6.20,7.60,1.40,1.40
2015,CO,Reading,4,Special Education,177.74,148.12,176.73,207.67,42.31,75.70,16.65,24.30,5.59,7.65,2.05,2.05
2015,CT,Reading,4,Special Education,190.76,158.41,189.99,222.53,43.13,64.75,20.23,35.25,11.16,15.02,3.86,3.86
2015,DE,Reading,4,Special Education,186.73,158.57,185.31,213.48,40.52,70.43,17.99,29.57,9.08,11.58,2.51,2.51
2015,DC,Reading,4,Special Education,166.83,137.53,163.95,194.29,42.06,83.15,11.36,16.85,4.12,5.48,1.36,1.36
2015,FL,Reading,4,Special Education,205.45,183.91,206.80,227.87,32.74,51.62,32.65,48.38,13.35,15.73,2.38,2.38
2015,GA,Reading,4,Special Education,197.50,168.28,195.66,225.65,41.39,60.73,22.14,39.27,11.94,17.13,5.20,5.20
2015,HI,Reading,4,Special Education,161.00,134.63,160.94,187.33,40.65,87.47,9.55,12.53,2.91,2.98,999.00,999.00
2015,ID,Reading,4,Special Education,175.91,147.61,178.56,206.55,42.79,76.40,17.31,23.60,5.69,6.29,0.60,0.60
2015,IL,Reading,4,Special Education,190.89,159.75,190.19,222.19,43.39,64.09,21.21,35.91,10.63,14.70,4.06,4.06
2015,IN,Reading,4,Special Education,197.22,170.88,199.04,224.63,37.22,58.60,27.35,41.40,12.45,14.06,1.61,1.61
2015,IA,Reading,4,Special Education,174.39,144.91,173.03,206.02,43.49,76.32,16.01,23.68,6.83,7.68,0.85,0.85
2015,KS,Reading,4,Special Education,176.28,147.77,176.85,206.41,43.22,76.16,16.40,23.84,5.96,7.44,1.48,1.48
2015,KY,Reading,4,Special Education,202.57,176.16,204.25,230.81,36.89,53.63,27.91,46.37,15.84,18.45,2.61,2.61
2015,LA,Reading,4,Special Education,184.21,156.68,182.70,211.70,38.94,71.67,19.24,28.33,7.67,9.10,1.42,1.42
2015,ME,Reading,4,Special Education,191.27,168.66,191.46,215.18,33.35,68.02,24.37,31.98,6.92,7.61,0.70,0.70
2015,MD,Reading,4,Special Education,187.92,158.82,187.34,216.58,40.58,68.49,20.52,31.51,8.73,10.99,2.26,2.26
2015,MA,Reading,4,Special Education,209.26,188.55,211.38,232.49,33.21,45.49,34.90,54.51,17.16,19.61,2.45,2.45
2015,MI,Reading,4,Special Education,178.12,149.03,178.18,208.10,40.37,75.07,17.83,24.93,6.65,7.10,999.00,999.00
2015,MN,Reading,4,Special Education,186.54,158.20,190.71,220.13,48.70,65.19,20.08,34.81,12.38,14.73,2.35,2.35
2015,MS,Reading,4,Special Education,180.72,147.49,181.89,215.55,46.75,69.69,18.71,30.31,9.39,11.60,2.20,2.20
2015,MO,Reading,4,Special Education,185.20,154.55,183.63,217.43,44.00,68.76,18.19,31.24,10.25,13.05,2.80,2.80
2015,MT,Reading,4,Special Education,188.41,159.30,185.72,218.00,42.43,68.31,17.76,31.69,10.59,13.93,3.34,3.34
2015,NE,Reading,4,Special Education,190.87,164.50,190.85,219.32,37.35,65.52,23.98,34.48,9.34,10.50,1.16,1.16
2015,NV,Reading,4,Special Education,168.33,133.36,164.70,204.84,47.57,76.82,15.13,23.18,6.82,8.05,1.24,1.24
2015,NH,Reading,4,Special Education,198.46,176.43,198.87,221.21,33.32,60.40,27.95,39.60,10.14,11.65,1.51,1.51
2015,NJ,Reading,4,Special Education,202.69,176.82,204.63,230.92,37.48,53.42,28.27,46.58,15.69,18.31,2.62,2.62
2015,NM,Reading,4,Special Education,161.53,134.33,162.06,191.25,44.58,85.38,10.47,14.62,3.59,4.15,0.56,0.56
2015,NY,Reading,4,Special Education,188.38,164.57,189.53,213.86,36.51,69.62,22.05,30.38,7.48,8.33,0.84,0.84
2015,NC,Reading,4,Special Education,189.18,164.16,189.22,215.10,36.25,68.52,22.51,31.48,7.91,8.96,1.06,1.06
2015,ND,Reading,4,Special Education,190.24,164.75,189.90,216.34,38.29,68.14,20.72,31.86,9.01,11.14,2.13,2.13
2015,OH,Reading,4,Special Education,187.68,162.33,189.45,215.01,38.68,68.37,22.87,31.63,7.45,8.77,1.32,1.32
2015,OK,Reading,4,Special Education,191.18,164.82,192.65,218.88,37.44,65.14,24.46,34.86,9.23,10.40,1.17,1.17
2015,OR,Reading,4,Special Education,182.89,152.55,185.38,216.93,46.21,68.85,19.79,31.15,9.02,11.36,2.34,2.34
2015,PA,Reading,4,Special Education,194.67,164.27,196.83,226.39,42.90,59.53,24.47,40.47,12.90,16.00,3.10,3.10
2015,RI,Reading,4,Special Education,178.70,153.83,177.97,202.60,37.65,78.96,14.95,21.04,4.83,6.09,1.25,1.25
2015,SC,Reading,4,Special Education,167.62,134.49,167.79,202.21,48.48,78.68,13.39,21.32,6.73,7.93,1.20,1.20
2015,SD,Reading,4,Special Education,183.41,154.72,184.35,215.21,45.13,69.66,19.46,30.34,8.49,10.88,2.39,2.39
2015,TN,Reading,4,Special Education,175.52,140.78,175.39,211.75,49.29,72.53,16.62,27.47,8.47,10.85,2.38,2.38
2015,TX,Reading,4,Special Education,182.40,151.93,181.06,214.82,43.35,70.80,18.02,29.20,9.26,11.18,1.92,1.92
2015,UT,Reading,4,Special Education,182.52,149.07,181.30,218.73,45.13,67.96,19.64,32.04,10.85,12.40,1.55,1.55
2015,VT,Reading,4,Special Education,190.80,166.62,192.07,216.37,35.43,67.09,24.00,32.91,8.10,8.91,0.81,0.81
2015,VA,Reading,4,Special Education,192.08,162.03,190.29,220.86,41.61,66.44,18.48,33.56,11.25,15.08,3.82,3.82
2015,WA,Reading,4,Special Education,186.60,156.22,184.05,215.87,42.36,69.49,17.52,30.51,10.15,12.99,2.84,2.84
2015,WV,Reading,4,Special Education,178.69,147.87,176.02,209.37,41.80,73.94,17.42,26.06,7.20,8.64,1.44,1.44
2015,WI,Reading,4,Special Education,187.97,158.36,185.78,217.96,41.40,67.83,19.21,32.17,10.58,12.96,2.38,2.38
2015,WY,Reading,4,Special Education,194.18,169.53,193.51,218.72,34.85,64.88,24.18,35.12,9.33,10.94,1.61,1.61
2015,AL,Reading,4,Non-Special Education,221.66,202.04,223.73,242.60,30.39,31.06,38.03,68.94,25.77,30.92,5.14,5.14
2015,AK,Reading,4,Non-Special Education,219.81,199.67,224.48,245.46,38.54,32.19,34.17,67.81,26.45,33.64,7.19,7.19
2015,AZ,Reading,4,Non-Special Education,220.70,199.47,222.97,244.80,35.17,33.30,34.51,66.70,24.68,32.19,7.51,7.51
2015,AR,Reading,4,Non-Special Education,223.64,203.12,226.10,245.65,31.60,29.55,36.02,70.45,27.67,34.43,6.77,6.77
2015,CA,Reading,4,Non-Special Education,217.42,194.16,219.68,242.59,35.85,37.53,32.67,62.47,23.11,29.81,6.69,6.69
2015,CO,Reading,4,Non-Special Education,229.45,209.23,231.96,252.12,32.57,23.95,33.81,76.05,31.64,42.23,10.59,10.59
2015,CT,Reading,4,Non-Special Education,234.18,213.43,235.89,256.22,31.81,20.31,32.34,79.69,33.17,47.35,14.19,14.19
2015,DE,Reading,4,Non-Special Education,230.35,210.62,231.86,251.34,31.31,22.63,35.66,77.37,31.35,41.71,10.36,10.36
2015,DC,Reading,4,Non-Special Education,219.20,194.18,219.07,244.34,36.93,38.42,30.97,61.58,21.13,30.61,9.48,9.48
2015,FL,Reading,4,Non-Special Education,231.53,212.90,233.06,251.44,28.70,20.23,36.71,79.77,33.82,43.06,9.24,9.24
2015,GA,Reading,4,Non-Special Education,225.07,204.52,226.97,247.02,31.34,28.35,35.96,71.65,28.30,35.70,7.40,7.40
2015,HI,Reading,4,Non-Special Education,220.23,198.59,222.44,244.06,34.27,33.99,34.48,66.01,24.67,31.52,6.85,6.85
2015,ID,Reading,4,Non-Special Education,226.82,206.63,229.74,249.48,32.27,26.25,34.32,73.75,31.08,39.43,8.36,8.36
2015,IL,Reading,4,Non-Special Education,226.61,205.66,228.54,250.08,33.84,27.17,34.29,72.83,28.51,38.54,10.03,10.03
2015,IN,Reading,4,Non-Special Education,233.07,214.64,234.35,252.92,28.72,18.74,36.38,81.26,34.42,44.88,10.46,10.46
2015,IA,Reading,4,Non-Special Education,230.79,211.32,232.14,251.42,29.81,21.85,36.10,78.15,32.01,42.05,10.04,10.04
2015,KS,Reading,4,Non-Special Education,228.22,207.36,229.86,250.25,32.14,25.56,34.83,74.44,29.69,39.61,9.92,9.92
2015,KY,Reading,4,Non-Special Education,231.86,212.16,233.34,252.80,30.82,21.28,35.01,78.72,32.53,43.71,11.18,11.18
2015,LA,Reading,4,Non-Special Education,223.63,204.24,225.17,244.73,31.07,28.80,38.15,71.20,26.23,33.04,6.81,6.81
2015,ME,Reading,4,Non-Special Education,231.02,212.99,232.30,250.82,29.64,20.09,38.05,79.91,32.25,41.86,9.61,9.61
2015,MD,Reading,4,Non-Special Education,227.41,204.99,229.07,251.24,33.45,27.77,32.43,72.23,29.38,39.80,10.43,10.43
2015,MA,Reading,4,Non-Special Education,240.96,223.13,242.51,260.77,28.58,12.30,31.39,87.70,39.32,56.31,16.99,16.99
2015,MI,Reading,4,Non-Special Education,221.65,201.45,223.66,243.59,31.33,31.56,36.84,68.44,25.92,31.60,5.68,5.68
2015,MN,Reading,4,Non-Special Education,228.93,209.36,232.34,251.92,33.70,23.84,33.47,76.16,32.56,42.69,10.13,10.13
2015,MS,Reading,4,Non-Special Education,218.50,197.64,220.01,240.72,31.61,35.61,36.44,64.39,23.05,27.95,4.90,4.90
2015,MO,Reading,4,Non-Special Education,228.43,208.38,230.33,249.67,31.48,24.68,35.51,75.32,30.44,39.82,9.38,9.38
2015,MT,Reading,4,Non-Special Education,228.99,210.13,230.89,249.66,30.30,22.94,37.06,77.06,31.30,40.00,8.70,8.70
2015,NE,Reading,4,Non-Special Education,233.40,214.72,234.87,253.31,29.41,18.55,35.96,81.45,34.44,45.48,11.04,11.04
2015,NV,Reading,4,Non-Special Education,219.68,197.15,221.77,243.92,34.27,35.16,33.39,64.84,24.68,31.44,6.77,6.77
2015,NH,Reading,4,Non-Special Education,238.85,221.71,239.99,257.39,27.33,12.83,34.24,87.17,39.15,52.93,13.78,13.78
2015,NJ,Reading,4,Non-Special Education,234.90,214.89,236.25,256.09,31.19,18.74,33.57,81.26,33.95,47.69,13.74,13.74
2015,NM,Reading,4,Non-Special Education,215.05,193.47,217.33,239.10,33.85,39.21,34.65,60.79,21.84,26.13,4.29,4.29
2015,NY,Reading,4,Non-Special Education,230.01,209.74,231.50,251.39,31.60,23.38,35.08,76.62,30.91,41.53,10.62,10.62
2015,NC,Reading,4,Non-Special Education,231.07,211.65,232.69,251.86,30.43,21.54,35.73,78.46,32.27,42.73,10.46,10.46
2015,ND,Reading,4,Non-Special Education,229.50,212.04,231.37,249.21,28.95,21.07,38.52,78.93,32.67,40.40,7.73,7.73
2015,OH,Reading,4,Non-Special Education,231.20,212.28,232.48,251.53,29.51,20.87,36.50,79.13,32.98,42.63,9.65,9.65
2015,OK,Reading,4,Non-Special Education,227.90,210.74,229.31,246.82,27.75,22.20,40.83,77.80,30.59,36.97,6.38,6.38
2015,OR,Reading,4,Non-Special Education,225.54,205.34,228.17,248.56,33.61,27.45,35.39,72.55,28.35,37.16,8.81,8.81
2015,PA,Reading,4,Non-Special Education,233.55,214.64,235.51,254.76,31.13,19.24,34.17,80.76,34.29,46.59,12.30,12.30
2015,RI,Reading,4,Non-Special Education,232.49,213.77,234.55,253.34,30.28,19.82,35.02,80.18,34.22,45.16,10.94,10.94
2015,SC,Reading,4,Non-Special Education,225.77,203.84,227.76,249.02,33.13,28.79,33.78,71.21,28.05,37.42,9.37,9.37
2015,SD,Reading,4,Non-Special Education,226.77,207.31,229.36,249.12,32.82,25.62,35.68,74.38,30.11,38.70,8.59,8.59
2015,TN,Reading,4,Non-Special Education,225.23,204.03,227.52,247.82,32.69,28.47,34.86,71.53,28.36,36.67,8.32,8.32
2015,TX,Reading,4,Non-Special Education,222.60,201.46,224.34,245.40,32.93,31.40,35.41,68.60,25.73,33.19,7.46,7.46
2015,UT,Reading,4,Non-Special Education,231.86,213.25,233.57,252.48,30.55,20.23,36.01,79.77,33.12,43.76,10.64,10.64
2015,VT,Reading,4,Non-Special Education,237.84,218.98,239.21,257.57,29.44,15.50,32.77,84.50,36.99,51.73,14.73,14.73
2015,VA,Reading,4,Non-Special Education,234.22,213.01,235.51,256.80,32.69,20.43,32.69,79.57,31.98,46.88,14.90,14.90
2015,WA,Reading,4,Non-Special Education,231.31,209.27,233.13,254.87,33.85,23.90,31.91,76.10,30.92,44.19,13.27,13.27
2015,WV,Reading,4,Non-Special Education,224.95,205.74,227.13,245.72,30.31,27.18,37.91,72.82,28.41,34.91,6.50,6.50
2015,WI,Reading,4,Non-Special Education,227.97,208.94,230.59,249.63,31.47,24.12,35.80,75.88,31.39,40.08,8.70,8.70
2015,WY,Reading,4,Non-Special Education,234.03,215.56,235.47,253.95,28.76,17.84,35.67,82.16,35.43,46.49,11.05,11.05
2015,AL,Reading,8,Special Education,212.82,188.78,214.04,238.27,38.26,79.25,17.34,20.75,3.21,3.41,999.00,999.00
2015,AK,Reading,8,Special Education,224.18,199.58,225.80,249.60,38.67,69.32,23.98,30.68,6.25,6.70,999.00,999.00
2015,AZ,Reading,8,Special Education,226.16,200.26,224.31,250.97,38.28,68.31,22.80,31.69,8.67,8.88,999.00,999.00
2015,AR,Reading,8,Special Education,219.98,192.72,219.02,245.24,36.67,73.10,21.95,26.90,4.47,4.95,999.00,999.00
2015,CA,Reading,8,Special Education,215.01,187.78,213.11,240.66,38.00,76.65,18.04,23.35,5.15,5.31,999.00,999.00
2015,CO,Reading,8,Special Education,227.71,204.95,227.44,251.18,35.37,66.89,26.02,33.11,7.01,7.09,999.00,999.00
2015,CT,Reading,8,Special Education,241.90,216.23,244.39,268.08,37.28,48.43,36.86,51.57,13.90,14.71,0.81,0.81
2015,DE,Reading,8,Special Education,227.56,202.79,227.68,253.02,37.61,66.37,25.82,33.63,7.34,7.80,999.00,999.00
2015,DC,Reading,8,Special Education,217.48,191.85,216.55,243.16,36.99,75.17,20.43,24.83,4.26,4.41,999.00,999.00
2015,FL,Reading,8,Special Education,238.56,218.19,240.30,259.34,31.72,53.57,38.37,46.43,7.72,8.06,999.00,999.00
2015,GA,Reading,8,Special Education,226.51,199.05,228.93,253.92,39.21,63.81,29.01,36.19,6.53,7.19,0.66,0.66
2015,HI,Reading,8,Special Education,216.38,193.84,217.84,239.92,33.57,78.27,19.76,21.73,1.90,1.97,999.00,999.00
2015,ID,Reading,8,Special Education,227.61,203.51,225.83,250.39,35.63,68.42,23.43,31.58,7.77,8.15,999.00,999.00
2015,IL,Reading,8,Special Education,233.20,205.47,234.23,260.49,39.51,58.86,30.14,41.14,9.92,11.00,1.07,1.07
2015,IN,Reading,8,Special Education,234.12,208.41,235.08,260.23,37.89,57.35,32.25,42.65,9.67,10.40,0.73,0.73
2015,IA,Reading,8,Special Education,229.32,206.24,229.97,252.93,36.56,64.89,27.66,35.11,6.61,7.45,0.84,0.84
2015,KS,Reading,8,Special Education,231.56,206.22,231.46,255.32,36.76,61.79,30.02,38.21,6.78,8.18,1.40,1.40
2015,KY,Reading,8,Special Education,236.24,208.64,235.33,263.03,37.76,57.25,30.25,42.75,11.57,12.50,0.92,0.92
2015,LA,Reading,8,Special Education,227.43,203.17,228.35,251.29,35.11,66.67,27.27,33.33,5.78,6.06,999.00,999.00
2015,ME,Reading,8,Special Education,238.06,218.98,238.18,257.88,30.91,56.93,34.93,43.07,7.90,8.14,999.00,999.00
2015,MD,Reading,8,Special Education,239.22,214.48,239.28,264.88,36.94,53.79,32.95,46.21,12.40,13.25,0.85,0.85
2015,MA,Reading,8,Special Education,245.42,222.84,246.57,269.40,34.28,46.22,38.69,53.78,14.36,15.09,0.73,0.73
2015,MI,Reading,8,Special Education,231.49,208.23,232.99,254.97,33.72,62.09,31.63,37.91,6.08,6.28,999.00,999.00
2015,MN,Reading,8,Special Education,232.91,207.88,234.38,257.73,37.44,59.60,30.47,40.40,9.36,9.93,0.57,0.57
2015,MS,Reading,8,Special Education,208.88,182.53,210.97,234.48,37.71,82.03,15.73,17.97,2.00,2.23,999.00,999.00
2015,MO,Reading,8,Special Education,227.35,202.65,227.02,252.27,36.84,66.77,25.59,33.23,7.27,7.64,999.00,999.00
2015,MT,Reading,8,Special Education,235.79,216.61,236.61,255.85,30.81,58.62,34.89,41.38,6.21,6.49,999.00,999.00
2015,NE,Reading,8,Special Education,233.33,210.23,234.91,256.80,34.49,59.67,32.90,40.33,6.84,7.43,0.60,0.60
2015,NV,Reading,8,Special Education,219.74,195.97,218.14,241.40,35.85,76.57,18.41,23.43,4.23,5.02,0.80,0.80
2015,NH,Reading,8,Special Education,246.15,224.05,247.11,268.91,33.69,45.07,40.14,54.93,13.70,14.79,1.09,1.09
2015,NJ,Reading,8,Special Education,243.31,219.79,244.53,268.26,36.45,48.29,36.72,51.71,14.18,14.99,0.81,0.81
2015,NM,Reading,8,Special Education,215.69,193.07,215.51,239.51,33.78,78.16,19.49,21.84,2.32,2.35,999.00,999.00
2015,NY,Reading,8,Special Education,235.47,213.94,235.87,257.37,32.37,58.53,33.36,41.47,7.84,8.12,999.00,999.00
2015,NC,Reading,8,Special Education,220.06,194.24,221.41,248.31,39.67,70.64,24.22,29.36,4.76,5.14,999.00,999.00
2015,ND,Reading,8,Special Education,233.68,214.82,235.00,253.75,30.58,61.37,33.68,38.63,4.71,4.95,999.00,999.00
2015,OH,Reading,8,Special Education,230.68,206.40,232.28,254.93,36.60,62.84,29.09,37.16,7.57,8.07,999.00,999.00
2015,OK,Reading,8,Special Education,224.19,202.33,226.79,249.49,36.12,68.63,27.32,31.37,3.91,4.04,999.00,999.00
2015,OR,Reading,8,Special Education,230.83,210.65,233.39,253.26,32.58,62.99,32.12,37.01,4.77,4.89,999.00,999.00
2015,PA,Reading,8,Special Education,235.30,211.90,234.98,258.17,35.45,59.83,30.15,40.17,9.11,10.02,0.91,0.91
2015,RI,Reading,8,Special Education,230.68,208.42,232.61,253.66,36.15,62.97,29.50,37.03,7.07,7.52,999.00,999.00
2015,SC,Reading,8,Special Education,218.29,196.63,218.81,240.06,31.58,78.18,19.68,21.82,2.14,2.14,999.00,999.00
2015,SD,Reading,8,Special Education,231.66,212.11,231.92,251.95,30.67,64.81,29.89,35.19,5.04,5.31,999.00,999.00
2015,TN,Reading,8,Special Education,232.38,207.80,230.19,256.36,34.16,63.49,27.80,36.51,8.25,8.72,999.00,999.00
2015,TX,Reading,8,Special Education,222.98,198.54,224.00,248.08,36.51,70.22,25.01,29.78,4.66,4.77,999.00,999.00
2015,UT,Reading,8,Special Education,226.56,204.98,227.59,248.76,33.13,68.24,27.26,31.76,4.41,4.50,999.00,999.00
2015,VT,Reading,8,Special Education,240.64,220.89,240.95,261.10,29.84,52.36,39.20,47.64,8.21,8.44,999.00,999.00
2015,VA,Reading,8,Special Education,231.82,207.07,231.13,255.74,36.67,63.07,26.85,36.93,9.62,10.08,999.00,999.00
2015,WA,Reading,8,Special Education,224.74,201.85,226.20,249.01,35.75,68.52,26.50,31.48,4.62,4.98,999.00,999.00
2015,WV,Reading,8,Special Education,220.97,198.40,220.72,241.74,34.35,76.00,19.25,24.00,4.27,4.74,999.00,999.00
2015,WI,Reading,8,Special Education,230.67,208.38,231.18,253.02,32.86,64.33,30.03,35.67,5.23,5.64,999.00,999.00
2015,WY,Reading,8,Special Education,234.46,214.26,234.19,254.45,30.37,61.64,32.33,38.36,5.71,6.03,999.00,999.00
2015,AL,Reading,8,Non-Special Education,263.49,244.57,263.85,283.62,30.03,23.30,48.81,76.70,25.79,27.89,2.10,2.10
2015,AK,Reading,8,Non-Special Education,265.67,244.95,268.96,289.37,34.45,23.26,41.74,76.74,32.05,35.00,2.96,2.96
2015,AZ,Reading,8,Non-Special Education,266.96,246.95,268.22,288.30,30.90,21.26,45.08,78.74,30.98,33.66,2.68,2.68
2015,AR,Reading,8,Non-Special Education,263.55,243.38,264.98,285.09,31.61,24.60,45.89,75.40,27.12,29.51,2.38,2.38
2015,CA,Reading,8,Non-Special Education,263.67,243.26,265.28,286.48,33.25,24.78,44.34,75.22,28.12,30.89,2.76,2.76
2015,CO,Reading,8,Non-Special Education,272.59,253.03,274.60,294.03,30.59,16.67,41.63,83.33,38.03,41.70,3.67,3.67
2015,CT,Reading,8,Non-Special Education,278.34,258.42,279.54,299.98,32.24,12.90,38.97,87.10,40.70,48.12,7.42,7.42
2015,DE,Reading,8,Non-Special Education,269.17,249.26,269.88,289.84,30.74,19.17,45.38,80.83,31.81,35.45,3.64,3.64
2015,DC,Reading,8,Non-Special Education,254.57,231.60,254.00,277.15,35.36,36.83,41.33,63.17,18.77,21.83,3.06,3.06
2015,FL,Reading,8,Non-Special Education,266.98,247.28,268.26,288.14,30.58,20.81,45.63,79.19,30.89,33.56,2.67,2.67
2015,GA,Reading,8,Non-Special Education,265.93,245.30,267.12,287.90,32.30,22.73,44.68,77.27,29.43,32.60,3.17,3.17
2015,HI,Reading,8,Non-Special Education,261.88,241.13,263.26,283.96,32.41,26.82,44.86,73.18,25.83,28.32,2.49,2.49
2015,ID,Reading,8,Non-Special Education,272.94,255.39,274.31,292.39,28.44,13.57,46.06,86.43,37.52,40.36,2.85,2.85
2015,IL,Reading,8,Non-Special Education,271.51,251.10,271.93,292.57,31.13,17.44,44.06,82.56,34.00,38.50,4.49,4.49
2015,IN,Reading,8,Non-Special Education,273.47,254.36,274.63,293.76,29.97,14.83,44.02,85.17,36.98,41.15,4.17,4.17
2015,IA,Reading,8,Non-Special Education,273.39,255.44,273.86,292.02,27.24,13.09,47.52,86.91,36.27,39.39,3.12,3.12
2015,KS,Reading,8,Non-Special Education,271.38,252.92,272.80,291.09,29.26,16.15,45.55,83.85,35.13,38.30,3.17,3.17
2015,KY,Reading,8,Non-Special Education,271.20,250.50,272.31,292.79,31.36,18.29,42.98,81.71,34.24,38.73,4.49,4.49
2015,LA,Reading,8,Non-Special Education,260.97,240.42,262.14,282.45,31.10,27.56,45.74,72.44,24.86,26.70,1.84,1.84
2015,ME,Reading,8,Non-Special Education,274.56,258.03,275.42,292.22,26.11,11.12,47.75,88.88,38.56,41.13,2.57,2.57
2015,MD,Reading,8,Non-Special Education,271.71,248.81,272.44,295.60,33.71,19.78,39.64,80.22,34.72,40.58,5.85,5.85
2015,MA,Reading,8,Non-Special Education,280.89,262.28,282.81,302.00,31.29,10.67,36.93,89.33,44.99,52.40,7.42,7.42
2015,MI,Reading,8,Non-Special Education,268.64,248.92,269.43,289.17,30.08,19.67,45.32,80.33,31.96,35.01,3.05,3.05
2015,MN,Reading,8,Non-Special Education,275.38,256.92,276.58,295.83,30.01,13.22,43.01,86.78,39.14,43.77,4.63,4.63
2015,MS,Reading,8,Non-Special Education,256.39,235.82,257.24,277.77,31.19,32.58,45.55,67.42,20.68,21.87,1.19,1.19
2015,MO,Reading,8,Non-Special Education,272.15,252.10,273.39,293.28,30.40,17.20,42.65,82.80,36.25,40.16,3.91,3.91
2015,MT,Reading,8,Non-Special Education,274.01,256.16,274.48,293.01,27.87,12.74,46.79,87.26,36.92,40.47,3.55,3.55
2015,NE,Reading,8,Non-Special Education,274.77,257.31,275.83,293.91,28.04,12.47,45.24,87.53,38.78,42.29,3.51,3.51
2015,NV,Reading,8,Non-Special Education,263.40,243.35,264.80,285.20,31.27,24.73,45.61,75.27,27.69,29.65,1.96,1.96
2015,NH,Reading,8,Non-Special Education,280.53,262.59,281.68,299.74,28.05,9.03,39.93,90.97,45.38,51.04,5.66,5.66
2015,NJ,Reading,8,Non-Special Education,276.53,256.15,277.74,298.56,32.35,14.12,40.01,85.88,39.29,45.87,6.58,6.58
2015,NM,Reading,8,Non-Special Education,258.55,239.50,259.51,278.95,29.57,28.72,48.64,71.28,21.64,22.64,1.00,1.00
2015,NY,Reading,8,Non-Special Education,268.69,248.10,270.74,292.37,34.71,20.95,41.46,79.05,33.07,37.59,4.52,4.52
2015,NC,Reading,8,Non-Special Education,267.24,247.24,268.78,289.25,33.10,21.33,44.16,78.67,30.73,34.51,3.78,3.78
2015,ND,Reading,8,Non-Special Education,271.73,254.94,273.03,289.99,26.57,13.68,48.53,86.32,35.95,37.78,1.84,1.84
2015,OH,Reading,8,Non-Special Education,271.63,251.01,273.20,293.70,31.70,17.76,42.23,82.24,35.64,40.02,4.38,4.38
2015,OK,Reading,8,Non-Special Education,269.72,252.68,270.78,287.72,26.54,15.88,50.04,84.12,32.24,34.08,1.84,1.84
2015,OR,Reading,8,Non-Special Education,273.25,254.20,273.90,293.60,30.05,14.89,44.79,85.11,35.95,40.32,4.37,4.37
2015,PA,Reading,8,Non-Special Education,274.78,254.58,276.60,296.86,31.73,15.68,39.97,84.32,39.16,44.35,5.19,5.19
2015,RI,Reading,8,Non-Special Education,270.89,251.07,272.74,293.26,32.91,17.83,42.79,82.17,35.05,39.38,4.33,4.33
2015,SC,Reading,8,Non-Special Education,265.51,245.52,266.32,286.15,30.20,22.53,46.55,77.47,28.46,30.92,2.46,2.46
2015,SD,Reading,8,Non-Special Education,271.27,253.51,272.48,290.45,28.79,14.96,47.23,85.04,35.07,37.81,2.74,2.74
2015,TN,Reading,8,Non-Special Education,269.22,249.63,270.19,290.42,31.06,18.97,44.91,81.03,32.73,36.12,3.40,3.40
2015,TX,Reading,8,Non-Special Education,264.99,245.45,265.92,286.05,31.61,22.60,46.71,77.40,27.95,30.69,2.74,2.74
2015,UT,Reading,8,Non-Special Education,274.23,255.46,275.18,293.94,29.30,14.01,44.29,85.99,37.45,41.70,4.25,4.25
2015,VT,Reading,8,Non-Special Education,281.34,263.01,282.09,301.15,28.89,8.82,39.52,91.18,44.88,51.66,6.78,6.78
2015,VA,Reading,8,Non-Special Education,272.01,252.43,273.36,293.10,30.54,16.75,43.53,83.25,35.89,39.71,3.83,3.83
2015,WA,Reading,8,Non-Special Education,272.66,252.25,274.30,294.76,32.25,17.43,41.03,82.57,36.59,41.54,4.95,4.95
2015,WV,Reading,8,Non-Special Education,265.67,247.03,266.72,285.32,28.61,20.97,48.67,79.03,28.52,30.36,1.84,1.84
2015,WI,Reading,8,Non-Special Education,275.04,255.70,276.41,295.69,30.21,14.49,41.82,85.51,38.89,43.68,4.79,4.79
2015,WY,Reading,8,Non-Special Education,274.11,256.53,274.75,292.52,27.41,12.42,47.00,87.58,37.23,40.58,3.35,3.35
2017,AL,Mathematics,4,Special Education,203.31,180.46,201.57,225.23,32.22,63.51,27.39,36.49,8.54,9.10,0.57,0.57
2017,AK,Mathematics,4,Special Education,199.40,173.77,198.12,225.63,36.87,65.58,24.34,34.42,9.15,10.08,0.93,0.93
2017,AZ,Mathematics,4,Special Education,207.64,184.86,206.71,229.57,33.12,57.89,31.69,42.11,8.63,10.42,1.79,1.79
2017,AR,Mathematics,4,Special Education,208.67,184.86,206.90,230.04,33.73,58.73,28.78,41.27,9.86,12.49,2.63,2.63
2017,CA,Mathematics,4,Special Education,201.88,176.21,196.50,223.44,34.86,68.30,20.60,31.70,8.95,11.09,2.15,2.15
2017,CO,Mathematics,4,Special Education,206.68,183.67,205.82,229.26,33.51,59.15,30.80,40.85,8.19,10.05,1.86,1.86
2017,CT,Mathematics,4,Special Education,211.53,188.55,211.72,234.39,33.52,52.71,33.85,47.29,11.84,13.44,1.60,1.60
2017,DE,Mathematics,4,Special Education,207.73,182.89,207.51,231.04,35.90,56.90,30.39,43.10,10.52,12.71,2.19,2.19
2017,DC,Mathematics,4,Special Education,200.44,174.79,195.48,221.29,36.99,68.95,20.95,31.05,6.88,10.11,3.23,3.23
2017,FL,Mathematics,4,Special Education,230.10,210.80,229.20,250.34,28.74,28.63,45.21,71.37,22.40,26.15,3.75,3.75
2017,GA,Mathematics,4,Special Education,210.42,186.00,208.08,233.17,34.91,57.14,28.56,42.86,11.68,14.30,2.62,2.62
2017,HI,Mathematics,4,Special Education,202.58,180.80,198.57,222.07,30.64,68.54,23.38,31.46,6.64,8.08,1.44,1.44
2017,ID,Mathematics,4,Special Education,210.20,187.19,207.81,231.92,31.83,57.23,30.59,42.77,10.67,12.18,1.51,1.51
2017,IL,Mathematics,4,Special Education,209.40,185.23,206.16,232.54,34.50,59.11,26.60,40.89,11.61,14.28,2.68,2.68
2017,IN,Mathematics,4,Special Education,219.65,195.46,218.88,243.56,34.03,44.49,34.99,55.51,17.21,20.52,3.31,3.31
2017,IA,Mathematics,4,Special Education,209.45,186.65,208.18,230.03,32.09,57.42,29.82,42.58,11.58,12.75,1.18,1.18
2017,KS,Mathematics,4,Special Education,215.06,193.06,214.34,237.06,30.66,49.35,36.46,50.65,13.10,14.19,1.08,1.08
2017,KY,Mathematics,4,Special Education,216.04,191.49,215.32,242.43,35.27,48.48,31.61,51.52,17.87,19.92,2.05,2.05
2017,LA,Mathematics,4,Special Education,204.07,180.01,202.63,227.23,35.09,62.38,27.15,37.62,8.82,10.47,1.65,1.65
2017,ME,Mathematics,4,Special Education,210.97,189.69,210.12,231.08,30.50,54.78,34.02,45.22,10.15,11.20,1.05,1.05
2017,MD,Mathematics,4,Special Education,207.50,182.85,206.17,231.72,35.38,58.42,28.69,41.58,11.00,12.89,1.89,1.89
2017,MA,Mathematics,4,Special Education,225.45,205.24,225.20,245.65,29.72,35.59,42.70,64.41,18.70,21.71,3.01,3.01
2017,MI,Mathematics,4,Special Education,207.56,182.61,204.42,232.48,34.32,59.07,27.72,40.93,11.42,13.21,1.80,1.80
2017,MN,Mathematics,4,Special Education,228.17,198.77,229.01,255.15,38.75,37.47,31.70,62.53,21.43,30.83,9.39,9.39
2017,MS,Mathematics,4,Special Education,215.29,193.38,213.82,235.62,30.75,50.27,35.10,49.73,12.78,14.64,1.86,1.86
2017,MO,Mathematics,4,Special Education,215.69,193.14,214.92,238.37,33.23,49.00,35.19,51.00,13.54,15.80,2.26,2.26
2017,MT,Mathematics,4,Special Education,211.55,188.48,212.63,234.29,31.50,51.13,37.65,48.87,10.62,11.22,0.60,0.60
2017,NE,Mathematics,4,Special Education,221.42,196.18,220.92,245.52,34.95,42.81,35.15,57.19,17.79,22.05,4.25,4.25
2017,NV,Mathematics,4,Special Education,202.36,177.55,199.31,226.65,34.44,65.57,23.24,34.43,10.46,11.19,0.73,0.73
2017,NH,Mathematics,4,Special Education,218.44,197.60,216.95,237.26,29.82,46.00,38.01,54.00,14.04,15.99,1.95,1.95
2017,NJ,Mathematics,4,Special Education,223.99,201.70,225.14,246.64,33.33,36.76,40.32,63.24,19.61,22.92,3.31,3.31
2017,NM,Mathematics,4,Special Education,201.75,183.40,199.50,218.12,27.05,70.48,24.05,29.52,5.01,5.47,999.00,999.00
2017,NY,Mathematics,4,Special Education,209.04,186.64,207.00,230.08,30.47,58.19,30.55,41.81,10.46,11.26,0.80,0.80
2017,NC,Mathematics,4,Special Education,211.68,189.41,210.60,233.11,31.19,54.52,32.20,45.48,12.15,13.28,1.13,1.13
2017,ND,Mathematics,4,Special Education,215.69,194.27,215.30,234.69,30.37,48.19,38.12,51.81,11.57,13.69,2.12,2.12
2017,OH,Mathematics,4,Special Education,211.65,191.52,211.21,231.06,29.88,53.60,36.74,46.40,8.04,9.65,1.61,1.61
2017,OK,Mathematics,4,Special Education,217.00,196.03,215.90,239.11,30.55,47.75,36.03,52.25,15.30,16.22,0.92,0.92
2017,OR,Mathematics,4,Special Education,205.65,178.80,202.91,231.86,37.72,60.60,25.89,39.40,10.40,13.52,3.11,3.11
2017,PA,Mathematics,4,Special Education,218.17,191.98,215.17,243.44,36.61,48.41,30.37,51.59,16.27,21.22,4.95,4.95
2017,RI,Mathematics,4,Special Education,202.88,178.34,201.90,225.72,34.95,63.77,25.63,36.23,9.13,10.60,1.48,1.48
2017,SC,Mathematics,4,Special Education,203.66,183.05,202.34,222.61,32.26,65.19,26.38,34.81,6.93,8.43,1.49,1.49
2017,SD,Mathematics,4,Special Education,217.82,195.87,217.08,240.38,32.10,46.16,36.22,53.84,15.41,17.62,2.21,2.21
2017,TN,Mathematics,4,Special Education,210.60,186.72,209.47,232.53,32.58,55.36,31.40,44.64,12.13,13.24,1.10,1.10
2017,TX,Mathematics,4,Special Education,218.82,196.68,219.56,240.57,32.09,43.36,38.38,56.64,16.35,18.26,1.91,1.91
2017,UT,Mathematics,4,Special Education,213.43,184.73,209.57,238.65,37.84,54.39,26.53,45.61,14.30,19.09,4.79,4.79
2017,VT,Mathematics,4,Special Education,207.01,184.34,206.03,228.47,31.17,59.19,31.82,40.81,7.71,8.99,1.28,1.28
2017,VA,Mathematics,4,Special Education,224.22,201.01,221.23,248.10,32.41,41.21,34.33,58.79,20.55,24.46,3.92,3.92
2017,WA,Mathematics,4,Special Education,213.49,186.29,208.62,237.07,37.82,55.14,27.22,44.86,11.85,17.64,5.79,5.79
2017,WV,Mathematics,4,Special Education,212.38,188.34,212.27,235.99,34.15,51.90,34.02,48.10,11.37,14.07,2.71,2.71
2017,WI,Mathematics,4,Special Education,213.52,188.98,210.67,235.77,35.16,53.82,29.98,46.18,12.47,16.20,3.73,3.73
2017,WY,Mathematics,4,Special Education,222.15,198.38,220.92,244.46,32.69,41.53,36.99,58.47,17.74,21.48,3.74,3.74
2017,AL,Mathematics,4,Non-Special Education,235.93,217.14,237.23,255.71,27.70,21.86,44.06,78.14,30.13,34.08,3.95,3.95
2017,AK,Mathematics,4,Non-Special Education,235.48,216.04,237.42,257.81,31.71,23.17,41.69,76.83,29.23,35.14,5.92,5.92
2017,AZ,Mathematics,4,Non-Special Education,237.50,215.97,237.71,259.39,31.23,23.13,40.31,76.87,28.98,36.56,7.58,7.58
2017,AR,Mathematics,4,Non-Special Education,238.07,219.64,239.01,257.55,28.27,19.34,44.54,80.66,30.81,36.13,5.32,5.32
2017,CA,Mathematics,4,Non-Special Education,235.51,214.20,235.57,256.48,30.98,24.79,41.83,75.21,26.69,33.38,6.69,6.69
2017,CO,Mathematics,4,Non-Special Education,244.86,225.36,246.20,265.28,29.31,15.06,38.60,84.94,36.73,46.34,9.61,9.61
2017,CT,Mathematics,4,Non-Special Education,243.73,224.43,244.83,263.61,28.65,15.47,40.31,84.53,35.57,44.22,8.65,8.65
2017,DE,Mathematics,4,Non-Special Education,242.02,223.08,242.52,261.24,28.36,16.32,42.94,83.68,32.91,40.74,7.83,7.83
2017,DC,Mathematics,4,Non-Special Education,236.70,214.14,236.59,258.53,32.39,24.89,39.87,75.11,26.97,35.24,8.27,8.27
2017,FL,Mathematics,4,Non-Special Education,249.40,232.02,249.99,267.32,26.03,8.83,39.66,91.17,41.20,51.51,10.31,10.31
2017,GA,Mathematics,4,Non-Special Education,240.16,220.60,240.50,259.76,28.71,18.45,43.05,81.55,31.44,38.50,7.06,7.06
2017,HI,Mathematics,4,Non-Special Education,241.12,222.16,242.49,260.92,28.27,17.21,41.96,82.79,34.05,40.82,6.77,6.77
2017,ID,Mathematics,4,Non-Special Education,243.45,225.26,244.56,262.17,27.11,14.21,42.32,85.79,36.13,43.47,7.35,7.35
2017,IL,Mathematics,4,Non-Special Education,242.83,221.41,243.15,264.61,30.73,17.96,39.45,82.04,32.50,42.59,10.08,10.08
2017,IN,Mathematics,4,Non-Special Education,251.50,232.55,251.26,270.56,28.04,8.81,38.08,91.19,39.34,53.11,13.78,13.78
2017,IA,Mathematics,4,Non-Special Education,248.53,230.46,249.68,267.61,27.76,10.77,38.19,89.23,40.45,51.04,10.59,10.59
2017,KS,Mathematics,4,Non-Special Education,245.33,227.50,246.32,264.08,27.10,12.79,41.03,87.21,37.92,46.18,8.26,8.26
2017,KY,Mathematics,4,Non-Special Education,243.13,224.70,244.27,262.31,27.74,15.03,41.80,84.97,35.90,43.17,7.27,7.27
2017,LA,Mathematics,4,Non-Special Education,234.02,216.13,234.65,252.94,26.94,22.68,47.25,77.32,27.01,30.07,3.06,3.06
2017,ME,Mathematics,4,Non-Special Education,246.74,229.94,247.06,264.19,25.84,10.09,42.80,89.91,38.88,47.11,8.23,8.23
2017,MD,Mathematics,4,Non-Special Education,245.31,223.87,246.13,267.47,31.43,16.62,36.85,83.38,34.17,46.53,12.36,12.36
2017,MA,Mathematics,4,Non-Special Education,254.41,236.29,256.00,273.60,27.70,7.80,32.29,92.20,44.32,59.91,15.59,15.59
2017,MI,Mathematics,4,Non-Special Education,238.85,217.79,239.64,260.33,30.81,21.43,40.44,78.57,30.24,38.14,7.90,7.90
2017,MN,Mathematics,4,Non-Special Education,251.76,232.78,253.25,272.38,30.02,10.65,33.67,89.35,40.52,55.68,15.16,15.16
2017,MS,Mathematics,4,Non-Special Education,237.55,219.67,237.96,255.68,26.09,18.70,47.42,81.30,29.64,33.88,4.24,4.24
2017,MO,Mathematics,4,Non-Special Education,243.54,224.45,245.06,263.76,28.84,16.12,39.38,83.88,36.11,44.50,8.38,8.38
2017,MT,Mathematics,4,Non-Special Education,244.78,227.26,245.95,263.46,26.33,12.40,42.08,87.60,38.77,45.51,6.74,6.74
2017,NE,Mathematics,4,Non-Special Education,250.12,232.74,251.47,268.48,26.27,9.30,37.09,90.70,42.79,53.61,10.82,10.82
2017,NV,Mathematics,4,Non-Special Education,235.37,216.69,236.75,255.49,29.02,22.28,44.53,77.72,29.09,33.19,4.10,4.10
2017,NH,Mathematics,4,Non-Special Education,250.92,233.69,251.82,269.01,26.15,8.19,37.50,91.81,42.86,54.32,11.46,11.46
2017,NJ,Mathematics,4,Non-Special Education,252.48,234.03,252.59,271.01,27.03,7.89,36.95,92.11,41.09,55.16,14.07,14.07
2017,NM,Mathematics,4,Non-Special Education,234.47,215.06,234.51,253.98,28.42,23.86,45.25,76.14,26.15,30.89,4.74,4.74
2017,NY,Mathematics,4,Non-Special Education,240.57,222.37,242.06,260.02,28.42,17.39,42.55,82.61,33.75,40.06,6.32,6.32
2017,NC,Mathematics,4,Non-Special Education,245.89,227.20,246.76,265.37,28.23,13.34,39.80,86.66,37.01,46.86,9.86,9.86
2017,ND,Mathematics,4,Non-Special Education,248.45,231.70,249.38,266.14,25.51,9.63,39.85,90.37,41.65,50.52,8.87,8.87
2017,OH,Mathematics,4,Non-Special Education,245.78,227.24,246.59,264.26,27.77,13.07,40.55,86.93,36.99,46.37,9.39,9.39
2017,OK,Mathematics,4,Non-Special Education,241.42,225.11,242.18,258.81,25.60,13.84,47.15,86.16,33.93,39.02,5.08,5.08
2017,OR,Mathematics,4,Non-Special Education,237.26,216.94,237.89,258.79,30.98,22.16,41.61,77.84,29.17,36.23,7.06,7.06
2017,PA,Mathematics,4,Non-Special Education,245.99,226.31,247.18,266.88,30.05,14.36,37.89,85.64,36.68,47.74,11.07,11.07
2017,RI,Mathematics,4,Non-Special Education,243.00,225.24,244.12,262.37,28.09,14.80,42.15,85.20,35.56,43.05,7.48,7.48
2017,SC,Mathematics,4,Non-Special Education,238.92,219.76,238.93,258.03,27.70,18.79,45.54,81.21,29.46,35.67,6.21,6.21
2017,SD,Mathematics,4,Non-Special Education,245.95,229.03,247.34,263.80,26.17,11.56,40.98,88.44,39.76,47.47,7.71,7.71
2017,TN,Mathematics,4,Non-Special Education,240.18,220.65,240.89,260.58,29.15,18.44,42.53,81.56,31.79,39.02,7.23,7.23
2017,TX,Mathematics,4,Non-Special Education,244.21,224.90,244.98,264.65,29.24,14.77,40.63,85.23,35.33,44.60,9.27,9.27
2017,UT,Mathematics,4,Non-Special Education,246.65,227.79,248.37,266.28,28.84,13.47,37.42,86.53,38.99,49.11,10.12,10.12
2017,VT,Mathematics,4,Non-Special Education,247.86,229.79,248.31,266.95,27.37,10.80,40.16,89.20,38.82,49.03,10.22,10.22
2017,VA,Mathematics,4,Non-Special Education,251.25,232.45,251.71,270.74,27.97,9.55,36.74,90.45,40.07,53.70,13.63,13.63
2017,WA,Mathematics,4,Non-Special Education,245.36,225.27,245.71,265.57,30.06,14.89,39.48,85.11,34.52,45.63,11.11,11.11
2017,WV,Mathematics,4,Non-Special Education,242.02,224.89,242.70,259.61,25.74,13.87,45.92,86.13,34.41,40.21,5.81,5.81
2017,WI,Mathematics,4,Non-Special Education,244.52,225.45,245.87,265.28,29.57,15.39,38.84,84.61,36.10,45.77,9.68,9.68
2017,WY,Mathematics,4,Non-Special Education,251.98,235.62,252.45,268.90,24.76,6.51,37.96,93.49,44.52,55.54,11.02,11.02
2017,AL,Mathematics,8,Special Education,229.22,206.85,226.71,248.74,33.17,84.97,12.32,15.03,1.95,2.71,0.75,0.75
2017,AK,Mathematics,8,Special Education,238.23,213.00,237.55,262.71,36.43,74.33,20.99,25.67,3.69,4.68,0.99,0.99
2017,AZ,Mathematics,8,Special Education,240.77,214.28,238.63,264.79,38.22,73.00,19.44,27.00,5.74,7.56,1.81,1.81
2017,AR,Mathematics,8,Special Education,236.42,211.28,233.98,257.68,36.37,78.86,14.82,21.14,5.37,6.33,0.96,0.96
2017,CA,Mathematics,8,Special Education,235.04,209.83,230.75,256.03,36.70,79.68,14.84,20.32,3.58,5.48,1.90,1.90
2017,CO,Mathematics,8,Special Education,246.39,218.06,243.90,272.71,42.93,66.71,22.44,33.29,7.67,10.85,3.18,3.18
2017,CT,Mathematics,8,Special Education,251.75,223.42,248.22,279.39,39.94,61.65,24.79,38.35,10.94,13.57,2.63,2.63
2017,DE,Mathematics,8,Special Education,242.22,218.73,239.16,262.93,33.22,74.02,20.17,25.98,4.67,5.81,1.14,1.14
2017,DC,Mathematics,8,Special Education,229.85,208.54,228.12,249.11,33.26,84.50,12.13,15.50,3.13,3.37,999.00,999.00
2017,FL,Mathematics,8,Special Education,256.59,233.07,253.82,276.32,34.30,60.59,27.66,39.41,9.11,11.75,2.64,2.64
2017,GA,Mathematics,8,Special Education,251.38,227.84,249.83,273.50,35.25,64.38,26.80,35.62,7.42,8.82,1.40,1.40
2017,HI,Mathematics,8,Special Education,236.20,215.95,234.26,255.70,29.67,80.37,17.06,19.63,2.58,2.58,999.00,999.00
2017,ID,Mathematics,8,Special Education,237.19,211.96,234.63,260.25,36.64,76.39,17.93,23.61,4.27,5.68,1.41,1.41
2017,IL,Mathematics,8,Special Education,241.59,218.17,238.55,261.13,34.45,75.75,17.37,24.25,5.52,6.87,1.35,1.35
2017,IN,Mathematics,8,Special Education,258.68,232.84,253.11,282.97,36.27,59.25,25.28,40.75,12.41,15.47,3.06,3.06
2017,IA,Mathematics,8,Special Education,242.29,221.04,239.78,261.46,31.53,75.71,19.66,24.29,4.11,4.63,0.53,0.53
2017,KS,Mathematics,8,Special Education,246.97,226.74,245.19,265.59,31.54,71.40,23.22,28.60,3.97,5.38,1.41,1.41
2017,KY,Mathematics,8,Special Education,243.00,218.69,240.53,265.64,34.85,72.24,20.81,27.76,6.43,6.95,0.52,0.52
2017,LA,Mathematics,8,Special Education,240.43,216.91,238.65,259.88,35.06,76.93,16.80,23.07,5.03,6.27,1.23,1.23
2017,ME,Mathematics,8,Special Education,244.88,222.10,243.92,265.56,33.40,71.63,22.09,28.37,5.17,6.28,1.11,1.11
2017,MD,Mathematics,8,Special Education,242.83,221.14,241.66,261.97,33.26,74.95,19.42,25.05,4.55,5.63,1.09,1.09
2017,MA,Mathematics,8,Special Education,263.41,238.86,261.12,288.17,35.02,50.97,32.59,49.03,13.64,16.45,2.81,2.81
2017,MI,Mathematics,8,Special Education,241.02,221.28,238.44,257.85,29.53,78.93,17.26,21.07,3.19,3.81,0.61,0.61
2017,MN,Mathematics,8,Special Education,255.93,230.64,254.39,279.92,36.00,57.94,30.13,42.06,9.42,11.93,2.50,2.50
2017,MS,Mathematics,8,Special Education,236.93,214.30,234.62,256.09,33.28,80.52,15.37,19.48,2.77,4.11,1.34,1.34
2017,MO,Mathematics,8,Special Education,243.83,221.38,242.83,264.94,34.41,72.28,21.70,27.72,5.26,6.02,0.76,0.76
2017,MT,Mathematics,8,Special Education,242.77,218.66,243.00,265.99,37.07,71.27,22.06,28.73,5.35,6.67,1.32,1.32
2017,NE,Mathematics,8,Special Education,247.49,223.36,246.28,269.52,34.43,68.23,24.16,31.77,6.56,7.61,1.05,1.05
2017,NV,Mathematics,8,Special Education,239.18,215.75,235.80,258.23,37.45,78.18,15.06,21.82,4.46,6.76,2.30,2.30
2017,NH,Mathematics,8,Special Education,260.85,237.61,258.36,281.82,33.60,54.44,31.92,45.56,11.46,13.64,2.18,2.18
2017,NJ,Mathematics,8,Special Education,252.52,226.35,248.57,274.89,38.60,63.88,24.41,36.12,7.91,11.71,3.80,3.80
2017,NM,Mathematics,8,Special Education,232.30,211.97,230.68,249.72,30.93,85.47,11.37,14.53,2.67,3.16,999.00,999.00
2017,NY,Mathematics,8,Special Education,248.26,224.92,246.26,268.49,35.44,68.80,23.14,31.20,5.67,8.06,2.39,2.39
2017,NC,Mathematics,8,Special Education,240.92,216.29,238.34,263.91,35.72,73.72,19.69,26.28,6.09,6.59,0.50,0.50
2017,ND,Mathematics,8,Special Education,253.39,230.35,250.80,275.90,35.46,62.03,27.61,37.97,8.44,10.36,1.92,1.92
2017,OH,Mathematics,8,Special Education,249.95,224.78,247.30,273.91,37.07,64.96,25.53,35.04,7.23,9.52,2.29,2.29
2017,OK,Mathematics,8,Special Education,239.50,221.17,238.00,256.95,28.22,79.96,17.85,20.04,1.84,2.19,999.00,999.00
2017,OR,Mathematics,8,Special Education,247.16,222.13,242.33,268.18,36.85,69.89,19.79,30.11,8.10,10.32,2.21,2.21
2017,PA,Mathematics,8,Special Education,249.61,227.24,247.79,269.79,32.89,67.44,24.89,32.56,6.54,7.67,1.13,1.13
2017,RI,Mathematics,8,Special Education,242.56,218.08,240.65,265.36,35.27,71.86,21.81,28.14,5.31,6.33,1.02,1.02
2017,SC,Mathematics,8,Special Education,237.30,214.72,235.98,258.59,33.35,78.12,17.83,21.88,3.58,4.05,999.00,999.00
2017,SD,Mathematics,8,Special Education,242.19,220.29,243.53,265.18,35.78,71.22,23.34,28.78,4.90,5.44,0.54,0.54
2017,TN,Mathematics,8,Special Education,242.24,218.17,240.73,264.17,34.74,73.11,20.83,26.89,5.16,6.07,0.91,0.91
2017,TX,Mathematics,8,Special Education,250.46,226.26,246.13,271.97,35.06,66.96,23.16,33.04,8.19,9.88,1.69,1.69
2017,UT,Mathematics,8,Special Education,242.83,220.32,241.52,264.16,34.34,72.66,21.52,27.34,5.30,5.82,0.53,0.53
2017,VT,Mathematics,8,Special Education,250.77,227.67,250.13,272.70,34.05,63.95,28.12,36.05,6.67,7.93,1.26,1.26
2017,VA,Mathematics,8,Special Education,254.53,231.79,252.34,274.85,32.45,61.17,29.39,38.83,8.07,9.44,1.37,1.37
2017,WA,Mathematics,8,Special Education,249.21,224.74,245.68,270.15,37.55,67.84,22.39,32.16,6.97,9.77,2.80,2.80
2017,WV,Mathematics,8,Special Education,233.91,215.31,233.36,253.41,29.12,83.16,15.30,16.84,1.55,1.55,999.00,999.00
2017,WI,Mathematics,8,Special Education,250.66,223.58,248.80,274.30,37.88,64.12,25.38,35.88,7.58,10.50,2.93,2.93
2017,WY,Mathematics,8,Special Education,254.39,234.23,253.43,273.57,30.09,61.30,30.81,38.70,7.23,7.89,0.66,0.66
2017,AL,Mathematics,8,Non-Special Education,272.54,247.54,270.29,296.04,34.93,41.03,36.24,58.97,17.78,22.73,4.95,4.95
2017,AK,Mathematics,8,Non-Special Education,282.52,257.81,282.37,307.74,37.02,28.64,38.66,71.36,23.55,32.71,9.15,9.15
2017,AZ,Mathematics,8,Non-Special Education,286.66,262.27,286.11,311.19,35.88,24.75,38.95,75.25,26.30,36.29,9.99,9.99
2017,AR,Mathematics,8,Non-Special Education,278.85,255.07,277.78,302.50,34.06,32.31,39.60,67.69,22.10,28.09,5.99,5.99
2017,CA,Mathematics,8,Non-Special Education,281.65,253.99,279.78,307.32,39.06,32.50,35.51,67.50,21.67,31.99,10.32,10.32
2017,CO,Mathematics,8,Non-Special Education,290.87,266.21,290.67,316.35,36.34,21.48,37.07,78.52,28.88,41.45,12.57,12.57
2017,CT,Mathematics,8,Non-Special Education,289.74,265.31,289.49,314.68,35.83,22.15,37.71,77.85,28.57,40.14,11.56,11.56
2017,DE,Mathematics,8,Non-Special Education,284.56,260.52,282.54,308.14,34.42,26.48,40.93,73.52,23.48,32.60,9.12,9.12
2017,DC,Mathematics,8,Non-Special Education,273.21,246.04,270.09,298.42,39.81,41.23,34.19,58.77,16.35,24.59,8.24,8.24
2017,FL,Mathematics,8,Non-Special Education,282.59,257.58,281.22,306.72,35.19,29.46,38.71,70.54,23.71,31.83,8.13,8.13
2017,GA,Mathematics,8,Non-Special Education,284.95,259.37,283.72,309.68,35.95,27.50,38.12,72.50,24.71,34.38,9.67,9.67
2017,HI,Mathematics,8,Non-Special Education,281.74,258.38,280.29,304.60,34.23,28.69,41.37,71.31,22.58,29.94,7.36,7.36
2017,ID,Mathematics,8,Non-Special Education,289.35,266.14,288.94,312.53,34.21,21.20,40.31,78.80,28.05,38.50,10.45,10.45
2017,IL,Mathematics,8,Non-Special Education,287.76,262.11,285.94,311.85,36.27,24.84,38.78,75.16,25.27,36.39,11.12,11.12
2017,IN,Mathematics,8,Non-Special Education,292.24,267.46,291.11,315.76,34.88,20.05,38.68,79.95,28.34,41.28,12.93,12.93
2017,IA,Mathematics,8,Non-Special Education,292.40,270.08,291.78,314.46,32.32,17.13,41.27,82.87,30.64,41.60,10.96,10.96
2017,KS,Mathematics,8,Non-Special Education,290.46,267.08,289.67,313.37,33.48,20.08,40.50,79.92,28.75,39.42,10.67,10.67
2017,KY,Mathematics,8,Non-Special Education,282.44,257.44,281.58,306.58,35.26,29.48,38.64,70.52,23.90,31.88,7.98,7.98
2017,LA,Mathematics,8,Non-Special Education,271.68,248.55,270.92,294.76,33.52,39.62,39.11,60.38,17.82,21.27,3.45,3.45
2017,ME,Mathematics,8,Non-Special Education,292.82,269.19,292.26,316.25,33.34,18.37,38.94,81.63,30.76,42.69,11.93,11.93
2017,MD,Mathematics,8,Non-Special Education,286.20,258.84,284.60,313.40,38.61,27.94,35.69,72.06,24.31,36.37,12.06,12.06
2017,MA,Mathematics,8,Non-Special Education,304.33,280.79,305.27,328.89,36.31,12.01,31.09,87.99,35.44,56.89,21.45,21.45
2017,MI,Mathematics,8,Non-Special Education,284.50,259.17,284.45,309.91,37.18,27.53,37.66,72.47,24.83,34.81,9.98,9.98
2017,MN,Mathematics,8,Non-Special Education,299.01,275.89,299.81,322.84,35.21,14.80,34.24,85.20,34.37,50.95,16.58,16.58
2017,MS,Mathematics,8,Non-Special Education,274.53,251.11,273.20,297.15,32.96,36.63,40.00,63.37,19.09,23.37,4.27,4.27
2017,MO,Mathematics,8,Non-Special Education,285.86,263.04,284.79,308.25,33.13,23.97,42.32,76.03,25.16,33.72,8.56,8.56
2017,MT,Mathematics,8,Non-Special Education,291.58,270.93,292.63,312.78,31.46,17.35,40.97,82.65,32.81,41.68,8.87,8.87
2017,NE,Mathematics,8,Non-Special Education,295.20,272.39,295.98,318.43,33.39,16.31,37.29,83.69,33.49,46.40,12.91,12.91
2017,NV,Mathematics,8,Non-Special Education,279.18,253.37,277.95,304.50,36.06,33.28,37.08,66.72,22.59,29.64,7.06,7.06
2017,NH,Mathematics,8,Non-Special Education,299.45,277.75,300.21,321.97,32.40,12.22,36.34,87.78,36.27,51.44,15.18,15.18
2017,NJ,Mathematics,8,Non-Special Education,299.51,273.91,299.14,325.43,36.28,15.63,34.23,84.37,31.24,50.14,18.90,18.90
2017,NM,Mathematics,8,Non-Special Education,275.53,252.38,274.33,296.92,33.31,35.49,41.42,64.51,17.90,23.09,5.19,5.19
2017,NY,Mathematics,8,Non-Special Education,288.54,262.61,288.18,314.16,37.28,24.46,36.41,75.54,27.29,39.13,11.84,11.84
2017,NC,Mathematics,8,Non-Special Education,288.08,261.20,287.87,314.53,38.22,25.69,35.19,74.31,26.62,39.12,12.50,12.50
2017,ND,Mathematics,8,Non-Special Education,293.41,272.11,294.19,315.15,31.84,16.12,39.81,83.88,33.75,44.07,10.32,10.32
2017,OH,Mathematics,8,Non-Special Education,293.94,268.59,294.15,320.03,37.29,19.73,35.03,80.27,30.92,45.24,14.32,14.32
2017,OK,Mathematics,8,Non-Special Education,281.19,259.92,280.35,302.26,31.25,27.34,44.45,72.66,23.02,28.21,5.19,5.19
2017,OR,Mathematics,8,Non-Special Education,287.55,262.79,287.04,311.84,35.20,24.31,38.40,75.69,26.90,37.29,10.39,10.39
2017,PA,Mathematics,8,Non-Special Education,292.93,268.04,293.05,318.21,36.02,20.02,36.43,79.98,30.07,43.55,13.48,13.48
2017,RI,Mathematics,8,Non-Special Education,283.26,258.79,284.44,308.37,35.43,27.58,37.99,72.42,27.09,34.42,7.33,7.33
2017,SC,Mathematics,8,Non-Special Education,280.05,255.53,278.84,303.74,34.40,31.66,38.87,68.34,22.94,29.47,6.53,6.53
2017,SD,Mathematics,8,Non-Special Education,292.15,270.61,293.26,314.27,32.61,17.73,39.73,82.27,32.24,42.54,10.30,10.30
2017,TN,Mathematics,8,Non-Special Education,284.04,260.61,283.44,307.30,33.35,26.32,40.60,73.68,25.80,33.09,7.29,7.29
2017,TX,Mathematics,8,Non-Special Education,286.66,261.68,285.96,310.55,35.16,25.24,38.66,74.76,25.95,36.10,10.15,10.15
2017,UT,Mathematics,8,Non-Special Education,291.97,268.61,292.66,315.74,33.78,19.29,37.80,80.71,31.66,42.91,11.25,11.25
2017,VT,Mathematics,8,Non-Special Education,296.41,274.46,296.56,318.41,31.58,13.88,39.26,86.12,34.78,46.86,12.08,12.08
2017,VA,Mathematics,8,Non-Special Education,294.84,269.85,293.54,318.76,35.37,18.34,37.20,81.66,30.00,44.47,14.47,14.47
2017,WA,Mathematics,8,Non-Special Education,294.90,269.91,295.12,320.14,36.10,18.67,35.51,81.33,31.02,45.82,14.80,14.80
2017,WV,Mathematics,8,Non-Special Education,279.42,256.36,277.52,301.56,32.62,31.24,41.52,68.76,21.75,27.24,5.50,5.50
2017,WI,Mathematics,8,Non-Special Education,293.20,269.11,292.81,317.62,34.65,18.66,38.14,81.34,30.32,43.20,12.89,12.89
2017,WY,Mathematics,8,Non-Special Education,293.90,272.73,293.45,314.83,30.50,14.80,42.18,85.20,32.44,43.03,10.58,10.58
2017,AL,Reading,4,Special Education,173.84,141.83,171.00,204.83,45.45,76.90,13.14,23.10,8.53,9.95,1.42,1.42
2017,AK,Reading,4,Special Education,159.41,122.51,158.50,194.77,50.58,81.78,11.34,18.22,5.43,6.87,1.44,1.44
2017,AZ,Reading,4,Special Education,182.60,149.61,181.00,217.70,44.88,68.87,19.43,31.13,9.42,11.70,2.28,2.28
2017,AR,Reading,4,Special Education,171.09,143.18,169.73,198.74,39.57,81.93,13.37,18.07,4.13,4.69,0.56,0.56
2017,CA,Reading,4,Special Education,175.00,140.47,170.34,208.82,46.77,74.55,15.18,25.45,7.70,10.27,2.57,2.57
2017,CO,Reading,4,Special Education,177.63,147.07,175.71,208.95,43.43,74.34,16.79,25.66,6.98,8.86,1.89,1.89
2017,CT,Reading,4,Special Education,191.56,163.37,189.33,220.11,38.74,65.75,20.28,34.25,12.10,13.97,1.87,1.87
2017,DE,Reading,4,Special Education,183.45,155.26,181.70,210.96,39.36,72.78,18.02,27.22,7.41,9.20,1.79,1.79
2017,DC,Reading,4,Special Education,177.45,147.72,174.12,204.62,42.89,77.15,13.35,22.85,7.10,9.49,2.40,2.40
2017,FL,Reading,4,Special Education,205.62,180.59,206.01,231.40,36.38,52.03,28.82,47.97,15.12,19.15,4.03,4.03
2017,GA,Reading,4,Special Education,176.63,142.23,173.76,211.33,45.52,73.17,16.33,26.83,8.62,10.50,1.88,1.88
2017,HI,Reading,4,Special Education,168.15,140.94,166.08,195.05,38.66,83.43,12.70,16.57,3.39,3.87,999.00,999.00
2017,ID,Reading,4,Special Education,172.83,143.05,169.70,201.53,42.32,78.63,13.92,21.37,6.34,7.45,1.11,1.11
2017,IL,Reading,4,Special Education,181.62,152.09,179.97,210.71,40.98,72.64,18.40,27.36,7.01,8.96,1.95,1.95
2017,IN,Reading,4,Special Education,194.15,164.89,197.22,225.06,42.80,59.88,24.63,40.12,12.46,15.49,3.03,3.03
2017,IA,Reading,4,Special Education,176.19,148.80,173.67,201.53,38.75,79.04,13.62,20.96,6.56,7.34,0.78,0.78
2017,KS,Reading,4,Special Education,182.19,151.69,182.71,212.24,41.67,71.32,18.92,28.68,8.58,9.76,1.19,1.19
2017,KY,Reading,4,Special Education,195.84,166.27,196.21,225.87,41.66,60.53,22.60,39.47,13.09,16.87,3.78,3.78
2017,LA,Reading,4,Special Education,180.42,149.53,178.46,210.53,42.32,73.15,16.53,26.85,8.69,10.32,1.62,1.62
2017,ME,Reading,4,Special Education,183.69,158.68,182.13,208.35,36.00,74.64,18.04,25.36,6.37,7.32,0.96,0.96
2017,MD,Reading,4,Special Education,187.54,158.19,186.32,217.49,40.62,67.61,21.08,32.39,8.78,11.31,2.53,2.53
2017,MA,Reading,4,Special Education,208.95,183.18,208.31,233.69,36.84,49.71,28.42,50.29,15.88,21.87,5.99,5.99
2017,MI,Reading,4,Special Education,175.91,148.03,173.07,205.45,41.58,76.58,15.67,23.42,7.08,7.76,0.68,0.68
2017,MN,Reading,4,Special Education,192.63,158.77,195.41,228.63,46.03,58.65,23.29,41.35,14.70,18.07,3.36,3.36
2017,MS,Reading,4,Special Education,182.32,153.62,181.25,211.77,39.94,72.44,19.34,27.56,6.93,8.22,1.29,1.29
2017,MO,Reading,4,Special Education,187.36,156.69,186.37,218.16,42.03,67.54,19.40,32.46,10.66,13.06,2.41,2.41
2017,MT,Reading,4,Special Education,176.56,146.41,174.99,208.10,44.39,74.99,15.13,25.01,8.46,9.88,1.42,1.42
2017,NE,Reading,4,Special Education,189.08,159.07,187.91,220.45,41.73,65.94,20.63,34.06,11.08,13.43,2.35,2.35
2017,NV,Reading,4,Special Education,173.59,138.09,168.40,206.96,48.30,75.42,13.03,24.58,8.56,11.54,2.98,2.98
2017,NH,Reading,4,Special Education,195.58,171.58,195.07,221.00,35.18,62.88,24.96,37.12,10.82,12.15,1.34,1.34
2017,NJ,Reading,4,Special Education,204.42,178.13,207.58,232.49,39.44,50.28,29.51,49.72,16.16,20.21,4.05,4.05
2017,NM,Reading,4,Special Education,161.48,131.48,158.67,190.55,41.75,85.20,10.90,14.80,3.31,3.90,0.59,0.59
2017,NY,Reading,4,Special Education,188.59,161.30,189.22,216.38,39.06,67.56,22.16,32.44,8.62,10.28,1.66,1.66
2017,NC,Reading,4,Special Education,186.58,157.69,185.76,215.74,40.16,69.60,19.07,30.40,9.96,11.33,1.37,1.37
2017,ND,Reading,4,Special Education,179.65,151.84,178.71,206.61,37.70,75.74,17.65,24.26,5.95,6.60,0.66,0.66
2017,OH,Reading,4,Special Education,188.59,161.36,186.99,214.62,38.01,69.33,19.69,30.67,8.97,10.98,2.01,2.01
2017,OK,Reading,4,Special Education,179.59,153.29,176.92,204.36,37.07,77.24,16.03,22.76,5.71,6.74,1.02,1.02
2017,OR,Reading,4,Special Education,182.36,150.39,179.76,214.45,44.94,71.04,15.35,28.96,11.12,13.61,2.49,2.49
2017,PA,Reading,4,Special Education,194.05,161.56,195.72,226.54,44.43,60.28,21.76,39.72,13.88,17.96,4.08,4.08
2017,RI,Reading,4,Special Education,177.97,148.51,175.05,206.58,42.27,76.14,15.31,23.86,6.40,8.55,2.15,2.15
2017,SC,Reading,4,Special Education,167.43,135.77,163.59,198.56,46.37,79.88,11.97,20.12,6.49,8.16,1.67,1.67
2017,SD,Reading,4,Special Education,188.56,159.93,188.60,218.95,43.42,66.73,19.82,33.27,10.72,13.45,2.73,2.73
2017,TN,Reading,4,Special Education,181.95,150.75,182.22,212.69,43.02,71.57,17.73,28.43,9.13,10.70,1.57,1.57
2017,TX,Reading,4,Special Education,185.94,158.76,185.93,214.37,39.00,70.17,20.20,29.83,8.50,9.63,1.13,1.13
2017,UT,Reading,4,Special Education,185.30,150.35,181.58,221.27,45.76,67.59,16.81,32.41,12.62,15.60,2.98,2.98
2017,VT,Reading,4,Special Education,179.56,152.44,178.10,205.02,37.56,76.92,16.36,23.08,5.69,6.72,1.03,1.03
2017,VA,Reading,4,Special Education,191.13,160.97,189.49,221.41,42.80,65.30,20.75,34.70,9.53,13.96,4.43,4.43
2017,WA,Reading,4,Special Education,180.79,149.08,176.87,212.93,44.77,72.48,16.04,27.52,8.88,11.48,2.60,2.60
2017,WV,Reading,4,Special Education,185.18,150.27,185.69,220.66,46.75,66.16,19.33,33.84,11.69,14.51,2.81,2.81
2017,WI,Reading,4,Special Education,177.65,146.39,171.69,207.98,42.88,75.12,13.68,24.88,9.38,11.20,1.82,1.82
2017,WY,Reading,4,Special Education,188.89,160.61,188.73,218.17,38.79,66.54,22.56,33.46,9.59,10.89,1.31,1.31
2017,AL,Reading,4,Non-Special Education,221.69,199.74,224.78,245.97,34.47,31.89,34.01,68.11,26.71,34.10,7.39,7.39
2017,AK,Reading,4,Non-Special Education,214.71,192.78,220.81,244.31,42.96,37.48,30.88,62.52,25.04,31.64,6.61,6.61
2017,AZ,Reading,4,Non-Special Education,219.33,195.78,222.32,245.21,36.85,35.45,31.97,64.55,24.47,32.57,8.10,8.10
2017,AR,Reading,4,Non-Special Education,223.55,202.81,225.86,247.12,33.47,29.74,34.62,70.26,27.89,35.64,7.75,7.75
2017,CA,Reading,4,Non-Special Education,219.96,196.09,222.82,246.30,37.23,35.01,31.50,64.99,24.76,33.49,8.73,8.73
2017,CO,Reading,4,Non-Special Education,230.52,209.33,233.11,253.37,32.66,23.80,32.42,76.20,32.37,43.78,11.41,11.41
2017,CT,Reading,4,Non-Special Education,234.35,213.89,236.04,256.02,31.83,19.69,32.89,80.31,33.64,47.42,13.78,13.78
2017,DE,Reading,4,Non-Special Education,229.37,208.39,230.88,251.92,32.31,24.61,34.05,75.39,30.48,41.34,10.85,10.85
2017,DC,Reading,4,Non-Special Education,219.37,193.80,220.25,245.53,37.79,37.94,30.16,62.06,22.12,31.90,9.78,9.78
2017,FL,Reading,4,Non-Special Education,232.44,212.99,234.04,253.76,30.94,20.58,34.62,79.42,32.87,44.80,11.93,11.93
2017,GA,Reading,4,Non-Special Education,225.48,203.50,228.05,249.24,34.03,28.82,33.28,71.18,28.46,37.90,9.43,9.43
2017,HI,Reading,4,Non-Special Education,220.71,197.95,224.06,246.17,35.79,33.37,32.43,66.63,26.54,34.20,7.66,7.66
2017,ID,Reading,4,Non-Special Education,228.33,208.18,231.43,250.99,32.34,24.83,33.61,75.17,32.22,41.56,9.35,9.35
2017,IL,Reading,4,Non-Special Education,226.61,204.13,228.92,251.37,34.74,28.26,32.35,71.74,28.73,39.40,10.67,10.67
2017,IN,Reading,4,Non-Special Education,232.45,212.37,234.51,254.06,31.15,21.30,33.34,78.70,33.72,45.35,11.63,11.63
2017,IA,Reading,4,Non-Special Education,229.22,209.62,231.51,250.36,30.34,23.41,35.37,76.59,32.53,41.22,8.69,8.69
2017,KS,Reading,4,Non-Special Education,229.46,209.63,231.55,251.03,30.55,23.55,35.05,76.45,32.22,41.39,9.17,9.17
2017,KY,Reading,4,Non-Special Education,228.40,207.04,230.33,251.36,33.05,25.78,33.51,74.22,29.84,40.71,10.87,10.87
2017,LA,Reading,4,Non-Special Education,217.88,194.00,219.12,242.70,34.60,38.24,32.05,61.76,23.07,29.71,6.64,6.64
2017,ME,Reading,4,Non-Special Education,230.09,210.10,232.66,252.88,32.92,23.23,33.70,76.77,32.05,43.07,11.02,11.02
2017,MD,Reading,4,Non-Special Education,230.02,206.55,232.61,254.71,35.39,26.25,29.75,73.75,30.61,44.00,13.39,13.39
2017,MA,Reading,4,Non-Special Education,241.59,222.04,243.41,262.60,31.02,13.82,28.98,86.18,37.84,57.20,19.36,19.36
2017,MI,Reading,4,Non-Special Education,222.71,201.41,225.86,246.15,33.34,30.73,34.61,69.27,27.53,34.66,7.13,7.13
2017,MN,Reading,4,Non-Special Education,229.00,208.79,231.50,251.79,33.50,24.37,33.62,75.63,31.59,42.01,10.42,10.42
2017,MS,Reading,4,Non-Special Education,220.04,198.16,221.24,242.87,32.24,34.81,35.16,65.19,23.71,30.03,6.33,6.33
2017,MO,Reading,4,Non-Special Education,228.77,208.70,230.64,250.63,31.05,24.38,35.05,75.62,31.23,40.57,9.34,9.34
2017,MT,Reading,4,Non-Special Education,228.81,209.09,231.60,250.78,31.50,24.03,34.39,75.97,32.70,41.59,8.89,8.89
2017,NE,Reading,4,Non-Special Education,230.52,211.82,232.88,251.62,30.89,21.54,35.44,78.46,33.07,43.02,9.95,9.95
2017,NV,Reading,4,Non-Special Education,219.97,197.22,222.39,245.46,35.62,34.61,32.46,65.39,25.37,32.93,7.56,7.56
2017,NH,Reading,4,Non-Special Education,235.73,217.17,237.51,255.58,28.79,16.77,33.88,83.23,37.08,49.36,12.28,12.28
2017,NJ,Reading,4,Non-Special Education,238.52,218.42,241.36,260.88,32.27,17.04,28.78,82.96,36.56,54.18,17.63,17.63
2017,NM,Reading,4,Non-Special Education,215.48,191.75,217.91,241.38,36.60,39.59,32.05,60.41,22.06,28.36,6.30,6.30
2017,NY,Reading,4,Non-Special Education,228.11,207.49,230.22,251.40,33.73,25.38,33.86,74.62,30.19,40.76,10.57,10.57
2017,NC,Reading,4,Non-Special Education,230.22,208.76,232.40,253.08,32.28,24.27,32.59,75.73,31.75,43.15,11.39,11.39
2017,ND,Reading,4,Non-Special Education,227.43,209.18,229.71,247.54,28.65,23.88,38.11,76.12,31.65,38.01,6.36,6.36
2017,OH,Reading,4,Non-Special Education,231.39,211.41,232.72,252.45,31.01,21.87,34.83,78.13,32.39,43.30,10.91,10.91
2017,OK,Reading,4,Non-Special Education,223.99,204.42,225.34,244.73,29.37,28.47,38.13,71.53,27.68,33.39,5.71,5.71
2017,OR,Reading,4,Non-Special Education,222.91,199.93,225.98,248.11,35.53,31.84,31.67,68.16,27.75,36.48,8.74,8.74
2017,PA,Reading,4,Non-Special Education,230.44,210.50,233.45,253.51,33.54,22.92,32.93,77.08,32.57,44.15,11.58,11.58
2017,RI,Reading,4,Non-Special Education,230.36,209.39,232.85,253.12,33.84,23.86,32.74,76.14,31.19,43.39,12.20,12.20
2017,SC,Reading,4,Non-Special Education,220.43,197.51,222.78,245.28,34.55,34.89,32.40,65.11,25.68,32.71,7.03,7.03
2017,SD,Reading,4,Non-Special Education,227.69,208.13,230.38,249.28,31.02,24.83,35.23,75.17,31.96,39.94,7.98,7.98
2017,TN,Reading,4,Non-Special Education,223.77,201.53,225.87,248.08,33.67,30.84,33.35,69.16,27.37,35.81,8.44,8.44
2017,TX,Reading,4,Non-Special Education,219.16,197.15,221.88,243.94,34.56,34.97,33.52,65.03,25.41,31.51,6.11,6.11
2017,UT,Reading,4,Non-Special Education,231.01,211.73,234.29,253.20,32.40,21.77,33.20,78.23,34.19,45.03,10.84,10.84
2017,VT,Reading,4,Non-Special Education,235.88,216.78,238.16,256.87,30.49,17.54,32.23,82.46,36.48,50.22,13.75,13.75
2017,VA,Reading,4,Non-Special Education,232.59,213.24,235.54,255.07,32.76,20.61,32.63,79.39,34.17,46.76,12.59,12.59
2017,WA,Reading,4,Non-Special Education,228.97,205.84,231.67,253.91,35.52,26.75,30.52,73.25,29.52,42.73,13.21,13.21
2017,WV,Reading,4,Non-Special Education,225.42,204.12,227.27,248.35,32.72,28.57,34.55,71.43,28.28,36.89,8.61,8.61
2017,WI,Reading,4,Non-Special Education,226.26,205.54,228.91,249.20,32.39,27.28,34.04,72.72,30.11,38.68,8.57,8.57
2017,WY,Reading,4,Non-Special Education,233.02,214.32,235.50,253.54,29.25,19.21,34.46,80.79,35.89,46.32,10.43,10.43
2017,AL,Reading,8,Special Education,215.81,190.04,215.18,239.76,37.22,77.71,17.39,22.29,4.75,4.91,999.00,999.00
2017,AK,Reading,8,Special Education,222.47,197.39,222.75,247.87,35.47,70.94,24.94,29.06,3.85,4.12,999.00,999.00
2017,AZ,Reading,8,Special Education,232.55,208.32,234.87,257.79,35.39,57.95,35.17,42.05,6.57,6.88,999.00,999.00
2017,AR,Reading,8,Special Education,218.42,191.91,216.22,244.99,37.41,73.30,21.39,26.70,5.14,5.31,999.00,999.00
2017,CA,Reading,8,Special Education,220.76,194.46,218.46,243.79,37.00,74.34,19.22,25.66,6.00,6.43,999.00,999.00
2017,CO,Reading,8,Special Education,234.13,207.66,233.66,260.21,38.91,58.47,29.73,41.53,10.60,11.80,1.20,1.20
2017,CT,Reading,8,Special Education,244.56,218.65,246.05,271.60,38.47,47.14,34.92,52.86,16.34,17.94,1.61,1.61
2017,DE,Reading,8,Special Education,227.59,204.40,227.47,250.68,34.00,68.05,25.98,31.95,5.82,5.97,999.00,999.00
2017,DC,Reading,8,Special Education,214.07,183.44,210.73,240.00,42.19,77.22,16.05,22.78,5.50,6.73,1.24,1.24
2017,FL,Reading,8,Special Education,244.19,219.56,245.23,269.01,34.45,47.31,37.73,52.69,14.45,14.96,0.51,0.51
2017,GA,Reading,8,Special Education,233.44,209.52,232.56,256.55,34.76,60.77,30.17,39.23,8.59,9.05,999.00,999.00
2017,HI,Reading,8,Special Education,211.34,188.51,210.04,234.51,32.10,81.77,16.75,18.23,1.43,1.48,999.00,999.00
2017,ID,Reading,8,Special Education,230.76,205.27,230.85,256.49,35.63,63.19,28.40,36.81,8.14,8.42,999.00,999.00
2017,IL,Reading,8,Special Education,230.35,206.52,228.78,255.93,37.30,64.70,26.22,35.30,8.58,9.08,0.50,0.50
2017,IN,Reading,8,Special Education,240.14,215.72,240.86,264.81,35.87,52.23,35.22,47.77,12.01,12.55,0.54,0.54
2017,IA,Reading,8,Special Education,224.77,199.97,225.55,249.99,36.33,67.85,26.30,32.15,5.78,5.85,999.00,999.00
2017,KS,Reading,8,Special Education,221.46,201.01,220.65,241.89,31.44,76.10,20.59,23.90,3.23,3.31,999.00,999.00
2017,KY,Reading,8,Special Education,230.25,204.45,231.04,256.26,38.31,61.82,29.24,38.18,8.33,8.94,0.61,0.61
2017,LA,Reading,8,Special Education,229.98,204.14,229.38,256.28,38.44,63.46,27.32,36.54,8.48,9.22,0.74,0.74
2017,ME,Reading,8,Special Education,237.53,211.57,237.85,262.75,36.11,55.34,33.25,44.66,10.58,11.41,0.83,0.83
2017,MD,Reading,8,Special Education,233.55,205.52,232.14,260.31,39.54,60.02,27.58,39.98,11.19,12.40,1.21,1.21
2017,MA,Reading,8,Special Education,248.83,226.22,251.82,274.14,35.34,40.01,42.18,59.99,16.73,17.81,1.08,1.08
2017,MI,Reading,8,Special Education,231.43,207.37,231.21,255.19,34.17,62.66,30.06,37.34,6.81,7.28,999.00,999.00
2017,MN,Reading,8,Special Education,229.44,203.30,228.28,254.40,35.63,64.73,26.82,35.27,8.29,8.45,999.00,999.00
2017,MS,Reading,8,Special Education,218.58,191.74,217.39,245.71,36.83,72.92,23.17,27.08,3.84,3.91,999.00,999.00
2017,MO,Reading,8,Special Education,230.33,204.13,232.09,257.90,38.78,60.57,31.14,39.43,7.81,8.29,999.00,999.00
2017,MT,Reading,8,Special Education,229.67,207.97,231.80,252.59,32.46,63.29,32.23,36.71,4.38,4.47,999.00,999.00
2017,NE,Reading,8,Special Education,233.44,209.84,232.64,257.30,33.98,62.05,29.45,37.95,7.98,8.50,0.51,0.51
2017,NV,Reading,8,Special Education,220.86,197.00,221.97,245.69,35.77,72.12,24.06,27.88,3.72,3.82,999.00,999.00
2017,NH,Reading,8,Special Education,244.40,225.35,245.12,263.44,29.08,46.74,43.32,53.26,9.64,9.95,999.00,999.00
2017,NJ,Reading,8,Special Education,245.59,218.43,246.53,272.51,39.29,46.53,35.03,53.47,15.90,18.44,2.54,2.54
2017,NM,Reading,8,Special Education,222.83,197.15,221.41,247.38,36.38,71.41,22.03,28.59,6.22,6.56,999.00,999.00
2017,NY,Reading,8,Special Education,236.03,213.82,236.05,258.76,33.65,58.27,32.97,41.73,8.29,8.76,999.00,999.00
2017,NC,Reading,8,Special Education,223.97,195.75,225.30,251.88,39.98,66.34,25.92,33.66,7.30,7.74,999.00,999.00
2017,ND,Reading,8,Special Education,228.27,204.07,228.11,252.54,34.13,65.83,27.96,34.17,5.97,6.20,999.00,999.00
2017,OH,Reading,8,Special Education,233.54,207.79,232.75,258.75,36.70,60.07,29.69,39.93,9.61,10.24,0.63,0.63
2017,OK,Reading,8,Special Education,228.23,204.25,229.70,251.96,32.60,65.57,29.81,34.43,4.49,4.63,999.00,999.00
2017,OR,Reading,8,Special Education,228.95,203.99,229.97,254.22,35.86,64.28,28.44,35.72,7.16,7.28,999.00,999.00
2017,PA,Reading,8,Special Education,234.94,210.48,235.24,259.51,35.68,58.64,31.67,41.36,9.04,9.69,0.65,0.65
2017,RI,Reading,8,Special Education,229.74,202.66,231.30,258.30,40.90,61.66,28.32,38.34,9.24,10.02,0.78,0.78
2017,SC,Reading,8,Special Education,212.03,183.34,212.81,239.94,40.21,77.08,19.18,22.92,3.48,3.75,999.00,999.00
2017,SD,Reading,8,Special Education,229.41,207.08,230.38,253.65,32.37,63.65,31.96,36.35,4.34,4.39,999.00,999.00
2017,TN,Reading,8,Special Education,223.19,200.29,222.95,247.28,33.39,71.03,25.37,28.97,3.57,3.61,999.00,999.00
2017,TX,Reading,8,Special Education,228.14,202.74,228.63,252.45,33.78,64.98,29.09,35.02,5.87,5.93,999.00,999.00
2017,UT,Reading,8,Special Education,224.87,201.50,225.59,248.08,33.77,69.73,25.71,30.27,4.41,4.56,999.00,999.00
2017,VT,Reading,8,Special Education,235.76,213.70,237.29,259.28,33.96,56.93,34.65,43.07,8.23,8.42,999.00,999.00
2017,VA,Reading,8,Special Education,233.16,209.93,232.03,256.47,34.06,61.84,29.87,38.16,7.82,8.29,999.00,999.00
2017,WA,Reading,8,Special Education,235.75,209.50,235.63,261.29,37.20,58.13,29.56,41.87,11.70,12.32,0.62,0.62
2017,WV,Reading,8,Special Education,216.16,189.84,217.07,242.23,37.44,75.71,20.36,24.29,3.85,3.92,999.00,999.00
2017,WI,Reading,8,Special Education,230.65,204.26,230.76,257.23,37.82,62.15,28.93,37.85,8.12,8.92,0.81,0.81
2017,WY,Reading,8,Special Education,230.86,208.37,231.81,253.83,32.81,62.90,30.96,37.10,6.13,6.14,999.00,999.00
2017,AL,Reading,8,Non-Special Education,262.28,240.09,263.73,285.84,33.26,27.59,42.23,72.41,27.65,30.18,2.53,2.53
2017,AK,Reading,8,Non-Special Education,262.81,243.64,265.62,284.67,31.87,24.41,46.24,75.59,27.68,29.35,1.67,1.67
2017,AZ,Reading,8,Non-Special Education,266.23,246.46,267.61,288.11,31.71,21.77,45.19,78.23,30.37,33.04,2.67,2.67
2017,AR,Reading,8,Non-Special Education,265.76,245.54,266.78,287.33,31.20,22.54,45.52,77.46,29.08,31.94,2.86,2.86
2017,CA,Reading,8,Non-Special Education,267.37,245.93,268.13,290.63,34.11,22.31,42.46,77.69,30.63,35.23,4.60,4.60
2017,CO,Reading,8,Non-Special Education,274.59,253.67,275.98,297.15,32.84,16.19,39.91,83.81,37.78,43.89,6.12,6.12
2017,CT,Reading,8,Non-Special Education,277.32,256.06,279.51,301.13,33.97,15.09,36.73,84.91,40.61,48.18,7.56,7.56
2017,DE,Reading,8,Non-Special Education,269.76,248.53,271.36,292.38,32.94,20.36,41.83,79.64,33.37,37.81,4.44,4.44
2017,DC,Reading,8,Non-Special Education,253.55,229.25,253.65,278.08,38.16,38.15,39.23,61.85,18.94,22.62,3.68,3.68
2017,FL,Reading,8,Non-Special Education,270.09,250.13,272.27,292.47,32.35,18.89,42.43,81.11,34.95,38.69,3.74,3.74
2017,GA,Reading,8,Non-Special Education,270.33,249.19,271.92,292.83,32.61,19.73,41.67,80.27,34.16,38.60,4.44,4.44
2017,HI,Reading,8,Non-Special Education,266.29,246.36,267.89,288.25,31.69,21.91,44.67,78.09,30.81,33.42,2.61,2.61
2017,ID,Reading,8,Non-Special Education,273.40,255.14,274.99,293.10,28.49,14.40,44.02,85.60,38.62,41.58,2.96,2.96
2017,IL,Reading,8,Non-Special Education,272.50,252.61,273.46,293.85,31.04,16.69,43.12,83.31,35.68,40.20,4.52,4.52
2017,IN,Reading,8,Non-Special Education,276.96,257.60,277.58,297.17,29.35,12.27,42.19,87.73,40.21,45.54,5.33,5.33
2017,IA,Reading,8,Non-Special Education,273.55,255.32,274.73,293.19,29.18,13.93,45.02,86.07,37.27,41.05,3.78,3.78
2017,KS,Reading,8,Non-Special Education,273.46,254.01,274.40,294.01,29.83,15.36,43.56,84.64,36.88,41.07,4.19,4.19
2017,KY,Reading,8,Non-Special Education,269.63,248.14,270.63,292.16,32.41,20.48,42.05,79.52,33.21,37.47,4.26,4.26
2017,LA,Reading,8,Non-Special Education,262.18,241.38,263.24,283.98,31.66,26.59,45.29,73.41,25.89,28.12,2.23,2.23
2017,ME,Reading,8,Non-Special Education,275.80,256.42,277.23,296.96,31.53,13.98,40.94,86.02,39.49,45.09,5.60,5.60
2017,MD,Reading,8,Non-Special Education,271.66,247.51,272.73,296.80,35.90,21.17,37.95,78.83,33.61,40.88,7.27,7.27
2017,MA,Reading,8,Non-Special Education,284.12,264.49,285.88,305.96,32.33,9.61,34.17,90.39,45.95,56.22,10.27,10.27
2017,MI,Reading,8,Non-Special Education,269.81,250.30,271.71,291.73,31.72,18.66,43.48,81.34,34.45,37.86,3.41,3.41
2017,MN,Reading,8,Non-Special Education,273.96,254.80,275.97,295.68,31.74,15.48,41.01,84.52,38.83,43.52,4.68,4.68
2017,MS,Reading,8,Non-Special Education,260.38,238.51,261.31,282.73,32.63,29.37,43.78,70.63,24.51,26.86,2.35,2.35
2017,MO,Reading,8,Non-Special Education,271.05,251.42,272.82,292.39,31.02,17.74,43.01,82.26,35.55,39.25,3.70,3.70
2017,MT,Reading,8,Non-Special Education,272.37,254.35,273.70,291.51,28.55,14.95,45.72,85.05,36.09,39.32,3.23,3.23
2017,NE,Reading,8,Non-Special Education,274.20,255.84,275.82,294.84,30.30,14.00,43.27,86.00,38.56,42.73,4.17,4.17
2017,NV,Reading,8,Non-Special Education,264.19,244.05,265.96,286.24,31.71,24.05,44.97,75.95,28.87,30.98,2.12,2.12
2017,NH,Reading,8,Non-Special Education,280.60,262.58,282.22,300.49,29.86,10.50,37.73,89.50,45.15,51.77,6.62,6.62
2017,NJ,Reading,8,Non-Special Education,280.92,259.96,282.89,304.40,33.36,12.73,35.00,87.27,42.90,52.27,9.37,9.37
2017,NM,Reading,8,Non-Special Education,261.02,239.89,262.05,283.32,32.86,28.14,44.47,71.86,25.04,27.39,2.35,2.35
2017,NY,Reading,8,Non-Special Education,269.86,248.57,272.19,293.96,35.67,20.70,39.98,79.30,33.93,39.32,5.38,5.38
2017,NC,Reading,8,Non-Special Education,268.63,248.26,270.07,291.30,32.75,20.31,42.92,79.69,33.08,36.77,3.69,3.69
2017,ND,Reading,8,Non-Special Education,270.61,252.77,271.83,289.95,28.05,15.99,47.36,84.01,34.30,36.65,2.35,2.35
2017,OH,Reading,8,Non-Special Education,274.21,252.97,276.06,296.93,33.20,17.20,38.91,82.80,37.89,43.88,5.99,5.99
2017,OK,Reading,8,Non-Special Education,267.30,249.28,268.54,286.69,28.50,18.86,48.87,81.14,30.36,32.27,1.91,1.91
2017,OR,Reading,8,Non-Special Education,271.77,251.87,273.28,293.91,32.54,17.67,41.93,82.33,35.76,40.39,4.64,4.64
2017,PA,Reading,8,Non-Special Education,275.90,255.83,277.56,298.05,32.48,14.83,39.62,85.17,39.24,45.54,6.30,6.30
2017,RI,Reading,8,Non-Special Education,272.36,251.66,274.76,296.00,34.47,18.64,38.93,81.36,36.93,42.43,5.50,5.50
2017,SC,Reading,8,Non-Special Education,266.34,245.30,267.32,288.83,32.33,22.82,43.59,77.18,30.36,33.59,3.23,3.23
2017,SD,Reading,8,Non-Special Education,272.28,254.47,273.81,291.73,28.49,14.73,45.68,85.27,36.81,39.59,2.78,2.78
2017,TN,Reading,8,Non-Special Education,267.34,247.25,268.79,289.38,31.29,21.08,44.18,78.92,32.00,34.75,2.75,2.75
2017,TX,Reading,8,Non-Special Education,264.64,244.52,265.96,286.16,31.18,23.67,45.44,76.33,28.63,30.89,2.26,2.26
2017,UT,Reading,8,Non-Special Education,273.82,255.00,275.31,294.30,29.83,14.92,42.98,85.08,38.08,42.10,4.02,4.02
2017,VT,Reading,8,Non-Special Education,282.00,263.64,283.10,301.98,29.42,9.40,37.53,90.60,45.51,53.07,7.56,7.56
2017,VA,Reading,8,Non-Special Education,272.37,252.06,274.12,294.44,32.31,17.49,41.46,82.51,36.05,41.04,4.99,4.99
2017,WA,Reading,8,Non-Special Education,276.61,255.80,277.73,298.25,32.37,14.40,39.97,85.60,38.56,45.63,7.07,7.07
2017,WV,Reading,8,Non-Special Education,265.33,245.62,266.88,286.36,31.06,22.59,45.91,77.41,28.93,31.50,2.57,2.57
2017,WI,Reading,8,Non-Special Education,274.70,254.74,276.09,296.31,30.84,15.07,41.35,84.93,38.79,43.58,4.79,4.79
2017,WY,Reading,8,Non-Special Education,274.65,256.30,275.53,294.15,28.64,13.21,44.52,86.79,38.34,42.27,3.93,3.93
2019,AL,Mathematics,4,Special Education,195.76,169.91,196.97,222.50,35.76,67.08,26.53,32.92,6.26,6.40,999.00,999.00
2019,AK,Mathematics,4,Special Education,206.26,180.69,206.07,231.43,36.86,58.20,28.82,41.80,11.38,12.98,1.60,1.60
2019,AZ,Mathematics,4,Special Education,209.31,186.57,206.50,231.61,34.22,58.96,27.34,41.04,11.35,13.70,2.35,2.35
2019,AR,Mathematics,4,Special Education,202.84,175.18,202.65,230.35,37.45,60.88,27.78,39.12,9.98,11.35,1.37,1.37
2019,CA,Mathematics,4,Special Education,208.35,182.70,204.96,232.25,36.23,59.14,27.17,40.86,10.97,13.69,2.72,2.72
2019,CO,Mathematics,4,Special Education,209.32,181.56,207.52,235.45,39.01,56.45,26.15,43.55,13.60,17.40,3.80,3.80
2019,CT,Mathematics,4,Special Education,217.46,195.76,215.11,239.37,32.84,48.52,33.98,51.48,14.33,17.49,3.16,3.16
2019,DE,Mathematics,4,Special Education,210.07,187.70,208.74,231.23,33.67,56.94,30.67,43.06,9.89,12.39,2.50,2.50
2019,DC,Mathematics,4,Special Education,203.34,178.75,199.86,224.17,35.68,65.71,23.68,34.29,7.56,10.60,3.04,3.04
2019,FL,Mathematics,4,Special Education,229.40,209.56,229.53,249.99,29.48,29.72,44.06,70.28,22.96,26.22,3.25,3.25
2019,GA,Mathematics,4,Special Education,214.57,189.65,214.48,238.82,34.19,49.45,33.71,50.55,14.67,16.83,2.16,2.16
2019,HI,Mathematics,4,Special Education,200.65,178.77,198.95,222.60,31.05,66.80,26.04,33.20,6.96,7.16,999.00,999.00
2019,ID,Mathematics,4,Special Education,211.83,189.13,210.76,234.88,34.05,53.53,32.31,46.47,11.97,14.16,2.20,2.20
2019,IL,Mathematics,4,Special Education,202.47,174.92,201.83,228.88,38.29,62.77,25.56,37.23,9.58,11.67,2.09,2.09
2019,IN,Mathematics,4,Special Education,223.94,198.60,224.43,249.25,36.10,39.25,35.55,60.75,20.02,25.21,5.19,5.19
2019,IA,Mathematics,4,Special Education,202.39,182.52,201.21,219.48,30.08,68.16,24.62,31.84,6.12,7.22,1.10,1.10
2019,KS,Mathematics,4,Special Education,211.36,186.98,209.23,233.64,34.67,55.45,29.37,44.55,12.57,15.18,2.61,2.61
2019,KY,Mathematics,4,Special Education,212.58,185.83,214.59,238.22,36.78,49.61,34.37,50.39,13.24,16.02,2.78,2.78
2019,LA,Mathematics,4,Special Education,211.18,186.95,212.12,235.98,32.75,51.62,35.80,48.38,11.54,12.58,1.03,1.03
2019,ME,Mathematics,4,Special Education,212.71,191.74,213.13,233.40,30.88,50.94,37.01,49.06,10.80,12.05,1.25,1.25
2019,MD,Mathematics,4,Special Education,209.54,182.68,205.60,232.87,37.24,58.79,26.60,41.21,10.37,14.61,4.25,4.25
2019,MA,Mathematics,4,Special Education,221.58,199.94,220.46,244.03,32.29,41.82,37.41,58.18,17.87,20.77,2.90,2.90
2019,MI,Mathematics,4,Special Education,207.88,185.35,205.46,228.99,31.96,59.75,28.95,40.25,10.20,11.31,1.11,1.11
2019,MN,Mathematics,4,Special Education,219.71,190.86,218.52,248.37,37.43,45.88,29.74,54.12,19.83,24.38,4.56,4.56
2019,MS,Mathematics,4,Special Education,220.20,199.18,219.80,241.56,29.26,42.47,40.21,57.53,16.04,17.33,1.28,1.28
2019,MO,Mathematics,4,Special Education,208.16,182.95,ERROR,ERROR,ERROR,ERROR,ERROR,ERROR,ERROR,ERROR,ERROR,ERROR
2019,MT,Mathematics,4,Special Education,ERROR,ERROR,ERROR,ERROR,ERROR,ERROR,ERROR,ERROR,ERROR,ERROR,ERROR,ERROR
2019,NE,Mathematics,4,Special Education,ERROR,ERROR,ERROR,ERROR,ERROR,ERROR,ERROR,ERROR,ERROR,ERROR,3.01,3.01
2019,NV,Mathematics,4,Special Education,206.81,182.23,204.78,231.40,34.17,59.64,29.24,40.36,9.71,11.12,1.41,1.41
2019,NH,Mathematics,4,Special Education,216.62,196.48,217.00,235.99,31.52,45.69,41.11,54.31,10.85,13.20,2.35,2.35
2019,NJ,Mathematics,4,Special Education,221.14,197.64,220.93,244.41,32.83,41.72,37.26,58.28,18.01,21.02,3.01,3.01
2019,NM,Mathematics,4,Special Education,201.13,178.32,199.12,221.64,31.83,67.64,23.99,32.36,7.63,8.37,0.74,0.74
2019,NY,Mathematics,4,Special Education,204.93,182.64,205.09,225.72,33.13,61.42,29.94,38.58,6.82,8.65,1.82,1.82
2019,NC,Mathematics,4,Special Education,211.35,189.87,211.49,233.87,32.16,52.89,34.57,47.11,11.59,12.54,0.94,0.94
2019,ND,Mathematics,4,Special Education,216.47,194.33,215.45,237.73,31.41,48.67,34.72,51.33,14.61,16.61,2.01,2.01
2019,OH,Mathematics,4,Special Education,212.81,191.37,211.41,232.85,29.67,53.71,34.40,46.29,10.46,11.90,1.44,1.44
2019,OK,Mathematics,4,Special Education,216.45,195.96,216.38,236.11,29.20,47.01,39.65,52.99,12.25,13.34,1.09,1.09
2019,OR,Mathematics,4,Special Education,210.82,184.06,209.42,236.98,36.91,54.59,29.05,45.41,13.61,16.36,2.75,2.75
2019,PA,Mathematics,4,Special Education,219.83,191.80,220.56,246.33,38.10,43.76,33.26,56.24,18.10,22.98,4.88,4.88
2019,RI,Mathematics,4,Special Education,208.57,187.43,207.00,229.25,31.29,58.21,31.52,41.79,9.11,10.28,1.16,1.16
2019,SC,Mathematics,4,Special Education,210.05,185.60,207.48,232.48,34.59,57.09,29.51,42.91,10.52,13.40,2.88,2.88
2019,SD,Mathematics,4,Special Education,215.05,191.98,216.74,238.95,34.93,46.68,37.15,53.32,14.20,16.17,1.97,1.97
2019,TN,Mathematics,4,Special Education,218.97,193.25,216.17,243.30,37.54,47.66,30.87,52.34,16.06,21.48,5.42,5.42
2019,TX,Mathematics,4,Special Education,219.48,198.98,219.14,240.77,30.37,42.71,40.03,57.29,15.80,17.26,1.46,1.46
2019,UT,Mathematics,4,Special Education,215.48,189.59,211.77,240.63,36.73,52.49,28.07,47.51,14.33,19.43,5.10,5.10
2019,VT,Mathematics,4,Special Education,208.19,186.49,208.05,229.12,30.26,57.25,33.30,42.75,8.93,9.46,0.53,0.53
2019,VA,Mathematics,4,Special Education,222.20,199.63,222.14,244.07,32.54,39.90,39.58,60.10,16.65,20.53,3.88,3.88
2019,WA,Mathematics,4,Special Education,213.53,186.70,212.44,239.44,38.29,51.60,30.46,48.40,13.51,17.94,4.42,4.42
2019,WV,Mathematics,4,Special Education,203.90,178.58,204.35,229.86,34.36,60.92,28.44,39.08,10.30,10.64,999.00,999.00
2019,WI,Mathematics,4,Special Education,207.70,178.98,206.46,234.24,38.15,56.01,30.04,43.99,10.62,13.95,3.34,3.34
2019,WY,Mathematics,4,Special Education,220.19,198.94,218.82,241.91,31.47,43.76,37.86,56.24,15.56,18.39,2.82,2.82
2019,AL,Mathematics,4,Non-Special Education,235.07,216.46,235.67,254.17,27.36,22.36,46.07,77.64,27.67,31.58,3.90,3.90
2019,AK,Mathematics,4,Non-Special Education,237.34,218.50,239.90,258.46,30.99,21.15,41.79,78.85,31.04,37.06,6.03,6.03
2019,AZ,Mathematics,4,Non-Special Education,241.73,222.50,242.31,261.75,29.41,17.20,42.01,82.80,32.75,40.79,8.04,8.04
2019,AR,Mathematics,4,Non-Special Education,239.56,221.71,240.62,258.65,27.44,17.42,44.77,82.58,32.62,37.81,5.19,5.19
2019,CA,Mathematics,4,Non-Special Education,238.20,218.37,238.90,258.73,30.60,20.98,42.77,79.02,28.76,36.26,7.49,7.49
2019,CO,Mathematics,4,Non-Special Education,246.44,226.82,247.70,267.38,29.97,14.34,37.39,85.66,36.92,48.27,11.34,11.34
2019,CT,Mathematics,4,Non-Special Education,247.63,228.45,248.78,267.25,28.77,12.29,38.05,87.71,38.39,49.66,11.26,11.26
2019,DE,Mathematics,4,Non-Special Education,245.31,226.03,245.10,264.73,29.17,13.96,41.42,86.04,33.86,44.62,10.76,10.76
2019,DC,Mathematics,4,Non-Special Education,240.86,220.13,240.32,261.46,30.56,19.12,42.04,80.88,29.56,38.85,9.29,9.29
2019,FL,Mathematics,4,Non-Special Education,249.99,232.71,250.83,267.71,26.06,8.48,38.80,91.52,42.09,52.72,10.63,10.63
2019,GA,Mathematics,4,Non-Special Education,241.26,220.54,240.83,261.94,30.22,18.59,41.85,81.41,30.17,39.56,9.39,9.39
2019,HI,Mathematics,4,Non-Special Education,242.70,223.20,243.96,263.29,29.72,16.70,40.01,83.30,34.69,43.29,8.59,8.59
2019,ID,Mathematics,4,Non-Special Education,245.61,226.74,246.64,265.18,28.11,13.68,39.74,86.32,37.31,46.58,9.27,9.27
2019,IL,Mathematics,4,Non-Special Education,243.13,223.50,243.82,263.31,29.37,16.14,40.95,83.86,33.89,42.91,9.01,9.01
2019,IN,Mathematics,4,Non-Special Education,249.09,230.28,250.03,268.67,28.60,11.19,37.34,88.81,39.29,51.46,12.18,12.18
2019,IA,Mathematics,4,Non-Special Education,246.31,228.42,246.89,264.93,27.57,11.86,41.03,88.14,37.75,47.11,9.36,9.36
2019,KS,Mathematics,4,Non-Special Education,243.95,224.79,244.98,263.96,28.56,15.04,40.60,84.96,35.72,44.37,8.65,8.65
2019,KY,Mathematics,4,Non-Special Education,244.30,226.58,245.12,263.10,27.69,13.66,41.95,86.34,36.35,44.38,8.04,8.04
2019,LA,Mathematics,4,Non-Special Education,235.55,217.56,236.76,254.56,27.56,21.29,46.52,78.71,28.41,32.19,3.78,3.78
2019,ME,Mathematics,4,Non-Special Education,247.97,230.48,248.59,266.28,26.94,10.22,40.37,89.78,39.54,49.41,9.87,9.87
2019,MD,Mathematics,4,Non-Special Education,243.15,221.29,243.17,265.44,32.47,18.76,38.25,81.24,30.93,42.99,12.06,12.06
2019,MA,Mathematics,4,Non-Special Education,253.67,234.98,254.40,273.16,28.48,8.16,34.38,91.84,41.49,57.46,15.96,15.96
2019,MI,Mathematics,4,Non-Special Education,239.76,220.11,240.38,260.24,29.69,19.27,42.05,80.73,31.39,38.68,7.29,7.29
2019,MN,Mathematics,4,Non-Special Education,252.85,234.05,254.54,273.40,29.43,9.84,32.90,90.16,41.44,57.26,15.82,15.82
2019,MS,Mathematics,4,Non-Special Education,243.94,226.83,244.02,260.84,24.93,11.59,46.19,88.41,35.79,42.22,6.44,6.44
2019,MO,Mathematics,4,Non-Special Education,243.38,225.05,244.51,262.95,28.13,14.54,41.77,85.46,36.04,43.68,7.64,7.64
2019,MT,Mathematics,4,Non-Special Education,245.94,229.32,247.33,264.01,26.92,11.83,40.69,88.17,39.48,47.47,7.99,7.99
2019,NE,Mathematics,4,Non-Special Education,248.87,231.30,249.47,267.70,27.39,9.90,39.37,90.10,39.64,50.73,11.09,11.09
2019,NV,Mathematics,4,Non-Special Education,239.26,220.57,239.86,258.24,28.04,18.25,44.52,81.75,31.14,37.23,6.09,6.09
2019,NH,Mathematics,4,Non-Special Education,250.59,233.96,250.84,268.08,25.58,7.51,39.62,92.49,42.43,52.87,10.44,10.44
2019,NJ,Mathematics,4,Non-Special Education,250.87,232.64,251.58,270.44,28.22,9.37,37.06,90.63,40.26,53.56,13.30,13.30
2019,NM,Mathematics,4,Non-Special Education,236.67,218.12,236.86,254.93,27.57,20.30,47.20,79.70,27.41,32.50,5.09,5.09
2019,NY,Mathematics,4,Non-Special Education,242.90,223.61,243.54,262.63,29.57,16.17,41.40,83.83,33.40,42.43,9.02,9.02
2019,NC,Mathematics,4,Non-Special Education,245.80,227.13,245.93,264.80,27.60,12.77,41.64,87.23,36.05,45.59,9.54,9.54
2019,ND,Mathematics,4,Non-Special Education,247.08,230.01,248.14,265.08,26.08,10.63,40.65,89.37,40.54,48.72,8.18,8.18
2019,OH,Mathematics,4,Non-Special Education,246.39,228.49,246.73,264.17,26.83,11.49,41.96,88.51,37.52,46.55,9.03,9.03
2019,OK,Mathematics,4,Non-Special Education,241.58,224.96,241.97,258.97,25.38,13.93,47.10,86.07,33.73,38.97,5.24,5.24
2019,OR,Mathematics,4,Non-Special Education,240.72,220.22,241.71,263.10,31.89,19.47,39.71,80.53,31.25,40.82,9.57,9.57
2019,PA,Mathematics,4,Non-Special Education,248.83,229.07,250.62,270.04,31.06,13.58,34.17,86.42,38.32,52.25,13.93,13.93
2019,RI,Mathematics,4,Non-Special Education,244.92,227.98,246.33,263.22,27.02,12.41,41.65,87.59,38.33,45.94,7.61,7.61
2019,SC,Mathematics,4,Non-Special Education,241.34,221.64,241.67,261.36,28.68,17.56,42.17,82.44,32.38,40.27,7.89,7.89
2019,SD,Mathematics,4,Non-Special Education,246.52,230.21,247.97,264.31,26.30,11.20,40.42,88.80,40.55,48.38,7.84,7.84
2019,TN,Mathematics,4,Non-Special Education,242.96,223.54,243.67,263.33,29.60,16.30,40.91,83.70,33.75,42.79,9.04,9.04
2019,TX,Mathematics,4,Non-Special Education,247.40,228.93,247.57,265.87,27.70,11.37,40.81,88.63,37.36,47.82,10.46,10.46
2019,UT,Mathematics,4,Non-Special Education,247.93,228.92,249.18,268.13,29.10,12.47,37.25,87.53,38.68,50.28,11.60,11.60
2019,VT,Mathematics,4,Non-Special Education,246.22,229.07,246.26,264.11,26.17,9.85,44.37,90.15,37.40,45.79,8.39,8.39
2019,VA,Mathematics,4,Non-Special Education,250.89,232.57,250.48,269.12,27.86,8.67,38.99,91.33,39.23,52.35,13.12,13.12
2019,WA,Mathematics,4,Non-Special Education,243.22,223.18,243.49,263.49,30.14,16.86,40.80,83.14,32.18,42.34,10.16,10.16
2019,WV,Mathematics,4,Non-Special Education,238.65,221.58,239.06,255.97,25.62,16.81,48.62,83.19,30.32,34.57,4.25,4.25
2019,WI,Mathematics,4,Non-Special Education,246.80,226.68,248.53,267.79,30.65,14.65,35.94,85.35,37.74,49.41,11.67,11.67
2019,WY,Mathematics,4,Non-Special Education,250.70,234.16,251.12,267.80,24.61,7.06,39.56,92.94,43.32,53.39,10.07,10.07
2019,AL,Mathematics,8,Special Education,231.08,207.16,228.89,252.20,35.66,82.16,13.38,17.84,3.80,4.46,0.65,0.65
2019,AK,Mathematics,8,Special Education,236.58,206.75,236.22,265.23,42.29,72.07,21.04,27.93,5.67,6.88,1.21,1.21
2019,AZ,Mathematics,8,Special Education,243.25,218.88,241.18,266.04,35.65,71.79,21.62,28.21,5.36,6.59,1.24,1.24
2019,AR,Mathematics,8,Special Education,235.08,210.11,232.59,256.98,36.42,79.03,14.98,20.97,5.42,5.99,0.57,0.57
2019,CA,Mathematics,8,Special Education,241.65,216.11,239.96,264.11,37.77,73.24,19.84,26.76,4.77,6.92,2.14,2.14
2019,CO,Mathematics,8,Special Education,244.30,215.22,241.25,269.95,40.95,69.05,19.43,30.95,9.47,11.52,2.05,2.05
2019,CT,Mathematics,8,Special Education,251.57,224.38,248.04,275.16,38.80,62.87,25.11,37.13,9.12,12.02,2.90,2.90
2019,DE,Mathematics,8,Special Education,239.27,215.87,237.21,259.80,34.98,76.95,17.16,23.05,5.16,5.89,0.73,0.73
2019,DC,Mathematics,8,Special Education,241.47,212.58,236.31,264.58,40.73,72.87,17.68,27.13,6.20,9.45,3.25,3.25
2019,FL,Mathematics,8,Special Education,256.06,229.04,253.38,278.84,37.74,59.06,27.40,40.94,10.34,13.54,3.20,3.20
2019,GA,Mathematics,8,Special Education,245.92,220.93,243.92,270.67,37.77,67.75,24.38,32.25,6.02,7.87,1.86,1.86
2019,HI,Mathematics,8,Special Education,228.31,205.10,225.76,250.25,33.25,84.13,13.70,15.87,1.71,2.17,999.00,999.00
2019,ID,Mathematics,8,Special Education,242.29,219.66,239.20,261.77,33.68,75.11,19.44,24.89,3.98,5.45,1.47,1.47
2019,IL,Mathematics,8,Special Education,241.73,218.04,239.44,262.37,35.13,74.64,18.22,25.36,6.71,7.15,999.00,999.00
2019,IN,Mathematics,8,Special Education,254.80,230.91,253.42,276.31,36.27,60.32,29.21,39.68,7.34,10.47,3.13,3.13
2019,IA,Mathematics,8,Special Education,242.85,220.60,240.86,262.68,33.24,74.41,19.94,25.59,4.70,5.65,0.95,0.95
2019,KS,Mathematics,8,Special Education,241.86,219.86,242.53,263.51,32.72,73.59,23.03,26.41,2.77,3.39,0.62,0.62
2019,KY,Mathematics,8,Special Education,241.62,217.98,239.29,263.89,35.19,73.11,19.88,26.89,6.64,7.01,999.00,999.00
2019,LA,Mathematics,8,Special Education,244.40,218.01,241.42,269.10,36.84,69.94,21.30,30.06,7.92,8.75,0.84,0.84
2019,ME,Mathematics,8,Special Education,248.39,223.07,246.49,270.96,36.45,66.55,24.92,33.45,6.67,8.53,1.86,1.86
2019,MD,Mathematics,8,Special Education,246.22,217.90,240.38,270.14,41.57,69.59,19.47,30.41,6.67,10.94,4.27,4.27
2019,MA,Mathematics,8,Special Education,260.35,233.10,259.51,285.99,38.98,52.47,31.78,47.53,11.85,15.75,3.90,3.90
2019,MI,Mathematics,8,Special Education,243.86,223.13,243.19,264.61,32.60,72.42,22.37,27.58,4.70,5.21,0.51,0.51
2019,MN,Mathematics,8,Special Education,254.56,226.82,253.18,279.94,40.92,59.54,26.43,40.46,10.46,14.03,3.57,3.57
2019,MS,Mathematics,8,Special Education,239.65,216.61,237.27,259.67,33.68,77.29,16.52,22.71,5.76,6.19,999.00,999.00
2019,MO,Mathematics,8,Special Education,243.79,219.24,241.28,265.90,34.98,71.96,21.71,28.04,4.76,6.33,1.57,1.57
2019,MT,Mathematics,8,Special Education,242.35,217.30,240.08,263.77,36.53,73.43,19.31,26.57,5.50,7.26,1.76,1.76
2019,NE,Mathematics,8,Special Education,249.16,223.81,245.21,271.86,36.89,67.91,21.57,32.09,8.34,10.52,2.18,2.18
2019,NV,Mathematics,8,Special Education,233.70,209.99,230.75,254.03,34.49,80.86,14.43,19.14,4.18,4.71,0.54,0.54
2019,NH,Mathematics,8,Special Education,255.82,232.69,255.52,277.50,35.24,57.52,32.22,42.48,8.04,10.26,2.22,2.22
2019,NJ,Mathematics,8,Special Education,256.90,230.28,254.89,282.34,41.34,57.11,28.37,42.89,10.39,14.53,4.14,4.14
2019,NM,Mathematics,8,Special Education,236.88,214.05,233.98,255.64,33.58,80.06,15.25,19.94,3.85,4.68,0.83,0.83
2019,NY,Mathematics,8,Special Education,244.45,220.66,242.20,265.61,34.87,71.56,21.96,28.44,4.65,6.48,1.83,1.83
2019,NC,Mathematics,8,Special Education,245.38,217.31,244.35,271.90,41.73,67.23,22.54,32.77,7.72,10.23,2.51,2.51
2019,ND,Mathematics,8,Special Education,247.53,222.86,244.44,269.27,36.37,68.66,21.55,31.34,7.88,9.80,1.91,1.91
2019,OH,Mathematics,8,Special Education,250.15,223.15,246.45,275.42,38.79,64.46,23.94,35.54,9.20,11.60,2.41,2.41
2019,OK,Mathematics,8,Special Education,243.34,221.34,241.47,263.16,33.17,74.06,20.42,25.94,4.99,5.52,0.53,0.53
2019,OR,Mathematics,8,Special Education,240.89,215.95,238.63,264.95,34.84,72.56,21.73,27.44,5.05,5.71,0.66,0.66
2019,PA,Mathematics,8,Special Education,247.84,220.14,244.83,271.73,39.48,66.31,24.20,33.69,6.47,9.49,3.02,3.02
2019,RI,Mathematics,8,Special Education,237.70,213.11,234.53,258.27,36.69,78.21,14.98,21.79,5.83,6.81,0.98,0.98
2019,SC,Mathematics,8,Special Education,231.51,207.84,231.51,253.91,36.03,81.64,14.80,18.36,2.93,3.57,0.64,0.64
2019,SD,Mathematics,8,Special Education,245.78,219.71,244.56,271.89,39.14,66.08,25.98,33.92,5.84,7.93,2.09,2.09
2019,TN,Mathematics,8,Special Education,242.18,219.03,239.55,262.25,34.69,74.81,18.09,25.19,6.36,7.10,0.75,0.75
2019,TX,Mathematics,8,Special Education,252.32,229.83,249.76,273.78,32.61,63.49,28.59,36.51,6.33,7.92,1.59,1.59
2019,UT,Mathematics,8,Special Education,243.40,217.59,237.95,264.11,38.97,73.60,16.56,26.40,6.87,9.84,2.97,2.97
2019,VT,Mathematics,8,Special Education,250.75,226.97,249.43,273.05,32.67,63.79,28.20,36.21,7.27,8.01,0.74,0.74
2019,VA,Mathematics,8,Special Education,256.55,232.49,254.21,278.47,35.00,59.06,30.36,40.94,7.33,10.58,3.25,3.25
2019,WA,Mathematics,8,Special Education,240.39,212.74,234.50,262.86,41.20,74.29,14.86,25.71,8.23,10.85,2.62,2.62
2019,WV,Mathematics,8,Special Education,231.97,209.90,230.77,252.84,32.76,82.51,15.25,17.49,1.77,2.24,999.00,999.00
2019,WI,Mathematics,8,Special Education,247.57,223.62,246.14,268.33,36.09,68.84,22.25,31.16,6.85,8.91,2.06,2.06
2019,WY,Mathematics,8,Special Education,249.43,225.51,247.62,272.22,33.74,65.18,26.83,34.82,7.25,7.99,0.74,0.74
2019,AL,Mathematics,8,Non-Special Education,273.25,249.71,272.39,297.00,34.95,38.02,38.67,61.98,18.98,23.31,4.33,4.33
2019,AK,Mathematics,8,Non-Special Education,280.31,254.58,281.65,307.33,39.11,31.36,36.10,68.64,24.52,32.54,8.02,8.02
2019,AZ,Mathematics,8,Non-Special Education,284.81,259.80,284.27,309.21,36.87,27.02,38.72,72.98,24.47,34.26,9.79,9.79
2019,AR,Mathematics,8,Non-Special Education,280.76,256.43,281.06,305.05,35.24,30.11,39.11,69.89,23.96,30.78,6.82,6.82
2019,CA,Mathematics,8,Non-Special Education,280.00,251.00,278.19,307.49,40.39,34.62,34.08,65.38,20.79,31.30,10.51,10.51
2019,CO,Mathematics,8,Non-Special Education,289.76,265.27,289.97,314.44,36.58,22.23,37.61,77.77,28.32,40.16,11.84,11.84
2019,CT,Mathematics,8,Non-Special Education,293.08,266.85,293.76,320.26,39.13,21.34,33.99,78.66,29.14,44.67,15.53,15.53
2019,DE,Mathematics,8,Non-Special Education,283.93,260.20,283.75,308.32,35.20,26.63,39.64,73.37,25.27,33.73,8.46,8.46
2019,DC,Mathematics,8,Non-Special Education,275.66,248.67,273.40,300.68,39.48,38.04,35.76,61.96,17.34,26.20,8.87,8.87
2019,FL,Mathematics,8,Non-Special Education,282.77,256.64,282.67,309.32,38.41,29.58,36.55,70.42,24.34,33.88,9.54,9.54
2019,GA,Mathematics,8,Non-Special Education,284.71,258.93,283.68,310.22,36.75,27.76,37.49,72.24,24.75,34.75,10.00,10.00
2019,HI,Mathematics,8,Non-Special Education,280.25,256.70,280.06,304.82,35.17,30.33,39.35,69.67,23.74,30.32,6.59,6.59
2019,ID,Mathematics,8,Non-Special Education,291.43,267.84,291.25,314.80,34.04,19.88,38.77,80.12,29.68,41.35,11.67,11.67
2019,IL,Mathematics,8,Non-Special Education,289.03,263.64,287.50,313.08,36.41,23.55,38.38,76.45,26.37,38.07,11.70,11.70
2019,IN,Mathematics,8,Non-Special Education,291.24,267.49,292.19,315.49,34.92,20.53,37.18,79.47,30.59,42.29,11.70,11.70
2019,IA,Mathematics,8,Non-Special Education,287.58,265.74,288.09,309.92,33.18,21.40,41.96,78.60,28.57,36.64,8.07,8.07
2019,KS,Mathematics,8,Non-Special Education,287.89,263.88,286.93,311.78,34.73,23.23,39.74,76.77,26.62,37.03,10.41,10.41
2019,KY,Mathematics,8,Non-Special Education,283.41,260.15,282.85,306.51,34.46,26.80,40.98,73.20,24.37,32.22,7.85,7.85
2019,LA,Mathematics,8,Non-Special Education,276.75,253.20,276.62,299.75,34.38,33.49,40.75,66.51,20.71,25.76,5.05,5.05
2019,ME,Mathematics,8,Non-Special Education,290.06,267.15,289.72,313.31,34.44,20.38,40.33,79.62,28.56,39.28,10.72,10.72
2019,MD,Mathematics,8,Non-Special Education,285.02,256.11,283.31,312.92,40.77,30.00,34.29,ERROR,ERROR,ERROR,ERROR,ERROR
2019,MA,Mathematics,8,Non-Special Education,ERROR,ERROR,ERROR,ERROR,ERROR,ERROR,ERROR,ERROR,ERROR,ERROR,ERROR,ERROR
2019,MI,Mathematics,8,Non-Special Education,ERROR,ERROR,ERROR,ERROR,ERROR,ERROR,ERROR,ERROR,ERROR,ERROR,ERROR,ERROR
2019,MN,Mathematics,8,Non-Special Education,ERROR,ERROR,ERROR,ERROR,ERROR,ERROR,ERROR,ERROR,ERROR,ERROR,ERROR,ERROR
2019,MS,Mathematics,8,Non-Special Education,ERROR,ERROR,ERROR,ERROR,ERROR,ERROR,ERROR,ERROR,ERROR,ERROR,ERROR,ERROR
2019,MO,Mathematics,8,Non-Special Education,ERROR,ERROR,ERROR,ERROR,ERROR,ERROR,ERROR,ERROR,ERROR,ERROR,ERROR,ERROR
2019,MT,Mathematics,8,Non-Special Education,ERROR,ERROR,ERROR,ERROR,ERROR,ERROR,ERROR,ERROR,ERROR,ERROR,ERROR,ERROR
2019,NE,Mathematics,8,Non-Special Education,ERROR,ERROR,ERROR,ERROR,ERROR,ERROR,ERROR,ERROR,ERROR,ERROR,ERROR,ERROR
2019,NV,Mathematics,8,Non-Special Education,ERROR,ERROR,ERROR,ERROR,ERROR,ERROR,ERROR,ERROR,ERROR,ERROR,ERROR,ERROR
2019,NH,Mathematics,8,Non-Special Education,ERROR,ERROR,ERROR,ERROR,ERROR,ERROR,ERROR,ERROR,ERROR,ERROR,ERROR,ERROR
2019,NJ,Mathematics,8,Non-Special Education,ERROR,ERROR,ERROR,ERROR,ERROR,ERROR,ERROR,ERROR,ERROR,ERROR,ERROR,ERROR
2019,NM,Mathematics,8,Non-Special Education,ERROR,ERROR,ERROR,ERROR,ERROR,ERROR,ERROR,ERROR,ERROR,ERROR,ERROR,ERROR
2019,NY,Mathematics,8,Non-Special Education,ERROR,ERROR,ERROR,ERROR,ERROR,ERROR,ERROR,ERROR,ERROR,ERROR,ERROR,ERROR
2019,NC,Mathematics,8,Non-Special Education,ERROR,ERROR,ERROR,ERROR,ERROR,ERROR,ERROR,ERROR,ERROR,ERROR,ERROR,ERROR
2019,ND,Mathematics,8,Non-Special Education,ERROR,ERROR,ERROR,ERROR,ERROR,ERROR,ERROR,ERROR,ERROR,ERROR,ERROR,ERROR
2019,OH,Mathematics,8,Non-Special Education,ERROR,ERROR,ERROR,ERROR,ERROR,ERROR,ERROR,ERROR,ERROR,ERROR,ERROR,ERROR
2019,OK,Mathematics,8,Non-Special Education,ERROR,ERROR,ERROR,ERROR,ERROR,ERROR,ERROR,ERROR,ERROR,ERROR,ERROR,ERROR
2019,OR,Mathematics,8,Non-Special Education,ERROR,ERROR,ERROR,ERROR,ERROR,ERROR,ERROR,ERROR,ERROR,ERROR,ERROR,ERROR
2019,PA,Mathematics,8,Non-Special Education,ERROR,ERROR,ERROR,ERROR,ERROR,ERROR,ERROR,ERROR,ERROR,ERROR,ERROR,ERROR
2019,RI,Mathematics,8,Non-Special Education,ERROR,ERROR,ERROR,ERROR,ERROR,ERROR,ERROR,ERROR,ERROR,ERROR,ERROR,ERROR
2019,SC,Mathematics,8,Non-Special Education,ERROR,ERROR,ERROR,ERROR,ERROR,ERROR,ERROR,ERROR,ERROR,ERROR,ERROR,ERROR
2019,SD,Mathematics,8,Non-Special Education,ERROR,ERROR,ERROR,ERROR,ERROR,ERROR,ERROR,ERROR,ERROR,ERROR,ERROR,ERROR
2019,TN,Mathematics,8,Non-Special Education,ERROR,ERROR,ERROR,ERROR,ERROR,ERROR,ERROR,ERROR,ERROR,ERROR,ERROR,ERROR
2019,TX,Mathematics,8,Non-Special Education,ERROR,ERROR,ERROR,ERROR,ERROR,ERROR,ERROR,ERROR,ERROR,ERROR,ERROR,ERROR
2019,UT,Mathematics,8,Non-Special Education,ERROR,ERROR,ERROR,ERROR,ERROR,ERROR,ERROR,ERROR,ERROR,ERROR,ERROR,ERROR
2019,VT,Mathematics,8,Non-Special Education,ERROR,ERROR,ERROR,ERROR,ERROR,ERROR,ERROR,ERROR,ERROR,ERROR,ERROR,ERROR
2019,VA,Mathematics,8,Non-Special Education,ERROR,ERROR,ERROR,ERROR,ERROR,ERROR,ERROR,ERROR,ERROR,ERROR,ERROR,ERROR
2019,WA,Mathematics,8,Non-Special Education,ERROR,ERROR,ERROR,ERROR,ERROR,ERROR,ERROR,ERROR,ERROR,ERROR,ERROR,ERROR
2019,WV,Mathematics,8,Non-Special Education,ERROR,ERROR,ERROR,ERROR,ERROR,ERROR,ERROR,ERROR,ERROR,ERROR,ERROR,ERROR
2019,WI,Mathematics,8,Non-Special Education,ERROR,ERROR,ERROR,ERROR,ERROR,ERROR,ERROR,ERROR,ERROR,ERROR,ERROR,ERROR
2019,WY,Mathematics,8,Non-Special Education,ERROR,ERROR,ERROR,ERROR,ERROR,ERROR,ERROR,ERROR,ERROR,ERROR,ERROR,ERROR
2019,AL,Reading,4,Special Education,ERROR,ERROR,ERROR,ERROR,ERROR,ERROR,ERROR,ERROR,ERROR,ERROR,ERROR,ERROR
2019,AK,Reading,4,Special Education,ERROR,ERROR,ERROR,ERROR,ERROR,ERROR,ERROR,ERROR,ERROR,ERROR,ERROR,ERROR
2019,AZ,Reading,4,Special Education,ERROR,ERROR,ERROR,ERROR,ERROR,ERROR,ERROR,ERROR,ERROR,ERROR,ERROR,ERROR
2019,AR,Reading,4,Special Education,ERROR,ERROR,ERROR,ERROR,ERROR,ERROR,ERROR,ERROR,ERROR,ERROR,ERROR,ERROR
2019,CA,Reading,4,Special Education,ERROR,ERROR,ERROR,ERROR,ERROR,ERROR,ERROR,ERROR,ERROR,ERROR,ERROR,ERROR
2019,CO,Reading,4,Special Education,ERROR,ERROR,ERROR,ERROR,ERROR,ERROR,ERROR,ERROR,ERROR,ERROR,ERROR,ERROR
2019,CT,Reading,4,Special Education,ERROR,ERROR,ERROR,ERROR,ERROR,ERROR,ERROR,ERROR,ERROR,ERROR,ERROR,ERROR
2019,DE,Reading,4,Special Education,ERROR,ERROR,ERROR,ERROR,ERROR,ERROR,ERROR,ERROR,ERROR,ERROR,ERROR,ERROR
2019,DC,Reading,4,Special Education,ERROR,ERROR,ERROR,ERROR,ERROR,ERROR,ERROR,ERROR,ERROR,ERROR,ERROR,ERROR
2019,FL,Reading,4,Special Education,ERROR,ERROR,ERROR,ERROR,ERROR,ERROR,ERROR,ERROR,ERROR,ERROR,ERROR,ERROR
2019,GA,Reading,4,Special Education,ERROR,ERROR,ERROR,ERROR,ERROR,ERROR,ERROR,ERROR,ERROR,ERROR,ERROR,ERROR
2019,HI,Reading,4,Special Education,ERROR,ERROR,ERROR,ERROR,ERROR,ERROR,ERROR,ERROR,ERROR,ERROR,ERROR,ERROR
2019,ID,Reading,4,Special Education,ERROR,ERROR,ERROR,ERROR,ERROR,ERROR,ERROR,ERROR,ERROR,ERROR,ERROR,ERROR
2019,IL,Reading,4,Special Education,ERROR,ERROR,ERROR,ERROR,ERROR,ERROR,ERROR,ERROR,ERROR,ERROR,ERROR,ERROR
2019,IN,Reading,4,Special Education,ERROR,ERROR,ERROR,ERROR,ERROR,ERROR,ERROR,ERROR,ERROR,ERROR,ERROR,ERROR
2019,IA,Reading,4,Special Education,ERROR,ERROR,ERROR,ERROR,ERROR,ERROR,ERROR,ERROR,ERROR,ERROR,ERROR,ERROR
2019,KS,Reading,4,Special Education,ERROR,ERROR,ERROR,ERROR,ERROR,ERROR,ERROR,ERROR,ERROR,ERROR,ERROR,ERROR
2019,KY,Reading,4,Special Education,ERROR,ERROR,ERROR,ERROR,ERROR,ERROR,ERROR,ERROR,ERROR,ERROR,ERROR,ERROR
2019,LA,Reading,4,Special Education,ERROR,ERROR,ERROR,ERROR,ERROR,ERROR,ERROR,ERROR,ERROR,ERROR,ERROR,ERROR
2019,ME,Reading,4,Special Education,ERROR,ERROR,ERROR,ERROR,ERROR,ERROR,ERROR,ERROR,ERROR,ERROR,ERROR,ERROR
2019,MD,Reading,4,Special Education,ERROR,ERROR,ERROR,ERROR,ERROR,ERROR,ERROR,ERROR,ERROR,ERROR,ERROR,ERROR
2019,MA,Reading,4,Special Education,ERROR,ERROR,ERROR,ERROR,ERROR,ERROR,ERROR,ERROR,ERROR,ERROR,ERROR,ERROR
2019,MI,Reading,4,Special Education,ERROR,ERROR,ERROR,ERROR,ERROR,ERROR,ERROR,ERROR,ERROR,ERROR,ERROR,ERROR
2019,MN,Reading,4,Special Education,ERROR,ERROR,ERROR,ERROR,ERROR,ERROR,ERROR,ERROR,ERROR,ERROR,ERROR,ERROR
2019,MS,Reading,4,Special Education,ERROR,ERROR,ERROR,ERROR,ERROR,ERROR,ERROR,ERROR,ERROR,ERROR,ERROR,ERROR
2019,MO,Reading,4,Special Education,ERROR,ERROR,ERROR,ERROR,ERROR,ERROR,ERROR,ERROR,ERROR,ERROR,ERROR,ERROR
2019,MT,Reading,4,Special Education,ERROR,ERROR,ERROR,ERROR,ERROR,ERROR,ERROR,ERROR,ERROR,ERROR,ERROR,ERROR
2019,NE,Reading,4,Special Education,ERROR,ERROR,ERROR,ERROR,ERROR,ERROR,ERROR,ERROR,ERROR,ERROR,ERROR,ERROR
2019,NV,Reading,4,Special Education,ERROR,ERROR,ERROR,ERROR,ERROR,ERROR,ERROR,ERROR,ERROR,ERROR,ERROR,ERROR
2019,NH,Reading,4,Special Education,ERROR,ERROR,ERROR,ERROR,ERROR,ERROR,ERROR,ERROR,ERROR,ERROR,ERROR,ERROR
2019,NJ,Reading,4,Special Education,ERROR,ERROR,ERROR,ERROR,ERROR,ERROR,ERROR,ERROR,ERROR,ERROR,ERROR,ERROR
2019,NM,Reading,4,Special Education,ERROR,ERROR,ERROR,ERROR,ERROR,ERROR,ERROR,ERROR,ERROR,ERROR,ERROR,ERROR
2019,NY,Reading,4,Special Education,ERROR,ERROR,ERROR,ERROR,ERROR,ERROR,ERROR,ERROR,ERROR,ERROR,ERROR,ERROR
2019,NC,Reading,4,Special Education,ERROR,ERROR,ERROR,ERROR,ERROR,ERROR,ERROR,ERROR,ERROR,ERROR,ERROR,ERROR
2019,ND,Reading,4,Special Education,ERROR,ERROR,ERROR,ERROR,ERROR,ERROR,ERROR,ERROR,ERROR,ERROR,ERROR,ERROR
2019,OH,Reading,4,Special Education,ERROR,ERROR,ERROR,ERROR,ERROR,ERROR,ERROR,ERROR,ERROR,ERROR,ERROR,ERROR
2019,OK,Reading,4,Special Education,ERROR,ERROR,ERROR,ERROR,ERROR,ERROR,ERROR,ERROR,ERROR,ERROR,ERROR,ERROR
2019,OR,Reading,4,Special Education,ERROR,ERROR,ERROR,ERROR,ERROR,ERROR,ERROR,ERROR,ERROR,ERROR,ERROR,ERROR
2019,PA,Reading,4,Special Education,ERROR,ERROR,ERROR,ERROR,ERROR,ERROR,ERROR,ERROR,ERROR,ERROR,ERROR,ERROR
2019,RI,Reading,4,Special Education,ERROR,ERROR,ERROR,ERROR,ERROR,ERROR,ERROR,ERROR,ERROR,ERROR,ERROR,ERROR
2019,SC,Reading,4,Special Education,ERROR,ERROR,ERROR,ERROR,ERROR,ERROR,ERROR,ERROR,ERROR,ERROR,ERROR,ERROR
2019,SD,Reading,4,Special Education,ERROR,ERROR,ERROR,ERROR,ERROR,ERROR,ERROR,ERROR,ERROR,ERROR,ERROR,ERROR
2019,TN,Reading,4,Special Education,ERROR,ERROR,ERROR,ERROR,ERROR,ERROR,ERROR,ERROR,ERROR,ERROR,ERROR,ERROR
2019,TX,Reading,4,Special Education,ERROR,ERROR,ERROR,ERROR,ERROR,ERROR,ERROR,ERROR,ERROR,ERROR,ERROR,ERROR
2019,UT,Reading,4,Special Education,ERROR,ERROR,ERROR,ERROR,ERROR,ERROR,ERROR,ERROR,ERROR,ERROR,ERROR,ERROR
2019,VT,Reading,4,Special Education,ERROR,ERROR,ERROR,ERROR,ERROR,ERROR,ERROR,ERROR,ERROR,ERROR,ERROR,ERROR
2019,VA,Reading,4,Special Education,ERROR,ERROR,ERROR,ERROR,ERROR,ERROR,ERROR,ERROR,ERROR,ERROR,ERROR,ERROR
2019,WA,Reading,4,Special Education,ERROR,ERROR,ERROR,ERROR,ERROR,ERROR,ERROR,ERROR,ERROR,ERROR,ERROR,ERROR
2019,WV,Reading,4,Special Education,ERROR,ERROR,ERROR,ERROR,ERROR,ERROR,ERROR,ERROR,ERROR,ERROR,ERROR,ERROR
2019,WI,Reading,4,Special Education,ERROR,ERROR,ERROR,ERROR,ERROR,ERROR,ERROR,ERROR,ERROR,ERROR,ERROR,ERROR
2019,WY,Reading,4,Special Education,ERROR,ERROR,ERROR,ERROR,ERROR,ERROR,ERROR,ERROR,ERROR,ERROR,ERROR,ERROR
2019,AL,Reading,4,Non-Special Education,ERROR,ERROR,ERROR,ERROR,ERROR,ERROR,ERROR,ERROR,ERROR,ERROR,ERROR,ERROR
2019,AK,Reading,4,Non-Special Education,ERROR,ERROR,ERROR,ERROR,ERROR,ERROR,ERROR,ERROR,ERROR,ERROR,ERROR,ERROR
2019,AZ,Reading,4,Non-Special Education,ERROR,ERROR,ERROR,ERROR,ERROR,ERROR,ERROR,ERROR,ERROR,ERROR,ERROR,ERROR
2019,AR,Reading,4,Non-Special Education,ERROR,ERROR,ERROR,ERROR,ERROR,ERROR,ERROR,ERROR,ERROR,ERROR,ERROR,ERROR
2019,CA,Reading,4,Non-Special Education,ERROR,ERROR,ERROR,ERROR,ERROR,ERROR,ERROR,ERROR,ERROR,ERROR,ERROR,ERROR
2019,CO,Reading,4,Non-Special Education,ERROR,ERROR,ERROR,ERROR,ERROR,ERROR,ERROR,ERROR,ERROR,ERROR,ERROR,ERROR
2019,CT,Reading,4,Non-Special Education,ERROR,ERROR,ERROR,ERROR,ERROR,ERROR,ERROR,ERROR,ERROR,ERROR,ERROR,ERROR
2019,DE,Reading,4,Non-Special Education,ERROR,ERROR,ERROR,ERROR,ERROR,ERROR,ERROR,ERROR,ERROR,ERROR,ERROR,ERROR
2019,DC,Reading,4,Non-Special Education,ERROR,ERROR,ERROR,ERROR,ERROR,ERROR,ERROR,ERROR,ERROR,ERROR,ERROR,ERROR
2019,FL,Reading,4,Non-Special Education,ERROR,ERROR,ERROR,ERROR,ERROR,ERROR,ERROR,ERROR,ERROR,ERROR,ERROR,ERROR
2019,GA,Reading,4,Non-Special Education,ERROR,ERROR,ERROR,ERROR,ERROR,ERROR,ERROR,ERROR,ERROR,ERROR,ERROR,ERROR
2019,HI,Reading,4,Non-Special Education,ERROR,ERROR,ERROR,ERROR,ERROR,ERROR,ERROR,ERROR,ERROR,ERROR,ERROR,ERROR
2019,ID,Reading,4,Non-Special Education,ERROR,ERROR,ERROR,ERROR,ERROR,ERROR,ERROR,ERROR,ERROR,ERROR,ERROR,ERROR
2019,IL,Reading,4,Non-Special Education,ERROR,ERROR,ERROR,ERROR,ERROR,ERROR,ERROR,ERROR,ERROR,ERROR,ERROR,ERROR
2019,IN,Reading,4,Non-Special Education,ERROR,ERROR,ERROR,ERROR,ERROR,ERROR,ERROR,ERROR,ERROR,ERROR,ERROR,ERROR
2019,IA,Reading,4,Non-Special Education,ERROR,ERROR,ERROR,ERROR,ERROR,ERROR,ERROR,ERROR,ERROR,ERROR,ERROR,ERROR
2019,KS,Reading,4,Non-Special Education,ERROR,ERROR,ERROR,ERROR,ERROR,ERROR,ERROR,ERROR,ERROR,ERROR,ERROR,ERROR
2019,KY,Reading,4,Non-Special Education,ERROR,ERROR,ERROR,ERROR,ERROR,ERROR,ERROR,ERROR,ERROR,ERROR,ERROR,ERROR
2019,LA,Reading,4,Non-Special Education,ERROR,ERROR,ERROR,ERROR,ERROR,ERROR,ERROR,ERROR,ERROR,ERROR,ERROR,ERROR
2019,ME,Reading,4,Non-Special Education,ERROR,ERROR,ERROR,ERROR,ERROR,ERROR,ERROR,ERROR,ERROR,ERROR,ERROR,ERROR
2019,MD,Reading,4,Non-Special Education,ERROR,ERROR,ERROR,ERROR,ERROR,ERROR,ERROR,ERROR,ERROR,ERROR,ERROR,ERROR
2019,MA,Reading,4,Non-Special Education,ERROR,ERROR,ERROR,ERROR,ERROR,ERROR,ERROR,ERROR,ERROR,ERROR,ERROR,ERROR
2019,MI,Reading,4,Non-Special Education,ERROR,ERROR,ERROR,ERROR,ERROR,ERROR,ERROR,ERROR,ERROR,ERROR,ERROR,ERROR
2019,MN,Reading,4,Non-Special Education,ERROR,ERROR,ERROR,ERROR,ERROR,ERROR,ERROR,ERROR,ERROR,ERROR,ERROR,ERROR
2019,MS,Reading,4,Non-Special Education,ERROR,ERROR,ERROR,ERROR,ERROR,ERROR,ERROR,ERROR,ERROR,ERROR,ERROR,ERROR
2019,MO,Reading,4,Non-Special Education,ERROR,ERROR,ERROR,ERROR,ERROR,ERROR,ERROR,ERROR,ERROR,ERROR,ERROR,ERROR
2019,MT,Reading,4,Non-Special Education,ERROR,ERROR,ERROR,ERROR,ERROR,ERROR,ERROR,ERROR,ERROR,ERROR,ERROR,ERROR
2019,NE,Reading,4,Non-Special Education,ERROR,ERROR,ERROR,ERROR,ERROR,ERROR,ERROR,ERROR,ERROR,ERROR,ERROR,ERROR
2019,NV,Reading,4,Non-Special Education,ERROR,ERROR,ERROR,ERROR,ERROR,ERROR,ERROR,ERROR,ERROR,ERROR,ERROR,ERROR
2019,NH,Reading,4,Non-Special Education,ERROR,ERROR,ERROR,ERROR,ERROR,ERROR,ERROR,ERROR,ERROR,ERROR,ERROR,ERROR
2019,NJ,Reading,4,Non-Special Education,ERROR,ERROR,ERROR,ERROR,ERROR,ERROR,ERROR,ERROR,ERROR,ERROR,ERROR,ERROR
2019,NM,Reading,4,Non-Special Education,ERROR,ERROR,ERROR,ERROR,ERROR,ERROR,ERROR,ERROR,ERROR,ERROR,ERROR,ERROR
2019,NY,Reading,4,Non-Special Education,ERROR,ERROR,ERROR,ERROR,ERROR,ERROR,ERROR,ERROR,ERROR,ERROR,ERROR,ERROR
2019,NC,Reading,4,Non-Special Education,ERROR,ERROR,ERROR,ERROR,ERROR,ERROR,ERROR,ERROR,ERROR,ERROR,ERROR,ERROR
2019,ND,Reading,4,Non-Special Education,ERROR,ERROR,ERROR,ERROR,ERROR,ERROR,ERROR,ERROR,ERROR,ERROR,ERROR,ERROR
2019,OH,Reading,4,Non-Special Education,ERROR,ERROR,ERROR,ERROR,ERROR,ERROR,ERROR,ERROR,ERROR,ERROR,ERROR,ERROR
2019,OK,Reading,4,Non-Special Education,ERROR,ERROR,ERROR,ERROR,ERROR,ERROR,ERROR,ERROR,ERROR,ERROR,ERROR,ERROR
2019,OR,Reading,4,Non-Special Education,ERROR,ERROR,ERROR,ERROR,ERROR,ERROR,ERROR,ERROR,ERROR,ERROR,ERROR,ERROR
2019,PA,Reading,4,Non-Special Education,ERROR,ERROR,ERROR,ERROR,ERROR,ERROR,ERROR,ERROR,ERROR,ERROR,ERROR,ERROR
2019,RI,Reading,4,Non-Special Education,ERROR,ERROR,ERROR,ERROR,ERROR,ERROR,ERROR,ERROR,ERROR,ERROR,ERROR,ERROR
2019,SC,Reading,4,Non-Special Education,ERROR,ERROR,ERROR,ERROR,ERROR,ERROR,ERROR,ERROR,ERROR,ERROR,ERROR,ERROR
2019,SD,Reading,4,Non-Special Education,ERROR,ERROR,ERROR,ERROR,ERROR,ERROR,ERROR,ERROR,ERROR,ERROR,ERROR,ERROR
2019,TN,Reading,4,Non-Special Education,ERROR,ERROR,ERROR,ERROR,ERROR,ERROR,ERROR,ERROR,ERROR,ERROR,ERROR,ERROR
2019,TX,Reading,4,Non-Special Education,ERROR,ERROR,ERROR,ERROR,ERROR,ERROR,ERROR,ERROR,ERROR,ERROR,ERROR,ERROR
2019,UT,Reading,4,Non-Special Education,ERROR,ERROR,ERROR,ERROR,ERROR,ERROR,ERROR,ERROR,ERROR,ERROR,ERROR,ERROR
2019,VT,Reading,4,Non-Special Education,ERROR,ERROR,ERROR,ERROR,ERROR,ERROR,ERROR,ERROR,ERROR,ERROR,ERROR,ERROR
2019,VA,Reading,4,Non-Special Education,ERROR,ERROR,ERROR,ERROR,ERROR,ERROR,ERROR,ERROR,ERROR,ERROR,ERROR,ERROR
2019,WA,Reading,4,Non-Special Education,ERROR,ERROR,ERROR,ERROR,ERROR,ERROR,ERROR,ERROR,ERROR,ERROR,ERROR,ERROR
2019,WV,Reading,4,Non-Special Education,ERROR,ERROR,ERROR,ERROR,ERROR,ERROR,ERROR,ERROR,ERROR,ERROR,ERROR,ERROR
2019,WI,Reading,4,Non-Special Education,ERROR,ERROR,ERROR,ERROR,ERROR,ERROR,ERROR,ERROR,ERROR,ERROR,ERROR,ERROR
2019,WY,Reading,4,Non-Special Education,ERROR,ERROR,ERROR,ERROR,ERROR,ERROR,ERROR,ERROR,ERROR,ERROR,ERROR,ERROR
2019,AL,Reading,8,Special Education,ERROR,ERROR,ERROR,ERROR,ERROR,ERROR,ERROR,ERROR,ERROR,ERROR,ERROR,ERROR
2019,AK,Reading,8,Special Education,ERROR,ERROR,ERROR,ERROR,ERROR,ERROR,ERROR,ERROR,ERROR,ERROR,ERROR,ERROR
2019,AZ,Reading,8,Special Education,ERROR,ERROR,ERROR,ERROR,ERROR,ERROR,ERROR,ERROR,ERROR,ERROR,ERROR,ERROR
2019,AR,Reading,8,Special Education,ERROR,ERROR,ERROR,ERROR,ERROR,ERROR,ERROR,ERROR,ERROR,ERROR,ERROR,ERROR
2019,CA,Reading,8,Special Education,ERROR,ERROR,ERROR,ERROR,ERROR,ERROR,ERROR,ERROR,ERROR,ERROR,ERROR,ERROR
2019,CO,Reading,8,Special Education,ERROR,ERROR,ERROR,ERROR,ERROR,ERROR,ERROR,ERROR,ERROR,ERROR,ERROR,ERROR
2019,CT,Reading,8,Special Education,ERROR,ERROR,ERROR,ERROR,ERROR,ERROR,ERROR,ERROR,ERROR,ERROR,ERROR,ERROR
2019,DE,Reading,8,Special Education,ERROR,ERROR,ERROR,ERROR,ERROR,ERROR,ERROR,ERROR,ERROR,ERROR,ERROR,ERROR
2019,DC,Reading,8,Special Education,ERROR,ERROR,ERROR,ERROR,ERROR,ERROR,ERROR,ERROR,ERROR,ERROR,ERROR,ERROR
2019,FL,Reading,8,Special Education,ERROR,ERROR,ERROR,ERROR,ERROR,ERROR,ERROR,ERROR,ERROR,ERROR,ERROR,ERROR
2019,GA,Reading,8,Special Education,ERROR,ERROR,ERROR,ERROR,ERROR,ERROR,ERROR,ERROR,ERROR,ERROR,ERROR,ERROR
2019,HI,Reading,8,Special Education,ERROR,ERROR,ERROR,ERROR,ERROR,ERROR,ERROR,ERROR,ERROR,ERROR,ERROR,ERROR
2019,ID,Reading,8,Special Education,ERROR,ERROR,ERROR,ERROR,ERROR,ERROR,ERROR,ERROR,ERROR,ERROR,ERROR,ERROR
2019,IL,Reading,8,Special Education,ERROR,ERROR,ERROR,ERROR,ERROR,ERROR,ERROR,ERROR,ERROR,ERROR,ERROR,ERROR
2019,IN,Reading,8,Special Education,ERROR,ERROR,ERROR,ERROR,ERROR,ERROR,ERROR,ERROR,ERROR,ERROR,ERROR,ERROR
2019,IA,Reading,8,Special Education,ERROR,ERROR,ERROR,ERROR,ERROR,ERROR,ERROR,ERROR,ERROR,ERROR,ERROR,ERROR
2019,KS,Reading,8,Special Education,ERROR,ERROR,ERROR,ERROR,ERROR,ERROR,ERROR,ERROR,ERROR,ERROR,ERROR,ERROR
2019,KY,Reading,8,Special Education,ERROR,ERROR,ERROR,ERROR,ERROR,ERROR,ERROR,ERROR,ERROR,ERROR,ERROR,ERROR
2019,LA,Reading,8,Special Education,ERROR,ERROR,ERROR,ERROR,ERROR,ERROR,ERROR,ERROR,ERROR,ERROR,ERROR,ERROR
2019,ME,Reading,8,Special Education,ERROR,ERROR,ERROR,ERROR,ERROR,ERROR,ERROR,ERROR,ERROR,ERROR,ERROR,ERROR
2019,MD,Reading,8,Special Education,ERROR,ERROR,ERROR,ERROR,ERROR,ERROR,ERROR,ERROR,ERROR,ERROR,ERROR,ERROR
2019,MA,Reading,8,Special Education,ERROR,ERROR,ERROR,ERROR,ERROR,ERROR,ERROR,ERROR,ERROR,ERROR,ERROR,ERROR
2019,MI,Reading,8,Special Education,ERROR,ERROR,ERROR,ERROR,ERROR,ERROR,ERROR,ERROR,ERROR,ERROR,ERROR,ERROR
2019,MN,Reading,8,Special Education,ERROR,ERROR,ERROR,ERROR,ERROR,ERROR,ERROR,ERROR,ERROR,ERROR,ERROR,ERROR
2019,MS,Reading,8,Special Education,ERROR,ERROR,ERROR,ERROR,ERROR,ERROR,ERROR,ERROR,ERROR,ERROR,ERROR,ERROR
2019,MO,Reading,8,Special Education,ERROR,ERROR,ERROR,ERROR,ERROR,ERROR,ERROR,ERROR,ERROR,ERROR,ERROR,ERROR
2019,MT,Reading,8,Special Education,ERROR,ERROR,ERROR,ERROR,ERROR,ERROR,ERROR,ERROR,ERROR,ERROR,ERROR,ERROR
2019,NE,Reading,8,Special Education,ERROR,ERROR,ERROR,ERROR,ERROR,ERROR,ERROR,ERROR,ERROR,ERROR,ERROR,ERROR
2019,NV,Reading,8,Special Education,ERROR,ERROR,ERROR,ERROR,ERROR,ERROR,ERROR,ERROR,ERROR,ERROR,ERROR,ERROR
2019,NH,Reading,8,Special Education,ERROR,ERROR,ERROR,ERROR,ERROR,ERROR,ERROR,ERROR,ERROR,ERROR,ERROR,ERROR
2019,NJ,Reading,8,Special Education,ERROR,ERROR,ERROR,ERROR,ERROR,ERROR,ERROR,ERROR,ERROR,ERROR,ERROR,ERROR
2019,NM,Reading,8,Special Education,ERROR,ERROR,ERROR,ERROR,ERROR,ERROR,ERROR,ERROR,ERROR,ERROR,ERROR,ERROR
2019,NY,Reading,8,Special Education,ERROR,ERROR,ERROR,ERROR,ERROR,ERROR,ERROR,ERROR,ERROR,ERROR,ERROR,ERROR
2019,NC,Reading,8,Special Education,ERROR,ERROR,ERROR,ERROR,ERROR,ERROR,ERROR,ERROR,ERROR,ERROR,ERROR,ERROR
2019,ND,Reading,8,Special Education,ERROR,ERROR,ERROR,ERROR,ERROR,ERROR,ERROR,ERROR,ERROR,ERROR,ERROR,ERROR
2019,OH,Reading,8,Special Education,ERROR,ERROR,ERROR,ERROR,ERROR,ERROR,ERROR,ERROR,ERROR,ERROR,ERROR,ERROR
2019,OK,Reading,8,Special Education,ERROR,ERROR,ERROR,ERROR,ERROR,ERROR,ERROR,ERROR,ERROR,ERROR,ERROR,ERROR
2019,OR,Reading,8,Special Education,ERROR,ERROR,ERROR,ERROR,ERROR,ERROR,ERROR,ERROR,ERROR,ERROR,ERROR,ERROR
2019,PA,Reading,8,Special Education,ERROR,ERROR,ERROR,ERROR,ERROR,ERROR,ERROR,ERROR,ERROR,ERROR,ERROR,ERROR
2019,RI,Reading,8,Special Education,ERROR,ERROR,ERROR,ERROR,ERROR,ERROR,ERROR,ERROR,ERROR,ERROR,ERROR,ERROR
2019,SC,Reading,8,Special Education,ERROR,ERROR,ERROR,ERROR,ERROR,ERROR,ERROR,ERROR,ERROR,ERROR,ERROR,ERROR
2019,SD,Reading,8,Special Education,ERROR,ERROR,ERROR,ERROR,ERROR,ERROR,ERROR,ERROR,ERROR,ERROR,ERROR,ERROR
2019,TN,Reading,8,Special Education,ERROR,ERROR,ERROR,ERROR,ERROR,ERROR,ERROR,ERROR,ERROR,ERROR,ERROR,ERROR
2019,TX,Reading,8,Special Education,ERROR,ERROR,ERROR,ERROR,ERROR,ERROR,ERROR,ERROR,ERROR,ERROR,ERROR,ERROR
2019,UT,Reading,8,Special Education,ERROR,ERROR,ERROR,ERROR,ERROR,ERROR,ERROR,ERROR,ERROR,ERROR,ERROR,ERROR
2019,VT,Reading,8,Special Education,ERROR,ERROR,ERROR,ERROR,ERROR,ERROR,ERROR,ERROR,ERROR,ERROR,ERROR,ERROR
2019,VA,Reading,8,Special Education,ERROR,ERROR,ERROR,ERROR,ERROR,ERROR,ERROR,ERROR,ERROR,ERROR,ERROR,ERROR
2019,WA,Reading,8,Special Education,ERROR,ERROR,ERROR,ERROR,ERROR,ERROR,ERROR,ERROR,ERROR,ERROR,ERROR,ERROR
2019,WV,Reading,8,Special Education,ERROR,ERROR,ERROR,ERROR,ERROR,ERROR,ERROR,ERROR,ERROR,ERROR,ERROR,ERROR
2019,WI,Reading,8,Special Education,ERROR,ERROR,ERROR,ERROR,ERROR,ERROR,ERROR,ERROR,ERROR,ERROR,ERROR,ERROR
2019,WY,Reading,8,Special Education,ERROR,ERROR,ERROR,ERROR,ERROR,ERROR,ERROR,ERROR,ERROR,ERROR,ERROR,ERROR
2019,AL,Reading,8,Non-Special Education,ERROR,ERROR,ERROR,ERROR,ERROR,ERROR,ERROR,ERROR,ERROR,ERROR,ERROR,ERROR
2019,AK,Reading,8,Non-Special Education,ERROR,ERROR,ERROR,ERROR,ERROR,ERROR,ERROR,ERROR,ERROR,ERROR,ERROR,ERROR
2019,AZ,Reading,8,Non-Special Education,ERROR,ERROR,ERROR,ERROR,ERROR,ERROR,ERROR,ERROR,ERROR,ERROR,ERROR,ERROR
2019,AR,Reading,8,Non-Special Education,ERROR,ERROR,ERROR,ERROR,ERROR,ERROR,ERROR,ERROR,ERROR,ERROR,ERROR,ERROR
2019,CA,Reading,8,Non-Special Education,ERROR,ERROR,ERROR,ERROR,ERROR,ERROR,ERROR,ERROR,ERROR,ERROR,ERROR,ERROR
2019,CO,Reading,8,Non-Special Education,ERROR,ERROR,ERROR,ERROR,ERROR,ERROR,ERROR,ERROR,ERROR,ERROR,ERROR,ERROR
2019,CT,Reading,8,Non-Special Education,ERROR,ERROR,ERROR,ERROR,ERROR,ERROR,ERROR,ERROR,ERROR,ERROR,ERROR,ERROR
2019,DE,Reading,8,Non-Special Education,ERROR,ERROR,ERROR,ERROR,ERROR,ERROR,ERROR,ERROR,ERROR,ERROR,ERROR,ERROR
2019,DC,Reading,8,Non-Special Education,ERROR,ERROR,ERROR,ERROR,ERROR,ERROR,ERROR,ERROR,ERROR,ERROR,ERROR,ERROR
2019,FL,Reading,8,Non-Special Education,ERROR,ERROR,ERROR,ERROR,ERROR,ERROR,ERROR,ERROR,ERROR,ERROR,ERROR,ERROR
2019,GA,Reading,8,Non-Special Education,ERROR,ERROR,ERROR,ERROR,ERROR,ERROR,ERROR,ERROR,ERROR,ERROR,ERROR,ERROR
2019,HI,Reading,8,Non-Special Education,ERROR,ERROR,ERROR,ERROR,ERROR,ERROR,ERROR,ERROR,ERROR,ERROR,ERROR,ERROR
2019,ID,Reading,8,Non-Special Education,ERROR,ERROR,ERROR,ERROR,ERROR,ERROR,ERROR,ERROR,ERROR,ERROR,ERROR,ERROR
2019,IL,Reading,8,Non-Special Education,ERROR,ERROR,ERROR,ERROR,ERROR,ERROR,ERROR,ERROR,ERROR,ERROR,ERROR,ERROR
2019,IN,Reading,8,Non-Special Education,ERROR,ERROR,ERROR,ERROR,ERROR,ERROR,ERROR,ERROR,ERROR,ERROR,ERROR,ERROR
2019,IA,Reading,8,Non-Special Education,ERROR,ERROR,ERROR,ERROR,ERROR,ERROR,ERROR,ERROR,ERROR,ERROR,ERROR,ERROR
2019,KS,Reading,8,Non-Special Education,ERROR,ERROR,ERROR,ERROR,ERROR,ERROR,ERROR,ERROR,ERROR,ERROR,ERROR,ERROR
2019,KY,Reading,8,Non-Special Education,ERROR,ERROR,ERROR,ERROR,ERROR,ERROR,ERROR,ERROR,ERROR,ERROR,ERROR,ERROR
2019,LA,Reading,8,Non-Special Education,ERROR,ERROR,ERROR,ERROR,ERROR,ERROR,ERROR,ERROR,ERROR,ERROR,ERROR,ERROR
2019,ME,Reading,8,Non-Special Education,ERROR,ERROR,ERROR,ERROR,ERROR,ERROR,ERROR,ERROR,ERROR,ERROR,ERROR,ERROR
2019,MD,Reading,8,Non-Special Education,ERROR,ERROR,ERROR,ERROR,ERROR,ERROR,ERROR,ERROR,ERROR,ERROR,ERROR,ERROR
2019,MA,Reading,8,Non-Special Education,ERROR,ERROR,ERROR,ERROR,ERROR,ERROR,ERROR,ERROR,ERROR,ERROR,ERROR,ERROR
2019,MI,Reading,8,Non-Special Education,ERROR,ERROR,ERROR,ERROR,ERROR,ERROR,ERROR,ERROR,ERROR,ERROR,ERROR,ERROR
2019,MN,Reading,8,Non-Special Education,ERROR,ERROR,ERROR,ERROR,ERROR,ERROR,ERROR,ERROR,ERROR,ERROR,ERROR,ERROR
2019,MS,Reading,8,Non-Special Education,ERROR,ERROR,ERROR,ERROR,ERROR,ERROR,ERROR,ERROR,ERROR,ERROR,ERROR,ERROR
2019,MO,Reading,8,Non-Special Education,ERROR,ERROR,ERROR,ERROR,ERROR,ERROR,ERROR,ERROR,ERROR,ERROR,ERROR,ERROR
2019,MT,Reading,8,Non-Special Education,ERROR,ERROR,ERROR,ERROR,ERROR,ERROR,ERROR,ERROR,ERROR,ERROR,ERROR,ERROR
2019,NE,Reading,8,Non-Special Education,ERROR,ERROR,ERROR,ERROR,ERROR,ERROR,ERROR,ERROR,ERROR,ERROR,ERROR,ERROR
2019,NV,Reading,8,Non-Special Education,ERROR,ERROR,ERROR,ERROR,ERROR,ERROR,ERROR,ERROR,ERROR,ERROR,ERROR,ERROR
2019,NH,Reading,8,Non-Special Education,ERROR,ERROR,ERROR,ERROR,ERROR,ERROR,ERROR,ERROR,ERROR,ERROR,ERROR,ERROR
2019,NJ,Reading,8,Non-Special Education,ERROR,ERROR,ERROR,ERROR,ERROR,ERROR,ERROR,ERROR,ERROR,ERROR,ERROR,ERROR
2019,NM,Reading,8,Non-Special Education,ERROR,ERROR,ERROR,ERROR,ERROR,ERROR,ERROR,ERROR,ERROR,ERROR,ERROR,ERROR
2019,NY,Reading,8,Non-Special Education,ERROR,ERROR,ERROR,ERROR,ERROR,ERROR,ERROR,ERROR,ERROR,ERROR,ERROR,ERROR
2019,NC,Reading,8,Non-Special Education,ERROR,ERROR,ERROR,ERROR,ERROR,ERROR,ERROR,ERROR,ERROR,ERROR,ERROR,ERROR
2019,ND,Reading,8,Non-Special Education,ERROR,ERROR,ERROR,ERROR,ERROR,ERROR,ERROR,ERROR,ERROR,ERROR,ERROR,ERROR
2019,OH,Reading,8,Non-Special Education,ERROR,ERROR,ERROR,ERROR,ERROR,ERROR,ERROR,ERROR,ERROR,ERROR,ERROR,ERROR
2019,OK,Reading,8,Non-Special Education,ERROR,ERROR,ERROR,ERROR,ERROR,ERROR,ERROR,ERROR,ERROR,ERROR,ERROR,ERROR
2019,OR,Reading,8,Non-Special Education,ERROR,ERROR,ERROR,ERROR,ERROR,ERROR,ERROR,ERROR,ERROR,ERROR,ERROR,ERROR
2019,PA,Reading,8,Non-Special Education,ERROR,ERROR,ERROR,ERROR,ERROR,ERROR,ERROR,ERROR,ERROR,ERROR,ERROR,ERROR
2019,RI,Reading,8,Non-Special Education,ERROR,ERROR,ERROR,ERROR,ERROR,ERROR,ERROR,ERROR,ERROR,ERROR,ERROR,ERROR
2019,SC,Reading,8,Non-Special Education,ERROR,ERROR,ERROR,ERROR,ERROR,ERROR,ERROR,ERROR,ERROR,ERROR,ERROR,ERROR
2019,SD,Reading,8,Non-Special Education,ERROR,ERROR,ERROR,ERROR,ERROR,ERROR,ERROR,ERROR,ERROR,ERROR,ERROR,ERROR
2019,TN,Reading,8,Non-Special Education,ERROR,ERROR,ERROR,ERROR,ERROR,ERROR,ERROR,ERROR,ERROR,ERROR,ERROR,ERROR
2019,TX,Reading,8,Non-Special Education,ERROR,ERROR,ERROR,ERROR,ERROR,ERROR,ERROR,ERROR,ERROR,ERROR,ERROR,ERROR
2019,UT,Reading,8,Non-Special Education,ERROR,ERROR,ERROR,ERROR,ERROR,ERROR,ERROR,ERROR,ERROR,ERROR,ERROR,ERROR
2019,VT,Reading,8,Non-Special Education,ERROR,ERROR,ERROR,ERROR,ERROR,ERROR,ERROR,ERROR,ERROR,ERROR,ERROR,ERROR
2019,VA,Reading,8,Non-Special Education,ERROR,ERROR,ERROR,ERROR,ERROR,ERROR,ERROR,ERROR,ERROR,ERROR,ERROR,ERROR
2019,WA,Reading,8,Non-Special Education,ERROR,ERROR,ERROR,ERROR,ERROR,ERROR,ERROR,ERROR,ERROR,ERROR,ERROR,ERROR
2019,WV,Reading,8,Non-Special Education,ERROR,ERROR,ERROR,ERROR,ERROR,ERROR,ERROR,ERROR,ERROR,ERROR,ERROR,ERROR
2019,WI,Reading,8,Non-Special Education,ERROR,ERROR,ERROR,ERROR,ERROR,ERROR,ERROR,ERROR,ERROR,ERROR,ERROR,ERROR
2019,WY,Reading,8,Non-Special Education,ERROR,ERROR,ERROR,ERROR,ERROR,ERROR,ERROR,ERROR,ERROR,ERROR,ERROR,ERROR
2022,AL,Mathematics,4,Special Education,ERROR,ERROR,ERROR,ERROR,ERROR,ERROR,ERROR,ERROR,ERROR,ERROR,ERROR,ERROR
2022,AK,Mathematics,4,Special Education,ERROR,ERROR,ERROR,ERROR,ERROR,ERROR,ERROR,ERROR,ERROR,ERROR,ERROR,ERROR
2022,AZ,Mathematics,4,Special Education,ERROR,ERROR,ERROR,ERROR,ERROR,ERROR,ERROR,ERROR,ERROR,ERROR,ERROR,ERROR
2022,AR,Mathematics,4,Special Education,ERROR,ERROR,ERROR,ERROR,ERROR,ERROR,ERROR,ERROR,ERROR,ERROR,ERROR,ERROR
2022,CA,Mathematics,4,Special Education,ERROR,ERROR,ERROR,ERROR,ERROR,ERROR,ERROR,ERROR,ERROR,ERROR,ERROR,ERROR
2022,CO,Mathematics,4,Special Education,ERROR,ERROR,ERROR,ERROR,ERROR,ERROR,ERROR,ERROR,ERROR,ERROR,ERROR,ERROR
2022,CT,Mathematics,4,Special Education,ERROR,ERROR,ERROR,ERROR,ERROR,ERROR,ERROR,ERROR,ERROR,ERROR,ERROR,ERROR
2022,DE,Mathematics,4,Special Education,ERROR,ERROR,ERROR,ERROR,ERROR,ERROR,ERROR,ERROR,ERROR,ERROR,ERROR,ERROR
2022,DC,Mathematics,4,Special Education,ERROR,ERROR,ERROR,ERROR,ERROR,ERROR,ERROR,ERROR,ERROR,ERROR,ERROR,ERROR
2022,FL,Mathematics,4,Special Education,ERROR,ERROR,ERROR,ERROR,ERROR,ERROR,ERROR,ERROR,ERROR,ERROR,ERROR,ERROR
2022,GA,Mathematics,4,Special Education,ERROR,ERROR,ERROR,ERROR,ERROR,ERROR,ERROR,ERROR,ERROR,ERROR,ERROR,ERROR
2022,HI,Mathematics,4,Special Education,ERROR,ERROR,ERROR,ERROR,ERROR,ERROR,ERROR,ERROR,ERROR,ERROR,ERROR,ERROR
2022,ID,Mathematics,4,Special Education,ERROR,ERROR,ERROR,ERROR,ERROR,ERROR,ERROR,ERROR,ERROR,ERROR,ERROR,ERROR
2022,IL,Mathematics,4,Special Education,ERROR,ERROR,ERROR,ERROR,ERROR,ERROR,ERROR,ERROR,ERROR,ERROR,ERROR,ERROR
2022,IN,Mathematics,4,Special Education,ERROR,ERROR,ERROR,ERROR,ERROR,ERROR,ERROR,ERROR,ERROR,ERROR,ERROR,ERROR
2022,IA,Mathematics,4,Special Education,ERROR,ERROR,ERROR,ERROR,ERROR,ERROR,ERROR,ERROR,ERROR,ERROR,ERROR,ERROR
2022,KS,Mathematics,4,Special Education,ERROR,ERROR,ERROR,ERROR,ERROR,ERROR,ERROR,ERROR,ERROR,ERROR,ERROR,ERROR
2022,KY,Mathematics,4,Special Education,ERROR,ERROR,ERROR,ERROR,ERROR,ERROR,ERROR,ERROR,ERROR,ERROR,ERROR,ERROR
2022,LA,Mathematics,4,Special Education,ERROR,ERROR,ERROR,ERROR,ERROR,ERROR,ERROR,ERROR,ERROR,ERROR,ERROR,ERROR
2022,ME,Mathematics,4,Special Education,ERROR,ERROR,ERROR,ERROR,ERROR,ERROR,ERROR,ERROR,ERROR,ERROR,ERROR,ERROR
2022,MD,Mathematics,4,Special Education,ERROR,ERROR,ERROR,ERROR,ERROR,ERROR,ERROR,ERROR,ERROR,ERROR,ERROR,ERROR
2022,MA,Mathematics,4,Special Education,ERROR,ERROR,ERROR,ERROR,ERROR,ERROR,ERROR,ERROR,ERROR,ERROR,ERROR,ERROR
2022,MI,Mathematics,4,Special Education,ERROR,ERROR,ERROR,ERROR,ERROR,ERROR,ERROR,ERROR,ERROR,ERROR,ERROR,ERROR
2022,MN,Mathematics,4,Special Education,ERROR,ERROR,ERROR,ERROR,ERROR,ERROR,ERROR,ERROR,ERROR,ERROR,ERROR,ERROR
2022,MS,Mathematics,4,Special Education,ERROR,ERROR,ERROR,ERROR,ERROR,ERROR,ERROR,ERROR,ERROR,ERROR,ERROR,ERROR
2022,MO,Mathematics,4,Special Education,ERROR,ERROR,ERROR,ERROR,ERROR,ERROR,ERROR,ERROR,ERROR,ERROR,ERROR,ERROR
2022,MT,Mathematics,4,Special Education,ERROR,ERROR,ERROR,ERROR,ERROR,ERROR,ERROR,ERROR,ERROR,ERROR,ERROR,ERROR
2022,NE,Mathematics,4,Special Education,ERROR,ERROR,ERROR,ERROR,ERROR,ERROR,ERROR,ERROR,ERROR,ERROR,ERROR,ERROR
2022,NV,Mathematics,4,Special Education,ERROR,ERROR,ERROR,ERROR,ERROR,ERROR,ERROR,ERROR,ERROR,ERROR,ERROR,ERROR
2022,NH,Mathematics,4,Special Education,ERROR,ERROR,ERROR,ERROR,ERROR,ERROR,ERROR,ERROR,ERROR,ERROR,ERROR,ERROR
2022,NJ,Mathematics,4,Special Education,ERROR,ERROR,ERROR,ERROR,ERROR,ERROR,ERROR,ERROR,ERROR,ERROR,ERROR,ERROR
2022,NM,Mathematics,4,Special Education,ERROR,ERROR,ERROR,ERROR,ERROR,ERROR,ERROR,ERROR,ERROR,ERROR,ERROR,ERROR
2022,NY,Mathematics,4,Special Education,ERROR,ERROR,ERROR,ERROR,ERROR,ERROR,ERROR,ERROR,ERROR,ERROR,ERROR,ERROR
2022,NC,Mathematics,4,Special Education,ERROR,ERROR,ERROR,ERROR,ERROR,ERROR,ERROR,ERROR,ERROR,ERROR,ERROR,ERROR
2022,ND,Mathematics,4,Special Education,ERROR,ERROR,ERROR,ERROR,ERROR,ERROR,ERROR,ERROR,ERROR,ERROR,ERROR,ERROR
2022,OH,Mathematics,4,Special Education,ERROR,ERROR,ERROR,ERROR,ERROR,ERROR,ERROR,ERROR,ERROR,ERROR,ERROR,ERROR
2022,OK,Mathematics,4,Special Education,ERROR,ERROR,ERROR,ERROR,ERROR,ERROR,ERROR,ERROR,ERROR,ERROR,ERROR,ERROR
2022,OR,Mathematics,4,Special Education,ERROR,ERROR,ERROR,ERROR,ERROR,ERROR,ERROR,ERROR,ERROR,ERROR,ERROR,ERROR
2022,PA,Mathematics,4,Special Education,ERROR,ERROR,ERROR,ERROR,ERROR,ERROR,ERROR,ERROR,ERROR,ERROR,ERROR,ERROR
2022,RI,Mathematics,4,Special Education,ERROR,ERROR,ERROR,ERROR,ERROR,ERROR,ERROR,ERROR,ERROR,ERROR,ERROR,ERROR
2022,SC,Mathematics,4,Special Education,ERROR,ERROR,ERROR,ERROR,ERROR,ERROR,ERROR,ERROR,ERROR,ERROR,ERROR,ERROR
2022,SD,Mathematics,4,Special Education,ERROR,ERROR,ERROR,ERROR,ERROR,ERROR,ERROR,ERROR,ERROR,ERROR,ERROR,ERROR
2022,TN,Mathematics,4,Special Education,ERROR,ERROR,ERROR,ERROR,ERROR,ERROR,ERROR,ERROR,ERROR,ERROR,ERROR,ERROR
2022,TX,Mathematics,4,Special Education,ERROR,ERROR,ERROR,ERROR,ERROR,ERROR,ERROR,ERROR,ERROR,ERROR,ERROR,ERROR
2022,UT,Mathematics,4,Special Education,ERROR,ERROR,ERROR,ERROR,ERROR,ERROR,ERROR,ERROR,ERROR,ERROR,ERROR,ERROR
2022,VT,Mathematics,4,Special Education,ERROR,ERROR,ERROR,ERROR,ERROR,ERROR,ERROR,ERROR,ERROR,ERROR,ERROR,ERROR
2022,VA,Mathematics,4,Special Education,ERROR,ERROR,ERROR,ERROR,ERROR,ERROR,ERROR,ERROR,ERROR,ERROR,ERROR,ERROR
2022,WA,Mathematics,4,Special Education,ERROR,ERROR,ERROR,ERROR,ERROR,ERROR,ERROR,ERROR,ERROR,ERROR,ERROR,ERROR
2022,WV,Mathematics,4,Special Education,ERROR,ERROR,ERROR,ERROR,ERROR,ERROR,ERROR,ERROR,ERROR,ERROR,ERROR,ERROR
2022,WI,Mathematics,4,Special Education,ERROR,ERROR,ERROR,ERROR,ERROR,ERROR,ERROR,ERROR,ERROR,ERROR,ERROR,ERROR
2022,WY,Mathematics,4,Special Education,ERROR,ERROR,ERROR,ERROR,ERROR,ERROR,ERROR,ERROR,ERROR,ERROR,ERROR,ERROR
2022,AL,Mathematics,4,Non-Special Education,ERROR,ERROR,ERROR,ERROR,ERROR,ERROR,ERROR,ERROR,ERROR,ERROR,ERROR,ERROR
2022,AK,Mathematics,4,Non-Special Education,ERROR,ERROR,ERROR,ERROR,ERROR,ERROR,ERROR,ERROR,ERROR,ERROR,ERROR,ERROR
2022,AZ,Mathematics,4,Non-Special Education,ERROR,ERROR,ERROR,ERROR,ERROR,ERROR,ERROR,ERROR,ERROR,ERROR,ERROR,ERROR
2022,AR,Mathematics,4,Non-Special Education,ERROR,ERROR,ERROR,ERROR,ERROR,ERROR,ERROR,ERROR,ERROR,ERROR,ERROR,ERROR
2022,CA,Mathematics,4,Non-Special Education,ERROR,ERROR,ERROR,ERROR,ERROR,ERROR,ERROR,ERROR,ERROR,ERROR,ERROR,ERROR
2022,CO,Mathematics,4,Non-Special Education,ERROR,ERROR,ERROR,ERROR,ERROR,ERROR,ERROR,ERROR,ERROR,ERROR,ERROR,ERROR
2022,CT,Mathematics,4,Non-Special Education,ERROR,ERROR,ERROR,ERROR,ERROR,ERROR,ERROR,ERROR,ERROR,ERROR,ERROR,ERROR
2022,DE,Mathematics,4,Non-Special Education,ERROR,ERROR,ERROR,ERROR,ERROR,ERROR,ERROR,ERROR,ERROR,ERROR,ERROR,ERROR
2022,DC,Mathematics,4,Non-Special Education,ERROR,ERROR,ERROR,ERROR,ERROR,ERROR,ERROR,ERROR,ERROR,ERROR,ERROR,ERROR
2022,FL,Mathematics,4,Non-Special Education,ERROR,ERROR,ERROR,ERROR,ERROR,ERROR,ERROR,ERROR,ERROR,ERROR,ERROR,ERROR
2022,GA,Mathematics,4,Non-Special Education,ERROR,ERROR,ERROR,ERROR,ERROR,ERROR,ERROR,ERROR,ERROR,ERROR,ERROR,ERROR
2022,HI,Mathematics,4,Non-Special Education,ERROR,ERROR,ERROR,ERROR,ERROR,ERROR,ERROR,ERROR,ERROR,ERROR,ERROR,ERROR
2022,ID,Mathematics,4,Non-Special Education,ERROR,ERROR,ERROR,ERROR,ERROR,ERROR,ERROR,ERROR,ERROR,ERROR,ERROR,ERROR
2022,IL,Mathematics,4,Non-Special Education,ERROR,ERROR,ERROR,ERROR,ERROR,ERROR,ERROR,ERROR,ERROR,ERROR,ERROR,ERROR
2022,IN,Mathematics,4,Non-Special Education,ERROR,ERROR,ERROR,ERROR,ERROR,ERROR,ERROR,ERROR,ERROR,ERROR,ERROR,ERROR
2022,IA,Mathematics,4,Non-Special Education,ERROR,ERROR,ERROR,ERROR,ERROR,ERROR,ERROR,ERROR,ERROR,ERROR,ERROR,ERROR
2022,KS,Mathematics,4,Non-Special Education,ERROR,ERROR,ERROR,ERROR,ERROR,ERROR,ERROR,ERROR,ERROR,ERROR,ERROR,ERROR
2022,KY,Mathematics,4,Non-Special Education,ERROR,ERROR,ERROR,ERROR,ERROR,ERROR,ERROR,ERROR,ERROR,ERROR,ERROR,ERROR
2022,LA,Mathematics,4,Non-Special Education,ERROR,ERROR,ERROR,ERROR,ERROR,ERROR,ERROR,ERROR,ERROR,ERROR,ERROR,ERROR
2022,ME,Mathematics,4,Non-Special Education,ERROR,ERROR,ERROR,ERROR,ERROR,ERROR,ERROR,ERROR,ERROR,ERROR,ERROR,ERROR
2022,MD,Mathematics,4,Non-Special Education,ERROR,ERROR,ERROR,ERROR,ERROR,ERROR,ERROR,ERROR,ERROR,ERROR,ERROR,ERROR
2022,MA,Mathematics,4,Non-Special Education,ERROR,ERROR,ERROR,ERROR,ERROR,ERROR,ERROR,ERROR,ERROR,ERROR,ERROR,ERROR
2022,MI,Mathematics,4,Non-Special Education,ERROR,ERROR,ERROR,ERROR,ERROR,ERROR,ERROR,ERROR,ERROR,ERROR,ERROR,ERROR
2022,MN,Mathematics,4,Non-Special Education,ERROR,ERROR,ERROR,ERROR,ERROR,ERROR,ERROR,ERROR,ERROR,ERROR,ERROR,ERROR
2022,MS,Mathematics,4,Non-Special Education,ERROR,ERROR,ERROR,ERROR,ERROR,ERROR,ERROR,ERROR,ERROR,ERROR,ERROR,ERROR
2022,MO,Mathematics,4,Non-Special Education,ERROR,ERROR,ERROR,ERROR,ERROR,ERROR,ERROR,ERROR,ERROR,ERROR,ERROR,ERROR
2022,MT,Mathematics,4,Non-Special Education,ERROR,ERROR,ERROR,ERROR,ERROR,ERROR,ERROR,ERROR,ERROR,ERROR,ERROR,ERROR
2022,NE,Mathematics,4,Non-Special Education,ERROR,ERROR,ERROR,ERROR,ERROR,ERROR,ERROR,ERROR,ERROR,ERROR,ERROR,ERROR
2022,NV,Mathematics,4,Non-Special Education,ERROR,ERROR,ERROR,ERROR,ERROR,ERROR,ERROR,ERROR,ERROR,ERROR,ERROR,ERROR
2022,NH,Mathematics,4,Non-Special Education,ERROR,ERROR,ERROR,ERROR,ERROR,ERROR,ERROR,ERROR,ERROR,ERROR,ERROR,ERROR
2022,NJ,Mathematics,4,Non-Special Education,ERROR,ERROR,ERROR,ERROR,ERROR,ERROR,ERROR,ERROR,ERROR,ERROR,ERROR,ERROR
2022,NM,Mathematics,4,Non-Special Education,ERROR,ERROR,ERROR,ERROR,ERROR,ERROR,ERROR,ERROR,ERROR,ERROR,ERROR,ERROR
2022,NY,Mathematics,4,Non-Special Education,ERROR,ERROR,ERROR,ERROR,ERROR,ERROR,ERROR,ERROR,ERROR,ERROR,ERROR,ERROR
2022,NC,Mathematics,4,Non-Special Education,ERROR,ERROR,ERROR,ERROR,ERROR,ERROR,ERROR,ERROR,ERROR,ERROR,ERROR,ERROR
2022,ND,Mathematics,4,Non-Special Education,ERROR,ERROR,ERROR,ERROR,ERROR,ERROR,ERROR,ERROR,ERROR,ERROR,ERROR,ERROR
2022,OH,Mathematics,4,Non-Special Education,ERROR,ERROR,ERROR,ERROR,ERROR,ERROR,ERROR,ERROR,ERROR,ERROR,ERROR,ERROR
2022,OK,Mathematics,4,Non-Special Education,ERROR,ERROR,ERROR,ERROR,ERROR,ERROR,ERROR,ERROR,ERROR,ERROR,ERROR,ERROR
2022,OR,Mathematics,4,Non-Special Education,ERROR,ERROR,ERROR,ERROR,ERROR,ERROR,ERROR,ERROR,ERROR,ERROR,ERROR,ERROR
2022,PA,Mathematics,4,Non-Special Education,ERROR,ERROR,ERROR,ERROR,ERROR,ERROR,ERROR,ERROR,ERROR,ERROR,ERROR,ERROR
2022,RI,Mathematics,4,Non-Special Education,ERROR,ERROR,ERROR,ERROR,ERROR,ERROR,ERROR,ERROR,ERROR,ERROR,ERROR,ERROR
2022,SC,Mathematics,4,Non-Special Education,ERROR,ERROR,ERROR,ERROR,ERROR,ERROR,ERROR,ERROR,ERROR,ERROR,ERROR,ERROR
2022,SD,Mathematics,4,Non-Special Education,ERROR,ERROR,ERROR,ERROR,ERROR,ERROR,ERROR,ERROR,ERROR,ERROR,ERROR,ERROR
2022,TN,Mathematics,4,Non-Special Education,ERROR,ERROR,ERROR,ERROR,ERROR,ERROR,ERROR,ERROR,ERROR,ERROR,ERROR,ERROR
2022,TX,Mathematics,4,Non-Special Education,ERROR,ERROR,ERROR,ERROR,ERROR,ERROR,ERROR,ERROR,ERROR,ERROR,ERROR,ERROR
2022,UT,Mathematics,4,Non-Special Education,ERROR,ERROR,ERROR,ERROR,ERROR,ERROR,ERROR,ERROR,ERROR,ERROR,ERROR,ERROR
2022,VT,Mathematics,4,Non-Special Education,ERROR,ERROR,ERROR,ERROR,ERROR,ERROR,ERROR,ERROR,ERROR,ERROR,ERROR,ERROR
2022,VA,Mathematics,4,Non-Special Education,ERROR,ERROR,ERROR,ERROR,ERROR,ERROR,ERROR,ERROR,ERROR,ERROR,ERROR,ERROR
2022,WA,Mathematics,4,Non-Special Education,ERROR,ERROR,ERROR,ERROR,ERROR,ERROR,ERROR,ERROR,ERROR,ERROR,ERROR,ERROR
2022,WV,Mathematics,4,Non-Special Education,ERROR,ERROR,ERROR,ERROR,ERROR,ERROR,ERROR,ERROR,ERROR,ERROR,ERROR,ERROR
2022,WI,Mathematics,4,Non-Special Education,ERROR,ERROR,ERROR,ERROR,ERROR,ERROR,ERROR,ERROR,ERROR,ERROR,ERROR,ERROR
2022,WY,Mathematics,4,Non-Special Education,ERROR,ERROR,ERROR,ERROR,ERROR,ERROR,ERROR,ERROR,ERROR,ERROR,ERROR,ERROR
2022,AL,Mathematics,8,Special Education,ERROR,ERROR,ERROR,ERROR,ERROR,ERROR,ERROR,ERROR,ERROR,ERROR,ERROR,ERROR
2022,AK,Mathematics,8,Special Education,ERROR,ERROR,ERROR,ERROR,ERROR,ERROR,ERROR,ERROR,ERROR,ERROR,ERROR,ERROR
2022,AZ,Mathematics,8,Special Education,ERROR,ERROR,ERROR,ERROR,ERROR,ERROR,ERROR,ERROR,ERROR,ERROR,ERROR,ERROR
2022,AR,Mathematics,8,Special Education,ERROR,ERROR,ERROR,ERROR,ERROR,ERROR,ERROR,ERROR,ERROR,ERROR,ERROR,ERROR
2022,CA,Mathematics,8,Special Education,ERROR,ERROR,ERROR,ERROR,ERROR,ERROR,ERROR,ERROR,ERROR,ERROR,ERROR,ERROR
2022,CO,Mathematics,8,Special Education,ERROR,ERROR,ERROR,ERROR,ERROR,ERROR,ERROR,ERROR,ERROR,ERROR,ERROR,ERROR
2022,CT,Mathematics,8,Special Education,ERROR,ERROR,ERROR,ERROR,ERROR,ERROR,ERROR,ERROR,ERROR,ERROR,ERROR,ERROR
2022,DE,Mathematics,8,Special Education,ERROR,ERROR,ERROR,ERROR,ERROR,ERROR,ERROR,ERROR,ERROR,ERROR,ERROR,ERROR
2022,DC,Mathematics,8,Special Education,ERROR,ERROR,ERROR,ERROR,ERROR,ERROR,ERROR,ERROR,ERROR,ERROR,ERROR,ERROR
2022,FL,Mathematics,8,Special Education,ERROR,ERROR,ERROR,ERROR,ERROR,ERROR,ERROR,ERROR,ERROR,ERROR,ERROR,ERROR
2022,GA,Mathematics,8,Special Education,ERROR,ERROR,ERROR,ERROR,ERROR,ERROR,ERROR,ERROR,ERROR,ERROR,ERROR,ERROR
2022,HI,Mathematics,8,Special Education,ERROR,ERROR,ERROR,ERROR,ERROR,ERROR,ERROR,ERROR,ERROR,ERROR,ERROR,ERROR
2022,ID,Mathematics,8,Special Education,ERROR,ERROR,ERROR,ERROR,ERROR,ERROR,ERROR,ERROR,ERROR,ERROR,ERROR,ERROR
2022,IL,Mathematics,8,Special Education,ERROR,ERROR,ERROR,ERROR,ERROR,ERROR,ERROR,ERROR,ERROR,ERROR,ERROR,ERROR
2022,IN,Mathematics,8,Special Education,ERROR,ERROR,ERROR,ERROR,ERROR,ERROR,ERROR,ERROR,ERROR,ERROR,ERROR,ERROR
2022,IA,Mathematics,8,Special Education,ERROR,ERROR,ERROR,ERROR,ERROR,ERROR,ERROR,ERROR,ERROR,ERROR,ERROR,ERROR
2022,KS,Mathematics,8,Special Education,ERROR,ERROR,ERROR,ERROR,ERROR,ERROR,ERROR,ERROR,ERROR,ERROR,ERROR,ERROR
2022,KY,Mathematics,8,Special Education,ERROR,ERROR,ERROR,ERROR,ERROR,ERROR,ERROR,ERROR,ERROR,ERROR,ERROR,ERROR
2022,LA,Mathematics,8,Special Education,ERROR,ERROR,ERROR,ERROR,ERROR,ERROR,ERROR,ERROR,ERROR,ERROR,ERROR,ERROR
2022,ME,Mathematics,8,Special Education,ERROR,ERROR,ERROR,ERROR,ERROR,ERROR,ERROR,ERROR,ERROR,ERROR,ERROR,ERROR
2022,MD,Mathematics,8,Special Education,ERROR,ERROR,ERROR,ERROR,ERROR,ERROR,ERROR,ERROR,ERROR,ERROR,ERROR,ERROR
2022,MA,Mathematics,8,Special Education,ERROR,ERROR,ERROR,ERROR,ERROR,ERROR,ERROR,ERROR,ERROR,ERROR,ERROR,ERROR
2022,MI,Mathematics,8,Special Education,ERROR,ERROR,ERROR,ERROR,ERROR,ERROR,ERROR,ERROR,ERROR,ERROR,ERROR,ERROR
2022,MN,Mathematics,8,Special Education,ERROR,ERROR,ERROR,ERROR,ERROR,ERROR,ERROR,ERROR,ERROR,ERROR,ERROR,ERROR
2022,MS,Mathematics,8,Special Education,ERROR,ERROR,ERROR,ERROR,ERROR,ERROR,ERROR,ERROR,ERROR,ERROR,ERROR,ERROR
2022,MO,Mathematics,8,Special Education,ERROR,ERROR,ERROR,ERROR,ERROR,ERROR,ERROR,ERROR,ERROR,ERROR,ERROR,ERROR
2022,MT,Mathematics,8,Special Education,ERROR,ERROR,ERROR,ERROR,ERROR,ERROR,ERROR,ERROR,ERROR,ERROR,ERROR,ERROR
2022,NE,Mathematics,8,Special Education,ERROR,ERROR,ERROR,ERROR,ERROR,ERROR,ERROR,ERROR,ERROR,ERROR,ERROR,ERROR
2022,NV,Mathematics,8,Special Education,ERROR,ERROR,ERROR,ERROR,ERROR,ERROR,ERROR,ERROR,ERROR,ERROR,ERROR,ERROR
2022,NH,Mathematics,8,Special Education,ERROR,ERROR,ERROR,ERROR,ERROR,ERROR,ERROR,ERROR,ERROR,ERROR,ERROR,ERROR
2022,NJ,Mathematics,8,Special Education,ERROR,ERROR,ERROR,ERROR,ERROR,ERROR,ERROR,ERROR,ERROR,ERROR,ERROR,ERROR
2022,NM,Mathematics,8,Special Education,ERROR,ERROR,ERROR,ERROR,ERROR,ERROR,ERROR,ERROR,ERROR,ERROR,ERROR,ERROR
2022,NY,Mathematics,8,Special Education,ERROR,ERROR,ERROR,ERROR,ERROR,ERROR,ERROR,ERROR,ERROR,ERROR,ERROR,ERROR
2022,NC,Mathematics,8,Special Education,ERROR,ERROR,ERROR,ERROR,ERROR,ERROR,ERROR,ERROR,ERROR,ERROR,ERROR,ERROR
2022,ND,Mathematics,8,Special Education,ERROR,ERROR,ERROR,ERROR,ERROR,ERROR,ERROR,ERROR,ERROR,ERROR,ERROR,ERROR
2022,OH,Mathematics,8,Special Education,ERROR,ERROR,ERROR,ERROR,ERROR,ERROR,ERROR,ERROR,ERROR,ERROR,ERROR,ERROR
2022,OK,Mathematics,8,Special Education,ERROR,ERROR,ERROR,ERROR,ERROR,ERROR,ERROR,ERROR,ERROR,ERROR,ERROR,ERROR
2022,OR,Mathematics,8,Special Education,ERROR,ERROR,ERROR,ERROR,ERROR,ERROR,ERROR,ERROR,ERROR,ERROR,ERROR,ERROR
2022,PA,Mathematics,8,Special Education,ERROR,ERROR,ERROR,ERROR,ERROR,ERROR,ERROR,ERROR,ERROR,ERROR,ERROR,ERROR
2022,RI,Mathematics,8,Special Education,ERROR,ERROR,ERROR,ERROR,ERROR,ERROR,ERROR,ERROR,ERROR,ERROR,ERROR,ERROR
2022,SC,Mathematics,8,Special Education,ERROR,ERROR,ERROR,ERROR,ERROR,ERROR,ERROR,ERROR,ERROR,ERROR,ERROR,ERROR
2022,SD,Mathematics,8,Special Education,ERROR,ERROR,ERROR,ERROR,ERROR,ERROR,ERROR,ERROR,ERROR,ERROR,ERROR,ERROR
2022,TN,Mathematics,8,Special Education,ERROR,ERROR,ERROR,ERROR,ERROR,ERROR,ERROR,ERROR,ERROR,ERROR,ERROR,ERROR
2022,TX,Mathematics,8,Special Education,ERROR,ERROR,ERROR,ERROR,ERROR,ERROR,ERROR,ERROR,ERROR,ERROR,ERROR,ERROR
2022,UT,Mathematics,8,Special Education,ERROR,ERROR,ERROR,ERROR,ERROR,ERROR,ERROR,ERROR,ERROR,ERROR,ERROR,ERROR
2022,VT,Mathematics,8,Special Education,ERROR,ERROR,ERROR,ERROR,ERROR,ERROR,ERROR,ERROR,ERROR,ERROR,ERROR,ERROR
2022,VA,Mathematics,8,Special Education,ERROR,ERROR,ERROR,ERROR,ERROR,ERROR,ERROR,ERROR,ERROR,ERROR,ERROR,ERROR
2022,WA,Mathematics,8,Special Education,ERROR,ERROR,ERROR,ERROR,ERROR,ERROR,ERROR,ERROR,ERROR,ERROR,ERROR,ERROR
2022,WV,Mathematics,8,Special Education,ERROR,ERROR,ERROR,ERROR,ERROR,ERROR,ERROR,ERROR,ERROR,ERROR,ERROR,ERROR
2022,WI,Mathematics,8,Special Education,ERROR,ERROR,ERROR,ERROR,ERROR,ERROR,ERROR,ERROR,ERROR,ERROR,ERROR,ERROR
2022,WY,Mathematics,8,Special Education,ERROR,ERROR,ERROR,ERROR,ERROR,ERROR,ERROR,ERROR,ERROR,ERROR,ERROR,ERROR
2022,AL,Mathematics,8,Non-Special Education,ERROR,ERROR,ERROR,ERROR,ERROR,ERROR,ERROR,ERROR,ERROR,ERROR,ERROR,ERROR
2022,AK,Mathematics,8,Non-Special Education,ERROR,ERROR,ERROR,ERROR,ERROR,ERROR,ERROR,ERROR,ERROR,ERROR,ERROR,ERROR
2022,AZ,Mathematics,8,Non-Special Education,ERROR,ERROR,ERROR,ERROR,ERROR,ERROR,ERROR,ERROR,ERROR,ERROR,ERROR,ERROR
2022,AR,Mathematics,8,Non-Special Education,ERROR,ERROR,ERROR,ERROR,ERROR,ERROR,ERROR,ERROR,ERROR,ERROR,ERROR,ERROR
2022,CA,Mathematics,8,Non-Special Education,ERROR,ERROR,ERROR,ERROR,ERROR,ERROR,ERROR,ERROR,ERROR,ERROR,ERROR,ERROR
2022,CO,Mathematics,8,Non-Special Education,ERROR,ERROR,ERROR,ERROR,ERROR,ERROR,ERROR,ERROR,ERROR,ERROR,ERROR,ERROR
2022,CT,Mathematics,8,Non-Special Education,ERROR,ERROR,ERROR,ERROR,ERROR,ERROR,ERROR,ERROR,ERROR,ERROR,ERROR,ERROR
2022,DE,Mathematics,8,Non-Special Education,ERROR,ERROR,ERROR,ERROR,ERROR,ERROR,ERROR,ERROR,ERROR,ERROR,ERROR,ERROR
2022,DC,Mathematics,8,Non-Special Education,ERROR,ERROR,ERROR,ERROR,ERROR,ERROR,ERROR,ERROR,ERROR,ERROR,ERROR,ERROR
2022,FL,Mathematics,8,Non-Special Education,ERROR,ERROR,ERROR,ERROR,ERROR,ERROR,ERROR,ERROR,ERROR,ERROR,ERROR,ERROR
2022,GA,Mathematics,8,Non-Special Education,ERROR,ERROR,ERROR,ERROR,ERROR,ERROR,ERROR,ERROR,ERROR,ERROR,ERROR,ERROR
2022,HI,Mathematics,8,Non-Special Education,ERROR,ERROR,ERROR,ERROR,ERROR,ERROR,ERROR,ERROR,ERROR,ERROR,ERROR,ERROR
2022,ID,Mathematics,8,Non-Special Education,ERROR,ERROR,ERROR,ERROR,ERROR,ERROR,ERROR,ERROR,ERROR,ERROR,ERROR,ERROR
2022,IL,Mathematics,8,Non-Special Education,ERROR,ERROR,ERROR,ERROR,ERROR,ERROR,ERROR,ERROR,ERROR,ERROR,ERROR,ERROR
2022,IN,Mathematics,8,Non-Special Education,ERROR,ERROR,ERROR,ERROR,ERROR,ERROR,ERROR,ERROR,ERROR,ERROR,ERROR,ERROR
2022,IA,Mathematics,8,Non-Special Education,ERROR,ERROR,ERROR,ERROR,ERROR,ERROR,ERROR,ERROR,ERROR,ERROR,ERROR,ERROR
2022,KS,Mathematics,8,Non-Special Education,ERROR,ERROR,ERROR,ERROR,ERROR,ERROR,ERROR,ERROR,ERROR,ERROR,ERROR,ERROR
2022,KY,Mathematics,8,Non-Special Education,ERROR,ERROR,ERROR,ERROR,ERROR,ERROR,ERROR,ERROR,ERROR,ERROR,ERROR,ERROR
2022,LA,Mathematics,8,Non-Special Education,ERROR,ERROR,ERROR,ERROR,ERROR,ERROR,ERROR,ERROR,ERROR,ERROR,ERROR,ERROR
2022,ME,Mathematics,8,Non-Special Education,ERROR,ERROR,ERROR,ERROR,ERROR,ERROR,ERROR,ERROR,ERROR,ERROR,ERROR,ERROR
2022,MD,Mathematics,8,Non-Special Education,ERROR,ERROR,ERROR,ERROR,ERROR,ERROR,ERROR,ERROR,ERROR,ERROR,ERROR,ERROR
2022,MA,Mathematics,8,Non-Special Education,ERROR,ERROR,ERROR,ERROR,ERROR,ERROR,ERROR,ERROR,ERROR,ERROR,ERROR,ERROR
2022,MI,Mathematics,8,Non-Special Education,ERROR,ERROR,ERROR,ERROR,ERROR,ERROR,ERROR,ERROR,ERROR,ERROR,ERROR,ERROR
2022,MN,Mathematics,8,Non-Special Education,ERROR,ERROR,ERROR,ERROR,ERROR,ERROR,ERROR,ERROR,ERROR,ERROR,ERROR,ERROR
2022,MS,Mathematics,8,Non-Special Education,ERROR,ERROR,ERROR,ERROR,ERROR,ERROR,ERROR,ERROR,ERROR,ERROR,ERROR,ERROR
2022,MO,Mathematics,8,Non-Special Education,ERROR,ERROR,ERROR,ERROR,ERROR,ERROR,ERROR,ERROR,ERROR,ERROR,ERROR,ERROR
2022,MT,Mathematics,8,Non-Special Education,ERROR,ERROR,ERROR,ERROR,ERROR,ERROR,ERROR,ERROR,ERROR,ERROR,ERROR,ERROR
2022,NE,Mathematics,8,Non-Special Education,ERROR,ERROR,ERROR,ERROR,ERROR,ERROR,ERROR,ERROR,ERROR,ERROR,ERROR,ERROR
2022,NV,Mathematics,8,Non-Special Education,ERROR,ERROR,ERROR,ERROR,ERROR,ERROR,ERROR,ERROR,ERROR,ERROR,ERROR,ERROR
2022,NH,Mathematics,8,Non-Special Education,ERROR,ERROR,ERROR,ERROR,ERROR,ERROR,ERROR,ERROR,ERROR,ERROR,ERROR,ERROR
2022,NJ,Mathematics,8,Non-Special Education,ERROR,ERROR,ERROR,ERROR,ERROR,ERROR,ERROR,ERROR,ERROR,ERROR,ERROR,ERROR
2022,NM,Mathematics,8,Non-Special Education,ERROR,ERROR,ERROR,ERROR,ERROR,ERROR,ERROR,ERROR,ERROR,ERROR,ERROR,ERROR
2022,NY,Mathematics,8,Non-Special Education,ERROR,ERROR,ERROR,ERROR,ERROR,ERROR,ERROR,ERROR,ERROR,ERROR,ERROR,ERROR
2022,NC,Mathematics,8,Non-Special Education,ERROR,ERROR,ERROR,ERROR,ERROR,ERROR,ERROR,ERROR,ERROR,ERROR,ERROR,ERROR
2022,ND,Mathematics,8,Non-Special Education,ERROR,ERROR,ERROR,ERROR,ERROR,ERROR,ERROR,ERROR,ERROR,ERROR,ERROR,ERROR
2022,OH,Mathematics,8,Non-Special Education,ERROR,ERROR,ERROR,ERROR,ERROR,ERROR,ERROR,ERROR,ERROR,ERROR,ERROR,ERROR
2022,OK,Mathematics,8,Non-Special Education,ERROR,ERROR,ERROR,ERROR,ERROR,ERROR,ERROR,ERROR,ERROR,ERROR,ERROR,ERROR
2022,OR,Mathematics,8,Non-Special Education,ERROR,ERROR,ERROR,ERROR,ERROR,ERROR,ERROR,ERROR,ERROR,ERROR,ERROR,ERROR
2022,PA,Mathematics,8,Non-Special Education,ERROR,ERROR,ERROR,ERROR,ERROR,ERROR,ERROR,ERROR,ERROR,ERROR,ERROR,ERROR
2022,RI,Mathematics,8,Non-Special Education,ERROR,ERROR,ERROR,ERROR,ERROR,ERROR,ERROR,ERROR,ERROR,ERROR,ERROR,ERROR
2022,SC,Mathematics,8,Non-Special Education,ERROR,ERROR,ERROR,ERROR,ERROR,ERROR,ERROR,ERROR,ERROR,ERROR,ERROR,ERROR
2022,SD,Mathematics,8,Non-Special Education,ERROR,ERROR,ERROR,ERROR,ERROR,ERROR,ERROR,ERROR,ERROR,ERROR,ERROR,ERROR
2022,TN,Mathematics,8,Non-Special Education,ERROR,ERROR,ERROR,ERROR,ERROR,ERROR,ERROR,ERROR,ERROR,ERROR,ERROR,ERROR
2022,TX,Mathematics,8,Non-Special Education,ERROR,ERROR,ERROR,ERROR,ERROR,ERROR,ERROR,ERROR,ERROR,ERROR,ERROR,ERROR
2022,UT,Mathematics,8,Non-Special Education,ERROR,ERROR,ERROR,ERROR,ERROR,ERROR,ERROR,ERROR,ERROR,ERROR,ERROR,ERROR
2022,VT,Mathematics,8,Non-Special Education,ERROR,ERROR,ERROR,ERROR,ERROR,ERROR,ERROR,ERROR,ERROR,ERROR,ERROR,ERROR
2022,VA,Mathematics,8,Non-Special Education,ERROR,ERROR,ERROR,ERROR,ERROR,ERROR,ERROR,ERROR,ERROR,ERROR,ERROR,ERROR
2022,WA,Mathematics,8,Non-Special Education,ERROR,ERROR,ERROR,ERROR,ERROR,ERROR,ERROR,ERROR,ERROR,ERROR,ERROR,ERROR
2022,WV,Mathematics,8,Non-Special Education,ERROR,ERROR,ERROR,ERROR,ERROR,ERROR,ERROR,ERROR,ERROR,ERROR,ERROR,ERROR
2022,WI,Mathematics,8,Non-Special Education,ERROR,ERROR,ERROR,ERROR,ERROR,ERROR,ERROR,ERROR,ERROR,ERROR,ERROR,ERROR
2022,WY,Mathematics,8,Non-Special Education,ERROR,ERROR,ERROR,ERROR,ERROR,ERROR,ERROR,ERROR,ERROR,ERROR,ERROR,ERROR
2022,AL,Reading,4,Special Education,ERROR,ERROR,ERROR,ERROR,ERROR,ERROR,ERROR,ERROR,ERROR,ERROR,ERROR,ERROR
2022,AK,Reading,4,Special Education,ERROR,ERROR,ERROR,ERROR,ERROR,ERROR,ERROR,ERROR,ERROR,ERROR,ERROR,ERROR
2022,AZ,Reading,4,Special Education,ERROR,ERROR,ERROR,ERROR,ERROR,ERROR,ERROR,ERROR,ERROR,ERROR,ERROR,ERROR
2022,AR,Reading,4,Special Education,ERROR,ERROR,ERROR,ERROR,ERROR,ERROR,ERROR,ERROR,ERROR,ERROR,ERROR,ERROR
2022,CA,Reading,4,Special Education,ERROR,ERROR,ERROR,ERROR,ERROR,ERROR,ERROR,ERROR,ERROR,ERROR,ERROR,ERROR
2022,CO,Reading,4,Special Education,ERROR,ERROR,ERROR,ERROR,ERROR,ERROR,ERROR,ERROR,ERROR,ERROR,ERROR,ERROR
2022,CT,Reading,4,Special Education,ERROR,ERROR,ERROR,ERROR,ERROR,ERROR,ERROR,ERROR,ERROR,ERROR,ERROR,ERROR
2022,DE,Reading,4,Special Education,ERROR,ERROR,ERROR,ERROR,ERROR,ERROR,ERROR,ERROR,ERROR,ERROR,ERROR,ERROR
2022,DC,Reading,4,Special Education,ERROR,ERROR,ERROR,ERROR,ERROR,ERROR,ERROR,ERROR,ERROR,ERROR,ERROR,ERROR
2022,FL,Reading,4,Special Education,ERROR,ERROR,ERROR,ERROR,ERROR,ERROR,ERROR,ERROR,ERROR,ERROR,ERROR,ERROR
2022,GA,Reading,4,Special Education,ERROR,ERROR,ERROR,ERROR,ERROR,ERROR,ERROR,ERROR,ERROR,ERROR,ERROR,ERROR
2022,HI,Reading,4,Special Education,ERROR,ERROR,ERROR,ERROR,ERROR,ERROR,ERROR,ERROR,ERROR,ERROR,ERROR,ERROR
2022,ID,Reading,4,Special Education,ERROR,ERROR,ERROR,ERROR,ERROR,ERROR,ERROR,ERROR,ERROR,ERROR,ERROR,ERROR
2022,IL,Reading,4,Special Education,ERROR,ERROR,ERROR,ERROR,ERROR,ERROR,ERROR,ERROR,ERROR,ERROR,ERROR,ERROR
2022,IN,Reading,4,Special Education,ERROR,ERROR,ERROR,ERROR,ERROR,ERROR,ERROR,ERROR,ERROR,ERROR,ERROR,ERROR
2022,IA,Reading,4,Special Education,ERROR,ERROR,ERROR,ERROR,ERROR,ERROR,ERROR,ERROR,ERROR,ERROR,ERROR,ERROR
2022,KS,Reading,4,Special Education,ERROR,ERROR,ERROR,ERROR,ERROR,ERROR,ERROR,ERROR,ERROR,ERROR,ERROR,ERROR
2022,KY,Reading,4,Special Education,ERROR,ERROR,ERROR,ERROR,ERROR,ERROR,ERROR,ERROR,ERROR,ERROR,ERROR,ERROR
2022,LA,Reading,4,Special Education,ERROR,ERROR,ERROR,ERROR,ERROR,ERROR,ERROR,ERROR,ERROR,ERROR,ERROR,ERROR
2022,ME,Reading,4,Special Education,ERROR,ERROR,ERROR,ERROR,ERROR,ERROR,ERROR,ERROR,ERROR,ERROR,ERROR,ERROR
2022,MD,Reading,4,Special Education,ERROR,ERROR,ERROR,ERROR,ERROR,ERROR,ERROR,ERROR,ERROR,ERROR,ERROR,ERROR
2022,MA,Reading,4,Special Education,ERROR,ERROR,ERROR,ERROR,ERROR,ERROR,ERROR,ERROR,ERROR,ERROR,ERROR,ERROR
2022,MI,Reading,4,Special Education,ERROR,ERROR,ERROR,ERROR,ERROR,ERROR,ERROR,ERROR,ERROR,ERROR,ERROR,ERROR
2022,MN,Reading,4,Special Education,ERROR,ERROR,ERROR,ERROR,ERROR,ERROR,ERROR,ERROR,ERROR,ERROR,ERROR,ERROR
2022,MS,Reading,4,Special Education,ERROR,ERROR,ERROR,ERROR,ERROR,ERROR,ERROR,ERROR,ERROR,ERROR,ERROR,ERROR
2022,MO,Reading,4,Special Education,ERROR,ERROR,ERROR,ERROR,ERROR,ERROR,ERROR,ERROR,ERROR,ERROR,ERROR,ERROR
2022,MT,Reading,4,Special Education,ERROR,ERROR,ERROR,ERROR,ERROR,ERROR,ERROR,ERROR,ERROR,ERROR,ERROR,ERROR
2022,NE,Reading,4,Special Education,ERROR,ERROR,ERROR,ERROR,ERROR,ERROR,ERROR,ERROR,ERROR,ERROR,ERROR,ERROR
2022,NV,Reading,4,Special Education,ERROR,ERROR,ERROR,ERROR,ERROR,ERROR,ERROR,ERROR,ERROR,ERROR,ERROR,ERROR
2022,NH,Reading,4,Special Education,ERROR,ERROR,ERROR,ERROR,ERROR,ERROR,ERROR,ERROR,ERROR,ERROR,ERROR,ERROR
2022,NJ,Reading,4,Special Education,ERROR,ERROR,ERROR,ERROR,ERROR,ERROR,ERROR,ERROR,ERROR,ERROR,ERROR,ERROR
2022,NM,Reading,4,Special Education,ERROR,ERROR,ERROR,ERROR,ERROR,ERROR,ERROR,ERROR,ERROR,ERROR,ERROR,ERROR
2022,NY,Reading,4,Special Education,ERROR,ERROR,ERROR,ERROR,ERROR,ERROR,ERROR,ERROR,ERROR,ERROR,ERROR,ERROR
2022,NC,Reading,4,Special Education,ERROR,ERROR,ERROR,ERROR,ERROR,ERROR,ERROR,ERROR,ERROR,ERROR,ERROR,ERROR
2022,ND,Reading,4,Special Education,ERROR,ERROR,ERROR,ERROR,ERROR,ERROR,ERROR,ERROR,ERROR,ERROR,ERROR,ERROR
2022,OH,Reading,4,Special Education,ERROR,ERROR,ERROR,ERROR,ERROR,ERROR,ERROR,ERROR,ERROR,ERROR,ERROR,ERROR
2022,OK,Reading,4,Special Education,ERROR,ERROR,ERROR,ERROR,ERROR,ERROR,ERROR,ERROR,ERROR,ERROR,ERROR,ERROR
2022,OR,Reading,4,Special Education,ERROR,ERROR,ERROR,ERROR,ERROR,ERROR,ERROR,ERROR,ERROR,ERROR,ERROR,ERROR
2022,PA,Reading,4,Special Education,ERROR,ERROR,ERROR,ERROR,ERROR,ERROR,ERROR,ERROR,ERROR,ERROR,ERROR,ERROR
2022,RI,Reading,4,Special Education,ERROR,ERROR,ERROR,ERROR,ERROR,ERROR,ERROR,ERROR,ERROR,ERROR,ERROR,ERROR
2022,SC,Reading,4,Special Education,ERROR,ERROR,ERROR,ERROR,ERROR,ERROR,ERROR,ERROR,ERROR,ERROR,ERROR,ERROR
2022,SD,Reading,4,Special Education,ERROR,ERROR,ERROR,ERROR,ERROR,ERROR,ERROR,ERROR,ERROR,ERROR,ERROR,ERROR
2022,TN,Reading,4,Special Education,ERROR,ERROR,ERROR,ERROR,ERROR,ERROR,ERROR,ERROR,ERROR,ERROR,ERROR,ERROR
2022,TX,Reading,4,Special Education,ERROR,ERROR,ERROR,ERROR,ERROR,ERROR,ERROR,ERROR,ERROR,ERROR,ERROR,ERROR
2022,UT,Reading,4,Special Education,ERROR,ERROR,ERROR,ERROR,ERROR,ERROR,ERROR,ERROR,ERROR,ERROR,ERROR,ERROR
2022,VT,Reading,4,Special Education,ERROR,ERROR,ERROR,ERROR,ERROR,ERROR,ERROR,ERROR,ERROR,ERROR,ERROR,ERROR
2022,VA,Reading,4,Special Education,ERROR,ERROR,ERROR,ERROR,ERROR,ERROR,ERROR,ERROR,ERROR,ERROR,ERROR,ERROR
2022,WA,Reading,4,Special Education,ERROR,ERROR,ERROR,ERROR,ERROR,ERROR,ERROR,ERROR,ERROR,ERROR,ERROR,ERROR
2022,WV,Reading,4,Special Education,ERROR,ERROR,ERROR,ERROR,ERROR,ERROR,ERROR,ERROR,ERROR,ERROR,ERROR,ERROR
2022,WI,Reading,4,Special Education,ERROR,ERROR,ERROR,ERROR,ERROR,ERROR,ERROR,ERROR,ERROR,ERROR,ERROR,ERROR
2022,WY,Reading,4,Special Education,ERROR,ERROR,ERROR,ERROR,ERROR,ERROR,ERROR,ERROR,ERROR,ERROR,ERROR,ERROR
2022,AL,Reading,4,Non-Special Education,ERROR,ERROR,ERROR,ERROR,ERROR,ERROR,ERROR,ERROR,ERROR,ERROR,ERROR,ERROR
2022,AK,Reading,4,Non-Special Education,ERROR,ERROR,ERROR,ERROR,ERROR,ERROR,ERROR,ERROR,ERROR,ERROR,ERROR,ERROR
2022,AZ,Reading,4,Non-Special Education,ERROR,ERROR,ERROR,ERROR,ERROR,ERROR,ERROR,ERROR,ERROR,ERROR,ERROR,ERROR
2022,AR,Reading,4,Non-Special Education,ERROR,ERROR,ERROR,ERROR,ERROR,ERROR,ERROR,ERROR,ERROR,ERROR,ERROR,ERROR
2022,CA,Reading,4,Non-Special Education,ERROR,ERROR,ERROR,ERROR,ERROR,ERROR,ERROR,ERROR,ERROR,ERROR,ERROR,ERROR
2022,CO,Reading,4,Non-Special Education,ERROR,ERROR,ERROR,ERROR,ERROR,ERROR,ERROR,ERROR,ERROR,ERROR,ERROR,ERROR
2022,CT,Reading,4,Non-Special Education,ERROR,ERROR,ERROR,ERROR,ERROR,ERROR,ERROR,ERROR,ERROR,ERROR,ERROR,ERROR
2022,DE,Reading,4,Non-Special Education,ERROR,ERROR,ERROR,ERROR,ERROR,ERROR,ERROR,ERROR,ERROR,ERROR,ERROR,ERROR
2022,DC,Reading,4,Non-Special Education,ERROR,ERROR,ERROR,ERROR,ERROR,ERROR,ERROR,ERROR,ERROR,ERROR,ERROR,ERROR
2022,FL,Reading,4,Non-Special Education,ERROR,ERROR,ERROR,ERROR,ERROR,ERROR,ERROR,ERROR,ERROR,ERROR,ERROR,ERROR
2022,GA,Reading,4,Non-Special Education,ERROR,ERROR,ERROR,ERROR,ERROR,ERROR,ERROR,ERROR,ERROR,ERROR,ERROR,ERROR
2022,HI,Reading,4,Non-Special Education,ERROR,ERROR,ERROR,ERROR,ERROR,ERROR,ERROR,ERROR,ERROR,ERROR,ERROR,ERROR
2022,ID,Reading,4,Non-Special Education,ERROR,ERROR,ERROR,ERROR,ERROR,ERROR,ERROR,ERROR,ERROR,ERROR,ERROR,ERROR
2022,IL,Reading,4,Non-Special Education,ERROR,ERROR,ERROR,ERROR,ERROR,ERROR,ERROR,ERROR,ERROR,ERROR,ERROR,ERROR
2022,IN,Reading,4,Non-Special Education,ERROR,ERROR,ERROR,ERROR,ERROR,ERROR,ERROR,ERROR,ERROR,ERROR,ERROR,ERROR
2022,IA,Reading,4,Non-Special Education,ERROR,ERROR,ERROR,ERROR,ERROR,ERROR,ERROR,ERROR,ERROR,ERROR,ERROR,ERROR
2022,KS,Reading,4,Non-Special Education,ERROR,ERROR,ERROR,ERROR,ERROR,ERROR,ERROR,ERROR,ERROR,ERROR,ERROR,ERROR
2022,KY,Reading,4,Non-Special Education,ERROR,ERROR,ERROR,ERROR,ERROR,ERROR,ERROR,ERROR,ERROR,ERROR,ERROR,ERROR
2022,LA,Reading,4,Non-Special Education,ERROR,ERROR,ERROR,ERROR,ERROR,ERROR,ERROR,ERROR,ERROR,ERROR,ERROR,ERROR
2022,ME,Reading,4,Non-Special Education,ERROR,ERROR,ERROR,ERROR,ERROR,ERROR,ERROR,ERROR,ERROR,ERROR,ERROR,ERROR
2022,MD,Reading,4,Non-Special Education,ERROR,ERROR,ERROR,ERROR,ERROR,ERROR,ERROR,ERROR,ERROR,ERROR,ERROR,ERROR
2022,MA,Reading,4,Non-Special Education,ERROR,ERROR,ERROR,ERROR,ERROR,ERROR,ERROR,ERROR,ERROR,ERROR,ERROR,ERROR
2022,MI,Reading,4,Non-Special Education,ERROR,ERROR,ERROR,ERROR,ERROR,ERROR,ERROR,ERROR,ERROR,ERROR,ERROR,ERROR
2022,MN,Reading,4,Non-Special Education,ERROR,ERROR,ERROR,ERROR,ERROR,ERROR,ERROR,ERROR,ERROR,ERROR,ERROR,ERROR
2022,MS,Reading,4,Non-Special Education,ERROR,ERROR,ERROR,ERROR,ERROR,ERROR,ERROR,ERROR,ERROR,ERROR,ERROR,ERROR
2022,MO,Reading,4,Non-Special Education,ERROR,ERROR,ERROR,ERROR,ERROR,ERROR,ERROR,ERROR,ERROR,ERROR,ERROR,ERROR
2022,MT,Reading,4,Non-Special Education,ERROR,ERROR,ERROR,ERROR,ERROR,ERROR,ERROR,ERROR,ERROR,ERROR,ERROR,ERROR
2022,NE,Reading,4,Non-Special Education,ERROR,ERROR,ERROR,ERROR,ERROR,ERROR,ERROR,ERROR,ERROR,ERROR,ERROR,ERROR
2022,NV,Reading,4,Non-Special Education,ERROR,ERROR,ERROR,ERROR,ERROR,ERROR,ERROR,ERROR,ERROR,ERROR,ERROR,ERROR
2022,NH,Reading,4,Non-Special Education,ERROR,ERROR,ERROR,ERROR,ERROR,ERROR,ERROR,ERROR,ERROR,ERROR,ERROR,ERROR
2022,NJ,Reading,4,Non-Special Education,ERROR,ERROR,ERROR,ERROR,ERROR,ERROR,ERROR,ERROR,ERROR,ERROR,ERROR,ERROR
2022,NM,Reading,4,Non-Special Education,ERROR,ERROR,ERROR,ERROR,ERROR,ERROR,ERROR,ERROR,ERROR,ERROR,ERROR,ERROR
2022,NY,Reading,4,Non-Special Education,ERROR,ERROR,ERROR,ERROR,ERROR,ERROR,ERROR,ERROR,ERROR,ERROR,ERROR,ERROR
2022,NC,Reading,4,Non-Special Education,ERROR,ERROR,ERROR,ERROR,ERROR,ERROR,ERROR,ERROR,ERROR,ERROR,ERROR,ERROR
2022,ND,Reading,4,Non-Special Education,ERROR,ERROR,ERROR,ERROR,ERROR,ERROR,ERROR,ERROR,ERROR,ERROR,ERROR,ERROR
2022,OH,Reading,4,Non-Special Education,ERROR,ERROR,ERROR,ERROR,ERROR,ERROR,ERROR,ERROR,ERROR,ERROR,ERROR,ERROR
2022,OK,Reading,4,Non-Special Education,ERROR,ERROR,ERROR,ERROR,ERROR,ERROR,ERROR,ERROR,ERROR,ERROR,ERROR,ERROR
2022,OR,Reading,4,Non-Special Education,ERROR,ERROR,ERROR,ERROR,ERROR,ERROR,ERROR,ERROR,ERROR,ERROR,ERROR,ERROR
2022,PA,Reading,4,Non-Special Education,ERROR,ERROR,ERROR,ERROR,ERROR,ERROR,ERROR,ERROR,ERROR,ERROR,ERROR,ERROR
2022,RI,Reading,4,Non-Special Education,ERROR,ERROR,ERROR,ERROR,ERROR,ERROR,ERROR,ERROR,ERROR,ERROR,ERROR,ERROR
2022,SC,Reading,4,Non-Special Education,ERROR,ERROR,ERROR,ERROR,ERROR,ERROR,ERROR,ERROR,ERROR,ERROR,ERROR,ERROR
2022,SD,Reading,4,Non-Special Education,ERROR,ERROR,ERROR,ERROR,ERROR,ERROR,ERROR,ERROR,ERROR,ERROR,ERROR,ERROR
2022,TN,Reading,4,Non-Special Education,ERROR,ERROR,ERROR,ERROR,ERROR,ERROR,ERROR,ERROR,ERROR,ERROR,ERROR,ERROR
2022,TX,Reading,4,Non-Special Education,ERROR,ERROR,ERROR,ERROR,ERROR,ERROR,ERROR,ERROR,ERROR,ERROR,ERROR,ERROR
2022,UT,Reading,4,Non-Special Education,ERROR,ERROR,ERROR,ERROR,ERROR,ERROR,ERROR,ERROR,ERROR,ERROR,ERROR,ERROR
2022,VT,Reading,4,Non-Special Education,ERROR,ERROR,ERROR,ERROR,ERROR,ERROR,ERROR,ERROR,ERROR,ERROR,ERROR,ERROR
2022,VA,Reading,4,Non-Special Education,ERROR,ERROR,ERROR,ERROR,ERROR,ERROR,ERROR,ERROR,ERROR,ERROR,ERROR,ERROR
2022,WA,Reading,4,Non-Special Education,ERROR,ERROR,ERROR,ERROR,ERROR,ERROR,ERROR,ERROR,ERROR,ERROR,ERROR,ERROR
2022,WV,Reading,4,Non-Special Education,ERROR,ERROR,ERROR,ERROR,ERROR,ERROR,ERROR,ERROR,ERROR,ERROR,ERROR,ERROR
2022,WI,Reading,4,Non-Special Education,ERROR,ERROR,ERROR,ERROR,ERROR,ERROR,ERROR,ERROR,ERROR,ERROR,ERROR,ERROR
2022,WY,Reading,4,Non-Special Education,ERROR,ERROR,ERROR,ERROR,ERROR,ERROR,ERROR,ERROR,ERROR,ERROR,ERROR,ERROR
2022,AL,Reading,8,Special Education,ERROR,ERROR,ERROR,ERROR,ERROR,ERROR,ERROR,ERROR,ERROR,ERROR,ERROR,ERROR
2022,AK,Reading,8,Special Education,ERROR,ERROR,ERROR,ERROR,ERROR,ERROR,ERROR,ERROR,ERROR,ERROR,ERROR,ERROR
2022,AZ,Reading,8,Special Education,ERROR,ERROR,ERROR,ERROR,ERROR,ERROR,ERROR,ERROR,ERROR,ERROR,ERROR,ERROR
2022,AR,Reading,8,Special Education,ERROR,ERROR,ERROR,ERROR,ERROR,ERROR,ERROR,ERROR,ERROR,ERROR,ERROR,ERROR
2022,CA,Reading,8,Special Education,ERROR,ERROR,ERROR,ERROR,ERROR,ERROR,ERROR,ERROR,ERROR,ERROR,ERROR,ERROR
2022,CO,Reading,8,Special Education,ERROR,ERROR,ERROR,ERROR,ERROR,ERROR,ERROR,ERROR,ERROR,ERROR,ERROR,ERROR
2022,CT,Reading,8,Special Education,ERROR,ERROR,ERROR,ERROR,ERROR,ERROR,ERROR,ERROR,ERROR,ERROR,ERROR,ERROR
2022,DE,Reading,8,Special Education,ERROR,ERROR,ERROR,ERROR,ERROR,ERROR,ERROR,ERROR,ERROR,ERROR,ERROR,ERROR
2022,DC,Reading,8,Special Education,ERROR,ERROR,ERROR,ERROR,ERROR,ERROR,ERROR,ERROR,ERROR,ERROR,ERROR,ERROR
2022,FL,Reading,8,Special Education,ERROR,ERROR,ERROR,ERROR,ERROR,ERROR,ERROR,ERROR,ERROR,ERROR,ERROR,ERROR
2022,GA,Reading,8,Special Education,ERROR,ERROR,ERROR,ERROR,ERROR,ERROR,ERROR,ERROR,ERROR,ERROR,ERROR,ERROR
2022,HI,Reading,8,Special Education,ERROR,ERROR,ERROR,ERROR,ERROR,ERROR,ERROR,ERROR,ERROR,ERROR,ERROR,ERROR
2022,ID,Reading,8,Special Education,ERROR,ERROR,ERROR,ERROR,ERROR,ERROR,ERROR,ERROR,ERROR,ERROR,ERROR,ERROR
2022,IL,Reading,8,Special Education,ERROR,ERROR,ERROR,ERROR,ERROR,ERROR,ERROR,ERROR,ERROR,ERROR,ERROR,ERROR
2022,IN,Reading,8,Special Education,ERROR,ERROR,ERROR,ERROR,ERROR,ERROR,ERROR,ERROR,ERROR,ERROR,ERROR,ERROR
2022,IA,Reading,8,Special Education,ERROR,ERROR,ERROR,ERROR,ERROR,ERROR,ERROR,ERROR,ERROR,ERROR,ERROR,ERROR
2022,KS,Reading,8,Special Education,ERROR,ERROR,ERROR,ERROR,ERROR,ERROR,ERROR,ERROR,ERROR,ERROR,ERROR,ERROR
2022,KY,Reading,8,Special Education,ERROR,ERROR,ERROR,ERROR,ERROR,ERROR,ERROR,ERROR,ERROR,ERROR,ERROR,ERROR
2022,LA,Reading,8,Special Education,ERROR,ERROR,ERROR,ERROR,ERROR,ERROR,ERROR,ERROR,ERROR,ERROR,ERROR,ERROR
2022,ME,Reading,8,Special Education,ERROR,ERROR,ERROR,ERROR,ERROR,ERROR,ERROR,ERROR,ERROR,ERROR,ERROR,ERROR
2022,MD,Reading,8,Special Education,ERROR,ERROR,ERROR,ERROR,ERROR,ERROR,ERROR,ERROR,ERROR,ERROR,ERROR,ERROR
2022,MA,Reading,8,Special Education,ERROR,ERROR,ERROR,ERROR,ERROR,ERROR,ERROR,ERROR,ERROR,ERROR,ERROR,ERROR
2022,MI,Reading,8,Special Education,ERROR,ERROR,ERROR,ERROR,ERROR,ERROR,ERROR,ERROR,ERROR,ERROR,ERROR,ERROR
2022,MN,Reading,8,Special Education,ERROR,ERROR,ERROR,ERROR,ERROR,ERROR,ERROR,ERROR,ERROR,ERROR,ERROR,ERROR
2022,MS,Reading,8,Special Education,ERROR,ERROR,ERROR,ERROR,ERROR,ERROR,ERROR,ERROR,ERROR,ERROR,ERROR,ERROR
2022,MO,Reading,8,Special Education,ERROR,ERROR,ERROR,ERROR,ERROR,ERROR,ERROR,ERROR,ERROR,ERROR,ERROR,ERROR
2022,MT,Reading,8,Special Education,ERROR,ERROR,ERROR,ERROR,ERROR,ERROR,ERROR,ERROR,ERROR,ERROR,ERROR,ERROR
2022,NE,Reading,8,Special Education,ERROR,ERROR,ERROR,ERROR,ERROR,ERROR,ERROR,ERROR,ERROR,ERROR,ERROR,ERROR
2022,NV,Reading,8,Special Education,ERROR,ERROR,ERROR,ERROR,ERROR,ERROR,ERROR,ERROR,ERROR,ERROR,ERROR,ERROR
2022,NH,Reading,8,Special Education,ERROR,ERROR,ERROR,ERROR,ERROR,ERROR,ERROR,ERROR,ERROR,ERROR,ERROR,ERROR
2022,NJ,Reading,8,Special Education,ERROR,ERROR,ERROR,ERROR,ERROR,ERROR,ERROR,ERROR,ERROR,ERROR,ERROR,ERROR
2022,NM,Reading,8,Special Education,ERROR,ERROR,ERROR,ERROR,ERROR,ERROR,ERROR,ERROR,ERROR,ERROR,ERROR,ERROR
2022,NY,Reading,8,Special Education,ERROR,ERROR,ERROR,ERROR,ERROR,ERROR,ERROR,ERROR,ERROR,ERROR,ERROR,ERROR
2022,NC,Reading,8,Special Education,ERROR,ERROR,ERROR,ERROR,ERROR,ERROR,ERROR,ERROR,ERROR,ERROR,ERROR,ERROR
2022,ND,Reading,8,Special Education,ERROR,ERROR,ERROR,ERROR,ERROR,ERROR,ERROR,ERROR,ERROR,ERROR,ERROR,ERROR
2022,OH,Reading,8,Special Education,ERROR,ERROR,ERROR,ERROR,ERROR,ERROR,ERROR,ERROR,ERROR,ERROR,ERROR,ERROR
2022,OK,Reading,8,Special Education,ERROR,ERROR,ERROR,ERROR,ERROR,ERROR,ERROR,ERROR,ERROR,ERROR,ERROR,ERROR
2022,OR,Reading,8,Special Education,ERROR,ERROR,ERROR,ERROR,ERROR,ERROR,ERROR,ERROR,ERROR,ERROR,ERROR,ERROR
2022,PA,Reading,8,Special Education,ERROR,ERROR,ERROR,ERROR,ERROR,ERROR,ERROR,ERROR,ERROR,ERROR,ERROR,ERROR
2022,RI,Reading,8,Special Education,ERROR,ERROR,ERROR,ERROR,ERROR,ERROR,ERROR,ERROR,ERROR,ERROR,ERROR,ERROR
2022,SC,Reading,8,Special Education,ERROR,ERROR,ERROR,ERROR,ERROR,ERROR,ERROR,ERROR,ERROR,ERROR,ERROR,ERROR
2022,SD,Reading,8,Special Education,220.14,194.71,221.10,246.09,36.26,72.33,23.76,27.67,3.86,3.90,999.00,999.00
2022,TN,Reading,8,Special Education,221.48,194.64,220.82,246.21,36.90,72.30,22.27,27.70,4.66,5.43,0.78,0.78
2022,TX,Reading,8,Special Education,228.14,201.74,227.59,253.01,35.64,66.13,26.64,33.87,6.72,7.24,0.52,0.52
2022,UT,Reading,8,Special Education,230.47,204.18,232.47,256.80,37.66,61.43,30.32,38.57,7.71,8.25,0.54,0.54
2022,VT,Reading,8,Special Education,228.34,203.95,228.95,251.68,35.27,65.70,27.22,34.30,6.74,7.08,999.00,999.00
2022,VA,Reading,8,Special Education,228.76,201.19,228.19,257.86,39.40,63.12,27.29,36.88,9.20,9.59,999.00,999.00
2022,WA,Reading,8,Special Education,226.39,199.35,227.43,253.30,37.77,65.66,26.78,34.34,7.45,7.56,999.00,999.00
2022,WV,Reading,8,Special Education,207.53,180.11,206.84,233.48,38.63,82.15,14.87,17.85,2.73,2.97,999.00,999.00
2022,WI,Reading,8,Special Education,222.65,198.88,222.44,247.52,34.56,70.91,24.67,29.09,4.38,4.42,999.00,999.00
2022,WY,Reading,8,Special Education,225.45,200.65,225.15,250.76,35.43,67.60,26.30,32.40,5.95,6.10,999.00,999.00
2022,AL,Reading,8,Non-Special Education,256.70,234.26,258.12,280.69,34.48,33.20,42.11,66.80,22.74,24.69,1.95,1.95
2022,AK,Reading,8,Non-Special Education,257.74,233.95,261.39,285.27,39.37,31.92,38.96,68.08,26.07,29.12,3.05,3.05
2022,AZ,Reading,8,Non-Special Education,262.82,240.58,264.62,287.02,34.69,27.19,41.66,72.81,27.94,31.15,3.21,3.21
2022,AR,Reading,8,Non-Special Education,260.92,238.08,263.13,285.57,34.78,29.19,41.21,70.81,26.97,29.60,2.63,2.63
2022,CA,Reading,8,Non-Special Education,262.74,238.39,264.88,288.36,36.96,28.86,38.76,71.14,28.07,32.38,4.30,4.30
2022,CO,Reading,8,Non-Special Education,268.97,247.59,271.11,292.62,35.15,21.36,40.86,78.64,32.75,37.78,5.03,5.03
2022,CT,Reading,8,Non-Special Education,269.66,247.19,271.90,294.43,35.72,21.75,38.66,78.25,34.18,39.59,5.42,5.42
2022,DE,Reading,8,Non-Special Education,259.35,236.17,261.14,283.88,35.95,30.95,41.20,69.05,24.64,27.85,3.22,3.22
2022,DC,Reading,8,Non-Special Education,256.29,230.63,256.27,281.53,37.92,36.24,38.28,63.76,21.26,25.48,4.22,4.22
2022,FL,Reading,8,Non-Special Education,263.84,241.46,266.08,288.34,35.43,26.33,40.93,73.67,29.06,32.74,3.68,3.68
2022,GA,Reading,8,Non-Special Education,264.90,241.38,266.75,289.75,37.23,26.29,39.99,73.71,28.40,33.71,5.32,5.32
2022,HI,Reading,8,Non-Special Education,264.81,241.66,266.73,289.45,35.42,26.16,39.85,73.84,29.93,33.99,4.06,4.06
2022,ID,Reading,8,Non-Special Education,268.80,248.18,269.91,290.34,31.60,20.14,44.04,79.86,32.06,35.81,3.75,3.75
2022,IL,Reading,8,Non-Special Education,268.16,246.14,269.45,291.62,34.45,22.40,41.16,77.60,31.51,36.45,4.93,4.93
2022,IN,Reading,8,Non-Special Education,266.48,245.32,268.30,290.11,34.14,23.05,42.01,76.95,31.27,34.94,3.67,3.67
2022,IA,Reading,8,Non-Special Education,265.53,245.69,267.01,287.63,31.95,22.29,45.27,77.71,29.93,32.44,2.50,2.50
2022,KS,Reading,8,Non-Special Education,261.93,240.77,263.96,284.72,32.68,27.14,43.78,72.86,26.88,29.08,2.19,2.19
2022,KY,Reading,8,Non-Special Education,264.64,242.26,266.16,288.56,34.47,25.64,41.53,74.36,29.04,32.83,3.79,3.79
2022,LA,Reading,8,Non-Special Education,262.47,240.61,264.59,286.55,35.09,27.16,42.02,72.84,27.72,30.82,3.10,3.10
2022,ME,Reading,8,Non-Special Education,266.23,243.78,269.02,291.36,36.30,24.34,39.76,75.66,31.41,35.90,4.49,4.49
2022,MD,Reading,8,Non-Special Education,264.68,239.34,267.38,292.35,39.98,27.78,36.22,72.22,29.99,36.00,6.01,6.01
2022,MA,Reading,8,Non-Special Education,275.33,255.82,277.82,298.52,34.32,15.98,37.98,84.02,39.58,46.04,6.46,6.46
2022,MI,Reading,8,Non-Special Education,264.09,242.24,265.49,287.37,34.18,25.72,42.66,74.28,28.03,31.62,3.59,3.59
2022,MN,Reading,8,Non-Special Education,265.99,246.18,267.77,288.30,32.68,22.15,44.63,77.85,30.29,33.23,2.93,2.93
2022,MS,Reading,8,Non-Special Education,256.99,234.94,258.23,279.93,33.42,32.81,43.22,67.19,22.05,23.97,1.92,1.92
2022,MO,Reading,8,Non-Special Education,262.36,240.12,264.79,286.65,35.19,27.42,41.22,72.58,28.22,31.36,3.14,3.14
2022,MT,Reading,8,Non-Special Education,266.49,246.30,267.48,288.23,31.81,21.88,45.05,78.12,30.01,33.06,3.06,3.06
2022,NE,Reading,8,Non-Special Education,264.63,244.18,266.89,287.68,34.25,24.09,43.28,75.91,29.50,32.63,3.13,3.13
2022,NV,Reading,8,Non-Special Education,262.93,240.04,265.18,287.28,35.63,27.40,41.31,72.60,27.52,31.29,3.77,3.77
2022,NH,Reading,8,Non-Special Education,269.90,248.63,271.47,292.93,33.02,20.16,41.50,79.84,33.79,38.35,4.56,4.56
2022,NJ,Reading,8,Non-Special Education,275.90,253.54,278.36,300.24,35.69,17.04,35.92,82.96,38.76,47.04,8.28,8.28
2022,NM,Reading,8,Non-Special Education,254.00,231.93,255.43,277.20,33.29,35.97,42.73,64.03,19.97,21.30,1.33,1.33
2022,NY,Reading,8,Non-Special Education,267.59,244.60,268.97,292.80,36.36,23.68,39.54,76.32,31.34,36.78,5.45,5.45
2022,NC,Reading,8,Non-Special Education,260.87,238.39,262.26,284.92,34.76,29.25,41.99,70.75,25.68,28.76,3.09,3.09
2022,ND,Reading,8,Non-Special Education,263.57,243.02,265.36,286.01,32.54,24.93,44.30,75.07,28.37,30.76,2.39,2.39
2022,OH,Reading,8,Non-Special Education,268.09,245.14,269.50,292.14,34.86,23.19,39.83,76.81,31.82,36.98,5.16,5.16
2022,OK,Reading,8,Non-Special Education,257.72,236.44,259.69,280.62,32.93,31.03,44.32,68.97,23.12,24.65,1.53,1.53
2022,OR,Reading,8,Non-Special Education,262.81,240.98,265.30,286.84,33.88,26.77,41.81,73.23,28.89,31.42,2.53,2.53
2022,PA,Reading,8,Non-Special Education,266.38,243.28,268.41,291.08,36.20,24.75,39.58,75.25,30.79,35.68,4.89,4.89
2022,RI,Reading,8,Non-Special Education,264.95,241.31,267.50,291.78,38.62,26.24,38.39,73.76,30.22,35.37,5.15,5.15
2022,SC,Reading,8,Non-Special Education,260.26,236.50,262.12,286.45,36.12,30.56,39.20,69.44,27.42,30.24,2.82,2.82
2022,SD,Reading,8,Non-Special Education,267.85,248.08,269.52,289.54,31.92,20.46,44.49,79.54,31.76,35.04,3.28,3.28
2022,TN,Reading,8,Non-Special Education,262.16,239.51,264.08,286.91,35.82,27.77,41.31,72.23,27.35,30.92,3.57,3.57
2022,TX,Reading,8,Non-Special Education,259.60,238.61,261.03,281.78,32.58,28.97,45.19,71.03,23.75,25.84,2.09,2.09
2022,UT,Reading,8,Non-Special Education,270.32,249.93,272.89,293.56,33.70,19.89,40.44,80.11,35.19,39.67,4.49,4.49
2022,VT,Reading,8,Non-Special Education,273.03,252.39,274.32,294.99,32.06,17.08,41.31,82.92,36.44,41.61,5.17,5.17
2022,VA,Reading,8,Non-Special Education,264.18,240.81,266.50,289.78,36.90,26.71,39.08,73.29,29.82,34.21,4.39,4.39
2022,WA,Reading,8,Non-Special Education,266.23,244.21,268.39,290.75,35.45,23.95,41.04,76.05,30.74,35.02,4.28,4.28
2022,WV,Reading,8,Non-Special Education,258.46,237.01,260.01,281.68,34.26,30.87,43.42,69.13,23.39,25.71,2.32,2.32
2022,WI,Reading,8,Non-Special Education,267.85,246.28,269.61,291.12,33.40,22.14,41.49,77.86,32.41,36.37,3.96,3.96
2022,WY,Reading,8,Non-Special Education,266.30,246.02,268.31,288.24,32.48,22.42,44.14,77.58,30.28,33.44,3.16,3.16
2024,AL,Mathematics,4,Special Education,211.64,183.12,212.54,238.08,38.08,51.26,32.02,48.74,13.77,16.73,2.96,2.96
2024,AK,Mathematics,4,Special Education,198.84,172.99,196.13,225.24,37.48,66.63,23.41,33.37,8.72,9.96,1.23,1.23
2024,AZ,Mathematics,4,Special Education,206.00,179.99,203.70,231.52,35.96,60.16,26.73,39.84,11.40,13.11,1.71,1.71
2024,AR,Mathematics,4,Special Education,204.71,177.96,206.35,232.23,37.91,58.23,29.50,41.77,11.03,12.27,1.24,1.24
2024,CA,Mathematics,4,Special Education,207.29,176.97,204.85,235.93,41.55,57.50,25.31,42.50,13.02,17.19,4.17,4.17
2024,CO,Mathematics,4,Special Education,212.56,187.15,212.85,236.00,35.10,51.32,32.20,48.68,14.45,16.47,2.02,2.02
2024,CT,Mathematics,4,Special Education,212.49,184.81,212.36,238.78,37.46,51.34,31.46,48.66,13.70,17.21,3.50,3.50
2024,DE,Mathematics,4,Special Education,206.72,177.83,205.49,233.69,39.52,59.26,24.52,40.74,13.23,16.22,2.98,2.98
2024,DC,Mathematics,4,Special Education,201.85,174.37,197.76,226.17,38.64,66.12,22.38,33.88,8.13,11.50,3.37,3.37
2024,FL,Mathematics,4,Special Education,223.72,203.35,225.18,243.17,28.85,35.24,46.39,64.76,16.22,18.37,2.15,2.15
2024,GA,Mathematics,4,Special Education,206.87,177.35,203.13,236.22,38.64,58.84,24.95,41.16,13.94,16.21,2.27,2.27
2024,HI,Mathematics,4,Special Education,197.01,174.89,196.11,219.56,32.58,69.58,25.11,30.42,4.58,5.31,0.73,0.73
2024,ID,Mathematics,4,Special Education,206.98,180.73,204.86,231.28,34.91,59.26,27.24,40.74,12.01,13.50,1.49,1.49
2024,IL,Mathematics,4,Special Education,206.21,179.99,204.10,231.55,37.05,60.05,26.33,39.95,11.11,13.62,2.52,2.52
2024,IN,Mathematics,4,Special Education,216.92,191.23,217.69,241.55,37.06,45.58,33.93,54.42,16.68,20.48,3.80,3.80
2024,IA,Mathematics,4,Special Education,203.87,181.44,204.49,226.36,30.78,60.88,32.00,39.12,6.82,7.12,999.00,999.00
2024,KS,Mathematics,4,Special Education,211.46,184.70,208.58,238.18,36.58,55.47,27.89,44.53,13.33,16.64,3.32,3.32
2024,KY,Mathematics,4,Special Education,218.30,193.32,218.43,243.92,33.92,45.17,34.33,54.83,18.47,20.50,2.03,2.03
2024,LA,Mathematics,4,Special Education,215.69,188.73,213.70,240.86,35.15,50.39,30.74,49.61,15.39,18.86,3.48,3.48
2024,ME,Mathematics,4,Special Education,209.64,184.99,208.21,232.47,34.36,56.33,30.45,43.67,10.93,13.22,2.29,2.29
2024,MD,Mathematics,4,Special Education,205.10,176.57,201.82,233.22,39.49,60.92,24.72,39.08,10.58,14.37,3.78,3.78
2024,MA,Mathematics,4,Special Education,226.69,200.11,227.49,251.63,36.54,37.43,35.01,62.57,21.02,27.56,6.54,6.54
2024,MI,Mathematics,4,Special Education,209.36,184.22,205.80,233.18,35.27,59.39,26.11,40.61,11.42,14.49,3.08,3.08
2024,MN,Mathematics,4,Special Education,216.13,190.00,216.84,243.52,36.81,46.88,32.64,53.12,17.70,20.47,2.77,2.77
2024,MS,Mathematics,4,Special Education,221.58,200.21,219.87,241.95,31.77,41.82,38.89,58.18,15.57,19.29,3.72,3.72
2024,MO,Mathematics,4,Special Education,206.23,183.39,206.13,229.66,34.42,59.58,29.03,40.42,10.43,11.39,0.96,0.96
2024,MT,Mathematics,4,Special Education,214.04,188.77,213.59,238.70,35.97,50.60,32.09,49.40,14.11,17.30,3.19,3.19
2024,NE,Mathematics,4,Special Education,212.18,186.26,210.28,236.43,35.06,53.58,30.26,46.42,13.44,16.17,2.73,2.73
2024,NV,Mathematics,4,Special Education,206.20,176.28,204.24,237.07,39.15,59.04,24.78,40.96,13.86,16.18,2.32,2.32
2024,NH,Mathematics,4,Special Education,213.51,191.86,213.36,233.31,32.03,51.02,36.32,48.98,10.27,12.66,2.39,2.39
2024,NJ,Mathematics,4,Special Education,211.79,185.55,211.15,237.42,38.38,52.95,29.70,47.05,13.95,17.36,3.41,3.41
2024,NM,Mathematics,4,Special Education,198.05,175.17,196.21,219.58,31.64,69.94,24.22,30.06,5.01,5.84,0.84,0.84
2024,NY,Mathematics,4,Special Education,203.53,180.45,202.95,226.58,34.10,62.80,28.27,37.20,7.42,8.92,1.50,1.50
2024,NC,Mathematics,4,Special Education,212.69,184.98,211.57,238.45,37.51,52.62,29.64,47.38,14.08,17.74,3.66,3.66
2024,ND,Mathematics,4,Special Education,216.07,192.18,214.91,240.69,33.60,48.93,33.16,51.07,15.62,17.91,2.29,2.29
2024,OH,Mathematics,4,Special Education,209.32,183.92,209.99,232.98,34.43,55.08,32.14,44.92,11.19,12.77,1.58,1.58
2024,OK,Mathematics,4,Special Education,212.43,188.24,212.58,235.29,33.84,51.79,34.60,48.21,10.72,13.61,2.89,2.89
2024,OR,Mathematics,4,Special Education,206.86,176.16,205.25,234.61,39.88,57.97,25.89,42.03,12.69,16.14,3.45,3.45
2024,PA,Mathematics,4,Special Education,210.53,185.22,209.14,234.67,35.59,55.26,29.09,44.74,13.17,15.65,2.48,2.48
2024,RI,Mathematics,4,Special Education,209.93,184.92,210.05,234.10,34.32,53.75,33.47,46.25,11.02,12.78,1.77,1.77
2024,SC,Mathematics,4,Special Education,203.19,178.83,201.87,227.70,34.35,62.30,27.93,37.70,8.69,9.77,1.08,1.08
2024,SD,Mathematics,4,Special Education,217.14,192.85,217.87,242.86,33.61,45.96,35.20,54.04,17.01,18.84,1.83,1.83
2024,TN,Mathematics,4,Special Education,214.70,188.63,214.24,239.15,35.36,49.69,33.43,50.31,13.48,16.88,3.40,3.40
2024,TX,Mathematics,4,Special Education,214.06,189.45,212.57,238.15,33.73,51.65,31.06,48.35,15.30,17.29,2.00,2.00
2024,UT,Mathematics,4,Special Education,217.66,187.63,216.76,246.17,39.17,47.85,29.31,52.15,16.96,22.84,5.88,5.88
2024,VT,Mathematics,4,Special Education,204.50,181.97,205.12,225.83,32.33,61.52,30.19,38.48,7.08,8.29,1.21,1.21
2024,VA,Mathematics,4,Special Education,210.14,182.72,209.43,235.61,39.32,54.95,28.43,45.05,12.78,16.62,3.84,3.84
2024,WA,Mathematics,4,Special Education,214.54,186.13,211.51,240.77,38.62,52.20,27.76,47.80,14.51,20.04,5.52,5.52
2024,WV,Mathematics,4,Special Education,205.36,182.34,203.75,228.18,32.38,60.80,29.77,39.20,8.45,9.43,0.98,0.98
2024,WI,Mathematics,4,Special Education,210.12,183.14,207.42,236.94,37.57,56.46,25.62,43.54,15.00,17.92,2.92,2.92
2024,WY,Mathematics,4,Special Education,220.05,195.88,219.41,243.48,32.24,43.78,36.72,56.22,16.68,19.49,2.81,2.81
2024,AL,Mathematics,4,Non-Special Education,240.80,221.18,241.79,261.70,29.87,18.62,40.86,81.38,32.95,40.53,7.58,7.58
2024,AK,Mathematics,4,Non-Special Education,231.77,208.65,235.21,257.62,36.98,29.11,36.59,70.89,27.33,34.30,6.97,6.97
2024,AZ,Mathematics,4,Non-Special Education,236.66,213.81,237.81,260.39,33.14,25.10,37.76,74.90,28.89,37.14,8.26,8.26
2024,AR,Mathematics,4,Non-Special Education,236.31,215.95,237.86,257.90,31.71,23.25,41.04,76.75,29.00,35.70,6.70,6.70
2024,CA,Mathematics,4,Non-Special Education,236.30,212.82,237.39,260.62,34.22,26.14,36.71,73.86,28.21,37.15,8.95,8.95
2024,CO,Mathematics,4,Non-Special Education,243.68,222.23,245.85,266.02,32.34,18.39,35.65,81.61,34.86,45.96,11.10,11.10
2024,CT,Mathematics,4,Non-Special Education,244.19,221.49,246.15,268.07,33.75,18.94,34.41,81.06,33.74,46.66,12.92,12.92
2024,DE,Mathematics,4,Non-Special Education,239.87,218.76,241.06,261.43,32.61,20.75,39.60,79.25,30.35,39.66,9.31,9.31
2024,DC,Mathematics,4,Non-Special Education,236.24,209.86,235.84,262.32,37.73,28.64,34.44,71.36,24.96,36.92,11.96,11.96
2024,FL,Mathematics,4,Non-Special Education,248.04,228.85,249.76,269.59,30.91,13.83,35.17,86.17,37.73,51.00,13.27,13.27
2024,GA,Mathematics,4,Non-Special Education,240.77,220.29,241.98,262.34,31.05,19.15,39.76,80.85,32.45,41.08,8.64,8.64
2024,HI,Mathematics,4,Non-Special Education,244.19,223.34,246.10,266.51,32.07,17.28,36.36,82.72,35.37,46.36,10.99,10.99
2024,ID,Mathematics,4,Non-Special Education,243.99,222.90,245.51,266.05,31.06,17.15,37.22,82.85,34.93,45.63,10.70,10.70
2024,IL,Mathematics,4,Non-Special Education,241.50,220.14,242.98,263.85,32.15,19.80,37.72,80.20,32.69,42.48,9.79,9.79
2024,IN,Mathematics,4,Non-Special Education,246.02,226.99,247.97,267.18,31.28,14.77,36.67,85.23,37.12,48.55,11.43,11.43
2024,IA,Mathematics,4,Non-Special Education,242.40,223.03,245.01,262.99,30.07,17.46,38.46,82.54,35.87,44.08,8.21,8.21
2024,KS,Mathematics,4,Non-Special Education,242.76,223.53,245.05,264.10,30.39,17.10,38.39,82.90,35.93,44.52,8.58,8.58
2024,KY,Mathematics,4,Non-Special Education,241.87,223.09,243.35,262.10,29.42,17.01,40.83,82.99,34.87,42.17,7.30,7.30
2024,LA,Mathematics,4,Non-Special Education,239.13,220.83,241.01,259.57,29.05,18.84,42.48,81.16,33.20,38.68,5.48,5.48
2024,ME,Mathematics,4,Non-Special Education,240.41,222.02,240.86,259.71,28.75,17.42,43.94,82.58,31.41,38.64,7.23,7.23
2024,MD,Mathematics,4,Non-Special Education,238.48,213.80,240.22,264.79,36.92,25.12,34.01,74.88,29.22,40.87,11.65,11.65
2024,MA,Mathematics,4,Non-Special Education,250.97,230.25,254.19,273.61,33.51,13.51,29.99,86.49,39.97,56.50,16.53,16.53
2024,MI,Mathematics,4,Non-Special Education,239.44,219.11,241.34,261.99,32.16,20.61,38.49,79.39,32.88,40.90,8.02,8.02
2024,MN,Mathematics,4,Non-Special Education,245.67,225.44,248.75,268.92,33.78,16.71,33.57,83.29,36.64,49.72,13.07,13.07
2024,MS,Mathematics,4,Non-Special Education,243.12,226.17,243.78,261.17,26.03,13.47,44.54,86.53,35.91,41.99,6.08,6.08
2024,MO,Mathematics,4,Non-Special Education,240.34,221.02,242.30,261.78,30.57,18.82,40.09,81.18,33.68,41.09,7.41,7.41
2024,MT,Mathematics,4,Non-Special Education,243.06,224.51,245.20,263.94,30.91,16.82,38.42,83.18,35.42,44.75,9.33,9.33
2024,NE,Mathematics,4,Non-Special Education,244.27,226.10,245.77,264.24,28.73,14.46,40.13,85.54,36.79,45.42,8.63,8.63
2024,NV,Mathematics,4,Non-Special Education,237.64,215.93,239.96,261.25,33.64,23.39,37.52,76.61,30.90,39.09,8.19,8.19
2024,NH,Mathematics,4,Non-Special Education,247.57,229.13,248.29,266.05,28.01,11.89,39.22,88.11,38.40,48.89,10.49,10.49
2024,NJ,Mathematics,4,Non-Special Education,246.39,226.73,248.73,268.63,32.31,15.95,34.32,84.05,36.73,49.73,13.00,13.00
2024,NM,Mathematics,4,Non-Special Education,230.27,209.22,231.10,251.43,30.75,29.69,42.65,70.31,23.41,27.65,4.24,4.24
2024,NY,Mathematics,4,Non-Special Education,240.79,219.79,243.05,263.78,32.95,20.10,37.31,79.90,33.06,42.59,9.53,9.53
2024,NC,Mathematics,4,Non-Special Education,243.58,223.56,245.55,265.45,31.52,17.34,37.16,82.66,35.19,45.50,10.31,10.31
2024,ND,Mathematics,4,Non-Special Education,245.60,227.36,247.14,265.40,28.37,13.97,38.79,86.03,38.00,47.24,9.24,9.24
2024,OH,Mathematics,4,Non-Special Education,245.66,225.51,248.04,267.31,30.69,15.74,35.41,84.26,38.30,48.85,10.54,10.54
2024,OK,Mathematics,4,Non-Special Education,238.06,219.47,238.67,258.50,29.33,19.46,44.44,80.54,30.02,36.10,6.08,6.08
2024,OR,Mathematics,4,Non-Special Education,232.91,210.31,234.81,257.17,34.36,28.06,38.20,71.94,27.16,33.74,6.58,6.58
2024,PA,Mathematics,4,Non-Special Education,245.65,225.31,247.68,267.26,31.58,16.48,35.18,83.52,36.39,48.34,11.95,11.95
2024,RI,Mathematics,4,Non-Special Education,243.52,223.22,244.53,265.32,31.49,17.55,38.24,82.45,33.47,44.21,10.74,10.74
2024,SC,Mathematics,4,Non-Special Education,243.91,223.17,245.46,265.59,30.48,17.24,37.31,82.76,35.64,45.45,9.81,9.81
2024,SD,Mathematics,4,Non-Special Education,245.06,226.62,247.50,265.20,29.76,14.86,37.28,85.14,38.61,47.86,9.25,9.25
2024,TN,Mathematics,4,Non-Special Education,244.25,225.19,246.37,265.87,31.33,16.44,37.25,83.56,36.09,46.31,10.22,10.22
2024,TX,Mathematics,4,Non-Special Education,245.63,226.56,247.35,265.96,29.75,14.90,37.50,85.10,37.57,47.61,10.04,10.04
2024,UT,Mathematics,4,Non-Special Education,246.09,226.57,248.55,267.42,30.69,15.48,35.06,84.52,38.55,49.47,10.92,10.92
2024,VT,Mathematics,4,Non-Special Education,242.57,223.22,243.31,262.72,28.54,16.15,41.08,83.85,35.06,42.78,7.71,7.71
2024,VA,Mathematics,4,Non-Special Education,242.24,221.38,244.12,264.74,32.41,18.80,37.47,81.20,33.22,43.73,10.51,10.51
2024,WA,Mathematics,4,Non-Special Education,241.32,218.93,242.89,264.91,33.40,21.04,35.99,78.96,32.31,42.97,10.66,10.66
2024,WV,Mathematics,4,Non-Special Education,240.10,222.02,240.84,258.92,28.28,17.14,44.58,82.86,32.03,38.29,6.26,6.26
2024,WI,Mathematics,4,Non-Special Education,244.80,225.04,246.44,267.24,32.21,16.58,36.75,83.42,34.97,46.67,11.69,11.69
2024,WY,Mathematics,4,Non-Special Education,248.80,231.55,249.92,267.30,26.99,10.30,38.17,89.70,41.21,51.53,10.32,10.32
2024,AL,Mathematics,8,Special Education,225.44,201.61,224.26,248.47,34.68,85.43,12.39,14.57,2.12,2.19,999.00,999.00
2024,AK,Mathematics,8,Special Education,229.12,197.73,227.42,256.82,44.33,78.73,14.98,21.27,4.12,6.30,2.18,2.18
2024,AZ,Mathematics,8,Special Education,229.08,203.74,225.80,249.85,36.21,83.36,12.55,16.64,2.75,4.09,1.34,1.34
2024,AR,Mathematics,8,Special Education,233.39,208.48,230.96,253.72,35.51,80.35,15.07,19.65,3.80,4.58,0.78,0.78
2024,CA,Mathematics,8,Special Education,226.88,199.29,223.13,251.68,39.81,82.23,12.22,17.77,4.65,5.55,0.90,0.90
2024,CO,Mathematics,8,Special Education,238.72,209.70,235.49,266.20,42.14,72.22,19.98,27.78,5.47,7.81,2.34,2.34
2024,CT,Mathematics,8,Special Education,246.93,217.97,243.28,274.04,40.71,66.16,22.89,33.84,8.08,10.95,2.86,ERROR
2024,DE,Mathematics,8,Special Education,ERROR,ERROR,ERROR,ERROR,ERROR,ERROR,ERROR,ERROR,ERROR,ERROR,ERROR,ERROR
2024,DC,Mathematics,8,Special Education,ERROR,ERROR,ERROR,ERROR,ERROR,ERROR,ERROR,ERROR,ERROR,ERROR,ERROR,ERROR
2024,FL,Mathematics,8,Special Education,ERROR,ERROR,ERROR,ERROR,ERROR,ERROR,ERROR,ERROR,ERROR,ERROR,ERROR,ERROR
2024,GA,Mathematics,8,Special Education,ERROR,ERROR,ERROR,ERROR,ERROR,ERROR,ERROR,ERROR,ERROR,ERROR,ERROR,ERROR
2024,HI,Mathematics,8,Special Education,ERROR,ERROR,ERROR,ERROR,ERROR,ERROR,ERROR,ERROR,ERROR,ERROR,ERROR,ERROR
2024,ID,Mathematics,8,Special Education,ERROR,ERROR,ERROR,ERROR,ERROR,ERROR,ERROR,ERROR,ERROR,ERROR,ERROR,ERROR
2024,IL,Mathematics,8,Special Education,ERROR,ERROR,ERROR,ERROR,ERROR,ERROR,ERROR,ERROR,ERROR,ERROR,ERROR,ERROR
2024,IN,Mathematics,8,Special Education,ERROR,ERROR,ERROR,ERROR,ERROR,ERROR,ERROR,ERROR,ERROR,ERROR,ERROR,ERROR
2024,IA,Mathematics,8,Special Education,ERROR,ERROR,ERROR,ERROR,ERROR,ERROR,ERROR,ERROR,ERROR,ERROR,ERROR,ERROR
2024,KS,Mathematics,8,Special Education,ERROR,ERROR,ERROR,ERROR,ERROR,ERROR,ERROR,ERROR,ERROR,ERROR,ERROR,ERROR
2024,KY,Mathematics,8,Special Education,ERROR,ERROR,ERROR,ERROR,ERROR,ERROR,ERROR,ERROR,ERROR,ERROR,ERROR,ERROR
2024,LA,Mathematics,8,Special Education,ERROR,ERROR,ERROR,ERROR,ERROR,ERROR,ERROR,ERROR,ERROR,ERROR,ERROR,ERROR
2024,ME,Mathematics,8,Special Education,ERROR,ERROR,ERROR,ERROR,ERROR,ERROR,ERROR,ERROR,ERROR,ERROR,ERROR,ERROR
2024,MD,Mathematics,8,Special Education,ERROR,ERROR,ERROR,ERROR,ERROR,ERROR,ERROR,ERROR,ERROR,ERROR,ERROR,ERROR
2024,MA,Mathematics,8,Special Education,ERROR,ERROR,ERROR,ERROR,ERROR,ERROR,ERROR,ERROR,ERROR,ERROR,ERROR,ERROR
2024,MI,Mathematics,8,Special Education,ERROR,ERROR,ERROR,ERROR,ERROR,ERROR,ERROR,ERROR,ERROR,ERROR,ERROR,ERROR
2024,MN,Mathematics,8,Special Education,ERROR,ERROR,ERROR,ERROR,ERROR,ERROR,ERROR,ERROR,ERROR,ERROR,ERROR,ERROR
2024,MS,Mathematics,8,Special Education,ERROR,ERROR,ERROR,ERROR,ERROR,ERROR,ERROR,ERROR,ERROR,ERROR,ERROR,ERROR
2024,MO,Mathematics,8,Special Education,ERROR,ERROR,ERROR,ERROR,ERROR,ERROR,ERROR,ERROR,ERROR,ERROR,ERROR,ERROR
2024,MT,Mathematics,8,Special Education,ERROR,ERROR,ERROR,ERROR,ERROR,ERROR,ERROR,ERROR,ERROR,ERROR,ERROR,ERROR
2024,NE,Mathematics,8,Special Education,ERROR,ERROR,ERROR,ERROR,ERROR,ERROR,ERROR,ERROR,ERROR,ERROR,ERROR,ERROR
2024,NV,Mathematics,8,Special Education,ERROR,ERROR,ERROR,ERROR,ERROR,ERROR,ERROR,ERROR,ERROR,ERROR,ERROR,ERROR
2024,NH,Mathematics,8,Special Education,ERROR,ERROR,ERROR,ERROR,ERROR,ERROR,ERROR,ERROR,ERROR,ERROR,ERROR,ERROR
2024,NJ,Mathematics,8,Special Education,ERROR,ERROR,ERROR,ERROR,ERROR,ERROR,ERROR,ERROR,ERROR,ERROR,ERROR,ERROR
2024,NM,Mathematics,8,Special Education,ERROR,ERROR,ERROR,ERROR,ERROR,ERROR,ERROR,ERROR,ERROR,ERROR,ERROR,ERROR
2024,NY,Mathematics,8,Special Education,ERROR,ERROR,ERROR,ERROR,ERROR,ERROR,ERROR,ERROR,ERROR,ERROR,ERROR,ERROR
2024,NC,Mathematics,8,Special Education,ERROR,ERROR,ERROR,ERROR,ERROR,ERROR,ERROR,ERROR,ERROR,ERROR,ERROR,ERROR
2024,ND,Mathematics,8,Special Education,ERROR,ERROR,ERROR,ERROR,ERROR,ERROR,ERROR,ERROR,ERROR,ERROR,ERROR,ERROR
2024,OH,Mathematics,8,Special Education,ERROR,ERROR,ERROR,ERROR,ERROR,ERROR,ERROR,ERROR,ERROR,ERROR,ERROR,ERROR
2024,OK,Mathematics,8,Special Education,ERROR,ERROR,ERROR,ERROR,ERROR,ERROR,ERROR,ERROR,ERROR,ERROR,ERROR,ERROR
2024,OR,Mathematics,8,Special Education,ERROR,ERROR,ERROR,ERROR,ERROR,ERROR,ERROR,ERROR,ERROR,ERROR,ERROR,ERROR
2024,PA,Mathematics,8,Special Education,ERROR,ERROR,ERROR,ERROR,ERROR,ERROR,ERROR,ERROR,ERROR,ERROR,ERROR,ERROR
2024,RI,Mathematics,8,Special Education,ERROR,ERROR,ERROR,ERROR,ERROR,ERROR,ERROR,ERROR,ERROR,ERROR,ERROR,ERROR
2024,SC,Mathematics,8,Special Education,ERROR,ERROR,ERROR,ERROR,ERROR,ERROR,ERROR,ERROR,ERROR,ERROR,ERROR,ERROR
2024,SD,Mathematics,8,Special Education,ERROR,ERROR,ERROR,ERROR,ERROR,ERROR,ERROR,ERROR,ERROR,ERROR,ERROR,ERROR
2024,TN,Mathematics,8,Special Education,ERROR,ERROR,ERROR,ERROR,ERROR,ERROR,ERROR,ERROR,ERROR,ERROR,ERROR,ERROR
2024,TX,Mathematics,8,Special Education,ERROR,ERROR,ERROR,ERROR,ERROR,ERROR,ERROR,ERROR,ERROR,ERROR,ERROR,ERROR
2024,UT,Mathematics,8,Special Education,ERROR,ERROR,ERROR,ERROR,ERROR,ERROR,ERROR,ERROR,ERROR,ERROR,ERROR,ERROR
2024,VT,Mathematics,8,Special Education,ERROR,ERROR,ERROR,ERROR,ERROR,ERROR,ERROR,ERROR,ERROR,ERROR,ERROR,ERROR
2024,VA,Mathematics,8,Special Education,ERROR,ERROR,ERROR,ERROR,ERROR,ERROR,ERROR,ERROR,ERROR,ERROR,ERROR,ERROR
2024,WA,Mathematics,8,Special Education,ERROR,ERROR,ERROR,ERROR,ERROR,ERROR,ERROR,ERROR,ERROR,ERROR,ERROR,ERROR
2024,WV,Mathematics,8,Special Education,ERROR,ERROR,ERROR,ERROR,ERROR,ERROR,ERROR,ERROR,ERROR,ERROR,ERROR,ERROR
2024,WI,Mathematics,8,Special Education,ERROR,ERROR,ERROR,ERROR,ERROR,ERROR,ERROR,ERROR,ERROR,ERROR,ERROR,ERROR
2024,WY,Mathematics,8,Special Education,ERROR,ERROR,ERROR,ERROR,ERROR,ERROR,ERROR,ERROR,ERROR,ERROR,ERROR,ERROR
2024,AL,Mathematics,8,Non-Special Education,ERROR,ERROR,ERROR,ERROR,ERROR,ERROR,ERROR,ERROR,ERROR,ERROR,ERROR,ERROR
2024,AK,Mathematics,8,Non-Special Education,ERROR,ERROR,ERROR,ERROR,ERROR,ERROR,ERROR,ERROR,ERROR,ERROR,ERROR,ERROR
2024,AZ,Mathematics,8,Non-Special Education,ERROR,ERROR,ERROR,ERROR,ERROR,ERROR,ERROR,ERROR,ERROR,ERROR,ERROR,ERROR
2024,AR,Mathematics,8,Non-Special Education,ERROR,ERROR,ERROR,ERROR,ERROR,ERROR,ERROR,ERROR,ERROR,ERROR,ERROR,ERROR
2024,CA,Mathematics,8,Non-Special Education,ERROR,ERROR,ERROR,ERROR,ERROR,ERROR,ERROR,ERROR,ERROR,ERROR,ERROR,ERROR
2024,CO,Mathematics,8,Non-Special Education,ERROR,ERROR,ERROR,ERROR,ERROR,ERROR,ERROR,ERROR,ERROR,ERROR,ERROR,ERROR
2024,CT,Mathematics,8,Non-Special Education,ERROR,ERROR,ERROR,ERROR,ERROR,ERROR,ERROR,ERROR,ERROR,ERROR,ERROR,ERROR
2024,DE,Mathematics,8,Non-Special Education,ERROR,ERROR,ERROR,ERROR,ERROR,ERROR,ERROR,ERROR,ERROR,ERROR,ERROR,ERROR
2024,DC,Mathematics,8,Non-Special Education,ERROR,ERROR,ERROR,ERROR,ERROR,ERROR,ERROR,ERROR,ERROR,ERROR,ERROR,ERROR
2024,FL,Mathematics,8,Non-Special Education,ERROR,ERROR,ERROR,ERROR,ERROR,ERROR,ERROR,ERROR,ERROR,ERROR,ERROR,ERROR
2024,GA,Mathematics,8,Non-Special Education,ERROR,ERROR,ERROR,ERROR,ERROR,ERROR,ERROR,ERROR,ERROR,ERROR,ERROR,ERROR
2024,HI,Mathematics,8,Non-Special Education,ERROR,ERROR,ERROR,ERROR,ERROR,ERROR,ERROR,ERROR,ERROR,ERROR,ERROR,ERROR
2024,ID,Mathematics,8,Non-Special Education,ERROR,ERROR,ERROR,ERROR,ERROR,ERROR,ERROR,ERROR,ERROR,ERROR,ERROR,ERROR
2024,IL,Mathematics,8,Non-Special Education,ERROR,ERROR,ERROR,ERROR,ERROR,ERROR,ERROR,ERROR,ERROR,ERROR,ERROR,ERROR
2024,IN,Mathematics,8,Non-Special Education,ERROR,ERROR,ERROR,ERROR,ERROR,ERROR,ERROR,ERROR,ERROR,ERROR,ERROR,ERROR
2024,IA,Mathematics,8,Non-Special Education,ERROR,ERROR,ERROR,ERROR,ERROR,ERROR,ERROR,ERROR,ERROR,ERROR,ERROR,ERROR
2024,KS,Mathematics,8,Non-Special Education,ERROR,ERROR,ERROR,ERROR,ERROR,ERROR,ERROR,ERROR,ERROR,ERROR,ERROR,ERROR
2024,KY,Mathematics,8,Non-Special Education,ERROR,ERROR,ERROR,ERROR,ERROR,ERROR,ERROR,ERROR,ERROR,ERROR,ERROR,ERROR
2024,LA,Mathematics,8,Non-Special Education,ERROR,ERROR,ERROR,ERROR,ERROR,ERROR,ERROR,ERROR,ERROR,ERROR,ERROR,ERROR
2024,ME,Mathematics,8,Non-Special Education,ERROR,ERROR,ERROR,ERROR,ERROR,ERROR,ERROR,ERROR,ERROR,ERROR,ERROR,ERROR
2024,MD,Mathematics,8,Non-Special Education,ERROR,ERROR,ERROR,ERROR,ERROR,ERROR,ERROR,ERROR,ERROR,ERROR,ERROR,ERROR
2024,MA,Mathematics,8,Non-Special Education,ERROR,ERROR,ERROR,ERROR,ERROR,ERROR,ERROR,ERROR,ERROR,ERROR,ERROR,ERROR
2024,MI,Mathematics,8,Non-Special Education,ERROR,ERROR,ERROR,ERROR,ERROR,ERROR,ERROR,ERROR,ERROR,ERROR,ERROR,ERROR
2024,MN,Mathematics,8,Non-Special Education,ERROR,ERROR,ERROR,ERROR,ERROR,ERROR,ERROR,ERROR,ERROR,ERROR,ERROR,ERROR
2024,MS,Mathematics,8,Non-Special Education,ERROR,ERROR,ERROR,ERROR,ERROR,ERROR,ERROR,ERROR,ERROR,ERROR,ERROR,ERROR
2024,MO,Mathematics,8,Non-Special Education,ERROR,ERROR,ERROR,ERROR,ERROR,ERROR,ERROR,ERROR,ERROR,ERROR,ERROR,ERROR
2024,MT,Mathematics,8,Non-Special Education,ERROR,ERROR,ERROR,ERROR,ERROR,ERROR,ERROR,ERROR,ERROR,ERROR,ERROR,ERROR
2024,NE,Mathematics,8,Non-Special Education,ERROR,ERROR,ERROR,ERROR,ERROR,ERROR,ERROR,ERROR,ERROR,ERROR,ERROR,ERROR
2024,NV,Mathematics,8,Non-Special Education,ERROR,ERROR,ERROR,ERROR,ERROR,ERROR,ERROR,ERROR,ERROR,ERROR,ERROR,ERROR
2024,NH,Mathematics,8,Non-Special Education,ERROR,ERROR,ERROR,ERROR,ERROR,ERROR,ERROR,ERROR,ERROR,ERROR,ERROR,ERROR
2024,NJ,Mathematics,8,Non-Special Education,ERROR,ERROR,ERROR,ERROR,ERROR,ERROR,ERROR,ERROR,ERROR,ERROR,ERROR,ERROR
2024,NM,Mathematics,8,Non-Special Education,ERROR,ERROR,ERROR,ERROR,ERROR,ERROR,ERROR,ERROR,ERROR,ERROR,ERROR,ERROR
2024,NY,Mathematics,8,Non-Special Education,ERROR,ERROR,ERROR,ERROR,ERROR,ERROR,ERROR,ERROR,ERROR,ERROR,ERROR,ERROR
2024,NC,Mathematics,8,Non-Special Education,ERROR,ERROR,ERROR,ERROR,ERROR,ERROR,ERROR,ERROR,ERROR,ERROR,ERROR,ERROR
2024,ND,Mathematics,8,Non-Special Education,ERROR,ERROR,ERROR,ERROR,ERROR,ERROR,ERROR,ERROR,ERROR,ERROR,ERROR,ERROR
2024,OH,Mathematics,8,Non-Special Education,ERROR,ERROR,ERROR,ERROR,ERROR,ERROR,ERROR,ERROR,ERROR,ERROR,ERROR,ERROR
2024,OK,Mathematics,8,Non-Special Education,ERROR,ERROR,ERROR,ERROR,ERROR,ERROR,ERROR,ERROR,ERROR,ERROR,ERROR,ERROR
2024,OR,Mathematics,8,Non-Special Education,ERROR,ERROR,ERROR,ERROR,ERROR,ERROR,ERROR,ERROR,ERROR,ERROR,ERROR,ERROR
2024,PA,Mathematics,8,Non-Special Education,ERROR,ERROR,ERROR,ERROR,ERROR,ERROR,ERROR,ERROR,ERROR,ERROR,ERROR,ERROR
2024,RI,Mathematics,8,Non-Special Education,ERROR,ERROR,ERROR,ERROR,ERROR,ERROR,ERROR,ERROR,ERROR,ERROR,ERROR,ERROR
2024,SC,Mathematics,8,Non-Special Education,ERROR,ERROR,ERROR,ERROR,ERROR,ERROR,ERROR,ERROR,ERROR,ERROR,ERROR,ERROR
2024,SD,Mathematics,8,Non-Special Education,ERROR,ERROR,ERROR,ERROR,ERROR,ERROR,ERROR,ERROR,ERROR,ERROR,ERROR,ERROR
2024,TN,Mathematics,8,Non-Special Education,ERROR,ERROR,ERROR,ERROR,ERROR,ERROR,ERROR,ERROR,ERROR,ERROR,ERROR,ERROR
2024,TX,Mathematics,8,Non-Special Education,ERROR,ERROR,ERROR,ERROR,ERROR,ERROR,ERROR,ERROR,ERROR,ERROR,ERROR,ERROR
2024,UT,Mathematics,8,Non-Special Education,ERROR,ERROR,ERROR,ERROR,ERROR,ERROR,ERROR,ERROR,ERROR,ERROR,ERROR,ERROR
2024,VT,Mathematics,8,Non-Special Education,ERROR,ERROR,ERROR,ERROR,ERROR,ERROR,ERROR,ERROR,ERROR,ERROR,ERROR,ERROR
2024,VA,Mathematics,8,Non-Special Education,ERROR,ERROR,ERROR,ERROR,ERROR,ERROR,ERROR,ERROR,ERROR,ERROR,ERROR,ERROR
2024,WA,Mathematics,8,Non-Special Education,ERROR,ERROR,ERROR,ERROR,ERROR,ERROR,ERROR,ERROR,ERROR,ERROR,ERROR,ERROR
2024,WV,Mathematics,8,Non-Special Education,ERROR,ERROR,ERROR,ERROR,ERROR,ERROR,ERROR,ERROR,ERROR,ERROR,ERROR,ERROR
2024,WI,Mathematics,8,Non-Special Education,ERROR,ERROR,ERROR,ERROR,ERROR,ERROR,ERROR,ERROR,ERROR,ERROR,ERROR,ERROR
2024,WY,Mathematics,8,Non-Special Education,ERROR,ERROR,ERROR,ERROR,ERROR,ERROR,ERROR,ERROR,ERROR,ERROR,ERROR,ERROR
2024,AL,Reading,4,Special Education,ERROR,ERROR,ERROR,ERROR,ERROR,ERROR,ERROR,ERROR,ERROR,ERROR,ERROR,ERROR
2024,AK,Reading,4,Special Education,ERROR,ERROR,ERROR,ERROR,ERROR,ERROR,ERROR,ERROR,ERROR,ERROR,ERROR,ERROR
2024,AZ,Reading,4,Special Education,ERROR,ERROR,ERROR,ERROR,ERROR,ERROR,ERROR,ERROR,ERROR,ERROR,ERROR,ERROR
2024,AR,Reading,4,Special Education,ERROR,ERROR,ERROR,ERROR,ERROR,ERROR,ERROR,ERROR,ERROR,ERROR,ERROR,ERROR
2024,CA,Reading,4,Special Education,ERROR,ERROR,ERROR,ERROR,ERROR,ERROR,ERROR,ERROR,ERROR,ERROR,ERROR,ERROR
2024,CO,Reading,4,Special Education,ERROR,ERROR,ERROR,ERROR,ERROR,ERROR,ERROR,ERROR,ERROR,ERROR,ERROR,ERROR
2024,CT,Reading,4,Special Education,ERROR,ERROR,ERROR,ERROR,ERROR,ERROR,ERROR,ERROR,ERROR,ERROR,ERROR,ERROR
2024,DE,Reading,4,Special Education,ERROR,ERROR,ERROR,ERROR,ERROR,ERROR,ERROR,ERROR,ERROR,ERROR,ERROR,ERROR
2024,DC,Reading,4,Special Education,ERROR,ERROR,ERROR,ERROR,ERROR,ERROR,ERROR,ERROR,ERROR,ERROR,ERROR,ERROR
2024,FL,Reading,4,Special Education,ERROR,ERROR,ERROR,ERROR,ERROR,ERROR,ERROR,ERROR,ERROR,ERROR,ERROR,ERROR
2024,GA,Reading,4,Special Education,ERROR,ERROR,ERROR,ERROR,ERROR,ERROR,ERROR,ERROR,ERROR,ERROR,ERROR,ERROR
2024,HI,Reading,4,Special Education,ERROR,ERROR,ERROR,ERROR,ERROR,ERROR,ERROR,ERROR,ERROR,ERROR,ERROR,ERROR
2024,ID,Reading,4,Special Education,ERROR,ERROR,ERROR,ERROR,ERROR,ERROR,ERROR,ERROR,ERROR,ERROR,ERROR,ERROR
2024,IL,Reading,4,Special Education,ERROR,ERROR,ERROR,ERROR,ERROR,ERROR,ERROR,ERROR,ERROR,ERROR,ERROR,ERROR
2024,IN,Reading,4,Special Education,ERROR,ERROR,ERROR,ERROR,ERROR,ERROR,ERROR,ERROR,ERROR,ERROR,ERROR,ERROR
2024,IA,Reading,4,Special Education,ERROR,ERROR,ERROR,ERROR,ERROR,ERROR,ERROR,ERROR,ERROR,ERROR,ERROR,ERROR
2024,KS,Reading,4,Special Education,ERROR,ERROR,ERROR,ERROR,ERROR,ERROR,ERROR,ERROR,ERROR,ERROR,ERROR,ERROR
2024,KY,Reading,4,Special Education,ERROR,ERROR,ERROR,ERROR,ERROR,ERROR,ERROR,ERROR,ERROR,ERROR,ERROR,ERROR
2024,LA,Reading,4,Special Education,ERROR,ERROR,ERROR,ERROR,ERROR,ERROR,ERROR,ERROR,ERROR,ERROR,ERROR,ERROR
2024,ME,Reading,4,Special Education,ERROR,ERROR,ERROR,ERROR,ERROR,ERROR,ERROR,ERROR,ERROR,ERROR,ERROR,ERROR
2024,MD,Reading,4,Special Education,ERROR,ERROR,ERROR,ERROR,ERROR,ERROR,ERROR,ERROR,ERROR,ERROR,ERROR,ERROR
2024,MA,Reading,4,Special Education,ERROR,ERROR,ERROR,ERROR,ERROR,ERROR,ERROR,ERROR,ERROR,ERROR,ERROR,ERROR
2024,MI,Reading,4,Special Education,ERROR,ERROR,ERROR,ERROR,ERROR,ERROR,ERROR,ERROR,ERROR,ERROR,ERROR,ERROR
2024,MN,Reading,4,Special Education,ERROR,ERROR,ERROR,ERROR,ERROR,ERROR,ERROR,ERROR,ERROR,ERROR,ERROR,ERROR
2024,MS,Reading,4,Special Education,ERROR,ERROR,ERROR,ERROR,ERROR,ERROR,ERROR,ERROR,ERROR,ERROR,ERROR,ERROR
2024,MO,Reading,4,Special Education,ERROR,ERROR,ERROR,ERROR,ERROR,ERROR,ERROR,ERROR,ERROR,ERROR,ERROR,ERROR
2024,MT,Reading,4,Special Education,ERROR,ERROR,ERROR,ERROR,ERROR,ERROR,ERROR,ERROR,ERROR,ERROR,ERROR,ERROR
2024,NE,Reading,4,Special Education,ERROR,ERROR,ERROR,ERROR,ERROR,ERROR,ERROR,ERROR,ERROR,ERROR,ERROR,ERROR
2024,NV,Reading,4,Special Education,ERROR,ERROR,ERROR,ERROR,ERROR,ERROR,ERROR,ERROR,ERROR,ERROR,ERROR,ERROR
2024,NH,Reading,4,Special Education,ERROR,ERROR,ERROR,ERROR,ERROR,ERROR,ERROR,ERROR,ERROR,ERROR,ERROR,ERROR
2024,NJ,Reading,4,Special Education,ERROR,ERROR,ERROR,ERROR,ERROR,ERROR,ERROR,ERROR,ERROR,ERROR,ERROR,ERROR
2024,NM,Reading,4,Special Education,ERROR,ERROR,ERROR,ERROR,ERROR,ERROR,ERROR,ERROR,ERROR,ERROR,ERROR,ERROR
2024,NY,Reading,4,Special Education,ERROR,ERROR,ERROR,ERROR,ERROR,ERROR,ERROR,ERROR,ERROR,ERROR,ERROR,ERROR
2024,NC,Reading,4,Special Education,ERROR,ERROR,ERROR,ERROR,ERROR,ERROR,ERROR,ERROR,ERROR,ERROR,ERROR,ERROR
2024,ND,Reading,4,Special Education,ERROR,ERROR,ERROR,ERROR,ERROR,ERROR,ERROR,ERROR,ERROR,ERROR,ERROR,ERROR
2024,OH,Reading,4,Special Education,ERROR,ERROR,ERROR,ERROR,ERROR,ERROR,ERROR,ERROR,ERROR,ERROR,ERROR,ERROR
2024,OK,Reading,4,Special Education,ERROR,ERROR,ERROR,ERROR,ERROR,ERROR,ERROR,ERROR,ERROR,ERROR,ERROR,ERROR
2024,OR,Reading,4,Special Education,ERROR,ERROR,ERROR,ERROR,ERROR,ERROR,ERROR,ERROR,ERROR,ERROR,ERROR,ERROR
2024,PA,Reading,4,Special Education,ERROR,ERROR,ERROR,ERROR,ERROR,ERROR,ERROR,ERROR,ERROR,ERROR,ERROR,ERROR
2024,RI,Reading,4,Special Education,ERROR,ERROR,ERROR,ERROR,ERROR,ERROR,ERROR,ERROR,ERROR,ERROR,ERROR,ERROR
2024,SC,Reading,4,Special Education,ERROR,ERROR,ERROR,ERROR,ERROR,ERROR,ERROR,ERROR,ERROR,ERROR,ERROR,ERROR
2024,SD,Reading,4,Special Education,ERROR,ERROR,ERROR,ERROR,ERROR,ERROR,ERROR,ERROR,ERROR,ERROR,ERROR,ERROR
2024,TN,Reading,4,Special Education,ERROR,ERROR,ERROR,ERROR,ERROR,ERROR,ERROR,ERROR,ERROR,ERROR,ERROR,ERROR
2024,TX,Reading,4,Special Education,ERROR,ERROR,ERROR,ERROR,ERROR,ERROR,ERROR,ERROR,ERROR,ERROR,ERROR,ERROR
2024,UT,Reading,4,Special Education,ERROR,ERROR,ERROR,ERROR,ERROR,ERROR,ERROR,ERROR,ERROR,ERROR,ERROR,ERROR
2024,VT,Reading,4,Special Education,ERROR,ERROR,ERROR,ERROR,ERROR,ERROR,ERROR,ERROR,ERROR,ERROR,ERROR,ERROR
2024,VA,Reading,4,Special Education,ERROR,ERROR,ERROR,ERROR,ERROR,ERROR,ERROR,ERROR,ERROR,ERROR,ERROR,ERROR
2024,WA,Reading,4,Special Education,ERROR,ERROR,ERROR,ERROR,ERROR,ERROR,ERROR,ERROR,ERROR,ERROR,ERROR,ERROR
2024,WV,Reading,4,Special Education,ERROR,ERROR,ERROR,ERROR,ERROR,ERROR,ERROR,ERROR,ERROR,ERROR,ERROR,ERROR
2024,WI,Reading,4,Special Education,ERROR,ERROR,ERROR,ERROR,ERROR,ERROR,ERROR,ERROR,ERROR,ERROR,ERROR,ERROR
2024,WY,Reading,4,Special Education,ERROR,ERROR,ERROR,ERROR,ERROR,ERROR,ERROR,ERROR,ERROR,ERROR,ERROR,ERROR
2024,AL,Reading,4,Non-Special Education,ERROR,ERROR,ERROR,ERROR,ERROR,ERROR,ERROR,ERROR,ERROR,ERROR,ERROR,ERROR
2024,AK,Reading,4,Non-Special Education,ERROR,ERROR,ERROR,ERROR,ERROR,ERROR,ERROR,ERROR,ERROR,ERROR,ERROR,ERROR
2024,AZ,Reading,4,Non-Special Education,ERROR,ERROR,ERROR,ERROR,ERROR,ERROR,ERROR,ERROR,ERROR,ERROR,ERROR,ERROR
2024,AR,Reading,4,Non-Special Education,ERROR,ERROR,ERROR,ERROR,ERROR,ERROR,ERROR,ERROR,ERROR,ERROR,ERROR,ERROR
2024,CA,Reading,4,Non-Special Education,ERROR,ERROR,ERROR,ERROR,ERROR,ERROR,ERROR,ERROR,ERROR,ERROR,ERROR,ERROR
2024,CO,Reading,4,Non-Special Education,ERROR,ERROR,ERROR,ERROR,ERROR,ERROR,ERROR,ERROR,ERROR,ERROR,ERROR,ERROR
2024,CT,Reading,4,Non-Special Education,ERROR,ERROR,ERROR,ERROR,ERROR,ERROR,ERROR,ERROR,ERROR,ERROR,ERROR,ERROR
2024,DE,Reading,4,Non-Special Education,ERROR,ERROR,ERROR,ERROR,ERROR,ERROR,ERROR,ERROR,ERROR,ERROR,ERROR,ERROR
2024,DC,Reading,4,Non-Special Education,ERROR,ERROR,ERROR,ERROR,ERROR,ERROR,ERROR,ERROR,ERROR,ERROR,ERROR,ERROR
2024,FL,Reading,4,Non-Special Education,ERROR,ERROR,ERROR,ERROR,ERROR,ERROR,ERROR,ERROR,ERROR,ERROR,ERROR,ERROR
2024,GA,Reading,4,Non-Special Education,ERROR,ERROR,ERROR,ERROR,ERROR,ERROR,ERROR,ERROR,ERROR,ERROR,ERROR,ERROR
2024,HI,Reading,4,Non-Special Education,ERROR,ERROR,ERROR,ERROR,ERROR,ERROR,ERROR,ERROR,ERROR,ERROR,ERROR,ERROR
2024,ID,Reading,4,Non-Special Education,ERROR,ERROR,ERROR,ERROR,ERROR,ERROR,ERROR,ERROR,ERROR,ERROR,ERROR,ERROR
2024,IL,Reading,4,Non-Special Education,ERROR,ERROR,ERROR,ERROR,ERROR,ERROR,ERROR,ERROR,ERROR,ERROR,ERROR,ERROR
2024,IN,Reading,4,Non-Special Education,ERROR,ERROR,ERROR,ERROR,ERROR,ERROR,ERROR,ERROR,ERROR,ERROR,ERROR,ERROR
2024,IA,Reading,4,Non-Special Education,ERROR,ERROR,ERROR,ERROR,ERROR,ERROR,ERROR,ERROR,ERROR,ERROR,ERROR,ERROR
2024,KS,Reading,4,Non-Special Education,ERROR,ERROR,ERROR,ERROR,ERROR,ERROR,ERROR,ERROR,ERROR,ERROR,ERROR,ERROR
2024,KY,Reading,4,Non-Special Education,ERROR,ERROR,ERROR,ERROR,ERROR,ERROR,ERROR,ERROR,ERROR,ERROR,ERROR,ERROR
2024,LA,Reading,4,Non-Special Education,ERROR,ERROR,ERROR,ERROR,ERROR,ERROR,ERROR,ERROR,ERROR,ERROR,ERROR,ERROR
2024,ME,Reading,4,Non-Special Education,ERROR,ERROR,ERROR,ERROR,ERROR,ERROR,ERROR,ERROR,ERROR,ERROR,ERROR,ERROR
2024,MD,Reading,4,Non-Special Education,ERROR,ERROR,ERROR,ERROR,ERROR,ERROR,ERROR,ERROR,ERROR,ERROR,ERROR,ERROR
2024,MA,Reading,4,Non-Special Education,ERROR,ERROR,ERROR,ERROR,ERROR,ERROR,ERROR,ERROR,ERROR,ERROR,ERROR,ERROR
2024,MI,Reading,4,Non-Special Education,ERROR,ERROR,ERROR,ERROR,ERROR,ERROR,ERROR,ERROR,ERROR,ERROR,ERROR,ERROR
2024,MN,Reading,4,Non-Special Education,ERROR,ERROR,ERROR,ERROR,ERROR,ERROR,ERROR,ERROR,ERROR,ERROR,ERROR,ERROR
2024,MS,Reading,4,Non-Special Education,ERROR,ERROR,ERROR,ERROR,ERROR,ERROR,ERROR,ERROR,ERROR,ERROR,ERROR,ERROR
2024,MO,Reading,4,Non-Special Education,ERROR,ERROR,ERROR,ERROR,ERROR,ERROR,ERROR,ERROR,ERROR,ERROR,ERROR,ERROR
2024,MT,Reading,4,Non-Special Education,ERROR,ERROR,ERROR,ERROR,ERROR,ERROR,ERROR,ERROR,ERROR,ERROR,ERROR,ERROR
2024,NE,Reading,4,Non-Special Education,ERROR,ERROR,ERROR,ERROR,ERROR,ERROR,ERROR,ERROR,ERROR,ERROR,ERROR,ERROR
2024,NV,Reading,4,Non-Special Education,ERROR,ERROR,ERROR,ERROR,ERROR,ERROR,ERROR,ERROR,ERROR,ERROR,ERROR,ERROR
2024,NH,Reading,4,Non-Special Education,ERROR,ERROR,ERROR,ERROR,ERROR,ERROR,ERROR,ERROR,ERROR,ERROR,ERROR,ERROR
2024,NJ,Reading,4,Non-Special Education,ERROR,ERROR,ERROR,ERROR,ERROR,ERROR,ERROR,ERROR,ERROR,ERROR,ERROR,ERROR
2024,NM,Reading,4,Non-Special Education,ERROR,ERROR,ERROR,ERROR,ERROR,ERROR,ERROR,ERROR,ERROR,ERROR,ERROR,ERROR
2024,NY,Reading,4,Non-Special Education,ERROR,ERROR,ERROR,ERROR,ERROR,ERROR,ERROR,ERROR,ERROR,ERROR,ERROR,ERROR
2024,NC,Reading,4,Non-Special Education,ERROR,ERROR,ERROR,ERROR,ERROR,ERROR,ERROR,ERROR,ERROR,ERROR,ERROR,ERROR
2024,ND,Reading,4,Non-Special Education,ERROR,ERROR,ERROR,ERROR,ERROR,ERROR,ERROR,ERROR,ERROR,ERROR,ERROR,ERROR
2024,OH,Reading,4,Non-Special Education,ERROR,ERROR,ERROR,ERROR,ERROR,ERROR,ERROR,ERROR,ERROR,ERROR,ERROR,ERROR
2024,OK,Reading,4,Non-Special Education,ERROR,ERROR,ERROR,ERROR,ERROR,ERROR,ERROR,ERROR,ERROR,ERROR,ERROR,ERROR
2024,OR,Reading,4,Non-Special Education,ERROR,ERROR,ERROR,ERROR,ERROR,ERROR,ERROR,ERROR,ERROR,ERROR,ERROR,ERROR
2024,PA,Reading,4,Non-Special Education,ERROR,ERROR,ERROR,ERROR,ERROR,ERROR,ERROR,ERROR,ERROR,ERROR,ERROR,ERROR
2024,RI,Reading,4,Non-Special Education,ERROR,ERROR,ERROR,ERROR,ERROR,ERROR,ERROR,ERROR,ERROR,ERROR,ERROR,ERROR
2024,SC,Reading,4,Non-Special Education,ERROR,ERROR,ERROR,ERROR,ERROR,ERROR,ERROR,ERROR,ERROR,ERROR,ERROR,ERROR
2024,SD,Reading,4,Non-Special Education,ERROR,ERROR,ERROR,ERROR,ERROR,ERROR,ERROR,ERROR,ERROR,ERROR,ERROR,ERROR
2024,TN,Reading,4,Non-Special Education,ERROR,ERROR,ERROR,ERROR,ERROR,ERROR,ERROR,ERROR,ERROR,ERROR,ERROR,ERROR
2024,TX,Reading,4,Non-Special Education,ERROR,ERROR,ERROR,ERROR,ERROR,ERROR,ERROR,ERROR,ERROR,ERROR,ERROR,ERROR
2024,UT,Reading,4,Non-Special Education,ERROR,ERROR,ERROR,ERROR,ERROR,ERROR,ERROR,ERROR,ERROR,ERROR,ERROR,ERROR
2024,VT,Reading,4,Non-Special Education,ERROR,ERROR,ERROR,ERROR,ERROR,ERROR,ERROR,ERROR,ERROR,ERROR,ERROR,ERROR
2024,VA,Reading,4,Non-Special Education,ERROR,ERROR,ERROR,ERROR,ERROR,ERROR,ERROR,ERROR,ERROR,ERROR,ERROR,ERROR
2024,WA,Reading,4,Non-Special Education,ERROR,ERROR,ERROR,ERROR,ERROR,ERROR,ERROR,ERROR,ERROR,ERROR,ERROR,ERROR
2024,WV,Reading,4,Non-Special Education,ERROR,ERROR,ERROR,ERROR,ERROR,ERROR,ERROR,ERROR,ERROR,ERROR,ERROR,ERROR
2024,WI,Reading,4,Non-Special Education,ERROR,ERROR,ERROR,ERROR,ERROR,ERROR,ERROR,ERROR,ERROR,ERROR,ERROR,ERROR
2024,WY,Reading,4,Non-Special Education,ERROR,ERROR,ERROR,ERROR,ERROR,ERROR,ERROR,ERROR,ERROR,ERROR,ERROR,ERROR
2024,AL,Reading,8,Special Education,ERROR,ERROR,ERROR,ERROR,ERROR,ERROR,ERROR,ERROR,ERROR,ERROR,ERROR,ERROR
2024,AK,Reading,8,Special Education,ERROR,ERROR,ERROR,ERROR,ERROR,ERROR,ERROR,ERROR,ERROR,ERROR,ERROR,ERROR
2024,AZ,Reading,8,Special Education,ERROR,ERROR,ERROR,ERROR,ERROR,ERROR,ERROR,ERROR,ERROR,ERROR,ERROR,ERROR
2024,AR,Reading,8,Special Education,ERROR,ERROR,ERROR,ERROR,ERROR,ERROR,ERROR,ERROR,ERROR,ERROR,ERROR,ERROR
2024,CA,Reading,8,Special Education,ERROR,ERROR,ERROR,ERROR,ERROR,ERROR,ERROR,ERROR,ERROR,ERROR,ERROR,ERROR
2024,CO,Reading,8,Special Education,ERROR,ERROR,ERROR,ERROR,ERROR,ERROR,ERROR,ERROR,ERROR,ERROR,ERROR,ERROR
2024,CT,Reading,8,Special Education,ERROR,ERROR,ERROR,ERROR,ERROR,ERROR,ERROR,ERROR,ERROR,ERROR,ERROR,ERROR
2024,DE,Reading,8,Special Education,ERROR,ERROR,ERROR,ERROR,ERROR,ERROR,ERROR,ERROR,ERROR,ERROR,ERROR,ERROR
2024,DC,Reading,8,Special Education,ERROR,ERROR,ERROR,ERROR,ERROR,ERROR,ERROR,ERROR,ERROR,ERROR,ERROR,ERROR
2024,FL,Reading,8,Special Education,ERROR,ERROR,ERROR,ERROR,ERROR,ERROR,ERROR,ERROR,ERROR,ERROR,ERROR,ERROR
2024,GA,Reading,8,Special Education,ERROR,ERROR,ERROR,ERROR,ERROR,ERROR,ERROR,ERROR,ERROR,ERROR,ERROR,ERROR
2024,HI,Reading,8,Special Education,ERROR,ERROR,ERROR,ERROR,ERROR,ERROR,ERROR,ERROR,ERROR,ERROR,ERROR,ERROR
2024,ID,Reading,8,Special Education,ERROR,ERROR,ERROR,ERROR,ERROR,ERROR,ERROR,ERROR,ERROR,ERROR,ERROR,ERROR
2024,IL,Reading,8,Special Education,ERROR,ERROR,ERROR,ERROR,ERROR,ERROR,ERROR,ERROR,ERROR,ERROR,ERROR,ERROR
2024,IN,Reading,8,Special Education,ERROR,ERROR,ERROR,ERROR,ERROR,ERROR,ERROR,ERROR,ERROR,ERROR,ERROR,ERROR
2024,IA,Reading,8,Special Education,ERROR,ERROR,ERROR,ERROR,ERROR,ERROR,ERROR,ERROR,ERROR,ERROR,ERROR,ERROR
2024,KS,Reading,8,Special Education,ERROR,ERROR,ERROR,ERROR,ERROR,ERROR,ERROR,ERROR,ERROR,ERROR,ERROR,ERROR
2024,KY,Reading,8,Special Education,ERROR,ERROR,ERROR,ERROR,ERROR,ERROR,ERROR,ERROR,ERROR,ERROR,ERROR,ERROR
2024,LA,Reading,8,Special Education,ERROR,ERROR,ERROR,ERROR,ERROR,ERROR,ERROR,ERROR,ERROR,ERROR,ERROR,ERROR
2024,ME,Reading,8,Special Education,ERROR,ERROR,ERROR,ERROR,ERROR,ERROR,ERROR,ERROR,ERROR,ERROR,ERROR,ERROR
2024,MD,Reading,8,Special Education,ERROR,ERROR,ERROR,ERROR,ERROR,ERROR,ERROR,ERROR,ERROR,ERROR,ERROR,ERROR
2024,MA,Reading,8,Special Education,ERROR,ERROR,ERROR,ERROR,ERROR,ERROR,ERROR,ERROR,ERROR,ERROR,ERROR,ERROR
2024,MI,Reading,8,Special Education,ERROR,ERROR,ERROR,ERROR,ERROR,ERROR,ERROR,ERROR,ERROR,ERROR,ERROR,ERROR
2024,MN,Reading,8,Special Education,ERROR,ERROR,ERROR,ERROR,ERROR,ERROR,ERROR,ERROR,ERROR,ERROR,ERROR,ERROR
2024,MS,Reading,8,Special Education,ERROR,ERROR,ERROR,ERROR,ERROR,ERROR,ERROR,ERROR,ERROR,ERROR,ERROR,ERROR
2024,MO,Reading,8,Special Education,ERROR,ERROR,ERROR,ERROR,ERROR,ERROR,ERROR,ERROR,ERROR,ERROR,ERROR,ERROR
2024,MT,Reading,8,Special Education,ERROR,ERROR,ERROR,ERROR,ERROR,ERROR,ERROR,ERROR,ERROR,ERROR,ERROR,ERROR
2024,NE,Reading,8,Special Education,ERROR,ERROR,ERROR,ERROR,ERROR,ERROR,ERROR,ERROR,ERROR,ERROR,ERROR,ERROR
2024,NV,Reading,8,Special Education,ERROR,ERROR,ERROR,ERROR,ERROR,ERROR,ERROR,ERROR,ERROR,ERROR,ERROR,ERROR
2024,NH,Reading,8,Special Education,ERROR,ERROR,ERROR,ERROR,ERROR,ERROR,ERROR,ERROR,ERROR,ERROR,ERROR,ERROR
2024,NJ,Reading,8,Special Education,ERROR,ERROR,ERROR,ERROR,ERROR,ERROR,ERROR,ERROR,ERROR,ERROR,ERROR,ERROR
2024,NM,Reading,8,Special Education,ERROR,ERROR,ERROR,ERROR,ERROR,ERROR,ERROR,ERROR,ERROR,ERROR,ERROR,ERROR
2024,NY,Reading,8,Special Education,ERROR,ERROR,ERROR,ERROR,ERROR,ERROR,ERROR,ERROR,ERROR,ERROR,ERROR,ERROR
2024,NC,Reading,8,Special Education,ERROR,ERROR,ERROR,ERROR,ERROR,ERROR,ERROR,ERROR,ERROR,ERROR,ERROR,ERROR
2024,ND,Reading,8,Special Education,ERROR,ERROR,ERROR,ERROR,ERROR,ERROR,ERROR,ERROR,ERROR,ERROR,ERROR,ERROR
2024,OH,Reading,8,Special Education,ERROR,ERROR,ERROR,ERROR,ERROR,ERROR,ERROR,ERROR,ERROR,ERROR,ERROR,ERROR
2024,OK,Reading,8,Special Education,ERROR,ERROR,ERROR,ERROR,ERROR,ERROR,ERROR,ERROR,ERROR,ERROR,ERROR,ERROR
2024,OR,Reading,8,Special Education,ERROR,ERROR,ERROR,ERROR,ERROR,ERROR,ERROR,ERROR,ERROR,ERROR,ERROR,ERROR
2024,PA,Reading,8,Special Education,ERROR,ERROR,ERROR,ERROR,ERROR,ERROR,ERROR,ERROR,ERROR,ERROR,ERROR,ERROR
2024,RI,Reading,8,Special Education,ERROR,ERROR,ERROR,ERROR,ERROR,ERROR,ERROR,ERROR,ERROR,ERROR,ERROR,ERROR
2024,SC,Reading,8,Special Education,ERROR,ERROR,ERROR,ERROR,ERROR,ERROR,ERROR,ERROR,ERROR,ERROR,ERROR,ERROR
2024,SD,Reading,8,Special Education,ERROR,ERROR,ERROR,ERROR,ERROR,ERROR,ERROR,ERROR,ERROR,ERROR,ERROR,ERROR
2024,TN,Reading,8,Special Education,ERROR,ERROR,ERROR,ERROR,ERROR,ERROR,ERROR,ERROR,ERROR,ERROR,ERROR,ERROR
2024,TX,Reading,8,Special Education,ERROR,ERROR,ERROR,ERROR,ERROR,ERROR,ERROR,ERROR,ERROR,ERROR,ERROR,ERROR
2024,UT,Reading,8,Special Education,ERROR,ERROR,ERROR,ERROR,ERROR,ERROR,ERROR,ERROR,ERROR,ERROR,ERROR,ERROR
2024,VT,Reading,8,Special Education,ERROR,ERROR,ERROR,ERROR,ERROR,ERROR,ERROR,ERROR,ERROR,ERROR,ERROR,ERROR
2024,VA,Reading,8,Special Education,ERROR,ERROR,ERROR,ERROR,ERROR,ERROR,ERROR,ERROR,ERROR,ERROR,ERROR,ERROR
2024,WA,Reading,8,Special Education,ERROR,ERROR,ERROR,ERROR,ERROR,ERROR,ERROR,ERROR,ERROR,ERROR,ERROR,ERROR
2024,WV,Reading,8,Special Education,ERROR,ERROR,ERROR,ERROR,ERROR,ERROR,ERROR,ERROR,ERROR,ERROR,ERROR,ERROR
2024,WI,Reading,8,Special Education,ERROR,ERROR,ERROR,ERROR,ERROR,ERROR,ERROR,ERROR,ERROR,ERROR,ERROR,ERROR
2024,WY,Reading,8,Special Education,ERROR,ERROR,ERROR,ERROR,ERROR,ERROR,ERROR,ERROR,ERROR,ERROR,ERROR,ERROR
2024,AL,Reading,8,Non-Special Education,ERROR,ERROR,ERROR,ERROR,ERROR,ERROR,ERROR,ERROR,ERROR,ERROR,ERROR,ERROR
2024,AK,Reading,8,Non-Special Education,ERROR,ERROR,ERROR,ERROR,ERROR,ERROR,ERROR,ERROR,ERROR,ERROR,ERROR,ERROR
2024,AZ,Reading,8,Non-Special Education,ERROR,ERROR,ERROR,ERROR,ERROR,ERROR,ERROR,ERROR,ERROR,ERROR,ERROR,ERROR
2024,AR,Reading,8,Non-Special Education,ERROR,ERROR,ERROR,ERROR,ERROR,ERROR,ERROR,ERROR,ERROR,ERROR,ERROR,ERROR
2024,CA,Reading,8,Non-Special Education,ERROR,ERROR,ERROR,ERROR,ERROR,ERROR,ERROR,ERROR,ERROR,ERROR,ERROR,ERROR
2024,CO,Reading,8,Non-Special Education,ERROR,ERROR,ERROR,ERROR,ERROR,ERROR,ERROR,ERROR,ERROR,ERROR,ERROR,ERROR
2024,CT,Reading,8,Non-Special Education,ERROR,ERROR,ERROR,ERROR,ERROR,ERROR,ERROR,ERROR,ERROR,ERROR,ERROR,ERROR
2024,DE,Reading,8,Non-Special Education,ERROR,ERROR,ERROR,ERROR,ERROR,ERROR,ERROR,ERROR,ERROR,ERROR,ERROR,ERROR
2024,DC,Reading,8,Non-Special Education,ERROR,ERROR,ERROR,ERROR,ERROR,ERROR,ERROR,ERROR,ERROR,ERROR,ERROR,ERROR
2024,FL,Reading,8,Non-Special Education,ERROR,ERROR,ERROR,ERROR,ERROR,ERROR,ERROR,ERROR,ERROR,ERROR,ERROR,ERROR
2024,GA,Reading,8,Non-Special Education,ERROR,ERROR,ERROR,ERROR,ERROR,ERROR,ERROR,ERROR,ERROR,ERROR,ERROR,ERROR
2024,HI,Reading,8,Non-Special Education,ERROR,ERROR,ERROR,ERROR,ERROR,ERROR,ERROR,ERROR,ERROR,ERROR,ERROR,ERROR
2024,ID,Reading,8,Non-Special Education,ERROR,ERROR,ERROR,ERROR,ERROR,ERROR,ERROR,ERROR,ERROR,ERROR,ERROR,ERROR
2024,IL,Reading,8,Non-Special Education,ERROR,ERROR,ERROR,ERROR,ERROR,ERROR,ERROR,ERROR,ERROR,ERROR,ERROR,ERROR
2024,IN,Reading,8,Non-Special Education,ERROR,ERROR,ERROR,ERROR,ERROR,ERROR,ERROR,ERROR,ERROR,ERROR,ERROR,ERROR
2024,IA,Reading,8,Non-Special Education,ERROR,ERROR,ERROR,ERROR,ERROR,ERROR,ERROR,ERROR,ERROR,ERROR,ERROR,ERROR
2024,KS,Reading,8,Non-Special Education,ERROR,ERROR,ERROR,ERROR,ERROR,ERROR,ERROR,ERROR,ERROR,ERROR,ERROR,ERROR
2024,KY,Reading,8,Non-Special Education,ERROR,ERROR,ERROR,ERROR,ERROR,ERROR,ERROR,ERROR,ERROR,ERROR,ERROR,ERROR
2024,LA,Reading,8,Non-Special Education,ERROR,ERROR,ERROR,ERROR,ERROR,ERROR,ERROR,ERROR,ERROR,ERROR,ERROR,ERROR
2024,ME,Reading,8,Non-Special Education,ERROR,ERROR,ERROR,ERROR,ERROR,ERROR,ERROR,ERROR,ERROR,ERROR,ERROR,ERROR
2024,MD,Reading,8,Non-Special Education,ERROR,ERROR,ERROR,ERROR,ERROR,ERROR,ERROR,ERROR,ERROR,ERROR,ERROR,ERROR
2024,MA,Reading,8,Non-Special Education,ERROR,ERROR,ERROR,ERROR,ERROR,ERROR,ERROR,ERROR,ERROR,ERROR,ERROR,ERROR
2024,MI,Reading,8,Non-Special Education,ERROR,ERROR,ERROR,ERROR,ERROR,ERROR,ERROR,ERROR,ERROR,ERROR,ERROR,ERROR
2024,MN,Reading,8,Non-Special Education,ERROR,ERROR,ERROR,ERROR,ERROR,ERROR,ERROR,ERROR,ERROR,ERROR,ERROR,ERROR
2024,MS,Reading,8,Non-Special Education,ERROR,ERROR,ERROR,ERROR,ERROR,ERROR,ERROR,ERROR,ERROR,ERROR,ERROR,ERROR
2024,MO,Reading,8,Non-Special Education,ERROR,ERROR,ERROR,ERROR,ERROR,ERROR,ERROR,ERROR,ERROR,ERROR,ERROR,ERROR
2024,MT,Reading,8,Non-Special Education,ERROR,ERROR,ERROR,ERROR,ERROR,ERROR,ERROR,ERROR,ERROR,ERROR,ERROR,ERROR
2024,NE,Reading,8,Non-Special Education,ERROR,ERROR,ERROR,ERROR,ERROR,ERROR,ERROR,ERROR,ERROR,ERROR,ERROR,ERROR
2024,NV,Reading,8,Non-Special Education,ERROR,ERROR,ERROR,ERROR,ERROR,ERROR,ERROR,ERROR,ERROR,ERROR,ERROR,ERROR
2024,NH,Reading,8,Non-Special Education,ERROR,ERROR,ERROR,ERROR,ERROR,ERROR,ERROR,ERROR,ERROR,ERROR,ERROR,ERROR
2024,NJ,Reading,8,Non-Special Education,ERROR,ERROR,ERROR,ERROR,ERROR,ERROR,ERROR,ERROR,ERROR,ERROR,ERROR,ERROR
2024,NM,Reading,8,Non-Special Education,ERROR,ERROR,ERROR,ERROR,ERROR,ERROR,ERROR,ERROR,ERROR,ERROR,ERROR,ERROR
2024,NY,Reading,8,Non-Special Education,ERROR,ERROR,ERROR,ERROR,ERROR,ERROR,ERROR,ERROR,ERROR,ERROR,ERROR,ERROR
2024,NC,Reading,8,Non-Special Education,ERROR,ERROR,ERROR,ERROR,ERROR,ERROR,ERROR,ERROR,ERROR,ERROR,ERROR,ERROR
2024,ND,Reading,8,Non-Special Education,ERROR,ERROR,ERROR,ERROR,ERROR,ERROR,ERROR,ERROR,ERROR,ERROR,ERROR,ERROR
2024,OH,Reading,8,Non-Special Education,ERROR,ERROR,ERROR,ERROR,ERROR,ERROR,ERROR,ERROR,ERROR,ERROR,ERROR,ERROR
2024,OK,Reading,8,Non-Special Education,ERROR,ERROR,ERROR,ERROR,ERROR,ERROR,ERROR,ERROR,ERROR,ERROR,ERROR,ERROR
2024,OR,Reading,8,Non-Special Education,ERROR,ERROR,ERROR,ERROR,ERROR,ERROR,ERROR,ERROR,ERROR,ERROR,ERROR,ERROR
2024,PA,Reading,8,Non-Special Education,ERROR,ERROR,ERROR,ERROR,ERROR,ERROR,ERROR,ERROR,ERROR,ERROR,ERROR,ERROR
2024,RI,Reading,8,Non-Special Education,ERROR,ERROR,ERROR,ERROR,ERROR,ERROR,ERROR,ERROR,ERROR,ERROR,ERROR,ERROR
2024,SC,Reading,8,Non-Special Education,ERROR,ERROR,ERROR,ERROR,ERROR,ERROR,ERROR,ERROR,ERROR,ERROR,ERROR,ERROR
2024,SD,Reading,8,Non-Special Education,ERROR,ERROR,ERROR,ERROR,ERROR,ERROR,ERROR,ERROR,ERROR,ERROR,ERROR,ERROR
2024,TN,Reading,8,Non-Special Education,ERROR,ERROR,ERROR,ERROR,ERROR,ERROR,ERROR,ERROR,ERROR,ERROR,ERROR,ERROR
2024,TX,Reading,8,Non-Special Education,ERROR,ERROR,ERROR,ERROR,ERROR,ERROR,ERROR,ERROR,ERROR,ERROR,ERROR,ERROR
2024,UT,Reading,8,Non-Special Education,ERROR,ERROR,ERROR,ERROR,ERROR,ERROR,ERROR,ERROR,ERROR,ERROR,ERROR,ERROR
2024,VT,Reading,8,Non-Special Education,ERROR,ERROR,ERROR,ERROR,ERROR,ERROR,ERROR,ERROR,ERROR,ERROR,ERROR,ERROR
2024,VA,Reading,8,Non-Special Education,ERROR,ERROR,ERROR,ERROR,ERROR,ERROR,ERROR,ERROR,ERROR,ERROR,ERROR,ERROR
2024,WA,Reading,8,Non-Special Education,ERROR,ERROR,ERROR,ERROR,ERROR,ERROR,ERROR,ERROR,ERROR,ERROR,ERROR,ERROR
2024,WV,Reading,8,Non-Special Education,ERROR,ERROR,ERROR,ERROR,ERROR,ERROR,ERROR,ERROR,ERROR,ERROR,ERROR,ERROR
2024,WI,Reading,8,Non-Special Education,ERROR,ERROR,ERROR,ERROR,ERROR,ERROR,ERROR,ERROR,ERROR,ERROR,ERROR,ERROR
2024,WY,Reading,8,Non-Special Education,ERROR,ERROR,ERROR,ERROR,ERROR,ERROR,ERROR,ERROR,ERROR,ERROR,ERROR,ERROR
