Year,Jurisdiction,Subject,Grade,Subgroup,Mean,25th Percentile,50th Percentile,75th Percentile,Standard Deviation,Cumulative achievement level - Below Basic,Discrete achievement level - At Basic,Cumulative achievement level - At or above Basic,Discrete achievement level - At Proficient,Cumulative achievement level - At or above Proficient,Discrete achievement level - At Advanced,Cumulative achievement level - At Advanced
2009,AL,Mathematics,4,All,227.96,209.55,229.88,248.56,29.83,29.74,45.80,70.26,22.11,24.46,2.35,2.35
2009,AK,Mathematics,4,All,237.21,218.25,240.13,259.17,31.15,21.66,40.50,78.34,31.94,37.84,5.90,5.90
2009,AZ,Mathematics,4,All,229.99,209.73,231.29,251.68,30.72,29.46,42.59,70.54,24.28,27.95,3.68,3.68
2009,AR,Mathematics,4,All,237.54,219.29,239.49,257.44,28.80,20.00,43.75,80.00,31.37,36.25,4.88,4.88
2009,CA,Mathematics,4,All,231.67,210.66,232.72,254.19,32.14,28.31,41.44,71.69,24.88,30.24,5.36,5.36
2009,CO,Mathematics,4,All,243.13,224.07,245.61,264.17,29.44,16.21,38.56,83.79,37.13,45.23,8.10,8.10
2009,CT,Mathematics,4,All,244.72,226.11,246.28,265.00,28.39,14.49,39.33,85.51,37.87,46.18,8.31,8.31
2009,DE,Mathematics,4,All,239.49,222.18,239.75,257.34,26.13,16.33,47.25,83.67,31.49,36.42,4.92,4.92
2009,DC,Mathematics,4,All,219.26,197.74,218.64,239.88,32.27,43.71,39.29,56.29,13.73,17.00,3.27,3.27
2009,FL,Mathematics,4,All,241.94,224.81,242.55,259.78,25.92,13.87,45.75,86.13,35.06,40.39,5.33,5.33
2009,GA,Mathematics,4,All,236.03,217.23,237.24,255.86,28.46,22.03,44.12,77.97,29.30,33.85,4.54,4.54
2009,HI,Mathematics,4,All,235.68,217.04,239.17,258.40,32.28,22.54,40.72,77.46,31.56,36.74,5.18,5.18
2009,ID,Mathematics,4,All,241.04,224.24,242.56,259.41,26.17,15.38,44.08,84.62,35.96,40.53,4.57,4.57
2009,IL,Mathematics,4,All,238.29,218.80,239.81,259.43,30.37,20.44,41.93,79.56,30.93,37.63,6.70,6.70
2009,IN,Mathematics,4,All,242.62,226.34,243.75,259.96,25.80,12.86,45.55,87.14,36.15,41.59,5.44,5.44
2009,IA,Mathematics,4,All,242.60,225.94,243.83,259.97,25.42,13.13,45.48,86.87,36.15,41.39,5.24,5.24
2009,KS,Mathematics,4,All,245.31,229.31,246.61,263.18,25.60,11.10,42.63,88.90,39.99,46.27,6.29,6.29
2009,KY,Mathematics,4,All,238.84,220.28,239.14,257.94,27.76,19.04,44.45,80.96,30.68,36.50,5.82,5.82
2009,LA,Mathematics,4,All,229.43,211.79,229.79,247.23,26.09,27.66,49.49,72.34,20.94,22.85,1.91,1.91
2009,ME,Mathematics,4,All,244.46,227.46,245.80,262.67,26.73,12.79,42.20,87.21,37.96,45.01,7.05,7.05
2009,MD,Mathematics,4,All,243.80,224.62,244.09,263.69,28.28,14.84,41.44,85.16,34.89,43.72,8.83,8.83
2009,MA,Mathematics,4,All,252.25,236.29,253.21,270.10,26.06,7.65,35.52,92.35,44.78,56.83,12.05,12.05
2009,MI,Mathematics,4,All,236.28,217.40,238.03,257.35,29.98,22.05,42.82,77.95,29.90,35.13,5.23,5.23
2009,MN,Mathematics,4,All,249.46,231.45,251.53,269.61,28.21,11.37,34.81,88.63,42.33,53.82,11.49,11.49
2009,MS,Mathematics,4,All,227.26,209.08,227.65,246.47,27.35,30.93,46.84,69.07,20.70,22.23,1.52,1.52
2009,MO,Mathematics,4,All,240.68,222.50,242.86,260.68,28.59,17.38,41.51,82.62,35.20,41.11,5.91,5.91
2009,MT,Mathematics,4,All,244.40,228.15,245.80,262.02,25.29,11.62,42.92,88.38,39.80,45.46,5.66,5.66
2009,NE,Mathematics,4,All,238.75,221.73,240.79,257.98,27.29,17.87,44.19,82.13,33.86,37.94,4.08,4.08
2009,NV,Mathematics,4,All,235.15,217.47,236.89,254.26,27.42,21.45,46.49,78.55,28.94,32.06,3.12,3.12
2009,NH,Mathematics,4,All,251.07,234.86,252.62,268.63,25.49,7.92,36.33,92.08,45.65,55.75,10.09,10.09
2009,NJ,Mathematics,4,All,246.53,228.62,248.16,265.73,27.46,12.48,38.68,87.52,39.85,48.84,8.99,8.99
2009,NM,Mathematics,4,All,230.03,211.00,230.77,250.13,28.83,28.18,45.63,71.82,23.26,26.19,2.93,2.93
2009,NY,Mathematics,4,All,240.64,223.00,242.20,260.08,27.42,16.67,43.17,83.33,34.76,40.16,5.40,5.40
2009,NC,Mathematics,4,All,243.78,226.26,244.30,262.29,27.84,13.45,43.33,86.55,34.97,43.22,8.25,8.25
2009,ND,Mathematics,4,All,245.19,230.22,245.83,260.98,23.20,8.84,46.62,91.16,39.51,44.53,5.02,5.02
2009,OH,Mathematics,4,All,243.69,225.43,245.46,263.47,28.05,14.69,40.03,85.31,37.77,45.28,7.51,7.51
2009,OK,Mathematics,4,All,236.78,220.15,238.05,254.11,25.17,18.27,49.05,81.73,29.64,32.67,3.03,3.03
2009,OR,Mathematics,4,All,238.03,219.33,239.72,257.84,28.62,19.89,42.96,80.11,31.99,37.14,5.15,5.15
2009,PA,Mathematics,4,All,243.59,224.86,245.73,263.65,28.58,15.52,38.97,84.48,37.94,45.51,7.57,7.57
2009,RI,Mathematics,4,All,238.77,220.62,241.44,259.71,29.39,19.07,41.55,80.93,34.36,39.39,5.02,5.02
2009,SC,Mathematics,4,All,235.67,216.83,237.20,256.15,29.37,22.24,43.76,77.76,29.43,34.01,4.58,4.58
2009,SD,Mathematics,4,All,242.10,226.56,243.94,259.96,26.25,13.94,44.26,86.06,37.02,41.80,4.78,4.78
2009,TN,Mathematics,4,All,231.83,213.22,233.07,251.88,27.89,25.81,45.76,74.19,25.81,28.43,2.62,2.62
2009,TX,Mathematics,4,All,240.46,223.86,241.48,258.16,25.58,14.63,47.02,85.37,34.04,38.36,4.32,4.32
2009,UT,Mathematics,4,All,240.32,221.46,242.87,260.83,29.55,18.58,40.17,81.42,34.98,41.25,6.27,6.27
2009,VT,Mathematics,4,All,247.77,230.63,249.44,266.82,27.01,11.26,38.04,88.74,41.33,50.70,9.37,9.37
2009,VA,Mathematics,4,All,243.07,224.45,243.54,262.49,27.56,14.51,42.94,85.49,35.30,42.55,7.25,7.25
2009,WA,Mathematics,4,All,242.26,224.06,244.43,262.09,28.67,16.16,40.63,83.84,36.32,43.21,6.90,6.90
2009,WV,Mathematics,4,All,232.98,216.16,233.98,251.32,26.19,22.61,49.29,77.39,25.88,28.10,2.22,2.22
2009,WI,Mathematics,4,All,243.59,225.62,245.46,263.51,28.47,15.04,39.88,84.96,37.43,45.08,7.65,7.65
2009,WY,Mathematics,4,All,242.01,226.21,242.93,259.24,24.21,12.59,46.95,87.41,36.39,40.46,4.07,4.07
2009,AL,Mathematics,4,White,237.19,221.11,238.87,255.28,27.20,17.82,48.13,82.18,30.41,34.05,3.64,3.64
2009,AK,Mathematics,4,White,248.99,233.30,250.53,266.51,25.67,9.32,38.42,90.68,42.95,52.25,9.31,9.31
2009,AZ,Mathematics,4,White,243.07,225.19,244.83,262.88,27.55,14.49,41.47,85.51,37.34,44.03,6.69,6.69
2009,AR,Mathematics,4,White,245.29,229.05,246.74,263.35,25.93,11.55,42.30,88.45,39.38,46.15,6.77,6.77
2009,CA,Mathematics,4,White,247.09,230.26,249.33,265.91,27.47,11.19,38.24,88.81,41.53,50.57,9.04,9.04
2009,CO,Mathematics,4,White,251.81,235.14,253.28,269.60,25.38,7.32,35.72,92.68,45.87,56.96,11.09,11.09
2009,CT,Mathematics,4,White,252.78,236.88,254.27,270.26,25.08,6.67,35.28,93.33,47.22,58.05,10.84,10.84
2009,DE,Mathematics,4,White,248.89,233.53,249.18,265.10,23.34,6.95,42.75,93.05,42.74,50.30,7.55,7.55
2009,DC,Mathematics,4,White,270.06,253.59,272.57,287.37,23.96,1.32,17.25,98.68,48.32,81.43,33.11,33.11
2009,FL,Mathematics,4,White,250.28,234.82,251.24,266.85,24.06,6.80,39.71,93.20,44.85,53.49,8.64,8.64
2009,GA,Mathematics,4,White,246.89,230.43,248.09,264.79,25.44,10.20,41.36,89.80,40.83,48.45,7.62,7.62
2009,HI,Mathematics,4,White,246.77,231.21,249.46,264.52,27.37,11.02,38.42,88.98,43.15,50.56,7.41,7.41
2009,ID,Mathematics,4,White,243.81,227.71,245.17,261.23,25.01,12.15,43.61,87.85,39.13,44.24,5.11,5.11
2009,IL,Mathematics,4,White,248.70,232.23,249.94,266.76,26.18,9.52,38.87,90.48,42.10,51.61,9.51,9.51
2009,IN,Mathematics,4,White,246.76,231.29,247.57,262.84,24.09,8.64,43.77,91.36,41.29,47.60,6.31,6.31
2009,IA,Mathematics,4,White,245.09,229.36,245.97,261.71,24.15,10.01,45.30,89.99,39.14,44.69,5.56,5.56
2009,KS,Mathematics,4,White,250.84,235.67,251.54,266.78,23.09,5.96,39.43,94.04,46.62,54.61,7.99,7.99
2009,KY,Mathematics,4,White,241.14,223.20,241.52,259.43,26.66,16.09,44.67,83.91,33.10,39.24,6.14,6.14
2009,LA,Mathematics,4,White,240.57,225.48,241.12,256.92,23.44,12.99,50.35,87.01,33.44,36.66,3.22,3.22
2009,ME,Mathematics,4,White,245.02,228.07,246.15,262.96,26.36,12.11,42.32,87.89,38.36,45.57,7.21,7.21
2009,MD,Mathematics,4,White,254.69,236.91,255.54,273.43,25.82,5.89,33.88,94.11,45.45,60.23,14.78,14.78
2009,MA,Mathematics,4,White,257.96,243.61,258.54,273.64,22.76,3.36,30.07,96.64,52.28,66.58,14.30,14.30
2009,MI,Mathematics,4,White,243.18,226.02,244.19,261.46,26.53,13.55,43.79,86.45,36.33,42.66,6.33,6.33
2009,MN,Mathematics,4,White,254.80,238.76,256.04,272.37,25.31,6.24,32.55,93.76,47.57,61.21,13.63,13.63
2009,MS,Mathematics,4,White,240.64,225.10,241.84,256.77,23.22,13.20,49.37,86.80,34.69,37.43,2.74,2.74
2009,MO,Mathematics,4,White,244.81,228.01,246.32,263.14,26.34,12.37,41.57,87.63,39.40,46.07,6.66,6.66
2009,MT,Mathematics,4,White,246.95,231.30,248.18,263.42,23.93,8.57,42.65,91.43,42.55,48.79,6.24,6.24
2009,NE,Mathematics,4,White,244.83,229.58,245.94,261.50,24.18,10.55,43.97,89.45,40.39,45.48,5.08,5.08
2009,NV,Mathematics,4,White,245.19,229.72,246.70,262.37,24.09,10.48,43.31,89.52,41.21,46.21,5.00,5.00
2009,NH,Mathematics,4,White,251.98,236.22,253.51,269.04,24.97,7.00,35.99,93.00,46.62,57.01,10.39,10.39
2009,NJ,Mathematics,4,White,255.35,240.98,256.63,271.43,23.78,5.25,31.47,94.75,51.33,63.28,11.95,11.95
2009,NM,Mathematics,4,White,245.12,228.13,246.71,263.35,26.02,11.51,41.83,88.49,40.16,46.67,6.50,6.50
2009,NY,Mathematics,4,White,247.63,232.22,248.79,264.49,24.16,8.79,41.58,91.21,43.03,49.63,6.60,6.60
2009,NC,Mathematics,4,White,253.75,237.59,254.13,270.17,24.84,5.34,36.12,94.66,45.79,58.55,12.76,12.76
2009,ND,Mathematics,4,White,247.88,233.28,248.11,262.67,21.78,6.01,45.44,93.99,42.97,48.55,5.59,5.59
2009,OH,Mathematics,4,White,249.34,233.73,251.53,267.02,25.80,9.18,36.84,90.82,44.91,53.98,9.06,9.06
2009,OK,Mathematics,4,White,241.37,226.04,242.55,257.50,23.93,13.06,47.39,86.94,35.87,39.55,3.68,3.68
2009,OR,Mathematics,4,White,242.88,226.21,244.48,261.12,26.64,13.86,42.92,86.14,37.31,43.22,5.91,5.91
2009,PA,Mathematics,4,White,249.35,232.85,251.00,267.23,25.76,9.41,37.14,90.59,44.53,53.45,8.92,8.92
2009,RI,Mathematics,4,White,246.57,230.51,248.83,264.77,26.07,10.87,39.45,89.13,42.97,49.68,6.71,6.71
2009,SC,Mathematics,4,White,245.15,228.80,246.51,263.24,26.35,11.88,41.80,88.12,39.44,46.31,6.87,6.87
2009,SD,Mathematics,4,White,246.58,231.94,247.52,262.65,23.73,8.76,43.77,91.24,41.71,47.48,5.77,5.77
2009,TN,Mathematics,4,White,238.54,221.75,239.78,256.51,25.34,16.93,47.18,83.07,32.59,35.89,3.30,3.30
2009,TX,Mathematics,4,White,253.74,239.24,255.25,269.58,22.74,4.67,34.63,95.33,51.52,60.69,9.17,9.17
2009,UT,Mathematics,4,White,245.69,228.70,247.43,264.16,27.20,12.52,39.80,87.48,40.08,47.68,7.60,7.60
2009,VT,Mathematics,4,White,248.26,231.19,249.97,266.98,26.64,10.64,37.97,89.36,42.03,51.39,9.36,9.36
2009,VA,Mathematics,4,White,250.69,234.33,251.07,267.69,24.45,6.95,39.42,93.05,44.15,53.63,9.48,9.48
2009,WA,Mathematics,4,White,247.02,230.69,249.33,265.14,26.52,11.32,38.16,88.68,42.66,50.52,7.86,7.86
2009,WV,Mathematics,4,White,233.44,216.96,234.38,251.60,26.00,21.83,49.68,78.17,26.25,28.49,2.24,2.24
2009,WI,Mathematics,4,White,249.73,233.56,251.15,267.33,25.49,8.57,37.94,91.43,44.11,53.50,9.38,9.38
2009,WY,Mathematics,4,White,244.32,228.94,245.13,260.92,23.40,10.16,45.76,89.84,39.55,44.08,4.53,4.53
2009,AL,Mathematics,4,Black,211.14,194.07,212.81,230.17,27.36,51.49,41.04,48.51,7.38,7.47,999.00,999.00
2009,AK,Mathematics,4,Black,225.33,210.71,226.97,243.25,26.01,30.25,52.93,69.75,16.38,16.82,999.00,999.00
2009,AZ,Mathematics,4,Black,221.81,200.42,221.81,242.75,31.29,41.14,40.34,58.86,15.72,18.52,2.80,2.80
2009,AR,Mathematics,4,Black,217.11,198.77,218.20,236.79,27.37,43.80,44.33,56.20,11.64,11.88,999.00,999.00
2009,CA,Mathematics,4,Black,217.27,198.27,218.51,236.52,28.36,44.23,42.99,55.77,11.97,12.78,0.81,0.81
2009,CO,Mathematics,4,Black,224.56,204.80,226.99,247.27,31.63,33.38,43.23,66.62,21.57,23.39,1.82,1.82
2009,CT,Mathematics,4,Black,222.01,206.03,221.81,239.54,25.83,37.84,48.03,62.16,13.15,14.13,0.98,0.98
2009,DE,Mathematics,4,Black,225.88,210.57,226.47,242.04,23.56,29.73,53.52,70.27,16.33,16.76,999.00,999.00
2009,DC,Mathematics,4,Black,212.92,194.30,214.13,232.03,28.20,49.96,40.57,50.04,9.03,9.47,999.00,999.00
2009,FL,Mathematics,4,Black,228.17,212.74,229.06,245.08,24.46,26.68,53.36,73.32,18.94,19.96,1.01,1.01
2009,GA,Mathematics,4,Black,221.49,204.40,222.41,240.10,26.17,38.08,47.25,61.92,14.26,14.67,999.00,999.00
2009,HI,Mathematics,4,Black,232.23,215.86,235.38,256.65,32.17,23.71,43.20,76.29,31.37,33.09,1.72,1.72
2009,ID,Mathematics,4,Black,999.00,999.00,999.00,999.00,999.00,999.00,999.00,999.00,999.00,999.00,999.00,999.00
2009,IL,Mathematics,4,Black,216.19,197.11,217.25,235.62,27.54,45.82,43.26,54.18,10.30,10.92,0.62,0.62
2009,IN,Mathematics,4,Black,222.35,207.83,223.01,238.51,23.69,34.50,52.87,65.50,12.30,12.64,999.00,999.00
2009,IA,Mathematics,4,Black,225.66,209.79,226.23,242.36,23.94,30.80,51.84,69.20,16.67,17.36,0.69,0.69
2009,KS,Mathematics,4,Black,223.98,206.35,226.05,243.13,28.18,34.35,47.18,65.65,16.85,18.46,1.61,1.61
2009,KY,Mathematics,4,Black,219.79,200.47,219.80,238.71,26.75,41.18,44.68,58.82,13.21,14.13,0.92,0.92
2009,LA,Mathematics,4,Black,217.92,202.23,218.52,234.23,23.46,42.73,48.82,57.27,7.93,8.45,0.52,0.52
2009,ME,Mathematics,4,Black,228.47,208.13,229.95,251.28,30.04,31.20,41.03,68.80,26.21,27.77,1.56,1.56
2009,MD,Mathematics,4,Black,228.16,211.34,229.25,245.82,24.52,28.14,50.95,71.86,20.23,20.92,0.69,0.69
2009,MA,Mathematics,4,Black,236.48,221.61,238.34,252.55,23.49,16.14,53.69,83.86,28.53,30.17,1.63,1.63
2009,MI,Mathematics,4,Black,211.62,192.49,212.34,231.68,28.43,52.22,38.65,47.78,8.69,9.13,999.00,999.00
2009,MN,Mathematics,4,Black,226.79,205.15,226.24,249.00,29.98,33.88,40.91,66.12,22.94,25.21,2.27,2.27
2009,MS,Mathematics,4,Black,215.12,198.94,216.03,231.64,24.91,46.86,44.79,53.14,8.11,8.35,999.00,999.00
2009,MO,Mathematics,4,Black,221.14,202.35,221.82,242.31,29.23,39.75,43.12,60.25,16.15,17.13,0.98,0.98
2009,MT,Mathematics,4,Black,999.00,999.00,999.00,999.00,999.00,999.00,999.00,999.00,999.00,999.00,999.00,999.00
2009,NE,Mathematics,4,Black,212.57,194.12,212.57,232.87,28.27,51.93,38.16,48.07,9.47,9.90,999.00,999.00
2009,NV,Mathematics,4,Black,218.00,200.06,219.51,237.39,26.47,43.03,45.10,56.97,11.77,11.87,999.00,999.00
2009,NH,Mathematics,4,Black,999.00,999.00,999.00,999.00,999.00,999.00,999.00,999.00,999.00,999.00,999.00,999.00
2009,NJ,Mathematics,4,Black,228.19,211.75,228.49,243.72,24.55,27.41,53.31,72.59,17.71,19.28,1.56,1.56
2009,NM,Mathematics,4,Black,224.75,206.62,224.74,243.91,27.29,32.55,47.96,67.45,17.66,19.49,1.83,1.83
2009,NY,Mathematics,4,Black,225.19,208.16,225.61,243.15,26.10,32.83,48.66,67.17,17.47,18.50,1.03,1.03
2009,NC,Mathematics,4,Black,226.28,211.00,227.76,243.32,25.36,29.04,52.97,70.96,17.10,17.99,0.90,0.90
2009,ND,Mathematics,4,Black,999.00,999.00,999.00,999.00,999.00,999.00,999.00,999.00,999.00,999.00,999.00,999.00
2009,OH,Mathematics,4,Black,222.14,206.53,222.88,238.88,25.00,35.65,50.83,64.35,12.86,13.52,0.66,0.66
2009,OK,Mathematics,4,Black,222.27,205.68,222.82,238.53,24.08,35.72,50.69,64.28,12.82,13.59,0.77,0.77
2009,OR,Mathematics,4,Black,223.41,203.75,227.06,243.66,27.73,37.25,44.96,62.75,17.79,17.79,999.00,999.00
2009,PA,Mathematics,4,Black,222.86,205.68,222.68,240.90,27.44,36.00,46.72,64.00,15.77,17.28,1.51,1.51
2009,RI,Mathematics,4,Black,220.57,202.40,224.20,240.64,28.09,37.29,47.86,62.71,14.76,14.85,999.00,999.00
2009,SC,Mathematics,4,Black,220.20,202.64,221.37,239.17,27.44,39.63,46.06,60.37,13.64,14.31,0.67,0.67
2009,SD,Mathematics,4,Black,224.51,208.35,224.07,241.44,24.29,34.52,48.93,65.48,16.55,16.55,999.00,999.00
2009,TN,Mathematics,4,Black,212.60,195.06,213.32,229.79,25.30,51.14,41.89,48.86,6.67,6.98,999.00,999.00
2009,TX,Mathematics,4,Black,231.01,216.85,232.56,247.42,23.55,21.10,55.85,78.90,22.36,23.05,0.69,0.69
2009,UT,Mathematics,4,Black,220.68,197.40,222.88,243.57,28.46,39.22,45.88,60.78,14.20,14.89,0.70,0.70
2009,VT,Mathematics,4,Black,999.00,999.00,999.00,999.00,999.00,999.00,999.00,999.00,999.00,999.00,999.00,999.00
2009,VA,Mathematics,4,Black,225.04,209.36,224.75,241.09,24.63,31.44,52.07,68.56,15.63,16.49,0.87,0.87
2009,WA,Mathematics,4,Black,227.40,208.60,230.66,247.98,30.02,28.94,47.41,71.06,21.04,23.65,2.61,2.61
2009,WV,Mathematics,4,Black,225.13,207.09,225.13,243.81,26.13,33.85,46.54,66.15,18.71,19.61,0.90,0.90
2009,WI,Mathematics,4,Black,216.75,198.44,217.57,235.70,27.18,45.29,43.24,54.71,11.04,11.47,999.00,999.00
2009,WY,Mathematics,4,Black,999.00,999.00,999.00,999.00,999.00,999.00,999.00,999.00,999.00,999.00,999.00,999.00
2009,AL,Mathematics,4,Hispanic,219.87,201.27,222.55,238.32,25.88,39.35,50.01,60.65,9.91,10.64,0.73,0.73
2009,AK,Mathematics,4,Hispanic,232.03,216.17,234.86,250.74,27.60,23.40,49.47,76.60,25.11,27.13,2.03,2.03
2009,AZ,Mathematics,4,Hispanic,220.11,201.17,221.59,239.83,28.40,40.07,44.56,59.93,14.50,15.37,0.87,0.87
2009,AR,Mathematics,4,Hispanic,233.15,218.10,234.16,249.48,24.09,20.65,53.48,79.35,23.93,25.87,1.93,1.93
2009,CA,Mathematics,4,Hispanic,219.29,201.24,220.87,238.80,28.37,40.67,45.10,59.33,13.46,14.24,0.78,0.78
2009,CO,Mathematics,4,Hispanic,228.41,208.66,228.58,248.39,28.69,31.38,44.33,68.62,21.61,24.29,2.68,2.68
2009,CT,Mathematics,4,Hispanic,226.72,210.75,226.22,243.14,25.30,29.92,51.90,70.08,16.17,18.18,2.01,2.01
2009,DE,Mathematics,4,Hispanic,231.20,215.84,231.59,246.99,23.45,22.77,54.83,77.23,20.42,22.40,1.97,1.97
2009,DC,Mathematics,4,Hispanic,227.21,209.59,229.90,248.48,30.07,30.39,45.68,69.61,22.55,23.93,1.38,1.38
2009,FL,Mathematics,4,Hispanic,237.88,222.13,238.59,254.88,24.06,16.13,51.09,83.87,30.52,32.78,2.26,2.26
2009,GA,Mathematics,4,Hispanic,231.45,214.61,232.48,249.96,25.82,24.70,48.84,75.30,24.67,26.47,1.80,1.80
2009,HI,Mathematics,4,Hispanic,230.06,213.15,235.21,251.14,31.10,26.44,45.93,73.56,26.07,27.63,1.56,1.56
2009,ID,Mathematics,4,Hispanic,224.63,207.02,225.85,242.64,25.92,34.25,48.09,65.75,16.64,17.65,1.01,1.01
2009,IL,Mathematics,4,Hispanic,227.25,211.29,228.90,244.81,27.03,28.03,51.67,71.97,18.82,20.30,1.47,1.47
2009,IN,Mathematics,4,Hispanic,230.28,216.12,231.28,247.55,25.61,22.65,54.34,77.35,21.41,23.00,1.59,1.59
2009,IA,Mathematics,4,Hispanic,223.47,207.54,223.53,242.42,25.44,35.88,47.03,64.12,16.57,17.09,0.53,0.53
2009,KS,Mathematics,4,Hispanic,233.14,218.22,234.34,248.49,22.54,18.97,56.74,81.03,23.45,24.29,0.84,0.84
2009,KY,Mathematics,4,Hispanic,227.28,208.29,227.77,246.22,27.21,32.53,45.90,67.47,19.84,21.57,1.72,1.72
2009,LA,Mathematics,4,Hispanic,230.33,214.47,232.15,247.65,24.32,24.96,51.91,75.04,22.11,23.14,1.03,1.03
2009,ME,Mathematics,4,Hispanic,999.00,999.00,999.00,999.00,999.00,999.00,999.00,999.00,999.00,999.00,999.00,999.00
2009,MD,Mathematics,4,Hispanic,237.53,220.97,238.03,254.37,24.98,16.95,51.45,83.05,27.75,31.60,3.85,3.85
2009,MA,Mathematics,4,Hispanic,232.22,216.34,233.19,249.02,25.72,22.32,52.59,77.68,22.98,25.09,2.11,2.11
2009,MI,Mathematics,4,Hispanic,226.77,210.37,227.50,245.12,26.42,28.51,51.86,71.49,18.95,19.62,0.67,0.67
2009,MN,Mathematics,4,Hispanic,231.96,212.66,233.06,251.43,27.64,26.86,44.40,73.14,26.34,28.74,2.40,2.40
2009,MS,Mathematics,4,Hispanic,999.00,999.00,999.00,999.00,999.00,999.00,999.00,999.00,999.00,999.00,999.00,999.00
2009,MO,Mathematics,4,Hispanic,236.80,216.65,237.88,257.68,29.35,22.03,40.79,77.97,32.70,37.18,4.48,4.48
2009,MT,Mathematics,4,Hispanic,241.10,223.29,242.11,256.89,22.69,14.07,45.26,85.93,36.68,40.67,3.99,3.99
2009,NE,Mathematics,4,Hispanic,223.71,207.61,224.55,241.84,25.04,33.86,49.82,66.14,15.71,16.32,0.61,0.61
2009,NV,Mathematics,4,Hispanic,226.67,209.84,228.77,244.72,26.12,29.90,50.63,70.10,18.57,19.47,0.90,0.90
2009,NH,Mathematics,4,Hispanic,233.96,216.33,233.23,252.44,25.57,20.96,48.21,79.04,28.68,30.83,2.15,2.15
2009,NJ,Mathematics,4,Hispanic,231.79,215.76,232.29,248.59,25.02,23.05,52.27,76.95,22.74,24.67,1.94,1.94
2009,NM,Mathematics,4,Hispanic,224.10,205.94,224.61,242.53,26.72,34.44,47.95,65.56,16.42,17.61,1.19,1.19
2009,NY,Mathematics,4,Hispanic,230.62,213.58,232.07,249.16,26.43,25.29,49.54,74.71,22.99,25.17,2.17,2.17
2009,NC,Mathematics,4,Hispanic,235.97,222.78,237.59,250.69,23.00,15.51,57.02,84.49,25.26,27.46,2.20,2.20
2009,ND,Mathematics,4,Hispanic,999.00,999.00,999.00,999.00,999.00,999.00,999.00,999.00,999.00,999.00,999.00,999.00
2009,OH,Mathematics,4,Hispanic,233.02,216.66,233.14,247.94,23.79,20.59,54.91,79.41,22.11,24.51,2.39,2.39
2009,OK,Mathematics,4,Hispanic,229.39,214.36,229.81,244.86,24.11,24.71,55.44,75.29,18.18,19.85,1.67,1.67
2009,OR,Mathematics,4,Hispanic,221.49,202.90,221.38,240.20,27.26,38.87,45.31,61.13,14.43,15.82,1.39,1.39
2009,PA,Mathematics,4,Hispanic,227.13,207.85,228.11,247.19,27.60,31.92,44.89,68.08,21.79,23.18,1.39,1.39
2009,RI,Mathematics,4,Hispanic,218.68,200.56,220.70,238.40,28.44,41.05,44.82,58.95,13.57,14.13,0.56,0.56
2009,SC,Mathematics,4,Hispanic,231.97,216.16,233.41,251.27,28.63,22.55,49.53,77.45,25.45,27.92,2.47,2.47
2009,SD,Mathematics,4,Hispanic,233.13,214.21,233.17,251.29,28.32,25.06,47.50,74.94,23.79,27.45,3.66,3.66
2009,TN,Mathematics,4,Hispanic,224.70,207.90,225.85,243.33,28.38,33.68,46.93,66.32,17.58,19.39,1.81,1.81
2009,TX,Mathematics,4,Hispanic,233.35,218.15,234.44,249.75,23.71,19.91,53.91,80.09,24.81,26.18,1.38,1.38
2009,UT,Mathematics,4,Hispanic,218.73,199.81,219.22,239.06,29.29,43.30,40.34,56.70,15.33,16.37,1.04,1.04
2009,VT,Mathematics,4,Hispanic,999.00,999.00,999.00,999.00,999.00,999.00,999.00,999.00,999.00,999.00,999.00,999.00
2009,VA,Mathematics,4,Hispanic,233.85,218.05,233.44,250.70,23.89,19.99,52.33,80.01,25.76,27.68,1.92,1.92
2009,WA,Mathematics,4,Hispanic,226.71,208.88,227.94,245.36,27.27,30.91,48.74,69.09,18.94,20.35,1.42,1.42
2009,WV,Mathematics,4,Hispanic,999.00,999.00,999.00,999.00,999.00,999.00,999.00,999.00,999.00,999.00,999.00,999.00
2009,WI,Mathematics,4,Hispanic,228.15,211.08,229.27,245.85,26.46,28.71,49.76,71.29,20.12,21.53,1.41,1.41
2009,WY,Mathematics,4,Hispanic,230.84,215.87,231.60,246.89,23.43,23.19,54.44,76.81,21.88,22.37,999.00,999.00
2009,AL,Mathematics,4,Asian,999.00,999.00,999.00,999.00,999.00,999.00,999.00,999.00,999.00,999.00,999.00,999.00
2009,AK,Mathematics,4,Asian,236.09,216.92,237.27,258.09,29.42,22.11,42.83,77.89,30.92,35.05,4.14,4.14
2009,AZ,Mathematics,4,Asian,245.23,226.56,245.95,262.45,29.61,13.26,41.91,86.74,32.80,44.83,12.04,12.04
2009,AR,Mathematics,4,Asian,999.00,999.00,999.00,999.00,999.00,999.00,999.00,999.00,999.00,999.00,999.00,999.00
2009,CA,Mathematics,4,Asian,256.78,238.44,257.04,276.07,29.77,7.34,31.54,92.66,41.19,61.12,19.93,19.93
2009,CO,Mathematics,4,Asian,246.49,228.12,249.20,268.72,31.55,15.14,34.21,84.86,39.15,50.65,11.50,11.50
2009,CT,Mathematics,4,Asian,256.83,242.27,257.34,273.36,25.63,6.58,28.02,93.42,50.14,65.41,15.27,15.27
2009,DE,Mathematics,4,Asian,258.09,240.14,259.72,276.20,26.98,5.91,27.96,94.09,47.50,66.13,18.63,18.63
2009,DC,Mathematics,4,Asian,999.00,999.00,999.00,999.00,999.00,999.00,999.00,999.00,999.00,999.00,999.00,999.00
2009,FL,Mathematics,4,Asian,260.63,247.89,261.74,278.04,28.30,6.57,20.33,93.43,52.41,73.10,20.69,20.69
2009,GA,Mathematics,4,Asian,255.74,236.67,255.57,276.09,26.02,7.11,32.71,92.89,41.98,60.18,18.20,18.20
2009,HI,Mathematics,4,Asian,234.82,216.10,237.50,257.04,31.54,23.25,42.02,76.75,29.85,34.73,4.88,4.88
2009,ID,Mathematics,4,Asian,999.00,999.00,999.00,999.00,999.00,999.00,999.00,999.00,999.00,999.00,999.00,999.00
2009,IL,Mathematics,4,Asian,264.62,247.49,266.18,282.57,26.72,2.96,23.87,97.04,48.05,73.18,25.13,25.13
2009,IN,Mathematics,4,Asian,999.00,999.00,999.00,999.00,999.00,999.00,999.00,999.00,999.00,999.00,999.00,999.00
2009,IA,Mathematics,4,Asian,259.29,241.45,261.01,278.83,26.79,6.21,27.73,93.79,43.49,66.05,22.57,22.57
2009,KS,Mathematics,4,Asian,257.51,239.57,261.38,275.82,26.11,5.69,29.83,94.31,48.14,64.48,16.35,16.35
2009,KY,Mathematics,4,Asian,265.11,241.15,270.61,290.49,32.20,7.16,23.97,92.84,33.75,68.87,35.12,35.12
2009,LA,Mathematics,4,Asian,999.00,999.00,999.00,999.00,999.00,999.00,999.00,999.00,999.00,999.00,999.00,999.00
2009,ME,Mathematics,4,Asian,999.00,999.00,999.00,999.00,999.00,999.00,999.00,999.00,999.00,999.00,999.00,999.00
2009,MD,Mathematics,4,Asian,259.34,241.32,261.75,277.18,25.82,4.92,28.34,95.08,48.69,66.74,18.05,18.05
2009,MA,Mathematics,4,Asian,264.49,245.58,265.85,284.02,27.19,3.65,26.55,96.35,42.22,69.80,27.59,27.59
2009,MI,Mathematics,4,Asian,252.03,231.49,254.57,275.18,31.04,12.77,32.28,87.23,36.32,54.96,18.63,18.63
2009,MN,Mathematics,4,Asian,243.37,220.44,243.48,267.18,30.37,17.97,38.48,82.03,32.14,43.54,11.40,11.40
2009,MS,Mathematics,4,Asian,999.00,999.00,999.00,999.00,999.00,999.00,999.00,999.00,999.00,999.00,999.00,999.00
2009,MO,Mathematics,4,Asian,255.34,237.92,259.33,277.82,31.70,11.31,27.10,88.69,39.91,61.59,21.69,21.69
2009,MT,Mathematics,4,Asian,999.00,999.00,999.00,999.00,999.00,999.00,999.00,999.00,999.00,999.00,999.00,999.00
2009,NE,Mathematics,4,Asian,251.37,236.95,254.17,268.76,27.02,10.08,34.55,89.92,44.67,55.36,10.70,10.70
2009,NV,Mathematics,4,Asian,244.51,228.63,245.89,262.83,26.98,11.84,43.45,88.16,37.73,44.71,6.98,6.98
2009,NH,Mathematics,4,Asian,257.03,242.36,259.43,277.24,28.13,9.15,23.78,90.85,50.63,67.07,16.43,16.43
2009,NJ,Mathematics,4,Asian,261.14,246.04,262.01,279.36,26.07,4.64,23.72,95.36,49.97,71.65,21.68,21.68
2009,NM,Mathematics,4,Asian,999.00,999.00,999.00,999.00,999.00,999.00,999.00,999.00,999.00,999.00,999.00,999.00
2009,NY,Mathematics,4,Asian,256.94,241.96,260.55,275.48,27.01,7.63,24.94,92.37,51.78,67.43,15.66,15.66
2009,NC,Mathematics,4,Asian,259.08,235.58,260.26,281.41,28.76,7.05,31.08,92.95,37.30,61.87,24.57,24.57
2009,ND,Mathematics,4,Asian,999.00,999.00,999.00,999.00,999.00,999.00,999.00,999.00,999.00,999.00,999.00,999.00
2009,OH,Mathematics,4,Asian,999.00,999.00,999.00,999.00,999.00,999.00,999.00,999.00,999.00,999.00,999.00,999.00
2009,OK,Mathematics,4,Asian,999.00,999.00,999.00,999.00,999.00,999.00,999.00,999.00,999.00,999.00,999.00,999.00
2009,OR,Mathematics,4,Asian,244.68,222.50,248.11,267.57,32.35,17.66,34.33,82.34,35.92,48.01,12.10,12.10
2009,PA,Mathematics,4,Asian,257.72,237.01,259.33,279.58,29.94,8.66,28.87,91.34,40.57,62.46,21.89,21.89
2009,RI,Mathematics,4,Asian,242.13,223.83,240.92,261.01,28.53,13.97,45.94,86.03,30.37,40.09,9.71,9.71
2009,SC,Mathematics,4,Asian,999.00,999.00,999.00,999.00,999.00,999.00,999.00,999.00,999.00,999.00,999.00,999.00
2009,SD,Mathematics,4,Asian,999.00,999.00,999.00,999.00,999.00,999.00,999.00,999.00,999.00,999.00,999.00,999.00
2009,TN,Mathematics,4,Asian,999.00,999.00,999.00,999.00,999.00,999.00,999.00,999.00,999.00,999.00,999.00,999.00
2009,TX,Mathematics,4,Asian,259.24,244.73,260.50,273.52,24.39,4.30,24.59,95.70,54.59,71.12,16.52,16.52
2009,UT,Mathematics,4,Asian,240.66,221.18,241.01,258.85,27.67,16.68,44.64,83.32,31.87,38.68,6.81,6.81
2009,VT,Mathematics,4,Asian,999.00,999.00,999.00,999.00,999.00,999.00,999.00,999.00,999.00,999.00,999.00,999.00
2009,VA,Mathematics,4,Asian,258.29,240.40,259.99,276.94,26.57,5.22,30.87,94.78,45.98,63.91,17.93,17.93
2009,WA,Mathematics,4,Asian,253.26,236.62,252.85,272.08,28.37,8.81,35.68,91.19,39.85,55.50,15.65,15.65
2009,WV,Mathematics,4,Asian,999.00,999.00,999.00,999.00,999.00,999.00,999.00,999.00,999.00,999.00,999.00,999.00
2009,WI,Mathematics,4,Asian,240.45,218.18,239.17,263.92,34.29,21.00,40.27,79.00,26.78,38.73,11.95,11.95
2009,WY,Mathematics,4,Asian,999.00,999.00,999.00,999.00,999.00,999.00,999.00,999.00,999.00,999.00,999.00,999.00
2009,AL,Mathematics,4,American Indian or Alaskan Native,999.00,999.00,999.00,999.00,999.00,999.00,999.00,999.00,999.00,999.00,999.00,999.00
2009,AK,Mathematics,4,American Indian or Alaskan Native,215.74,193.58,217.11,238.60,32.60,46.82,38.71,53.18,12.43,14.47,2.04,2.04
2009,AZ,Mathematics,4,American Indian or Alaskan Native,215.11,193.74,215.36,235.14,30.46,48.95,37.59,51.05,12.71,13.45,0.74,0.74
2009,AR,Mathematics,4,American Indian or Alaskan Native,999.00,999.00,999.00,999.00,999.00,999.00,999.00,999.00,999.00,999.00,999.00,999.00
2009,CA,Mathematics,4,American Indian or Alaskan Native,999.00,999.00,999.00,999.00,999.00,999.00,999.00,999.00,999.00,999.00,999.00,999.00
2009,CO,Mathematics,4,American Indian or Alaskan Native,999.00,999.00,999.00,999.00,999.00,999.00,999.00,999.00,999.00,999.00,999.00,999.00
2009,CT,Mathematics,4,American Indian or Alaskan Native,999.00,999.00,999.00,999.00,999.00,999.00,999.00,999.00,999.00,999.00,999.00,999.00
2009,DE,Mathematics,4,American Indian or Alaskan Native,999.00,999.00,999.00,999.00,999.00,999.00,999.00,999.00,999.00,999.00,999.00,999.00
2009,DC,Mathematics,4,American Indian or Alaskan Native,999.00,999.00,999.00,999.00,999.00,999.00,999.00,999.00,999.00,999.00,999.00,999.00
2009,FL,Mathematics,4,American Indian or Alaskan Native,999.00,999.00,999.00,999.00,999.00,999.00,999.00,999.00,999.00,999.00,999.00,999.00
2009,GA,Mathematics,4,American Indian or Alaskan Native,999.00,999.00,999.00,999.00,999.00,999.00,999.00,999.00,999.00,999.00,999.00,999.00
2009,HI,Mathematics,4,American Indian or Alaskan Native,999.00,999.00,999.00,999.00,999.00,999.00,999.00,999.00,999.00,999.00,999.00,999.00
2009,ID,Mathematics,4,American Indian or Alaskan Native,999.00,999.00,999.00,999.00,999.00,999.00,999.00,999.00,999.00,999.00,999.00,999.00
2009,IL,Mathematics,4,American Indian or Alaskan Native,999.00,999.00,999.00,999.00,999.00,999.00,999.00,999.00,999.00,999.00,999.00,999.00
2009,IN,Mathematics,4,American Indian or Alaskan Native,999.00,999.00,999.00,999.00,999.00,999.00,999.00,999.00,999.00,999.00,999.00,999.00
2009,IA,Mathematics,4,American Indian or Alaskan Native,999.00,999.00,999.00,999.00,999.00,999.00,999.00,999.00,999.00,999.00,999.00,999.00
2009,KS,Mathematics,4,American Indian or Alaskan Native,999.00,999.00,999.00,999.00,999.00,999.00,999.00,999.00,999.00,999.00,999.00,999.00
2009,KY,Mathematics,4,American Indian or Alaskan Native,999.00,999.00,999.00,999.00,999.00,999.00,999.00,999.00,999.00,999.00,999.00,999.00
2009,LA,Mathematics,4,American Indian or Alaskan Native,999.00,999.00,999.00,999.00,999.00,999.00,999.00,999.00,999.00,999.00,999.00,999.00
2009,ME,Mathematics,4,American Indian or Alaskan Native,999.00,999.00,999.00,999.00,999.00,999.00,999.00,999.00,999.00,999.00,999.00,999.00
2009,MD,Mathematics,4,American Indian or Alaskan Native,999.00,999.00,999.00,999.00,999.00,999.00,999.00,999.00,999.00,999.00,999.00,999.00
2009,MA,Mathematics,4,American Indian or Alaskan Native,999.00,999.00,999.00,999.00,999.00,999.00,999.00,999.00,999.00,999.00,999.00,999.00
2009,MI,Mathematics,4,American Indian or Alaskan Native,999.00,999.00,999.00,999.00,999.00,999.00,999.00,999.00,999.00,999.00,999.00,999.00
2009,MN,Mathematics,4,American Indian or Alaskan Native,232.53,212.70,234.93,251.39,30.84,25.94,47.10,74.06,21.54,26.96,5.42,5.42
2009,MS,Mathematics,4,American Indian or Alaskan Native,999.00,999.00,999.00,999.00,999.00,999.00,999.00,999.00,999.00,999.00,999.00,999.00
2009,MO,Mathematics,4,American Indian or Alaskan Native,999.00,999.00,999.00,999.00,999.00,999.00,999.00,999.00,999.00,999.00,999.00,999.00
2009,MT,Mathematics,4,American Indian or Alaskan Native,227.54,207.89,227.98,246.73,27.93,31.66,45.49,68.34,20.82,22.85,2.03,2.03
2009,NE,Mathematics,4,American Indian or Alaskan Native,999.00,999.00,999.00,999.00,999.00,999.00,999.00,999.00,999.00,999.00,999.00,999.00
2009,NV,Mathematics,4,American Indian or Alaskan Native,999.00,999.00,999.00,999.00,999.00,999.00,999.00,999.00,999.00,999.00,999.00,999.00
2009,NH,Mathematics,4,American Indian or Alaskan Native,999.00,999.00,999.00,999.00,999.00,999.00,999.00,999.00,999.00,999.00,999.00,999.00
2009,NJ,Mathematics,4,American Indian or Alaskan Native,999.00,999.00,999.00,999.00,999.00,999.00,999.00,999.00,999.00,999.00,999.00,999.00
2009,NM,Mathematics,4,American Indian or Alaskan Native,217.45,198.32,218.58,237.63,28.94,43.01,43.39,56.99,13.19,13.60,999.00,999.00
2009,NY,Mathematics,4,American Indian or Alaskan Native,999.00,999.00,999.00,999.00,999.00,999.00,999.00,999.00,999.00,999.00,999.00,999.00
2009,NC,Mathematics,4,American Indian or Alaskan Native,231.99,215.23,232.41,252.36,27.61,22.57,47.07,77.43,28.40,30.36,1.96,1.96
2009,ND,Mathematics,4,American Indian or Alaskan Native,225.68,209.46,227.99,243.64,25.79,29.49,53.94,70.51,14.93,16.57,1.64,1.64
2009,OH,Mathematics,4,American Indian or Alaskan Native,999.00,999.00,999.00,999.00,999.00,999.00,999.00,999.00,999.00,999.00,999.00,999.00
2009,OK,Mathematics,4,American Indian or Alaskan Native,234.11,216.86,235.24,251.28,25.20,21.44,50.03,78.56,26.21,28.54,2.33,2.33
2009,OR,Mathematics,4,American Indian or Alaskan Native,222.64,203.29,223.25,240.77,27.44,36.90,48.14,63.10,12.00,14.97,2.96,2.96
2009,PA,Mathematics,4,American Indian or Alaskan Native,999.00,999.00,999.00,999.00,999.00,999.00,999.00,999.00,999.00,999.00,999.00,999.00
2009,RI,Mathematics,4,American Indian or Alaskan Native,999.00,999.00,999.00,999.00,999.00,999.00,999.00,999.00,999.00,999.00,999.00,999.00
2009,SC,Mathematics,4,American Indian or Alaskan Native,999.00,999.00,999.00,999.00,999.00,999.00,999.00,999.00,999.00,999.00,999.00,999.00
2009,SD,Mathematics,4,American Indian or Alaskan Native,220.12,202.84,221.24,241.37,28.13,39.90,44.79,60.10,15.15,15.31,999.00,999.00
2009,TN,Mathematics,4,American Indian or Alaskan Native,999.00,999.00,999.00,999.00,999.00,999.00,999.00,999.00,999.00,999.00,999.00,999.00
2009,TX,Mathematics,4,American Indian or Alaskan Native,999.00,999.00,999.00,999.00,999.00,999.00,999.00,999.00,999.00,999.00,999.00,999.00
2009,UT,Mathematics,4,American Indian or Alaskan Native,218.85,199.36,216.51,237.80,29.75,45.72,37.07,54.28,17.21,17.21,999.00,999.00
2009,VT,Mathematics,4,American Indian or Alaskan Native,999.00,999.00,999.00,999.00,999.00,999.00,999.00,999.00,999.00,999.00,999.00,999.00
2009,VA,Mathematics,4,American Indian or Alaskan Native,999.00,999.00,999.00,999.00,999.00,999.00,999.00,999.00,999.00,999.00,999.00,999.00
2009,WA,Mathematics,4,American Indian or Alaskan Native,226.51,207.89,227.99,244.96,29.15,31.33,48.02,68.67,17.74,20.65,2.91,2.91
2009,WV,Mathematics,4,American Indian or Alaskan Native,999.00,999.00,999.00,999.00,999.00,999.00,999.00,999.00,999.00,999.00,999.00,999.00
2009,WI,Mathematics,4,American Indian or Alaskan Native,227.66,208.30,230.16,245.66,25.00,29.28,50.07,70.72,19.66,20.66,1.00,1.00
2009,WY,Mathematics,4,American Indian or Alaskan Native,999.00,999.00,999.00,999.00,999.00,999.00,999.00,999.00,999.00,999.00,999.00,999.00
2009,AL,Mathematics,4,Hawaiian,999.00,999.00,999.00,999.00,999.00,999.00,999.00,999.00,999.00,999.00,999.00,999.00
2009,AK,Mathematics,4,Hawaiian,239.34,222.18,242.13,258.66,26.69,17.20,42.65,82.80,36.33,40.15,3.82,3.82
2009,AZ,Mathematics,4,Hawaiian,999.00,999.00,999.00,999.00,999.00,999.00,999.00,999.00,999.00,999.00,999.00,999.00
2009,AR,Mathematics,4,Hawaiian,999.00,999.00,999.00,999.00,999.00,999.00,999.00,999.00,999.00,999.00,999.00,999.00
2009,CA,Mathematics,4,Hawaiian,999.00,999.00,999.00,999.00,999.00,999.00,999.00,999.00,999.00,999.00,999.00,999.00
2009,CO,Mathematics,4,Hawaiian,999.00,999.00,999.00,999.00,999.00,999.00,999.00,999.00,999.00,999.00,999.00,999.00
2009,CT,Mathematics,4,Hawaiian,999.00,999.00,999.00,999.00,999.00,999.00,999.00,999.00,999.00,999.00,999.00,999.00
2009,DE,Mathematics,4,Hawaiian,999.00,999.00,999.00,999.00,999.00,999.00,999.00,999.00,999.00,999.00,999.00,999.00
2009,DC,Mathematics,4,Hawaiian,999.00,999.00,999.00,999.00,999.00,999.00,999.00,999.00,999.00,999.00,999.00,999.00
2009,FL,Mathematics,4,Hawaiian,239.85,222.34,239.53,257.59,23.72,13.18,50.50,86.82,32.74,36.31,3.58,3.58
2009,GA,Mathematics,4,Hawaiian,240.82,221.27,241.95,262.14,25.97,17.00,43.18,83.00,34.99,39.82,4.84,4.84
2009,HI,Mathematics,4,Hawaiian,230.46,207.94,235.68,257.31,37.40,29.52,35.52,70.48,29.34,34.96,5.62,5.62
2009,ID,Mathematics,4,Hawaiian,999.00,999.00,999.00,999.00,999.00,999.00,999.00,999.00,999.00,999.00,999.00,999.00
2009,IL,Mathematics,4,Hawaiian,239.47,218.88,241.44,259.10,28.73,18.96,42.50,81.04,32.19,38.54,6.35,6.35
2009,IN,Mathematics,4,Hawaiian,237.58,222.66,238.44,254.38,26.67,18.13,47.58,81.87,29.36,34.29,4.93,4.93
2009,IA,Mathematics,4,Hawaiian,999.00,999.00,999.00,999.00,999.00,999.00,999.00,999.00,999.00,999.00,999.00,999.00
2009,KS,Mathematics,4,Hawaiian,239.32,221.53,243.46,258.86,25.41,17.72,39.12,82.28,41.32,43.15,1.83,1.83
2009,KY,Mathematics,4,Hawaiian,235.33,217.78,235.20,255.57,26.92,21.74,46.31,78.26,29.04,31.95,2.91,2.91
2009,LA,Mathematics,4,Hawaiian,999.00,999.00,999.00,999.00,999.00,999.00,999.00,999.00,999.00,999.00,999.00,999.00
2009,ME,Mathematics,4,Hawaiian,999.00,999.00,999.00,999.00,999.00,999.00,999.00,999.00,999.00,999.00,999.00,999.00
2009,MD,Mathematics,4,Hawaiian,999.00,999.00,999.00,999.00,999.00,999.00,999.00,999.00,999.00,999.00,999.00,999.00
2009,MA,Mathematics,4,Hawaiian,999.00,999.00,999.00,999.00,999.00,999.00,999.00,999.00,999.00,999.00,999.00,999.00
2009,MI,Mathematics,4,Hawaiian,999.00,999.00,999.00,999.00,999.00,999.00,999.00,999.00,999.00,999.00,999.00,999.00
2009,MN,Mathematics,4,Hawaiian,999.00,999.00,999.00,999.00,999.00,999.00,999.00,999.00,999.00,999.00,999.00,999.00
2009,MS,Mathematics,4,Hawaiian,999.00,999.00,999.00,999.00,999.00,999.00,999.00,999.00,999.00,999.00,999.00,999.00
2009,MO,Mathematics,4,Hawaiian,999.00,999.00,999.00,999.00,999.00,999.00,999.00,999.00,999.00,999.00,999.00,999.00
2009,MT,Mathematics,4,Hawaiian,999.00,999.00,999.00,999.00,999.00,999.00,999.00,999.00,999.00,999.00,999.00,999.00
2009,NE,Mathematics,4,Hawaiian,999.00,999.00,999.00,999.00,999.00,999.00,999.00,999.00,999.00,999.00,999.00,999.00
2009,NV,Mathematics,4,Hawaiian,999.00,999.00,999.00,999.00,999.00,999.00,999.00,999.00,999.00,999.00,999.00,999.00
2009,NH,Mathematics,4,Hawaiian,999.00,999.00,999.00,999.00,999.00,999.00,999.00,999.00,999.00,999.00,999.00,999.00
2009,NJ,Mathematics,4,Hawaiian,999.00,999.00,999.00,999.00,999.00,999.00,999.00,999.00,999.00,999.00,999.00,999.00
2009,NM,Mathematics,4,Hawaiian,999.00,999.00,999.00,999.00,999.00,999.00,999.00,999.00,999.00,999.00,999.00,999.00
2009,NY,Mathematics,4,Hawaiian,999.00,999.00,999.00,999.00,999.00,999.00,999.00,999.00,999.00,999.00,999.00,999.00
2009,NC,Mathematics,4,Hawaiian,246.39,228.91,246.82,264.27,25.33,10.26,42.80,89.74,39.56,46.94,7.38,7.38
2009,ND,Mathematics,4,Hawaiian,999.00,999.00,999.00,999.00,999.00,999.00,999.00,999.00,999.00,999.00,999.00,999.00
2009,OH,Mathematics,4,Hawaiian,239.81,222.43,241.50,259.19,28.02,15.92,46.02,84.08,32.29,38.06,5.77,5.77
2009,OK,Mathematics,4,Hawaiian,999.00,999.00,999.00,999.00,999.00,999.00,999.00,999.00,999.00,999.00,999.00,999.00
2009,OR,Mathematics,4,Hawaiian,235.87,217.07,238.31,258.11,29.05,23.33,40.02,76.67,32.84,36.65,3.81,3.81
2009,PA,Mathematics,4,Hawaiian,999.00,999.00,999.00,999.00,999.00,999.00,999.00,999.00,999.00,999.00,999.00,999.00
2009,RI,Mathematics,4,Hawaiian,999.00,999.00,999.00,999.00,999.00,999.00,999.00,999.00,999.00,999.00,999.00,999.00
2009,SC,Mathematics,4,Hawaiian,235.62,222.36,236.39,252.77,24.74,17.25,52.98,82.75,27.76,29.77,2.01,2.01
2009,SD,Mathematics,4,Hawaiian,999.00,999.00,999.00,999.00,999.00,999.00,999.00,999.00,999.00,999.00,999.00,999.00
2009,TN,Mathematics,4,Hawaiian,999.00,999.00,999.00,999.00,999.00,999.00,999.00,999.00,999.00,999.00,999.00,999.00
2009,TX,Mathematics,4,Hawaiian,999.00,999.00,999.00,999.00,999.00,999.00,999.00,999.00,999.00,999.00,999.00,999.00
2009,UT,Mathematics,4,Hawaiian,999.00,999.00,999.00,999.00,999.00,999.00,999.00,999.00,999.00,999.00,999.00,999.00
2009,VT,Mathematics,4,Hawaiian,999.00,999.00,999.00,999.00,999.00,999.00,999.00,999.00,999.00,999.00,999.00,999.00
2009,VA,Mathematics,4,Hawaiian,251.65,230.93,255.16,272.89,31.68,12.23,28.81,87.77,45.79,58.95,13.16,13.16
2009,WA,Mathematics,4,Hawaiian,246.94,232.25,248.80,263.87,24.80,11.09,37.97,88.91,46.70,50.94,4.24,4.24
2009,WV,Mathematics,4,Hawaiian,999.00,999.00,999.00,999.00,999.00,999.00,999.00,999.00,999.00,999.00,999.00,999.00
2009,WI,Mathematics,4,Hawaiian,999.00,999.00,999.00,999.00,999.00,999.00,999.00,999.00,999.00,999.00,999.00,999.00
2009,WY,Mathematics,4,Hawaiian,999.00,999.00,999.00,999.00,999.00,999.00,999.00,999.00,999.00,999.00,999.00,999.00
2009,AL,Mathematics,4,Multiracial,N/A,N/A,N/A,N/A,N/A,N/A,N/A,N/A,N/A,N/A,N/A,N/A
2009,AK,Mathematics,4,Multiracial,N/A,N/A,N/A,N/A,N/A,N/A,N/A,N/A,N/A,N/A,N/A,N/A
2009,AZ,Mathematics,4,Multiracial,N/A,N/A,N/A,N/A,N/A,N/A,N/A,N/A,N/A,N/A,N/A,N/A
2009,AR,Mathematics,4,Multiracial,N/A,N/A,N/A,N/A,N/A,N/A,N/A,N/A,N/A,N/A,N/A,N/A
2009,CA,Mathematics,4,Multiracial,N/A,N/A,N/A,N/A,N/A,N/A,N/A,N/A,N/A,N/A,N/A,N/A
2009,CO,Mathematics,4,Multiracial,N/A,N/A,N/A,N/A,N/A,N/A,N/A,N/A,N/A,N/A,N/A,N/A
2009,CT,Mathematics,4,Multiracial,N/A,N/A,N/A,N/A,N/A,N/A,N/A,N/A,N/A,N/A,N/A,N/A
2009,DE,Mathematics,4,Multiracial,N/A,N/A,N/A,N/A,N/A,N/A,N/A,N/A,N/A,N/A,N/A,N/A
2009,DC,Mathematics,4,Multiracial,N/A,N/A,N/A,N/A,N/A,N/A,N/A,N/A,N/A,N/A,N/A,N/A
2009,FL,Mathematics,4,Multiracial,N/A,N/A,N/A,N/A,N/A,N/A,N/A,N/A,N/A,N/A,N/A,N/A
2009,GA,Mathematics,4,Multiracial,N/A,N/A,N/A,N/A,N/A,N/A,N/A,N/A,N/A,N/A,N/A,N/A
2009,HI,Mathematics,4,Multiracial,N/A,N/A,N/A,N/A,N/A,N/A,N/A,N/A,N/A,N/A,N/A,N/A
2009,ID,Mathematics,4,Multiracial,N/A,N/A,N/A,N/A,N/A,N/A,N/A,N/A,N/A,N/A,N/A,N/A
2009,IL,Mathematics,4,Multiracial,N/A,N/A,N/A,N/A,N/A,N/A,N/A,N/A,N/A,N/A,N/A,N/A
2009,IN,Mathematics,4,Multiracial,N/A,N/A,N/A,N/A,N/A,N/A,N/A,N/A,N/A,N/A,N/A,N/A
2009,IA,Mathematics,4,Multiracial,N/A,N/A,N/A,N/A,N/A,N/A,N/A,N/A,N/A,N/A,N/A,N/A
2009,KS,Mathematics,4,Multiracial,N/A,N/A,N/A,N/A,N/A,N/A,N/A,N/A,N/A,N/A,N/A,N/A
2009,KY,Mathematics,4,Multiracial,N/A,N/A,N/A,N/A,N/A,N/A,N/A,N/A,N/A,N/A,N/A,N/A
2009,LA,Mathematics,4,Multiracial,N/A,N/A,N/A,N/A,N/A,N/A,N/A,N/A,N/A,N/A,N/A,N/A
2009,ME,Mathematics,4,Multiracial,N/A,N/A,N/A,N/A,N/A,N/A,N/A,N/A,N/A,N/A,N/A,N/A
2009,MD,Mathematics,4,Multiracial,N/A,N/A,N/A,N/A,N/A,N/A,N/A,N/A,N/A,N/A,N/A,N/A
2009,MA,Mathematics,4,Multiracial,N/A,N/A,N/A,N/A,N/A,N/A,N/A,N/A,N/A,N/A,N/A,N/A
2009,MI,Mathematics,4,Multiracial,N/A,N/A,N/A,N/A,N/A,N/A,N/A,N/A,N/A,N/A,N/A,N/A
2009,MN,Mathematics,4,Multiracial,N/A,N/A,N/A,N/A,N/A,N/A,N/A,N/A,N/A,N/A,N/A,N/A
2009,MS,Mathematics,4,Multiracial,N/A,N/A,N/A,N/A,N/A,N/A,N/A,N/A,N/A,N/A,N/A,N/A
2009,MO,Mathematics,4,Multiracial,N/A,N/A,N/A,N/A,N/A,N/A,N/A,N/A,N/A,N/A,N/A,N/A
2009,MT,Mathematics,4,Multiracial,N/A,N/A,N/A,N/A,N/A,N/A,N/A,N/A,N/A,N/A,N/A,N/A
2009,NE,Mathematics,4,Multiracial,N/A,N/A,N/A,N/A,N/A,N/A,N/A,N/A,N/A,N/A,N/A,N/A
2009,NV,Mathematics,4,Multiracial,N/A,N/A,N/A,N/A,N/A,N/A,N/A,N/A,N/A,N/A,N/A,N/A
2009,NH,Mathematics,4,Multiracial,N/A,N/A,N/A,N/A,N/A,N/A,N/A,N/A,N/A,N/A,N/A,N/A
2009,NJ,Mathematics,4,Multiracial,N/A,N/A,N/A,N/A,N/A,N/A,N/A,N/A,N/A,N/A,N/A,N/A
2009,NM,Mathematics,4,Multiracial,N/A,N/A,N/A,N/A,N/A,N/A,N/A,N/A,N/A,N/A,N/A,N/A
2009,NY,Mathematics,4,Multiracial,N/A,N/A,N/A,N/A,N/A,N/A,N/A,N/A,N/A,N/A,N/A,N/A
2009,NC,Mathematics,4,Multiracial,N/A,N/A,N/A,N/A,N/A,N/A,N/A,N/A,N/A,N/A,N/A,N/A
2009,ND,Mathematics,4,Multiracial,N/A,N/A,N/A,N/A,N/A,N/A,N/A,N/A,N/A,N/A,N/A,N/A
2009,OH,Mathematics,4,Multiracial,N/A,N/A,N/A,N/A,N/A,N/A,N/A,N/A,N/A,N/A,N/A,N/A
2009,OK,Mathematics,4,Multiracial,N/A,N/A,N/A,N/A,N/A,N/A,N/A,N/A,N/A,N/A,N/A,N/A
2009,OR,Mathematics,4,Multiracial,N/A,N/A,N/A,N/A,N/A,N/A,N/A,N/A,N/A,N/A,N/A,N/A
2009,PA,Mathematics,4,Multiracial,N/A,N/A,N/A,N/A,N/A,N/A,N/A,N/A,N/A,N/A,N/A,N/A
2009,RI,Mathematics,4,Multiracial,N/A,N/A,N/A,N/A,N/A,N/A,N/A,N/A,N/A,N/A,N/A,N/A
2009,SC,Mathematics,4,Multiracial,N/A,N/A,N/A,N/A,N/A,N/A,N/A,N/A,N/A,N/A,N/A,N/A
2009,SD,Mathematics,4,Multiracial,N/A,N/A,N/A,N/A,N/A,N/A,N/A,N/A,N/A,N/A,N/A,N/A
2009,TN,Mathematics,4,Multiracial,N/A,N/A,N/A,N/A,N/A,N/A,N/A,N/A,N/A,N/A,N/A,N/A
2009,TX,Mathematics,4,Multiracial,N/A,N/A,N/A,N/A,N/A,N/A,N/A,N/A,N/A,N/A,N/A,N/A
2009,UT,Mathematics,4,Multiracial,N/A,N/A,N/A,N/A,N/A,N/A,N/A,N/A,N/A,N/A,N/A,N/A
2009,VT,Mathematics,4,Multiracial,N/A,N/A,N/A,N/A,N/A,N/A,N/A,N/A,N/A,N/A,N/A,N/A
2009,VA,Mathematics,4,Multiracial,N/A,N/A,N/A,N/A,N/A,N/A,N/A,N/A,N/A,N/A,N/A,N/A
2009,WA,Mathematics,4,Multiracial,N/A,N/A,N/A,N/A,N/A,N/A,N/A,N/A,N/A,N/A,N/A,N/A
2009,WV,Mathematics,4,Multiracial,N/A,N/A,N/A,N/A,N/A,N/A,N/A,N/A,N/A,N/A,N/A,N/A
2009,WI,Mathematics,4,Multiracial,N/A,N/A,N/A,N/A,N/A,N/A,N/A,N/A,N/A,N/A,N/A,N/A
2009,WY,Mathematics,4,Multiracial,N/A,N/A,N/A,N/A,N/A,N/A,N/A,N/A,N/A,N/A,N/A,N/A
2009,AL,Mathematics,8,All,268.52,245.10,269.85,293.78,37.09,41.74,37.83,58.26,16.81,20.44,3.63,3.63
2009,AK,Mathematics,8,All,283.05,261.31,284.82,307.59,34.72,25.49,41.05,74.51,27.25,33.46,6.20,6.20
2009,AZ,Mathematics,8,All,277.33,253.72,279.02,303.23,38.08,32.60,38.41,67.40,22.85,28.99,6.14,6.14
2009,AR,Mathematics,8,All,276.00,253.06,278.11,301.08,35.90,33.39,39.63,66.61,22.64,26.98,4.34,4.34
2009,CA,Mathematics,8,All,270.45,244.50,270.70,297.23,38.84,40.94,35.62,59.06,18.31,23.43,5.12,5.12
2009,CO,Mathematics,8,All,287.37,262.62,289.21,313.47,36.83,24.49,35.80,75.51,29.68,39.71,10.03,10.03
2009,CT,Mathematics,8,All,288.61,265.93,290.38,313.63,35.79,21.87,38.36,78.13,29.62,39.77,10.15,10.15
2009,DE,Mathematics,8,All,283.83,262.57,284.00,305.62,32.31,24.54,43.74,75.46,25.50,31.71,6.21,6.21
2009,DC,Mathematics,8,All,253.60,228.63,252.94,278.23,37.93,59.55,29.22,40.45,9.07,11.23,2.16,2.16
2009,FL,Mathematics,8,All,279.34,256.42,280.38,303.11,34.62,29.84,41.17,70.16,23.42,28.99,5.58,5.58
2009,GA,Mathematics,8,All,277.56,254.09,277.12,301.14,34.34,33.23,39.95,66.77,21.36,26.82,5.46,5.46
2009,HI,Mathematics,8,All,273.76,250.29,276.30,299.38,37.40,34.99,39.69,65.01,20.93,25.33,4.40,4.40
2009,ID,Mathematics,8,All,287.31,265.60,288.97,311.39,34.27,21.90,39.74,78.10,30.32,38.36,8.05,8.05
2009,IL,Mathematics,8,All,282.43,259.30,283.91,306.90,35.43,27.38,39.54,72.62,25.89,33.08,7.19,7.19
2009,IN,Mathematics,8,All,286.81,265.21,287.12,309.23,32.21,22.24,41.61,77.76,28.86,36.15,7.29,7.29
2009,IA,Mathematics,8,All,284.17,263.29,285.87,306.98,33.69,23.79,42.32,76.21,27.37,33.90,6.53,6.53
2009,KS,Mathematics,8,All,288.60,266.63,289.81,311.83,33.36,20.99,39.52,79.01,31.06,39.50,8.44,8.44
2009,KY,Mathematics,8,All,279.28,257.59,279.09,301.31,32.44,29.71,43.06,70.29,22.46,27.23,4.77,4.77
2009,LA,Mathematics,8,All,272.38,250.25,271.65,293.53,33.41,37.90,41.83,62.10,16.11,20.27,4.16,4.16
2009,ME,Mathematics,8,All,286.36,264.53,286.66,308.85,33.17,22.50,42.23,77.50,27.14,35.27,8.12,8.12
2009,MD,Mathematics,8,All,288.34,262.29,288.86,315.29,37.40,24.81,35.12,75.19,27.88,40.07,12.19,12.19
2009,MA,Mathematics,8,All,298.85,276.44,300.80,323.71,36.10,14.79,33.51,85.21,34.49,51.70,17.22,17.22
2009,MI,Mathematics,8,All,278.27,253.04,280.01,305.08,37.87,32.20,37.27,67.80,23.96,30.53,6.57,6.57
2009,MN,Mathematics,8,All,294.44,271.62,296.22,318.81,34.63,17.42,35.65,82.58,33.68,46.93,13.25,13.25
2009,MS,Mathematics,8,All,265.00,242.82,265.53,287.22,32.56,45.74,39.09,54.26,13.60,15.18,1.58,1.58
2009,MO,Mathematics,8,All,285.81,264.02,286.62,308.93,32.72,23.09,41.41,76.91,28.82,35.50,6.68,6.68
2009,MT,Mathematics,8,All,291.54,271.67,293.55,314.92,34.48,17.52,38.90,82.48,33.54,43.58,10.04,10.04
2009,NE,Mathematics,8,All,284.26,261.94,286.26,308.37,34.72,25.09,40.27,74.91,27.04,34.64,7.60,7.60
2009,NV,Mathematics,8,All,274.15,250.55,273.96,298.83,35.52,36.77,38.47,63.23,20.15,24.76,4.61,4.61
2009,NH,Mathematics,8,All,292.32,269.95,293.37,315.80,33.62,18.36,38.34,81.64,32.09,43.30,11.21,11.21
2009,NJ,Mathematics,8,All,292.66,268.52,293.85,318.66,37.83,19.76,35.84,80.24,30.24,44.39,14.15,14.15
2009,NM,Mathematics,8,All,269.70,246.94,270.00,293.56,35.13,40.60,39.22,59.40,16.91,20.18,3.27,3.27
2009,NY,Mathematics,8,All,282.58,259.44,284.22,307.86,36.82,27.07,39.27,72.93,26.01,33.65,7.64,7.64
2009,NC,Mathematics,8,All,284.33,260.23,284.87,309.96,37.07,26.45,37.98,73.55,26.38,35.57,9.19,9.19
2009,ND,Mathematics,8,All,292.84,275.10,294.32,312.72,29.03,13.62,43.27,86.38,35.71,43.11,7.40,7.40
2009,OH,Mathematics,8,All,285.58,262.87,286.81,309.30,34.09,24.01,40.31,75.99,27.89,35.68,7.78,7.78
2009,OK,Mathematics,8,All,275.71,254.49,276.32,297.80,32.60,32.31,43.87,67.69,20.44,23.82,3.38,3.38
2009,OR,Mathematics,8,All,285.04,262.02,286.97,310.17,35.94,24.98,38.44,75.02,28.28,36.58,8.30,8.30
2009,PA,Mathematics,8,All,288.30,266.17,290.86,313.02,35.98,21.85,38.30,78.15,30.10,39.85,9.75,9.75
2009,RI,Mathematics,8,All,277.92,255.31,278.71,301.92,35.42,31.59,40.62,68.41,22.15,27.79,5.64,5.64
2009,SC,Mathematics,8,All,280.38,256.23,280.34,304.60,35.15,30.60,39.24,69.40,23.48,30.16,6.67,6.67
2009,SD,Mathematics,8,All,290.62,271.29,292.74,312.25,30.83,17.23,41.23,82.77,34.44,41.55,7.10,7.10
2009,TN,Mathematics,8,All,274.76,250.94,275.32,299.20,35.01,35.35,39.47,64.65,20.74,25.18,4.44,4.44
2009,TX,Mathematics,8,All,286.69,265.04,286.97,309.31,33.59,22.43,41.42,77.57,27.66,36.15,8.49,8.49
2009,UT,Mathematics,8,All,284.07,261.82,286.04,308.63,34.23,25.18,39.70,74.82,28.61,35.11,6.51,6.51
2009,VT,Mathematics,8,All,292.87,269.88,293.34,317.10,34.76,18.87,37.64,81.13,30.71,43.49,12.78,12.78
2009,VA,Mathematics,8,All,286.07,263.58,286.54,309.66,34.10,23.50,40.88,76.50,27.36,35.62,8.26,8.26
2009,WA,Mathematics,8,All,288.72,265.62,289.72,313.55,35.68,21.90,38.73,78.10,28.70,39.37,10.67,10.67
2009,WV,Mathematics,8,All,270.42,248.87,271.19,292.83,33.12,39.07,41.49,60.93,16.99,19.44,2.45,2.45
2009,WI,Mathematics,8,All,288.14,266.84,290.18,312.20,34.17,20.96,39.69,79.04,30.98,39.34,8.36,8.36
2009,WY,Mathematics,8,All,286.10,265.54,287.17,307.53,31.95,21.92,43.43,78.08,27.86,34.65,6.79,6.79
2009,AL,Mathematics,8,White,280.31,259.36,281.31,302.62,33.02,27.65,43.65,72.35,23.63,28.71,5.07,5.07
2009,AK,Mathematics,8,White,293.40,274.33,294.32,313.94,29.79,13.88,42.56,86.12,35.35,43.56,8.21,8.21
2009,AZ,Mathematics,8,White,291.55,269.89,292.93,315.21,34.48,18.75,38.90,81.25,31.69,42.35,10.66,10.66
2009,AR,Mathematics,8,White,284.18,263.49,285.83,307.15,32.87,23.66,42.63,76.34,28.05,33.71,5.66,5.66
2009,CA,Mathematics,8,White,289.14,265.85,289.32,314.41,34.87,21.77,39.38,78.23,28.67,38.85,10.18,10.18
2009,CO,Mathematics,8,White,298.67,277.48,300.31,321.08,32.55,13.09,35.42,86.91,37.51,51.49,13.97,13.97
2009,CT,Mathematics,8,White,297.74,277.74,298.37,320.48,31.90,12.89,38.07,87.11,35.79,49.04,13.25,13.25
2009,DE,Mathematics,8,White,294.00,274.40,294.33,314.30,29.38,13.99,42.68,86.01,34.32,43.33,9.01,9.01
2009,DC,Mathematics,8,White,999.00,999.00,999.00,999.00,999.00,999.00,999.00,999.00,999.00,999.00,999.00,999.00
2009,FL,Mathematics,8,White,288.79,267.39,290.29,311.43,32.80,20.27,40.27,79.73,30.84,39.46,8.62,8.62
2009,GA,Mathematics,8,White,289.40,267.93,290.21,312.34,32.82,19.77,41.07,80.23,30.18,39.16,8.98,8.98
2009,HI,Mathematics,8,White,281.93,261.51,283.71,305.04,33.92,25.71,43.21,74.29,25.49,31.09,5.60,5.60
2009,ID,Mathematics,8,White,291.77,271.22,293.39,314.34,32.30,17.07,39.94,82.93,33.77,42.99,9.22,9.22
2009,IL,Mathematics,8,White,293.88,273.33,294.39,314.75,30.71,14.64,41.57,85.36,33.58,43.79,10.21,10.21
2009,IN,Mathematics,8,White,291.22,271.01,292.04,312.32,30.65,16.97,42.11,83.03,32.56,40.93,8.37,8.37
2009,IA,Mathematics,8,White,286.88,266.61,288.78,308.68,32.62,20.71,42.70,79.29,29.47,36.59,7.11,7.11
2009,KS,Mathematics,8,White,294.11,273.22,294.91,315.71,30.92,15.09,39.55,84.91,35.40,45.35,9.95,9.95
2009,KY,Mathematics,8,White,281.76,260.32,281.38,303.23,31.44,26.70,44.15,73.30,23.93,29.15,5.21,5.21
2009,LA,Mathematics,8,White,283.29,263.43,282.38,302.62,30.33,23.43,47.78,76.57,22.88,28.79,5.91,5.91
2009,ME,Mathematics,8,White,287.17,265.60,287.39,309.27,32.64,21.40,42.76,78.60,27.65,35.85,8.20,8.20
2009,MD,Mathematics,8,White,302.92,280.78,303.88,325.49,32.11,10.52,33.48,89.48,37.69,56.00,18.31,18.31
2009,MA,Mathematics,8,White,305.00,284.02,306.06,327.22,32.08,8.89,32.58,91.11,39.00,58.53,19.53,19.53
2009,MI,Mathematics,8,White,286.16,263.80,287.54,310.08,34.07,23.45,39.70,76.55,29.08,36.84,7.76,7.76
2009,MN,Mathematics,8,White,300.38,279.93,301.62,322.20,31.53,11.40,35.29,88.60,38.03,53.31,15.28,15.28
2009,MS,Mathematics,8,White,279.44,260.79,279.81,299.33,29.14,26.40,48.18,73.60,22.46,25.42,2.96,2.96
2009,MO,Mathematics,8,White,289.94,269.88,290.69,311.28,30.56,17.98,42.81,82.02,31.95,39.21,7.26,7.26
2009,MT,Mathematics,8,White,295.84,276.81,296.92,317.16,31.58,13.27,39.28,86.73,36.25,47.45,11.20,11.20
2009,NE,Mathematics,8,White,291.28,270.75,292.27,313.04,31.62,17.25,41.55,82.75,31.74,41.19,9.45,9.45
2009,NV,Mathematics,8,White,287.05,264.95,287.41,309.17,32.05,21.91,42.11,78.09,28.46,35.98,7.52,7.52
2009,NH,Mathematics,8,White,292.94,270.82,293.81,315.90,32.83,17.44,38.79,82.56,32.68,43.78,11.10,11.10
2009,NJ,Mathematics,8,White,301.55,280.70,302.46,323.61,32.59,10.65,35.27,89.35,37.31,54.09,16.78,16.78
2009,NM,Mathematics,8,White,288.40,268.54,290.15,310.48,32.41,19.45,41.27,80.55,32.32,39.28,6.96,6.96
2009,NY,Mathematics,8,White,293.81,274.11,294.82,314.58,30.82,14.14,42.09,85.86,34.11,43.77,9.66,9.66
2009,NC,Mathematics,8,White,296.68,274.63,298.10,319.71,33.28,15.10,35.86,84.90,35.41,49.04,13.62,13.62
2009,ND,Mathematics,8,White,296.11,278.82,296.44,314.03,26.15,9.76,44.11,90.24,38.24,46.13,7.90,7.90
2009,OH,Mathematics,8,White,291.13,270.59,291.98,313.21,32.04,17.13,41.76,82.87,32.09,41.10,9.01,9.01
2009,OK,Mathematics,8,White,282.08,262.61,282.81,302.55,30.56,24.28,46.52,75.72,24.86,29.20,4.34,4.34
2009,OR,Mathematics,8,White,290.03,268.59,291.98,313.38,34.11,19.44,39.14,80.56,31.94,41.42,9.48,9.48
2009,PA,Mathematics,8,White,294.12,273.81,295.60,316.52,33.03,15.53,39.19,84.47,34.13,45.28,11.15,11.15
2009,RI,Mathematics,8,White,285.74,264.07,286.16,308.29,32.85,23.01,42.19,76.99,27.64,34.80,7.16,7.16
2009,SC,Mathematics,8,White,292.59,270.90,293.55,315.25,33.11,17.37,39.32,82.63,32.70,43.31,10.61,10.61
2009,SD,Mathematics,8,White,294.87,276.74,296.31,314.77,28.61,12.61,41.24,87.39,38.03,46.16,8.12,8.12
2009,TN,Mathematics,8,White,282.03,260.23,282.32,304.39,32.22,26.65,43.00,73.35,24.68,30.35,5.67,5.67
2009,TX,Mathematics,8,White,300.76,281.01,301.67,322.83,31.63,10.94,35.33,89.06,37.85,53.73,15.88,15.88
2009,UT,Mathematics,8,White,289.49,269.10,291.28,311.75,31.81,19.00,40.78,81.00,32.55,40.22,7.67,7.67
2009,VT,Mathematics,8,White,293.04,270.28,293.69,317.13,34.43,18.47,37.82,81.53,31.15,43.72,12.56,12.56
2009,VA,Mathematics,8,White,293.56,272.06,294.87,316.04,32.09,15.83,39.69,84.17,34.11,44.48,10.37,10.37
2009,WA,Mathematics,8,White,295.12,274.21,295.95,317.25,32.25,14.95,39.02,85.05,34.25,46.03,11.78,11.78
2009,WV,Mathematics,8,White,270.62,248.96,271.43,293.12,33.06,38.76,41.60,61.24,17.25,19.64,2.39,2.39
2009,WI,Mathematics,8,White,294.40,275.23,295.21,315.52,30.66,13.77,41.27,86.23,35.07,44.96,9.88,9.88
2009,WY,Mathematics,8,White,289.37,269.47,290.54,309.99,30.79,18.30,43.61,81.70,30.54,38.09,7.54,7.54
2009,AL,Mathematics,8,Black,248.01,226.01,249.14,270.53,34.26,65.67,28.34,34.33,5.33,5.99,0.66,0.66
2009,AK,Mathematics,8,Black,267.91,247.77,268.40,292.03,31.39,42.03,41.12,57.97,15.68,16.85,1.17,1.17
2009,AZ,Mathematics,8,Black,268.73,243.07,268.65,296.57,40.14,42.48,34.53,57.52,17.78,22.98,5.21,5.21
2009,AR,Mathematics,8,Black,250.52,229.27,251.60,272.28,34.00,64.46,27.81,35.54,7.30,7.73,999.00,999.00
2009,CA,Mathematics,8,Black,250.17,222.04,250.67,277.13,37.89,60.37,29.78,39.63,8.96,9.86,0.90,0.90
2009,CO,Mathematics,8,Black,262.60,238.54,264.74,288.32,35.14,47.21,37.15,52.79,14.52,15.65,1.12,1.12
2009,CT,Mathematics,8,Black,261.02,241.58,262.83,282.76,31.22,49.63,39.89,50.37,9.94,10.48,0.54,0.54
2009,DE,Mathematics,8,Black,267.05,248.76,267.80,286.36,29.73,41.87,45.17,58.13,11.74,12.96,1.22,1.22
2009,DC,Mathematics,8,Black,249.07,226.31,249.51,272.65,34.70,64.07,28.41,35.93,7.08,7.52,999.00,999.00
2009,FL,Mathematics,8,Black,263.58,243.93,264.81,286.33,32.58,46.54,40.16,53.46,12.58,13.30,0.73,0.73
2009,GA,Mathematics,8,Black,262.49,242.98,262.08,283.25,30.42,49.94,38.56,50.06,10.79,11.50,0.70,0.70
2009,HI,Mathematics,8,Black,271.01,248.59,270.23,293.42,34.40,40.24,38.59,59.76,16.80,21.17,4.37,4.37
2009,ID,Mathematics,8,Black,999.00,999.00,999.00,999.00,999.00,999.00,999.00,999.00,999.00,999.00,999.00,999.00
2009,IL,Mathematics,8,Black,254.67,233.22,254.70,276.52,32.80,58.57,32.57,41.43,8.13,8.86,0.73,0.73
2009,IN,Mathematics,8,Black,266.05,246.84,264.46,285.62,29.88,46.20,39.43,53.80,13.01,14.37,1.36,1.36
2009,IA,Mathematics,8,Black,259.28,238.55,261.22,282.27,33.76,50.32,40.41,49.68,7.72,9.26,1.54,1.54
2009,KS,Mathematics,8,Black,264.09,242.44,263.77,287.28,33.00,47.68,37.10,52.32,14.24,15.22,0.98,0.98
2009,KY,Mathematics,8,Black,257.73,237.76,258.37,278.11,30.17,55.20,36.61,44.80,7.73,8.18,999.00,999.00
2009,LA,Mathematics,8,Black,256.71,237.94,257.04,275.80,29.47,57.36,35.39,42.64,6.68,7.25,0.57,0.57
2009,ME,Mathematics,8,Black,260.50,234.68,257.61,283.68,37.50,54.46,31.79,45.54,8.94,13.74,4.80,4.80
2009,MD,Mathematics,8,Black,265.75,243.83,266.01,287.28,31.43,45.48,39.59,54.52,13.49,14.93,1.44,1.44
2009,MA,Mathematics,8,Black,271.86,247.35,273.90,296.88,35.80,38.22,38.58,61.78,20.13,23.20,3.07,3.07
2009,MI,Mathematics,8,Black,245.83,223.52,245.46,269.08,34.15,67.93,26.57,32.07,4.77,5.50,0.73,0.73
2009,MN,Mathematics,8,Black,263.62,242.47,264.19,284.01,32.57,47.05,39.70,52.95,11.11,13.25,2.14,2.14
2009,MS,Mathematics,8,Black,251.00,231.47,250.85,270.38,29.17,64.46,30.56,35.54,4.75,4.98,999.00,999.00
2009,MO,Mathematics,8,Black,259.66,238.83,258.97,278.02,30.89,54.34,35.03,45.66,8.93,10.63,1.69,1.69
2009,MT,Mathematics,8,Black,999.00,999.00,999.00,999.00,999.00,999.00,999.00,999.00,999.00,999.00,999.00,999.00
2009,NE,Mathematics,8,Black,252.84,227.06,251.77,278.32,37.05,59.93,29.60,40.07,8.84,10.47,1.63,1.63
2009,NV,Mathematics,8,Black,255.62,235.14,254.78,276.56,32.66,58.77,31.71,41.23,8.96,9.52,0.55,0.55
2009,NH,Mathematics,8,Black,999.00,999.00,999.00,999.00,999.00,999.00,999.00,999.00,999.00,999.00,999.00,999.00
2009,NJ,Mathematics,8,Black,267.17,246.30,267.76,289.64,34.35,41.94,41.47,58.06,14.21,16.59,2.38,2.38
2009,NM,Mathematics,8,Black,259.04,239.25,265.09,285.36,39.13,45.10,42.34,54.90,10.61,12.56,1.95,1.95
2009,NY,Mathematics,8,Black,261.51,239.25,262.67,284.25,32.90,48.85,38.53,51.15,11.74,12.62,0.89,0.89
2009,NC,Mathematics,8,Black,262.38,241.88,264.69,284.47,32.33,46.70,41.36,53.30,11.10,11.94,0.84,0.84
2009,ND,Mathematics,8,Black,999.00,999.00,999.00,999.00,999.00,999.00,999.00,999.00,999.00,999.00,999.00,999.00
2009,OH,Mathematics,8,Black,259.57,239.43,257.60,280.63,30.89,55.35,33.78,44.65,9.63,10.87,1.24,1.24
2009,OK,Mathematics,8,Black,260.64,240.79,262.79,281.78,30.59,49.01,40.83,50.99,9.63,10.16,0.53,0.53
2009,OR,Mathematics,8,Black,264.00,242.21,265.28,285.10,31.48,46.52,41.14,53.48,11.47,12.34,0.88,0.88
2009,PA,Mathematics,8,Black,260.28,239.53,261.46,284.68,34.49,50.67,36.15,49.33,12.27,13.17,0.91,0.91
2009,RI,Mathematics,8,Black,256.06,235.33,258.22,276.35,31.67,55.33,37.04,44.67,6.89,7.64,0.75,0.75
2009,SC,Mathematics,8,Black,263.42,243.50,263.08,284.25,30.48,48.39,39.52,51.61,11.27,12.09,0.82,0.82
2009,SD,Mathematics,8,Black,999.00,999.00,999.00,999.00,999.00,999.00,999.00,999.00,999.00,999.00,999.00,999.00
2009,TN,Mathematics,8,Black,253.85,230.78,253.22,276.57,33.87,60.18,30.04,39.82,8.99,9.78,0.80,0.80
2009,TX,Mathematics,8,Black,272.26,254.72,272.06,289.89,29.06,33.90,48.81,66.10,15.24,17.29,2.06,2.06
2009,UT,Mathematics,8,Black,999.00,999.00,999.00,999.00,999.00,999.00,999.00,999.00,999.00,999.00,999.00,999.00
2009,VT,Mathematics,8,Black,999.00,999.00,999.00,999.00,999.00,999.00,999.00,999.00,999.00,999.00,999.00,999.00
2009,VA,Mathematics,8,Black,267.98,248.47,269.36,288.35,30.09,40.78,44.82,59.22,13.15,14.40,1.25,1.25
2009,WA,Mathematics,8,Black,268.53,247.03,270.31,289.86,34.98,39.95,43.83,60.05,11.76,16.23,4.47,4.47
2009,WV,Mathematics,8,Black,263.31,244.36,264.08,283.33,31.48,46.96,41.79,53.04,10.07,11.25,1.18,1.18
2009,WI,Mathematics,8,Black,253.65,229.97,252.24,275.59,35.54,61.51,27.52,38.49,9.35,10.96,1.61,1.61
2009,WY,Mathematics,8,Black,999.00,999.00,999.00,999.00,999.00,999.00,999.00,999.00,999.00,999.00,999.00,999.00
2009,AL,Mathematics,8,Hispanic,259.92,238.43,260.91,284.10,32.62,50.96,39.22,49.04,9.82,9.82,999.00,999.00
2009,AK,Mathematics,8,Hispanic,275.44,254.17,277.25,297.14,33.95,31.23,45.78,68.77,18.45,22.99,4.54,4.54
2009,AZ,Mathematics,8,Hispanic,265.22,243.42,267.51,289.71,34.66,43.77,39.90,56.23,15.14,16.33,1.19,1.19
2009,AR,Mathematics,8,Hispanic,269.06,251.03,272.61,289.74,31.00,36.64,48.00,63.36,14.36,15.35,0.99,0.99
2009,CA,Mathematics,8,Hispanic,256.44,233.89,257.42,279.55,34.32,55.16,34.32,44.84,9.59,10.52,0.92,0.92
2009,CO,Mathematics,8,Hispanic,266.67,244.29,266.34,289.36,33.44,45.32,37.17,54.68,15.42,17.52,2.10,2.10
2009,CT,Mathematics,8,Hispanic,263.41,241.23,265.92,286.77,33.99,45.22,40.64,54.78,12.91,14.14,1.23,1.23
2009,DE,Mathematics,8,Hispanic,277.57,260.18,278.77,297.17,27.60,27.56,50.39,72.44,20.22,22.05,1.84,1.84
2009,DC,Mathematics,8,Hispanic,265.43,242.40,270.66,291.74,37.28,41.65,40.71,58.35,16.13,17.64,1.51,1.51
2009,FL,Mathematics,8,Hispanic,273.98,252.66,275.31,296.06,33.21,33.92,44.08,66.08,18.84,22.00,3.15,3.15
2009,GA,Mathematics,8,Hispanic,270.31,249.49,269.15,291.17,29.86,40.91,40.66,59.09,16.59,18.43,1.84,1.84
2009,HI,Mathematics,8,Hispanic,276.16,255.08,279.51,300.23,36.35,29.95,44.12,70.05,21.89,25.93,4.04,4.04
2009,ID,Mathematics,8,Hispanic,264.13,244.12,265.34,287.04,33.67,45.95,39.09,54.05,14.06,14.96,0.90,0.90
2009,IL,Mathematics,8,Hispanic,268.66,248.33,269.44,290.96,31.21,40.56,42.41,59.44,15.91,17.03,1.12,1.12
2009,IN,Mathematics,8,Hispanic,272.81,251.92,272.91,292.59,29.78,36.44,44.76,63.56,16.89,18.80,1.91,1.91
2009,IA,Mathematics,8,Hispanic,266.06,246.04,268.36,287.49,31.96,42.73,42.26,57.27,14.45,15.01,0.56,0.56
2009,KS,Mathematics,8,Hispanic,273.93,254.44,274.61,295.42,31.92,34.70,43.33,65.30,18.93,21.96,3.03,3.03
2009,KY,Mathematics,8,Hispanic,271.71,248.88,274.46,295.09,33.13,37.41,40.91,62.59,19.06,21.69,2.63,2.63
2009,LA,Mathematics,8,Hispanic,999.00,999.00,999.00,999.00,999.00,999.00,999.00,999.00,999.00,999.00,999.00,999.00
2009,ME,Mathematics,8,Hispanic,999.00,999.00,999.00,999.00,999.00,999.00,999.00,999.00,999.00,999.00,999.00,999.00
2009,MD,Mathematics,8,Hispanic,274.86,250.66,275.87,300.02,35.07,35.99,38.42,64.01,21.24,25.59,4.35,4.35
2009,MA,Mathematics,8,Hispanic,271.09,247.78,272.74,294.99,35.89,38.32,40.36,61.68,17.65,21.32,3.67,3.67
2009,MI,Mathematics,8,Hispanic,269.50,246.75,271.96,291.23,32.76,38.30,45.09,61.70,14.47,16.62,2.14,2.14
2009,MN,Mathematics,8,Hispanic,268.97,245.55,265.99,292.25,34.87,44.85,34.10,55.15,17.11,21.06,3.95,3.95
2009,MS,Mathematics,8,Hispanic,999.00,999.00,999.00,999.00,999.00,999.00,999.00,999.00,999.00,999.00,999.00,999.00
2009,MO,Mathematics,8,Hispanic,283.92,262.92,287.42,310.61,33.81,23.96,38.56,76.04,33.87,37.48,3.61,3.61
2009,MT,Mathematics,8,Hispanic,278.39,255.18,282.39,300.33,33.61,30.31,42.39,69.69,22.61,27.30,4.69,4.69
2009,NE,Mathematics,8,Hispanic,262.05,242.73,262.08,283.85,30.28,49.67,40.12,50.33,9.55,10.21,0.65,0.65
2009,NV,Mathematics,8,Hispanic,261.70,240.04,261.87,284.00,33.82,50.22,36.52,49.78,11.55,13.26,1.71,1.71
2009,NH,Mathematics,8,Hispanic,270.09,246.40,267.50,296.18,38.82,45.16,32.39,54.84,16.57,22.45,5.88,5.88
2009,NJ,Mathematics,8,Hispanic,271.76,250.32,273.11,295.61,35.17,36.95,41.09,63.05,18.73,21.95,3.23,3.23
2009,NM,Mathematics,8,Hispanic,262.14,241.86,262.45,283.13,31.93,49.53,38.83,50.47,10.23,11.64,1.41,1.41
2009,NY,Mathematics,8,Hispanic,262.24,239.67,263.81,287.35,36.51,48.22,36.71,51.78,13.14,15.08,1.94,1.94
2009,NC,Mathematics,8,Hispanic,274.09,253.93,274.69,297.60,32.40,33.24,42.69,66.76,21.58,24.07,2.49,2.49
2009,ND,Mathematics,8,Hispanic,999.00,999.00,999.00,999.00,999.00,999.00,999.00,999.00,999.00,999.00,999.00,999.00
2009,OH,Mathematics,8,Hispanic,267.31,247.17,266.95,289.54,29.61,42.16,41.47,57.84,15.93,16.36,999.00,999.00
2009,OK,Mathematics,8,Hispanic,262.65,241.08,262.30,284.14,31.35,49.54,38.33,50.46,10.81,12.13,1.32,1.32
2009,OR,Mathematics,8,Hispanic,263.83,242.51,264.98,286.62,32.81,46.22,38.28,53.78,14.31,15.49,1.18,1.18
2009,PA,Mathematics,8,Hispanic,266.14,239.84,266.81,290.20,35.92,44.82,37.15,55.18,14.94,18.04,3.10,3.10
2009,RI,Mathematics,8,Hispanic,255.04,234.50,256.57,276.65,33.12,56.96,35.37,43.04,6.40,7.67,1.26,1.26
2009,SC,Mathematics,8,Hispanic,269.35,248.66,268.28,288.36,30.70,42.80,41.30,57.20,12.56,15.90,3.35,3.35
2009,SD,Mathematics,8,Hispanic,268.10,250.56,270.20,287.11,28.77,38.32,49.11,61.68,12.00,12.57,0.57,0.57
2009,TN,Mathematics,8,Hispanic,270.40,249.77,270.18,292.61,31.37,38.93,41.91,61.07,17.39,19.16,1.78,1.78
2009,TX,Mathematics,8,Hispanic,277.23,257.66,278.18,298.69,30.41,29.57,45.64,70.43,22.37,24.78,2.42,2.42
2009,UT,Mathematics,8,Hispanic,259.23,237.21,258.68,280.62,31.95,53.65,34.89,46.35,10.67,11.46,0.79,0.79
2009,VT,Mathematics,8,Hispanic,999.00,999.00,999.00,999.00,999.00,999.00,999.00,999.00,999.00,999.00,999.00,999.00
2009,VA,Mathematics,8,Hispanic,274.21,252.82,274.98,296.48,31.23,35.42,41.67,64.58,20.33,22.91,2.58,2.58
2009,WA,Mathematics,8,Hispanic,263.50,241.19,264.10,285.35,32.57,47.12,40.35,52.88,10.42,12.54,2.11,2.11
2009,WV,Mathematics,8,Hispanic,999.00,999.00,999.00,999.00,999.00,999.00,999.00,999.00,999.00,999.00,999.00,999.00
2009,WI,Mathematics,8,Hispanic,268.44,243.07,267.23,293.96,35.50,44.00,35.80,56.00,17.38,20.20,2.82,2.82
2009,WY,Mathematics,8,Hispanic,269.09,248.28,267.96,288.18,30.10,40.21,44.70,59.79,12.44,15.09,2.65,2.65
2009,AL,Mathematics,8,Asian,999.00,999.00,999.00,999.00,999.00,999.00,999.00,999.00,999.00,999.00,999.00,999.00
2009,AK,Mathematics,8,Asian,281.66,258.95,282.26,307.21,35.14,27.82,40.85,72.18,24.55,31.33,6.79,6.79
2009,AZ,Mathematics,8,Asian,294.56,273.16,299.89,323.92,43.87,18.54,29.82,81.46,33.33,51.64,18.31,18.31
2009,AR,Mathematics,8,Asian,999.00,999.00,999.00,999.00,999.00,999.00,999.00,999.00,999.00,999.00,999.00,999.00
2009,CA,Mathematics,8,Asian,293.65,270.93,296.18,318.24,35.02,17.95,35.94,82.05,33.36,46.12,12.75,12.75
2009,CO,Mathematics,8,Asian,301.17,280.32,303.75,325.18,36.40,14.08,30.72,85.92,37.04,55.19,18.16,18.16
2009,CT,Mathematics,8,Asian,304.89,286.23,306.66,325.29,30.58,10.13,29.24,89.87,42.61,60.63,18.02,18.02
2009,DE,Mathematics,8,Asian,312.47,292.36,314.80,335.47,32.45,7.97,23.32,92.03,41.56,68.71,27.15,27.15
2009,DC,Mathematics,8,Asian,999.00,999.00,999.00,999.00,999.00,999.00,999.00,999.00,999.00,999.00,999.00,999.00
2009,FL,Mathematics,8,Asian,302.28,281.49,304.73,328.37,35.23,12.72,32.49,87.28,36.17,54.79,18.62,18.62
2009,GA,Mathematics,8,Asian,300.06,272.26,297.87,326.24,35.12,14.34,36.97,85.66,29.00,48.69,19.69,19.69
2009,HI,Mathematics,8,Asian,273.61,249.95,275.79,298.78,36.93,35.54,39.71,64.46,20.34,24.74,4.40,4.40
2009,ID,Mathematics,8,Asian,999.00,999.00,999.00,999.00,999.00,999.00,999.00,999.00,999.00,999.00,999.00,999.00
2009,IL,Mathematics,8,Asian,304.46,285.19,307.57,328.13,33.52,10.75,29.57,89.25,40.65,59.67,19.03,19.03
2009,IN,Mathematics,8,Asian,999.00,999.00,999.00,999.00,999.00,999.00,999.00,999.00,999.00,999.00,999.00,999.00
2009,IA,Mathematics,8,Asian,999.00,999.00,999.00,999.00,999.00,999.00,999.00,999.00,999.00,999.00,999.00,999.00
2009,KS,Mathematics,8,Asian,999.00,999.00,999.00,999.00,999.00,999.00,999.00,999.00,999.00,999.00,999.00,999.00
2009,KY,Mathematics,8,Asian,999.00,999.00,999.00,999.00,999.00,999.00,999.00,999.00,999.00,999.00,999.00,999.00
2009,LA,Mathematics,8,Asian,999.00,999.00,999.00,999.00,999.00,999.00,999.00,999.00,999.00,999.00,999.00,999.00
2009,ME,Mathematics,8,Asian,999.00,999.00,999.00,999.00,999.00,999.00,999.00,999.00,999.00,999.00,999.00,999.00
2009,MD,Mathematics,8,Asian,319.57,300.47,320.37,342.07,31.89,4.71,18.90,95.29,41.34,76.39,35.05,35.05
2009,MA,Mathematics,8,Asian,314.14,285.26,317.12,343.83,39.69,9.69,24.29,90.31,31.26,66.02,34.76,34.76
2009,MI,Mathematics,8,Asian,309.36,284.84,310.68,336.25,36.41,11.35,29.40,88.65,31.05,59.24,28.20,28.20
2009,MN,Mathematics,8,Asian,282.53,254.41,282.37,314.05,40.17,32.35,32.45,67.65,24.02,35.20,11.18,11.18
2009,MS,Mathematics,8,Asian,999.00,999.00,999.00,999.00,999.00,999.00,999.00,999.00,999.00,999.00,999.00,999.00
2009,MO,Mathematics,8,Asian,999.00,999.00,999.00,999.00,999.00,999.00,999.00,999.00,999.00,999.00,999.00,999.00
2009,MT,Mathematics,8,Asian,999.00,999.00,999.00,999.00,999.00,999.00,999.00,999.00,999.00,999.00,999.00,999.00
2009,NE,Mathematics,8,Asian,999.00,999.00,999.00,999.00,999.00,999.00,999.00,999.00,999.00,999.00,999.00,999.00
2009,NV,Mathematics,8,Asian,282.63,257.47,280.57,306.99,33.98,29.61,37.62,70.39,26.00,32.76,6.77,6.77
2009,NH,Mathematics,8,Asian,308.43,282.28,313.05,333.97,33.84,8.99,29.24,91.01,35.38,61.77,26.39,26.39
2009,NJ,Mathematics,8,Asian,323.44,300.82,326.44,348.42,36.57,5.44,17.70,94.56,34.28,76.86,42.58,42.58
2009,NM,Mathematics,8,Asian,999.00,999.00,999.00,999.00,999.00,999.00,999.00,999.00,999.00,999.00,999.00,999.00
2009,NY,Mathematics,8,Asian,308.75,286.00,310.01,334.56,35.83,10.44,26.23,89.56,37.14,63.33,26.19,26.19
2009,NC,Mathematics,8,Asian,311.35,283.22,317.45,342.47,46.87,13.15,21.81,86.85,29.00,65.04,36.03,36.03
2009,ND,Mathematics,8,Asian,999.00,999.00,999.00,999.00,999.00,999.00,999.00,999.00,999.00,999.00,999.00,999.00
2009,OH,Mathematics,8,Asian,999.00,999.00,999.00,999.00,999.00,999.00,999.00,999.00,999.00,999.00,999.00,999.00
2009,OK,Mathematics,8,Asian,289.29,267.51,287.11,312.34,32.58,19.62,42.41,80.38,29.48,37.97,8.49,8.49
2009,OR,Mathematics,8,Asian,296.40,272.24,298.31,324.82,39.57,20.39,29.61,79.61,32.01,50.00,17.99,17.99
2009,PA,Mathematics,8,Asian,305.27,283.85,309.04,332.22,35.85,13.50,26.57,86.50,34.91,59.93,25.02,25.02
2009,RI,Mathematics,8,Asian,292.47,273.14,291.30,312.50,30.14,14.77,45.70,85.23,29.09,39.53,10.44,10.44
2009,SC,Mathematics,8,Asian,999.00,999.00,999.00,999.00,999.00,999.00,999.00,999.00,999.00,999.00,999.00,999.00
2009,SD,Mathematics,8,Asian,999.00,999.00,999.00,999.00,999.00,999.00,999.00,999.00,999.00,999.00,999.00,999.00
2009,TN,Mathematics,8,Asian,999.00,999.00,999.00,999.00,999.00,999.00,999.00,999.00,999.00,999.00,999.00,999.00
2009,TX,Mathematics,8,Asian,313.10,291.46,317.46,338.30,36.48,8.43,24.69,91.57,35.79,66.87,31.08,31.08
2009,UT,Mathematics,8,Asian,275.98,250.51,276.48,301.40,40.70,36.35,36.63,63.65,20.48,27.02,6.54,6.54
2009,VT,Mathematics,8,Asian,999.00,999.00,999.00,999.00,999.00,999.00,999.00,999.00,999.00,999.00,999.00,999.00
2009,VA,Mathematics,8,Asian,304.15,277.90,304.19,331.22,35.67,10.70,34.77,89.30,30.56,54.53,23.97,23.97
2009,WA,Mathematics,8,Asian,301.67,274.94,301.81,327.97,36.95,14.57,31.96,85.43,31.62,53.47,21.84,21.84
2009,WV,Mathematics,8,Asian,999.00,999.00,999.00,999.00,999.00,999.00,999.00,999.00,999.00,999.00,999.00,999.00
2009,WI,Mathematics,8,Asian,289.05,269.01,290.83,310.76,30.27,18.23,42.23,81.77,32.92,39.54,6.62,6.62
2009,WY,Mathematics,8,Asian,999.00,999.00,999.00,999.00,999.00,999.00,999.00,999.00,999.00,999.00,999.00,999.00
2009,AL,Mathematics,8,American Indian or Alaskan Native,999.00,999.00,999.00,999.00,999.00,999.00,999.00,999.00,999.00,999.00,999.00,999.00
2009,AK,Mathematics,8,American Indian or Alaskan Native,262.15,238.83,263.05,286.02,36.12,49.15,35.82,50.85,13.04,15.03,2.00,2.00
2009,AZ,Mathematics,8,American Indian or Alaskan Native,254.49,230.52,256.43,279.01,38.71,56.58,31.76,43.42,9.94,11.67,1.73,1.73
2009,AR,Mathematics,8,American Indian or Alaskan Native,999.00,999.00,999.00,999.00,999.00,999.00,999.00,999.00,999.00,999.00,999.00,999.00
2009,CA,Mathematics,8,American Indian or Alaskan Native,999.00,999.00,999.00,999.00,999.00,999.00,999.00,999.00,999.00,999.00,999.00,999.00
2009,CO,Mathematics,8,American Indian or Alaskan Native,999.00,999.00,999.00,999.00,999.00,999.00,999.00,999.00,999.00,999.00,999.00,999.00
2009,CT,Mathematics,8,American Indian or Alaskan Native,999.00,999.00,999.00,999.00,999.00,999.00,999.00,999.00,999.00,999.00,999.00,999.00
2009,DE,Mathematics,8,American Indian or Alaskan Native,999.00,999.00,999.00,999.00,999.00,999.00,999.00,999.00,999.00,999.00,999.00,999.00
2009,DC,Mathematics,8,American Indian or Alaskan Native,999.00,999.00,999.00,999.00,999.00,999.00,999.00,999.00,999.00,999.00,999.00,999.00
2009,FL,Mathematics,8,American Indian or Alaskan Native,999.00,999.00,999.00,999.00,999.00,999.00,999.00,999.00,999.00,999.00,999.00,999.00
2009,GA,Mathematics,8,American Indian or Alaskan Native,999.00,999.00,999.00,999.00,999.00,999.00,999.00,999.00,999.00,999.00,999.00,999.00
2009,HI,Mathematics,8,American Indian or Alaskan Native,999.00,999.00,999.00,999.00,999.00,999.00,999.00,999.00,999.00,999.00,999.00,999.00
2009,ID,Mathematics,8,American Indian or Alaskan Native,999.00,999.00,999.00,999.00,999.00,999.00,999.00,999.00,999.00,999.00,999.00,999.00
2009,IL,Mathematics,8,American Indian or Alaskan Native,999.00,999.00,999.00,999.00,999.00,999.00,999.00,999.00,999.00,999.00,999.00,999.00
2009,IN,Mathematics,8,American Indian or Alaskan Native,999.00,999.00,999.00,999.00,999.00,999.00,999.00,999.00,999.00,999.00,999.00,999.00
2009,IA,Mathematics,8,American Indian or Alaskan Native,999.00,999.00,999.00,999.00,999.00,999.00,999.00,999.00,999.00,999.00,999.00,999.00
2009,KS,Mathematics,8,American Indian or Alaskan Native,999.00,999.00,999.00,999.00,999.00,999.00,999.00,999.00,999.00,999.00,999.00,999.00
2009,KY,Mathematics,8,American Indian or Alaskan Native,999.00,999.00,999.00,999.00,999.00,999.00,999.00,999.00,999.00,999.00,999.00,999.00
2009,LA,Mathematics,8,American Indian or Alaskan Native,999.00,999.00,999.00,999.00,999.00,999.00,999.00,999.00,999.00,999.00,999.00,999.00
2009,ME,Mathematics,8,American Indian or Alaskan Native,999.00,999.00,999.00,999.00,999.00,999.00,999.00,999.00,999.00,999.00,999.00,999.00
2009,MD,Mathematics,8,American Indian or Alaskan Native,999.00,999.00,999.00,999.00,999.00,999.00,999.00,999.00,999.00,999.00,999.00,999.00
2009,MA,Mathematics,8,American Indian or Alaskan Native,999.00,999.00,999.00,999.00,999.00,999.00,999.00,999.00,999.00,999.00,999.00,999.00
2009,MI,Mathematics,8,American Indian or Alaskan Native,999.00,999.00,999.00,999.00,999.00,999.00,999.00,999.00,999.00,999.00,999.00,999.00
2009,MN,Mathematics,8,American Indian or Alaskan Native,276.70,261.09,278.15,295.47,32.08,26.46,52.46,73.54,17.11,21.08,3.97,3.97
2009,MS,Mathematics,8,American Indian or Alaskan Native,999.00,999.00,999.00,999.00,999.00,999.00,999.00,999.00,999.00,999.00,999.00,999.00
2009,MO,Mathematics,8,American Indian or Alaskan Native,999.00,999.00,999.00,999.00,999.00,999.00,999.00,999.00,999.00,999.00,999.00,999.00
2009,MT,Mathematics,8,American Indian or Alaskan Native,259.93,236.99,263.37,285.88,40.29,48.59,35.51,51.41,13.60,15.90,2.31,2.31
2009,NE,Mathematics,8,American Indian or Alaskan Native,999.00,999.00,999.00,999.00,999.00,999.00,999.00,999.00,999.00,999.00,999.00,999.00
2009,NV,Mathematics,8,American Indian or Alaskan Native,999.00,999.00,999.00,999.00,999.00,999.00,999.00,999.00,999.00,999.00,999.00,999.00
2009,NH,Mathematics,8,American Indian or Alaskan Native,999.00,999.00,999.00,999.00,999.00,999.00,999.00,999.00,999.00,999.00,999.00,999.00
2009,NJ,Mathematics,8,American Indian or Alaskan Native,999.00,999.00,999.00,999.00,999.00,999.00,999.00,999.00,999.00,999.00,999.00,999.00
2009,NM,Mathematics,8,American Indian or Alaskan Native,255.98,233.34,257.89,280.99,35.09,54.41,35.62,45.59,8.97,9.96,0.99,0.99
2009,NY,Mathematics,8,American Indian or Alaskan Native,999.00,999.00,999.00,999.00,999.00,999.00,999.00,999.00,999.00,999.00,999.00,999.00
2009,NC,Mathematics,8,American Indian or Alaskan Native,255.99,228.90,255.62,283.17,39.52,55.33,30.29,44.67,12.48,14.38,1.90,1.90
2009,ND,Mathematics,8,American Indian or Alaskan Native,262.63,236.88,263.13,288.76,36.02,48.26,35.69,51.74,14.48,16.05,1.57,1.57
2009,OH,Mathematics,8,American Indian or Alaskan Native,999.00,999.00,999.00,999.00,999.00,999.00,999.00,999.00,999.00,999.00,999.00,999.00
2009,OK,Mathematics,8,American Indian or Alaskan Native,269.50,247.06,270.67,292.05,34.14,40.34,40.66,59.66,16.50,19.00,2.50,2.50
2009,OR,Mathematics,8,American Indian or Alaskan Native,273.13,250.15,275.97,298.39,37.35,35.53,39.68,64.47,18.95,24.79,5.84,5.84
2009,PA,Mathematics,8,American Indian or Alaskan Native,999.00,999.00,999.00,999.00,999.00,999.00,999.00,999.00,999.00,999.00,999.00,999.00
2009,RI,Mathematics,8,American Indian or Alaskan Native,999.00,999.00,999.00,999.00,999.00,999.00,999.00,999.00,999.00,999.00,999.00,999.00
2009,SC,Mathematics,8,American Indian or Alaskan Native,999.00,999.00,999.00,999.00,999.00,999.00,999.00,999.00,999.00,999.00,999.00,999.00
2009,SD,Mathematics,8,American Indian or Alaskan Native,266.07,244.53,266.03,290.46,32.45,45.25,37.85,54.75,15.73,16.90,1.17,1.17
2009,TN,Mathematics,8,American Indian or Alaskan Native,999.00,999.00,999.00,999.00,999.00,999.00,999.00,999.00,999.00,999.00,999.00,999.00
2009,TX,Mathematics,8,American Indian or Alaskan Native,999.00,999.00,999.00,999.00,999.00,999.00,999.00,999.00,999.00,999.00,999.00,999.00
2009,UT,Mathematics,8,American Indian or Alaskan Native,263.12,240.20,263.31,286.23,36.17,49.37,32.42,50.63,17.16,18.21,1.06,1.06
2009,VT,Mathematics,8,American Indian or Alaskan Native,999.00,999.00,999.00,999.00,999.00,999.00,999.00,999.00,999.00,999.00,999.00,999.00
2009,VA,Mathematics,8,American Indian or Alaskan Native,999.00,999.00,999.00,999.00,999.00,999.00,999.00,999.00,999.00,999.00,999.00,999.00
2009,WA,Mathematics,8,American Indian or Alaskan Native,268.88,235.78,273.93,298.61,42.70,41.96,35.35,58.04,14.61,22.69,8.08,8.08
2009,WV,Mathematics,8,American Indian or Alaskan Native,999.00,999.00,999.00,999.00,999.00,999.00,999.00,999.00,999.00,999.00,999.00,999.00
2009,WI,Mathematics,8,American Indian or Alaskan Native,999.00,999.00,999.00,999.00,999.00,999.00,999.00,999.00,999.00,999.00,999.00,999.00
2009,WY,Mathematics,8,American Indian or Alaskan Native,999.00,999.00,999.00,999.00,999.00,999.00,999.00,999.00,999.00,999.00,999.00,999.00
2009,AL,Mathematics,8,Hawaiian,999.00,999.00,999.00,999.00,999.00,999.00,999.00,999.00,999.00,999.00,999.00,999.00
2009,AK,Mathematics,8,Hawaiian,287.97,266.22,286.00,310.28,31.36,20.80,43.07,79.20,28.28,36.13,7.86,7.86
2009,AZ,Mathematics,8,Hawaiian,999.00,999.00,999.00,999.00,999.00,999.00,999.00,999.00,999.00,999.00,999.00,999.00
2009,AR,Mathematics,8,Hawaiian,999.00,999.00,999.00,999.00,999.00,999.00,999.00,999.00,999.00,999.00,999.00,999.00
2009,CA,Mathematics,8,Hawaiian,999.00,999.00,999.00,999.00,999.00,999.00,999.00,999.00,999.00,999.00,999.00,999.00
2009,CO,Mathematics,8,Hawaiian,999.00,999.00,999.00,999.00,999.00,999.00,999.00,999.00,999.00,999.00,999.00,999.00
2009,CT,Mathematics,8,Hawaiian,999.00,999.00,999.00,999.00,999.00,999.00,999.00,999.00,999.00,999.00,999.00,999.00
2009,DE,Mathematics,8,Hawaiian,999.00,999.00,999.00,999.00,999.00,999.00,999.00,999.00,999.00,999.00,999.00,999.00
2009,DC,Mathematics,8,Hawaiian,999.00,999.00,999.00,999.00,999.00,999.00,999.00,999.00,999.00,999.00,999.00,999.00
2009,FL,Mathematics,8,Hawaiian,280.43,257.92,279.43,301.25,32.00,29.90,43.37,70.10,20.94,26.72,5.78,5.78
2009,GA,Mathematics,8,Hawaiian,277.42,254.63,277.97,301.50,32.38,33.58,40.06,66.42,21.08,26.36,5.28,5.28
2009,HI,Mathematics,8,Hawaiian,264.86,236.34,269.11,294.79,41.97,43.27,34.63,56.73,19.00,22.10,3.10,3.10
2009,ID,Mathematics,8,Hawaiian,999.00,999.00,999.00,999.00,999.00,999.00,999.00,999.00,999.00,999.00,999.00,999.00
2009,IL,Mathematics,8,Hawaiian,999.00,999.00,999.00,999.00,999.00,999.00,999.00,999.00,999.00,999.00,999.00,999.00
2009,IN,Mathematics,8,Hawaiian,282.10,256.42,280.20,306.76,34.74,28.42,40.62,71.58,24.18,30.96,6.78,6.78
2009,IA,Mathematics,8,Hawaiian,999.00,999.00,999.00,999.00,999.00,999.00,999.00,999.00,999.00,999.00,999.00,999.00
2009,KS,Mathematics,8,Hawaiian,999.00,999.00,999.00,999.00,999.00,999.00,999.00,999.00,999.00,999.00,999.00,999.00
2009,KY,Mathematics,8,Hawaiian,999.00,999.00,999.00,999.00,999.00,999.00,999.00,999.00,999.00,999.00,999.00,999.00
2009,LA,Mathematics,8,Hawaiian,999.00,999.00,999.00,999.00,999.00,999.00,999.00,999.00,999.00,999.00,999.00,999.00
2009,ME,Mathematics,8,Hawaiian,999.00,999.00,999.00,999.00,999.00,999.00,999.00,999.00,999.00,999.00,999.00,999.00
2009,MD,Mathematics,8,Hawaiian,999.00,999.00,999.00,999.00,999.00,999.00,999.00,999.00,999.00,999.00,999.00,999.00
2009,MA,Mathematics,8,Hawaiian,999.00,999.00,999.00,999.00,999.00,999.00,999.00,999.00,999.00,999.00,999.00,999.00
2009,MI,Mathematics,8,Hawaiian,999.00,999.00,999.00,999.00,999.00,999.00,999.00,999.00,999.00,999.00,999.00,999.00
2009,MN,Mathematics,8,Hawaiian,999.00,999.00,999.00,999.00,999.00,999.00,999.00,999.00,999.00,999.00,999.00,999.00
2009,MS,Mathematics,8,Hawaiian,999.00,999.00,999.00,999.00,999.00,999.00,999.00,999.00,999.00,999.00,999.00,999.00
2009,MO,Mathematics,8,Hawaiian,999.00,999.00,999.00,999.00,999.00,999.00,999.00,999.00,999.00,999.00,999.00,999.00
2009,MT,Mathematics,8,Hawaiian,999.00,999.00,999.00,999.00,999.00,999.00,999.00,999.00,999.00,999.00,999.00,999.00
2009,NE,Mathematics,8,Hawaiian,999.00,999.00,999.00,999.00,999.00,999.00,999.00,999.00,999.00,999.00,999.00,999.00
2009,NV,Mathematics,8,Hawaiian,999.00,999.00,999.00,999.00,999.00,999.00,999.00,999.00,999.00,999.00,999.00,999.00
2009,NH,Mathematics,8,Hawaiian,999.00,999.00,999.00,999.00,999.00,999.00,999.00,999.00,999.00,999.00,999.00,999.00
2009,NJ,Mathematics,8,Hawaiian,999.00,999.00,999.00,999.00,999.00,999.00,999.00,999.00,999.00,999.00,999.00,999.00
2009,NM,Mathematics,8,Hawaiian,999.00,999.00,999.00,999.00,999.00,999.00,999.00,999.00,999.00,999.00,999.00,999.00
2009,NY,Mathematics,8,Hawaiian,999.00,999.00,999.00,999.00,999.00,999.00,999.00,999.00,999.00,999.00,999.00,999.00
2009,NC,Mathematics,8,Hawaiian,288.93,266.62,286.73,306.35,30.75,19.32,46.77,80.68,24.45,33.90,9.45,9.45
2009,ND,Mathematics,8,Hawaiian,999.00,999.00,999.00,999.00,999.00,999.00,999.00,999.00,999.00,999.00,999.00,999.00
2009,OH,Mathematics,8,Hawaiian,275.62,254.76,275.72,295.29,31.57,34.11,43.44,65.89,18.83,22.44,3.61,3.61
2009,OK,Mathematics,8,Hawaiian,999.00,999.00,999.00,999.00,999.00,999.00,999.00,999.00,999.00,999.00,999.00,999.00
2009,OR,Mathematics,8,Hawaiian,999.00,999.00,999.00,999.00,999.00,999.00,999.00,999.00,999.00,999.00,999.00,999.00
2009,PA,Mathematics,8,Hawaiian,999.00,999.00,999.00,999.00,999.00,999.00,999.00,999.00,999.00,999.00,999.00,999.00
2009,RI,Mathematics,8,Hawaiian,999.00,999.00,999.00,999.00,999.00,999.00,999.00,999.00,999.00,999.00,999.00,999.00
2009,SC,Mathematics,8,Hawaiian,999.00,999.00,999.00,999.00,999.00,999.00,999.00,999.00,999.00,999.00,999.00,999.00
2009,SD,Mathematics,8,Hawaiian,999.00,999.00,999.00,999.00,999.00,999.00,999.00,999.00,999.00,999.00,999.00,999.00
2009,TN,Mathematics,8,Hawaiian,999.00,999.00,999.00,999.00,999.00,999.00,999.00,999.00,999.00,999.00,999.00,999.00
2009,TX,Mathematics,8,Hawaiian,999.00,999.00,999.00,999.00,999.00,999.00,999.00,999.00,999.00,999.00,999.00,999.00
2009,UT,Mathematics,8,Hawaiian,999.00,999.00,999.00,999.00,999.00,999.00,999.00,999.00,999.00,999.00,999.00,999.00
2009,VT,Mathematics,8,Hawaiian,999.00,999.00,999.00,999.00,999.00,999.00,999.00,999.00,999.00,999.00,999.00,999.00
2009,VA,Mathematics,8,Hawaiian,999.00,999.00,999.00,999.00,999.00,999.00,999.00,999.00,999.00,999.00,999.00,999.00
2009,WA,Mathematics,8,Hawaiian,999.00,999.00,999.00,999.00,999.00,999.00,999.00,999.00,999.00,999.00,999.00,999.00
2009,WV,Mathematics,8,Hawaiian,999.00,999.00,999.00,999.00,999.00,999.00,999.00,999.00,999.00,999.00,999.00,999.00
2009,WI,Mathematics,8,Hawaiian,999.00,999.00,999.00,999.00,999.00,999.00,999.00,999.00,999.00,999.00,999.00,999.00
2009,WY,Mathematics,8,Hawaiian,999.00,999.00,999.00,999.00,999.00,999.00,999.00,999.00,999.00,999.00,999.00,999.00
2009,AL,Mathematics,8,Multiracial,N/A,N/A,N/A,N/A,N/A,N/A,N/A,N/A,N/A,N/A,N/A,N/A
2009,AK,Mathematics,8,Multiracial,N/A,N/A,N/A,N/A,N/A,N/A,N/A,N/A,N/A,N/A,N/A,N/A
2009,AZ,Mathematics,8,Multiracial,N/A,N/A,N/A,N/A,N/A,N/A,N/A,N/A,N/A,N/A,N/A,N/A
2009,AR,Mathematics,8,Multiracial,N/A,N/A,N/A,N/A,N/A,N/A,N/A,N/A,N/A,N/A,N/A,N/A
2009,CA,Mathematics,8,Multiracial,N/A,N/A,N/A,N/A,N/A,N/A,N/A,N/A,N/A,N/A,N/A,N/A
2009,CO,Mathematics,8,Multiracial,N/A,N/A,N/A,N/A,N/A,N/A,N/A,N/A,N/A,N/A,N/A,N/A
2009,CT,Mathematics,8,Multiracial,N/A,N/A,N/A,N/A,N/A,N/A,N/A,N/A,N/A,N/A,N/A,N/A
2009,DE,Mathematics,8,Multiracial,N/A,N/A,N/A,N/A,N/A,N/A,N/A,N/A,N/A,N/A,N/A,N/A
2009,DC,Mathematics,8,Multiracial,N/A,N/A,N/A,N/A,N/A,N/A,N/A,N/A,N/A,N/A,N/A,N/A
2009,FL,Mathematics,8,Multiracial,N/A,N/A,N/A,N/A,N/A,N/A,N/A,N/A,N/A,N/A,N/A,N/A
2009,GA,Mathematics,8,Multiracial,N/A,N/A,N/A,N/A,N/A,N/A,N/A,N/A,N/A,N/A,N/A,N/A
2009,HI,Mathematics,8,Multiracial,N/A,N/A,N/A,N/A,N/A,N/A,N/A,N/A,N/A,N/A,N/A,N/A
2009,ID,Mathematics,8,Multiracial,N/A,N/A,N/A,N/A,N/A,N/A,N/A,N/A,N/A,N/A,N/A,N/A
2009,IL,Mathematics,8,Multiracial,N/A,N/A,N/A,N/A,N/A,N/A,N/A,N/A,N/A,N/A,N/A,N/A
2009,IN,Mathematics,8,Multiracial,N/A,N/A,N/A,N/A,N/A,N/A,N/A,N/A,N/A,N/A,N/A,N/A
2009,IA,Mathematics,8,Multiracial,N/A,N/A,N/A,N/A,N/A,N/A,N/A,N/A,N/A,N/A,N/A,N/A
2009,KS,Mathematics,8,Multiracial,N/A,N/A,N/A,N/A,N/A,N/A,N/A,N/A,N/A,N/A,N/A,N/A
2009,KY,Mathematics,8,Multiracial,N/A,N/A,N/A,N/A,N/A,N/A,N/A,N/A,N/A,N/A,N/A,N/A
2009,LA,Mathematics,8,Multiracial,N/A,N/A,N/A,N/A,N/A,N/A,N/A,N/A,N/A,N/A,N/A,N/A
2009,ME,Mathematics,8,Multiracial,N/A,N/A,N/A,N/A,N/A,N/A,N/A,N/A,N/A,N/A,N/A,N/A
2009,MD,Mathematics,8,Multiracial,N/A,N/A,N/A,N/A,N/A,N/A,N/A,N/A,N/A,N/A,N/A,N/A
2009,MA,Mathematics,8,Multiracial,N/A,N/A,N/A,N/A,N/A,N/A,N/A,N/A,N/A,N/A,N/A,N/A
2009,MI,Mathematics,8,Multiracial,N/A,N/A,N/A,N/A,N/A,N/A,N/A,N/A,N/A,N/A,N/A,N/A
2009,MN,Mathematics,8,Multiracial,N/A,N/A,N/A,N/A,N/A,N/A,N/A,N/A,N/A,N/A,N/A,N/A
2009,MS,Mathematics,8,Multiracial,N/A,N/A,N/A,N/A,N/A,N/A,N/A,N/A,N/A,N/A,N/A,N/A
2009,MO,Mathematics,8,Multiracial,N/A,N/A,N/A,N/A,N/A,N/A,N/A,N/A,N/A,N/A,N/A,N/A
2009,MT,Mathematics,8,Multiracial,N/A,N/A,N/A,N/A,N/A,N/A,N/A,N/A,N/A,N/A,N/A,N/A
2009,NE,Mathematics,8,Multiracial,N/A,N/A,N/A,N/A,N/A,N/A,N/A,N/A,N/A,N/A,N/A,N/A
2009,NV,Mathematics,8,Multiracial,N/A,N/A,N/A,N/A,N/A,N/A,N/A,N/A,N/A,N/A,N/A,N/A
2009,NH,Mathematics,8,Multiracial,N/A,N/A,N/A,N/A,N/A,N/A,N/A,N/A,N/A,N/A,N/A,N/A
2009,NJ,Mathematics,8,Multiracial,N/A,N/A,N/A,N/A,N/A,N/A,N/A,N/A,N/A,N/A,N/A,N/A
2009,NM,Mathematics,8,Multiracial,N/A,N/A,N/A,N/A,N/A,N/A,N/A,N/A,N/A,N/A,N/A,N/A
2009,NY,Mathematics,8,Multiracial,N/A,N/A,N/A,N/A,N/A,N/A,N/A,N/A,N/A,N/A,N/A,N/A
2009,NC,Mathematics,8,Multiracial,N/A,N/A,N/A,N/A,N/A,N/A,N/A,N/A,N/A,N/A,N/A,N/A
2009,ND,Mathematics,8,Multiracial,N/A,N/A,N/A,N/A,N/A,N/A,N/A,N/A,N/A,N/A,N/A,N/A
2009,OH,Mathematics,8,Multiracial,N/A,N/A,N/A,N/A,N/A,N/A,N/A,N/A,N/A,N/A,N/A,N/A
2009,OK,Mathematics,8,Multiracial,N/A,N/A,N/A,N/A,N/A,N/A,N/A,N/A,N/A,N/A,N/A,N/A
2009,OR,Mathematics,8,Multiracial,N/A,N/A,N/A,N/A,N/A,N/A,N/A,N/A,N/A,N/A,N/A,N/A
2009,PA,Mathematics,8,Multiracial,N/A,N/A,N/A,N/A,N/A,N/A,N/A,N/A,N/A,N/A,N/A,N/A
2009,RI,Mathematics,8,Multiracial,N/A,N/A,N/A,N/A,N/A,N/A,N/A,N/A,N/A,N/A,N/A,N/A
2009,SC,Mathematics,8,Multiracial,N/A,N/A,N/A,N/A,N/A,N/A,N/A,N/A,N/A,N/A,N/A,N/A
2009,SD,Mathematics,8,Multiracial,N/A,N/A,N/A,N/A,N/A,N/A,N/A,N/A,N/A,N/A,N/A,N/A
2009,TN,Mathematics,8,Multiracial,N/A,N/A,N/A,N/A,N/A,N/A,N/A,N/A,N/A,N/A,N/A,N/A
2009,TX,Mathematics,8,Multiracial,N/A,N/A,N/A,N/A,N/A,N/A,N/A,N/A,N/A,N/A,N/A,N/A
2009,UT,Mathematics,8,Multiracial,N/A,N/A,N/A,N/A,N/A,N/A,N/A,N/A,N/A,N/A,N/A,N/A
2009,VT,Mathematics,8,Multiracial,N/A,N/A,N/A,N/A,N/A,N/A,N/A,N/A,N/A,N/A,N/A,N/A
2009,VA,Mathematics,8,Multiracial,N/A,N/A,N/A,N/A,N/A,N/A,N/A,N/A,N/A,N/A,N/A,N/A
2009,WA,Mathematics,8,Multiracial,N/A,N/A,N/A,N/A,N/A,N/A,N/A,N/A,N/A,N/A,N/A,N/A
2009,WV,Mathematics,8,Multiracial,N/A,N/A,N/A,N/A,N/A,N/A,N/A,N/A,N/A,N/A,N/A,N/A
2009,WI,Mathematics,8,Multiracial,N/A,N/A,N/A,N/A,N/A,N/A,N/A,N/A,N/A,N/A,N/A,N/A
2009,WY,Mathematics,8,Multiracial,N/A,N/A,N/A,N/A,N/A,N/A,N/A,N/A,N/A,N/A,N/A,N/A
2009,AL,Reading,4,All,216.27,194.08,219.19,241.14,36.01,37.91,33.89,62.09,22.47,28.21,5.74,5.74
2009,AK,Reading,4,All,211.13,188.41,217.07,240.12,41.26,40.97,31.86,59.03,21.90,27.17,5.26,5.26
2009,AZ,Reading,4,All,209.99,186.60,214.04,237.68,39.84,43.67,31.65,56.33,19.58,24.68,5.10,5.10
2009,AR,Reading,4,All,216.15,195.24,219.88,241.58,36.93,36.89,34.35,63.11,22.91,28.76,5.85,5.85
2009,CA,Reading,4,All,209.76,185.31,211.66,236.45,38.28,46.06,30.27,53.94,18.49,23.67,5.18,5.18
2009,CO,Reading,4,All,225.70,204.09,229.84,250.71,36.54,27.97,31.81,72.03,29.71,40.22,10.51,10.51
2009,CT,Reading,4,All,228.97,208.79,232.25,252.56,34.90,24.40,33.17,75.60,30.97,42.44,11.46,11.46
2009,DE,Reading,4,All,225.51,205.80,226.59,246.20,30.16,27.26,37.63,72.74,27.63,35.11,7.48,7.48
2009,DC,Reading,4,All,201.98,177.27,202.27,227.25,38.78,56.14,27.08,43.86,12.23,16.77,4.54,4.54
2009,FL,Reading,4,All,225.67,206.10,226.83,247.00,30.96,26.86,37.36,73.14,28.16,35.77,7.61,7.61
2009,GA,Reading,4,All,217.85,195.32,219.73,242.22,34.85,37.19,33.46,62.81,22.96,29.35,6.39,6.39
2009,HI,Reading,4,All,210.62,187.33,214.56,238.78,40.52,43.29,31.03,56.71,19.95,25.68,5.73,5.73
2009,ID,Reading,4,All,221.02,201.42,224.19,244.18,33.88,31.36,36.35,68.64,25.94,32.29,6.35,6.35
2009,IL,Reading,4,All,219.17,195.81,221.88,245.30,38.01,35.33,32.41,64.67,23.66,32.26,8.60,8.60
2009,IN,Reading,4,All,222.66,202.47,225.20,245.42,33.52,30.20,36.06,69.80,26.46,33.73,7.27,7.27
2009,IA,Reading,4,All,221.42,201.33,224.97,245.86,35.43,31.27,34.56,68.73,27.09,34.17,7.08,7.08
2009,KS,Reading,4,All,223.92,204.68,226.65,246.29,32.83,27.91,37.01,72.09,28.14,35.08,6.94,6.94
2009,KY,Reading,4,All,225.61,204.79,227.11,247.62,31.80,27.97,35.82,72.03,28.01,36.21,8.20,8.20
2009,LA,Reading,4,All,207.49,186.51,209.01,231.16,33.83,48.70,32.95,51.30,15.95,18.35,2.40,2.40
2009,ME,Reading,4,All,223.79,203.20,226.13,246.58,33.12,29.66,34.87,70.34,27.85,35.47,7.61,7.61
2009,MD,Reading,4,All,226.05,202.97,227.15,250.08,34.23,29.72,33.18,70.28,26.22,37.10,10.89,10.89
2009,MA,Reading,4,All,233.75,213.97,235.86,255.68,31.84,19.94,32.84,80.06,33.78,47.22,13.45,13.45
2009,MI,Reading,4,All,218.24,196.76,220.18,242.38,34.86,35.89,34.41,64.11,23.32,29.70,6.38,6.38
2009,MN,Reading,4,All,223.34,202.06,227.47,249.23,37.14,29.98,32.84,70.02,27.85,37.18,9.33,9.33
2009,MS,Reading,4,All,210.51,187.75,211.87,234.51,34.36,45.47,32.85,54.53,17.79,21.68,3.89,3.89
2009,MO,Reading,4,All,223.84,202.85,226.39,247.98,34.67,29.67,34.59,70.33,27.25,35.74,8.48,8.48
2009,MT,Reading,4,All,224.65,205.83,227.05,245.71,30.94,27.24,38.17,72.76,27.91,34.60,6.68,6.68
2009,NE,Reading,4,All,222.52,202.59,225.53,246.04,34.60,29.88,35.36,70.12,27.14,34.76,7.63,7.63
2009,NV,Reading,4,All,211.14,189.22,214.73,236.88,37.31,42.60,33.38,57.40,19.71,24.02,4.32,4.32
2009,NH,Reading,4,All,229.14,209.92,231.47,251.10,31.25,23.16,35.54,76.84,32.13,41.30,9.17,9.17
2009,NJ,Reading,4,All,229.39,209.18,230.47,250.93,31.13,23.91,35.85,76.09,30.08,40.25,10.17,10.17
2009,NM,Reading,4,All,207.65,184.73,210.03,232.59,36.52,47.93,32.23,52.07,16.18,19.83,3.65,3.65
2009,NY,Reading,4,All,224.37,203.18,226.26,247.44,33.61,29.44,34.61,70.56,27.32,35.96,8.64,8.64
2009,NC,Reading,4,All,219.30,197.39,222.23,244.27,36.33,34.79,32.96,65.21,25.10,32.25,7.15,7.15
2009,ND,Reading,4,All,225.97,208.54,227.42,245.21,28.21,24.43,40.76,75.57,29.17,34.81,5.64,5.64
2009,OH,Reading,4,All,224.53,203.53,226.75,247.29,33.19,29.03,35.22,70.97,27.21,35.75,8.54,8.54
2009,OK,Reading,4,All,217.19,198.07,220.79,240.28,33.57,34.71,37.55,65.29,23.40,27.74,4.34,4.34
2009,OR,Reading,4,All,218.14,197.13,222.09,243.37,37.38,34.57,34.52,65.43,24.28,30.91,6.62,6.62
2009,PA,Reading,4,All,223.68,201.93,226.37,248.91,36.15,30.38,33.00,69.62,27.09,36.62,9.53,9.53
2009,RI,Reading,4,All,222.70,201.33,225.78,247.84,36.69,31.01,33.42,68.99,26.34,35.56,9.23,9.23
2009,SC,Reading,4,All,215.94,193.89,218.26,240.57,35.60,38.13,34.26,61.87,21.70,27.61,5.91,5.91
2009,SD,Reading,4,All,222.17,201.81,224.87,244.78,33.08,30.49,36.66,69.51,26.17,32.85,6.67,6.67
2009,TN,Reading,4,All,216.74,194.81,219.51,240.89,34.97,37.20,34.77,62.80,22.49,28.02,5.53,5.53
2009,TX,Reading,4,All,218.86,198.56,219.84,240.51,32.47,35.40,36.95,64.60,21.73,27.65,5.92,5.92
2009,UT,Reading,4,All,219.20,198.76,222.61,243.16,34.64,33.35,35.69,66.65,25.22,30.97,5.74,5.74
2009,VT,Reading,4,All,228.74,207.85,231.06,252.29,34.76,25.03,33.60,74.97,29.68,41.37,11.70,11.70
2009,VA,Reading,4,All,226.53,206.48,228.52,249.23,33.07,26.28,35.23,73.72,29.35,38.49,9.14,9.14
2009,WA,Reading,4,All,221.33,199.88,224.28,245.70,36.04,32.13,34.42,67.87,25.45,33.45,8.00,8.00
2009,WV,Reading,4,All,214.52,194.34,217.91,238.58,35.02,38.23,36.03,61.77,21.61,25.73,4.12,4.12
2009,WI,Reading,4,All,220.14,198.69,224.01,245.31,35.86,32.74,34.52,67.26,25.81,32.75,6.93,6.93
2009,WY,Reading,4,All,222.65,204.61,225.46,244.03,30.67,28.25,39.14,71.75,27.89,32.61,4.72,4.72
2009,AL,Reading,4,White,225.00,205.42,227.90,247.32,33.38,27.36,36.32,72.64,28.50,36.32,7.82,7.82
2009,AK,Reading,4,White,226.18,207.94,229.53,248.55,33.51,25.07,36.50,74.93,30.29,38.43,8.14,8.14
2009,AZ,Reading,4,White,225.10,206.02,228.12,247.86,34.22,26.58,35.99,73.42,29.00,37.43,8.43,8.43
2009,AR,Reading,4,White,223.98,205.61,227.34,246.93,34.10,27.56,36.94,72.44,27.95,35.50,7.55,7.55
2009,CA,Reading,4,White,226.88,207.19,229.57,248.69,32.24,25.57,35.87,74.43,30.22,38.56,8.33,8.33
2009,CO,Reading,4,White,236.37,218.56,238.90,257.31,31.04,16.42,32.28,83.58,37.04,51.30,14.26,14.26
2009,CT,Reading,4,White,237.89,220.26,239.70,257.86,29.86,14.74,33.06,85.26,37.61,52.21,14.60,14.60
2009,DE,Reading,4,White,234.67,216.68,235.64,253.17,27.49,15.84,37.57,84.16,35.57,46.58,11.01,11.01
2009,DC,Reading,4,White,256.01,237.03,258.12,275.88,29.89,5.69,19.75,94.31,38.35,74.56,36.22,36.22
2009,FL,Reading,4,White,233.09,215.04,234.35,253.10,29.12,18.58,36.55,81.42,34.20,44.87,10.68,10.68
2009,GA,Reading,4,White,228.95,209.72,230.87,250.66,31.75,23.65,35.86,76.35,30.71,40.49,9.78,9.78
2009,HI,Reading,4,White,226.34,204.47,230.28,252.86,39.26,27.77,30.45,72.23,29.15,41.78,12.62,12.62
2009,ID,Reading,4,White,224.85,206.04,227.51,246.38,32.01,26.80,37.43,73.20,28.64,35.76,7.12,7.12
2009,IL,Reading,4,White,230.97,211.35,233.44,253.53,33.49,21.99,34.23,78.01,31.76,43.78,12.02,12.02
2009,IN,Reading,4,White,227.09,207.67,229.37,248.83,31.72,25.25,36.50,74.75,29.72,38.25,8.53,8.53
2009,IA,Reading,4,White,223.91,204.23,227.04,247.31,34.08,28.37,35.53,71.63,28.55,36.10,7.54,7.54
2009,KS,Reading,4,White,228.82,211.20,231.11,249.44,30.94,21.96,37.95,78.04,31.63,40.09,8.46,8.46
2009,KY,Reading,4,White,228.20,208.33,229.70,249.38,30.84,24.64,36.30,75.36,30.14,39.06,8.92,8.92
2009,LA,Reading,4,White,218.80,199.89,221.09,240.70,31.24,33.78,38.36,66.22,23.80,27.86,4.06,4.06
2009,ME,Reading,4,White,224.62,204.26,226.76,246.93,32.37,28.67,35.27,71.33,28.31,36.06,7.75,7.75
2009,MD,Reading,4,White,236.58,215.72,237.83,258.66,31.92,18.51,31.83,81.49,33.71,49.66,15.95,15.95
2009,MA,Reading,4,White,240.58,222.23,241.74,260.36,28.27,12.62,31.70,87.38,39.16,55.68,16.52,16.52
2009,MI,Reading,4,White,224.82,205.49,226.54,246.71,32.01,27.88,36.42,72.12,28.15,35.70,7.55,7.55
2009,MN,Reading,4,White,230.44,211.23,232.94,252.58,32.66,22.08,34.63,77.92,32.37,43.29,10.92,10.92
2009,MS,Reading,4,White,224.71,204.86,226.09,246.39,31.66,28.22,36.50,71.78,27.94,35.29,7.35,7.35
2009,MO,Reading,4,White,227.96,208.56,230.39,250.83,33.25,24.58,35.59,75.42,30.24,39.82,9.58,9.58
2009,MT,Reading,4,White,227.61,209.62,229.62,247.64,29.49,23.55,38.95,76.45,30.25,37.50,7.25,7.25
2009,NE,Reading,4,White,228.10,209.54,230.36,249.41,31.49,23.56,36.71,76.44,30.73,39.73,9.00,9.00
2009,NV,Reading,4,White,221.86,202.56,224.68,244.83,33.56,30.28,36.21,69.72,27.01,33.51,6.50,6.50
2009,NH,Reading,4,White,229.90,210.85,232.14,251.34,30.69,22.22,35.82,77.78,32.69,41.96,9.27,9.27
2009,NJ,Reading,4,White,237.26,219.47,238.45,256.35,28.28,14.27,35.12,85.73,37.58,50.61,13.03,13.03
2009,NM,Reading,4,White,223.97,203.50,225.84,246.52,33.68,29.68,35.68,70.32,26.10,34.65,8.55,8.55
2009,NY,Reading,4,White,232.83,213.51,234.52,253.09,30.16,19.46,35.71,80.54,33.58,44.83,11.26,11.26
2009,NC,Reading,4,White,230.01,210.20,233.49,252.10,32.56,23.14,32.66,76.86,33.48,44.20,10.72,10.72
2009,ND,Reading,4,White,228.43,211.42,229.17,246.41,26.41,21.17,41.78,78.83,31.14,37.06,5.92,5.92
2009,OH,Reading,4,White,230.44,210.92,232.36,251.59,31.01,22.14,35.85,77.86,31.54,42.01,10.47,10.47
2009,OK,Reading,4,White,222.91,205.57,225.50,243.63,30.38,27.52,39.87,72.48,27.62,32.61,4.99,4.99
2009,OR,Reading,4,White,223.45,204.34,227.03,246.46,34.50,28.30,36.47,71.70,27.83,35.23,7.40,7.40
2009,PA,Reading,4,White,230.29,210.30,232.22,252.53,32.55,22.76,34.75,77.24,31.27,42.49,11.22,11.22
2009,RI,Reading,4,White,231.10,211.07,233.60,253.81,33.13,22.26,33.64,77.74,31.92,44.10,12.18,12.18
2009,SC,Reading,4,White,226.41,206.46,228.45,248.43,33.12,26.46,35.48,73.54,28.81,38.06,9.26,9.26
2009,SD,Reading,4,White,226.75,208.13,228.59,247.03,30.12,24.91,38.50,75.09,29.15,36.59,7.45,7.45
2009,TN,Reading,4,White,224.23,204.92,226.12,245.72,31.69,27.95,38.12,72.05,26.78,33.92,7.15,7.15
2009,TX,Reading,4,White,232.12,213.86,233.24,252.16,30.25,19.93,36.82,80.07,31.95,43.25,11.30,11.30
2009,UT,Reading,4,White,225.03,206.36,227.50,246.62,31.58,26.56,37.65,73.44,28.93,35.79,6.86,6.86
2009,VT,Reading,4,White,229.10,208.34,231.32,252.33,34.23,24.68,33.70,75.32,30.02,41.62,11.60,11.60
2009,VA,Reading,4,White,233.75,215.20,235.97,254.29,30.27,18.34,34.26,81.66,35.92,47.40,11.49,11.49
2009,WA,Reading,4,White,228.65,209.37,230.54,250.93,33.07,23.83,36.02,76.17,30.05,40.14,10.10,10.10
2009,WV,Reading,4,White,215.18,195.08,218.72,239.10,34.82,37.29,36.33,62.71,22.16,26.38,4.22,4.22
2009,WI,Reading,4,White,226.91,208.25,229.66,249.23,32.50,24.79,36.90,75.21,29.85,38.32,8.47,8.47
2009,WY,Reading,4,White,224.45,206.91,227.01,244.83,29.66,26.09,39.78,73.91,29.04,34.13,5.10,5.10
2009,AL,Reading,4,Black,200.85,179.31,202.44,225.04,34.41,56.31,30.55,43.69,11.69,13.15,1.46,1.46
2009,AK,Reading,4,Black,204.30,185.35,207.82,225.72,31.94,49.80,37.34,50.20,11.56,12.86,1.30,1.30
2009,AZ,Reading,4,Black,205.76,180.47,209.74,232.44,40.97,47.90,31.69,52.10,15.60,20.41,4.81,4.81
2009,AR,Reading,4,Black,198.74,177.05,201.10,224.40,36.43,57.24,28.99,42.76,12.28,13.76,1.48,1.48
2009,CA,Reading,4,Black,199.63,178.28,201.09,223.08,34.52,58.13,28.07,41.87,12.58,13.80,1.22,1.22
2009,CO,Reading,4,Black,212.74,187.24,215.36,239.42,36.94,43.01,30.01,56.99,21.76,26.98,5.22,5.22
2009,CT,Reading,4,Black,209.05,185.72,211.39,234.37,35.90,46.33,32.06,53.67,17.80,21.61,3.82,3.82
2009,DE,Reading,4,Black,213.01,194.49,213.39,232.61,28.41,42.77,38.03,57.23,17.04,19.20,2.16,2.16
2009,DC,Reading,4,Black,195.70,173.61,197.23,219.77,35.74,62.53,26.68,37.47,9.21,10.79,1.58,1.58
2009,FL,Reading,4,Black,210.96,192.05,212.08,231.72,29.77,43.92,37.82,56.08,16.50,18.25,1.76,1.76
2009,GA,Reading,4,Black,204.29,182.83,205.11,226.95,32.96,53.31,31.64,46.69,12.88,15.05,2.17,2.17
2009,HI,Reading,4,Black,203.99,184.54,208.08,231.16,39.75,50.09,31.76,49.91,15.78,18.15,2.37,2.37
2009,ID,Reading,4,Black,999.00,999.00,999.00,999.00,999.00,999.00,999.00,999.00,999.00,999.00,999.00,999.00
2009,IL,Reading,4,Black,197.51,174.93,199.65,221.69,35.18,59.79,28.76,40.21,10.08,11.45,1.37,1.37
2009,IN,Reading,4,Black,205.70,185.89,208.50,227.96,33.62,49.16,35.41,50.84,13.26,15.43,2.17,2.17
2009,IA,Reading,4,Black,203.24,177.78,206.43,235.42,40.84,51.50,26.35,48.50,19.40,22.16,2.76,2.76
2009,KS,Reading,4,Black,209.65,190.36,211.89,231.63,33.24,44.30,36.16,55.70,17.28,19.53,2.25,2.25
2009,KY,Reading,4,Black,203.53,182.42,204.32,224.83,30.48,54.68,32.25,45.32,11.83,13.08,1.24,1.24
2009,LA,Reading,4,Black,196.41,176.15,197.69,218.69,32.86,63.28,27.48,36.72,8.31,9.24,0.93,0.93
2009,ME,Reading,4,Black,197.99,174.75,199.80,227.35,43.16,57.79,24.64,42.21,14.53,17.57,3.04,3.04
2009,MD,Reading,4,Black,210.07,188.99,210.46,231.61,31.29,46.95,34.42,53.05,15.79,18.63,2.84,2.84
2009,MA,Reading,4,Black,215.81,195.77,218.16,236.61,29.11,38.11,39.14,61.89,20.21,22.75,2.54,2.54
2009,MI,Reading,4,Black,194.24,173.73,195.94,216.30,33.63,64.83,26.48,35.17,7.35,8.69,1.34,1.34
2009,MN,Reading,4,Black,194.96,172.12,199.21,221.06,38.65,60.62,27.76,39.38,9.93,11.62,1.70,1.70
2009,MS,Reading,4,Black,197.85,176.49,199.31,219.68,31.76,60.93,29.25,39.07,9.03,9.82,0.79,0.79
2009,MO,Reading,4,Black,203.87,180.36,204.46,226.97,34.06,53.82,30.21,46.18,13.30,15.97,2.66,2.66
2009,MT,Reading,4,Black,999.00,999.00,999.00,999.00,999.00,999.00,999.00,999.00,999.00,999.00,999.00,999.00
2009,NE,Reading,4,Black,202.92,178.51,206.33,229.80,39.32,51.96,29.30,48.04,15.46,18.74,3.28,3.28
2009,NV,Reading,4,Black,200.80,176.76,204.35,225.78,36.15,54.23,31.48,45.77,12.30,14.29,2.00,2.00
2009,NH,Reading,4,Black,216.26,191.70,219.56,242.40,34.62,38.10,33.44,61.90,23.46,28.46,5.00,5.00
2009,NJ,Reading,4,Black,212.60,194.36,213.24,231.73,28.05,42.95,38.70,57.05,15.80,18.35,2.55,2.55
2009,NM,Reading,4,Black,205.08,184.53,208.05,227.08,30.95,50.04,36.48,49.96,12.52,13.48,0.96,0.96
2009,NY,Reading,4,Black,209.37,189.47,210.15,230.82,31.30,47.30,34.30,52.70,15.78,18.40,2.62,2.62
2009,NC,Reading,4,Black,203.68,184.83,206.44,226.48,34.21,52.27,33.32,47.73,13.05,14.41,1.36,1.36
2009,ND,Reading,4,Black,999.00,999.00,999.00,999.00,999.00,999.00,999.00,999.00,999.00,999.00,999.00,999.00
2009,OH,Reading,4,Black,202.76,181.91,204.40,225.60,31.64,53.89,33.18,46.11,12.03,12.92,0.89,0.89
2009,OK,Reading,4,Black,196.84,176.18,199.52,221.59,35.62,59.15,30.29,40.85,9.70,10.56,0.86,0.86
2009,OR,Reading,4,Black,201.70,175.99,204.97,230.33,39.49,52.62,29.99,47.38,14.14,17.40,3.25,3.25
2009,PA,Reading,4,Black,200.64,178.01,202.98,225.06,35.28,56.00,29.47,44.00,12.87,14.53,1.66,1.66
2009,RI,Reading,4,Black,207.24,187.23,209.91,229.82,33.61,47.88,34.76,52.12,15.19,17.36,2.17,2.17
2009,SC,Reading,4,Black,200.10,179.19,202.84,223.34,32.96,56.37,32.13,43.63,10.51,11.50,0.99,0.99
2009,SD,Reading,4,Black,999.00,999.00,999.00,999.00,999.00,999.00,999.00,999.00,999.00,999.00,999.00,999.00
2009,TN,Reading,4,Black,196.92,174.94,198.04,221.02,34.41,61.64,26.29,38.36,11.18,12.07,0.90,0.90
2009,TX,Reading,4,Black,212.84,194.21,214.15,232.92,29.38,42.12,38.14,57.88,17.54,19.74,2.20,2.20
2009,UT,Reading,4,Black,201.77,178.82,205.31,229.92,36.02,53.69,31.84,46.31,12.48,14.47,2.00,2.00
2009,VT,Reading,4,Black,213.80,187.92,217.78,241.48,39.65,38.88,32.45,61.12,19.75,28.66,8.91,8.91
2009,VA,Reading,4,Black,209.97,190.94,212.31,231.37,31.50,43.75,38.52,56.25,15.67,17.74,2.07,2.07
2009,WA,Reading,4,Black,208.57,188.10,210.69,233.65,34.92,46.42,32.45,53.58,19.19,21.14,1.95,1.95
2009,WV,Reading,4,Black,203.62,185.59,205.39,227.09,35.96,53.10,31.35,46.90,13.53,15.55,2.02,2.02
2009,WI,Reading,4,Black,191.75,168.22,193.07,217.18,35.69,65.86,25.05,34.14,7.95,9.09,1.14,1.14
2009,WY,Reading,4,Black,999.00,999.00,999.00,999.00,999.00,999.00,999.00,999.00,999.00,999.00,999.00,999.00
2009,AL,Reading,4,Hispanic,199.66,169.74,200.33,229.00,38.95,56.57,25.43,43.43,14.40,18.00,3.60,3.60
2009,AK,Reading,4,Hispanic,215.01,195.52,219.93,239.68,35.13,35.70,37.78,64.30,22.46,26.52,4.06,4.06
2009,AZ,Reading,4,Hispanic,197.83,174.52,200.96,225.05,38.71,57.68,28.36,42.32,12.18,13.96,1.78,1.78
2009,AR,Reading,4,Hispanic,202.03,179.06,205.81,229.08,37.17,52.58,31.50,47.42,14.27,15.92,1.66,1.66
2009,CA,Reading,4,Hispanic,195.56,173.06,197.79,220.07,35.61,61.95,27.40,38.05,9.36,10.65,1.29,1.29
2009,CO,Reading,4,Hispanic,204.42,180.46,207.18,230.94,37.08,50.31,31.66,49.69,15.20,18.03,2.82,2.82
2009,CT,Reading,4,Hispanic,204.97,183.88,208.77,229.14,34.91,48.97,36.03,51.03,12.91,15.00,2.09,2.09
2009,DE,Reading,4,Hispanic,216.17,197.19,217.64,236.93,29.81,37.45,38.75,62.55,20.08,23.80,3.73,3.73
2009,DC,Reading,4,Hispanic,207.39,183.03,208.99,230.11,34.66,48.57,34.10,51.43,13.45,17.32,3.88,3.88
2009,FL,Reading,4,Hispanic,222.81,204.48,223.96,242.70,30.08,28.66,39.87,71.34,25.81,31.47,5.65,5.65
2009,GA,Reading,4,Hispanic,208.35,185.82,209.88,232.51,35.31,48.28,31.91,51.72,16.37,19.82,3.45,3.45
2009,HI,Reading,4,Hispanic,214.80,192.19,218.43,239.04,38.49,38.43,34.65,61.57,20.60,26.91,6.31,6.31
2009,ID,Reading,4,Hispanic,200.69,179.21,204.00,225.75,35.56,55.40,30.52,44.60,12.44,14.08,1.64,1.64
2009,IL,Reading,4,Hispanic,203.14,180.99,206.37,227.97,35.51,51.96,32.45,48.04,13.45,15.59,2.14,2.14
2009,IN,Reading,4,Hispanic,203.29,184.96,207.74,228.58,36.24,49.94,35.06,50.06,13.31,15.00,1.68,1.68
2009,IA,Reading,4,Hispanic,207.43,184.62,210.48,232.79,35.50,46.63,33.57,53.37,17.27,19.81,2.54,2.54
2009,KS,Reading,4,Hispanic,209.53,187.41,211.68,232.24,33.57,44.88,35.22,55.12,17.50,19.90,2.40,2.40
2009,KY,Reading,4,Hispanic,215.40,194.19,213.21,235.25,29.86,41.62,36.85,58.38,16.70,21.53,4.83,4.83
2009,LA,Reading,4,Hispanic,205.59,183.86,206.12,227.01,31.96,52.28,31.63,47.72,14.82,16.10,1.28,1.28
2009,ME,Reading,4,Hispanic,999.00,999.00,999.00,999.00,999.00,999.00,999.00,999.00,999.00,999.00,999.00,999.00
2009,MD,Reading,4,Hispanic,221.14,200.49,223.01,243.28,32.82,33.44,36.35,66.56,22.73,30.21,7.48,7.48
2009,MA,Reading,4,Hispanic,210.84,190.21,212.73,233.73,32.55,43.94,35.62,56.06,17.41,20.44,3.04,3.04
2009,MI,Reading,4,Hispanic,205.53,184.44,209.03,230.01,35.38,48.97,33.64,51.03,15.01,17.39,2.38,2.38
2009,MN,Reading,4,Hispanic,194.11,168.18,195.66,222.38,41.00,61.70,25.48,38.30,9.76,12.82,3.06,3.06
2009,MS,Reading,4,Hispanic,212.36,192.40,214.31,229.84,31.04,40.29,40.96,59.71,14.64,18.76,4.11,4.11
2009,MO,Reading,4,Hispanic,216.27,197.06,220.49,238.78,31.47,35.85,38.38,64.15,23.03,25.77,2.74,2.74
2009,MT,Reading,4,Hispanic,218.99,199.91,220.13,239.13,26.83,35.76,37.90,64.24,22.89,26.35,3.46,3.46
2009,NE,Reading,4,Hispanic,207.23,185.22,210.27,232.57,35.87,47.15,33.18,52.85,16.74,19.67,2.93,2.93
2009,NV,Reading,4,Hispanic,199.25,177.68,203.32,225.19,37.96,55.86,30.83,44.14,11.32,13.31,1.99,1.99
2009,NH,Reading,4,Hispanic,216.74,192.14,219.14,243.63,37.94,36.91,33.09,63.09,22.25,30.00,7.76,7.76
2009,NJ,Reading,4,Hispanic,213.32,194.96,214.09,232.45,28.64,41.56,39.31,58.44,16.72,19.12,2.41,2.41
2009,NM,Reading,4,Hispanic,201.48,180.23,203.98,225.38,34.67,54.90,31.58,45.10,12.13,13.53,1.40,1.40
2009,NY,Reading,4,Hispanic,210.44,187.99,213.39,234.73,34.74,44.11,33.71,55.89,18.60,22.18,3.59,3.59
2009,NC,Reading,4,Hispanic,204.28,183.09,208.30,229.30,37.06,49.62,33.41,50.38,14.45,16.98,2.52,2.52
2009,ND,Reading,4,Hispanic,999.00,999.00,999.00,999.00,999.00,999.00,999.00,999.00,999.00,999.00,999.00,999.00
2009,OH,Reading,4,Hispanic,215.13,188.80,213.41,242.74,36.99,44.02,26.14,55.98,20.48,29.85,9.36,9.36
2009,OK,Reading,4,Hispanic,207.24,185.47,210.10,230.62,33.74,47.10,35.90,52.90,14.38,17.00,2.62,2.62
2009,OR,Reading,4,Hispanic,196.19,173.28,200.20,223.09,39.90,59.34,28.10,40.66,10.41,12.55,2.14,2.14
2009,PA,Reading,4,Hispanic,199.30,175.99,201.98,224.58,37.65,56.24,29.52,43.76,12.12,14.24,2.12,2.12
2009,RI,Reading,4,Hispanic,199.74,177.77,204.57,225.95,38.53,54.60,31.29,45.40,12.27,14.10,1.84,1.84
2009,SC,Reading,4,Hispanic,204.66,183.30,209.87,229.58,36.19,46.93,36.23,53.07,15.50,16.84,1.35,1.35
2009,SD,Reading,4,Hispanic,215.61,191.47,221.30,240.26,34.47,35.92,35.02,64.08,25.27,29.06,3.79,3.79
2009,TN,Reading,4,Hispanic,201.93,176.60,205.99,230.34,38.06,52.44,31.16,47.56,13.96,16.39,2.43,2.43
2009,TX,Reading,4,Hispanic,209.92,191.40,211.31,230.62,30.76,45.68,36.75,54.32,15.42,17.57,2.15,2.15
2009,UT,Reading,4,Hispanic,194.02,171.56,196.36,218.32,35.13,62.53,27.64,37.47,9.33,9.83,999.00,999.00
2009,VT,Reading,4,Hispanic,999.00,999.00,999.00,999.00,999.00,999.00,999.00,999.00,999.00,999.00,999.00,999.00
2009,VA,Reading,4,Hispanic,214.10,192.25,216.83,239.38,35.07,40.33,33.48,59.67,21.32,26.19,4.87,4.87
2009,WA,Reading,4,Hispanic,200.93,180.14,204.04,224.31,35.25,55.22,31.10,44.78,11.71,13.68,1.97,1.97
2009,WV,Reading,4,Hispanic,999.00,999.00,999.00,999.00,999.00,999.00,999.00,999.00,999.00,999.00,999.00,999.00
2009,WI,Reading,4,Hispanic,201.55,177.19,204.43,227.95,36.49,53.95,30.29,46.05,14.01,15.76,1.75,1.75
2009,WY,Reading,4,Hispanic,211.51,191.28,214.64,235.46,33.51,42.06,35.66,57.94,19.78,22.28,2.49,2.49
2009,AL,Reading,4,Asian,999.00,999.00,999.00,999.00,999.00,999.00,999.00,999.00,999.00,999.00,999.00,999.00
2009,AK,Reading,4,Asian,207.51,186.75,208.94,231.38,33.19,48.98,32.27,51.02,16.08,18.76,2.68,2.68
2009,AZ,Reading,4,Asian,228.11,209.41,231.69,253.63,37.28,23.91,34.97,76.09,28.14,41.12,12.98,12.98
2009,AR,Reading,4,Asian,999.00,999.00,999.00,999.00,999.00,999.00,999.00,999.00,999.00,999.00,999.00,999.00
2009,CA,Reading,4,Asian,233.87,211.57,236.44,258.74,35.84,22.19,29.53,77.81,32.13,48.27,16.14,16.14
2009,CO,Reading,4,Asian,237.75,217.40,239.40,259.24,33.95,19.20,28.17,80.80,35.52,52.63,17.11,17.11
2009,CT,Reading,4,Asian,239.13,218.68,242.42,263.09,37.76,18.32,26.28,81.68,34.72,55.40,20.68,20.68
2009,DE,Reading,4,Asian,241.93,223.31,242.41,263.50,30.13,12.34,31.07,87.66,37.51,56.59,19.07,19.07
2009,DC,Reading,4,Asian,999.00,999.00,999.00,999.00,999.00,999.00,999.00,999.00,999.00,999.00,999.00,999.00
2009,FL,Reading,4,Asian,237.37,219.15,241.34,258.99,31.67,15.70,28.60,84.30,41.09,55.70,14.61,14.61
2009,GA,Reading,4,Asian,238.05,215.98,240.12,257.33,29.09,17.06,29.89,82.94,38.20,53.06,14.86,14.86
2009,HI,Reading,4,Asian,207.53,184.80,211.22,235.22,39.72,46.50,31.16,53.50,17.98,22.34,4.36,4.36
2009,ID,Reading,4,Asian,224.98,206.69,224.90,244.18,30.50,26.14,40.68,73.86,24.62,33.17,8.55,8.55
2009,IL,Reading,4,Asian,248.53,226.18,248.62,269.64,30.95,9.22,27.42,90.78,36.23,63.35,27.12,27.12
2009,IN,Reading,4,Asian,999.00,999.00,999.00,999.00,999.00,999.00,999.00,999.00,999.00,999.00,999.00,999.00
2009,IA,Reading,4,Asian,229.31,205.55,233.34,258.57,38.31,27.68,26.45,72.32,29.67,45.87,16.20,16.20
2009,KS,Reading,4,Asian,233.64,213.54,238.04,256.57,33.52,21.10,28.69,78.90,37.16,50.20,13.04,13.04
2009,KY,Reading,4,Asian,242.83,220.16,242.47,263.81,31.45,14.69,29.44,85.31,34.31,55.87,21.55,21.55
2009,LA,Reading,4,Asian,999.00,999.00,999.00,999.00,999.00,999.00,999.00,999.00,999.00,999.00,999.00,999.00
2009,ME,Reading,4,Asian,999.00,999.00,999.00,999.00,999.00,999.00,999.00,999.00,999.00,999.00,999.00,999.00
2009,MD,Reading,4,Asian,245.46,224.92,245.31,267.67,30.54,11.01,29.81,88.99,33.91,59.19,25.27,25.27
2009,MA,Reading,4,Asian,241.37,221.73,243.37,263.80,34.22,15.35,28.38,84.65,34.23,56.27,22.03,22.03
2009,MI,Reading,4,Asian,233.89,213.11,232.60,253.51,33.91,21.17,36.82,78.83,24.90,42.01,17.10,17.10
2009,MN,Reading,4,Asian,219.34,193.24,222.57,246.22,38.33,36.57,29.85,63.43,24.42,33.58,9.15,9.15
2009,MS,Reading,4,Asian,999.00,999.00,999.00,999.00,999.00,999.00,999.00,999.00,999.00,999.00,999.00,999.00
2009,MO,Reading,4,Asian,999.00,999.00,999.00,999.00,999.00,999.00,999.00,999.00,999.00,999.00,999.00,999.00
2009,MT,Reading,4,Asian,999.00,999.00,999.00,999.00,999.00,999.00,999.00,999.00,999.00,999.00,999.00,999.00
2009,NE,Reading,4,Asian,230.34,209.92,231.18,251.95,31.63,24.66,35.22,75.34,28.08,40.13,12.05,12.05
2009,NV,Reading,4,Asian,224.95,204.96,227.99,247.42,33.01,28.39,33.73,71.61,30.76,37.89,7.12,7.12
2009,NH,Reading,4,Asian,231.78,211.07,233.44,254.14,31.06,22.50,32.60,77.50,32.46,44.90,12.45,12.45
2009,NJ,Reading,4,Asian,246.38,227.29,247.57,267.57,30.96,11.24,26.27,88.76,38.58,62.49,23.91,23.91
2009,NM,Reading,4,Asian,226.08,204.35,226.73,255.33,37.65,28.73,32.35,71.27,27.14,38.93,11.78,11.78
2009,NY,Reading,4,Asian,237.54,218.24,239.03,259.01,32.66,17.24,30.96,82.76,34.60,51.80,17.20,17.20
2009,NC,Reading,4,Asian,240.84,222.23,239.38,257.57,27.97,10.29,37.51,89.71,37.01,52.20,15.19,15.19
2009,ND,Reading,4,Asian,999.00,999.00,999.00,999.00,999.00,999.00,999.00,999.00,999.00,999.00,999.00,999.00
2009,OH,Reading,4,Asian,999.00,999.00,999.00,999.00,999.00,999.00,999.00,999.00,999.00,999.00,999.00,999.00
2009,OK,Reading,4,Asian,999.00,999.00,999.00,999.00,999.00,999.00,999.00,999.00,999.00,999.00,999.00,999.00
2009,OR,Reading,4,Asian,227.19,204.23,229.81,252.94,39.21,28.49,28.68,71.51,29.28,42.84,13.56,13.56
2009,PA,Reading,4,Asian,243.02,220.22,248.37,266.39,34.95,16.12,23.08,83.88,37.50,60.80,23.30,23.30
2009,RI,Reading,4,Asian,218.56,195.64,220.97,242.91,37.76,34.22,36.10,65.78,20.71,29.69,8.98,8.98
2009,SC,Reading,4,Asian,999.00,999.00,999.00,999.00,999.00,999.00,999.00,999.00,999.00,999.00,999.00,999.00
2009,SD,Reading,4,Asian,999.00,999.00,999.00,999.00,999.00,999.00,999.00,999.00,999.00,999.00,999.00,999.00
2009,TN,Reading,4,Asian,999.00,999.00,999.00,999.00,999.00,999.00,999.00,999.00,999.00,999.00,999.00,999.00
2009,TX,Reading,4,Asian,242.49,220.51,241.08,263.99,31.75,11.57,36.24,88.43,30.67,52.19,21.52,21.52
2009,UT,Reading,4,Asian,217.42,193.61,218.70,244.01,35.90,37.28,32.73,62.72,22.79,29.99,7.20,7.20
2009,VT,Reading,4,Asian,999.00,999.00,999.00,999.00,999.00,999.00,999.00,999.00,999.00,999.00,999.00,999.00
2009,VA,Reading,4,Asian,242.31,221.90,244.23,265.77,31.48,13.29,29.80,86.71,34.72,56.91,22.19,22.19
2009,WA,Reading,4,Asian,221.11,196.19,224.28,248.72,38.15,33.14,31.55,66.86,25.57,35.31,9.74,9.74
2009,WV,Reading,4,Asian,999.00,999.00,999.00,999.00,999.00,999.00,999.00,999.00,999.00,999.00,999.00,999.00
2009,WI,Reading,4,Asian,220.42,195.40,222.48,247.49,34.28,36.38,28.05,63.62,28.87,35.57,6.71,6.71
2009,WY,Reading,4,Asian,999.00,999.00,999.00,999.00,999.00,999.00,999.00,999.00,999.00,999.00,999.00,999.00
2009,AL,Reading,4,American Indian or Alaskan Native,999.00,999.00,999.00,999.00,999.00,999.00,999.00,999.00,999.00,999.00,999.00,999.00
2009,AK,Reading,4,American Indian or Alaskan Native,179.45,149.54,182.65,211.14,44.94,72.62,18.44,27.38,7.50,8.93,1.44,1.44
2009,AZ,Reading,4,American Indian or Alaskan Native,190.31,163.13,194.81,219.02,43.66,64.17,24.06,35.83,8.84,11.77,2.93,2.93
2009,AR,Reading,4,American Indian or Alaskan Native,999.00,999.00,999.00,999.00,999.00,999.00,999.00,999.00,999.00,999.00,999.00,999.00
2009,CA,Reading,4,American Indian or Alaskan Native,999.00,999.00,999.00,999.00,999.00,999.00,999.00,999.00,999.00,999.00,999.00,999.00
2009,CO,Reading,4,American Indian or Alaskan Native,999.00,999.00,999.00,999.00,999.00,999.00,999.00,999.00,999.00,999.00,999.00,999.00
2009,CT,Reading,4,American Indian or Alaskan Native,999.00,999.00,999.00,999.00,999.00,999.00,999.00,999.00,999.00,999.00,999.00,999.00
2009,DE,Reading,4,American Indian or Alaskan Native,999.00,999.00,999.00,999.00,999.00,999.00,999.00,999.00,999.00,999.00,999.00,999.00
2009,DC,Reading,4,American Indian or Alaskan Native,999.00,999.00,999.00,999.00,999.00,999.00,999.00,999.00,999.00,999.00,999.00,999.00
2009,FL,Reading,4,American Indian or Alaskan Native,999.00,999.00,999.00,999.00,999.00,999.00,999.00,999.00,999.00,999.00,999.00,999.00
2009,GA,Reading,4,American Indian or Alaskan Native,999.00,999.00,999.00,999.00,999.00,999.00,999.00,999.00,999.00,999.00,999.00,999.00
2009,HI,Reading,4,American Indian or Alaskan Native,999.00,999.00,999.00,999.00,999.00,999.00,999.00,999.00,999.00,999.00,999.00,999.00
2009,ID,Reading,4,American Indian or Alaskan Native,999.00,999.00,999.00,999.00,999.00,999.00,999.00,999.00,999.00,999.00,999.00,999.00
2009,IL,Reading,4,American Indian or Alaskan Native,999.00,999.00,999.00,999.00,999.00,999.00,999.00,999.00,999.00,999.00,999.00,999.00
2009,IN,Reading,4,American Indian or Alaskan Native,999.00,999.00,999.00,999.00,999.00,999.00,999.00,999.00,999.00,999.00,999.00,999.00
2009,IA,Reading,4,American Indian or Alaskan Native,999.00,999.00,999.00,999.00,999.00,999.00,999.00,999.00,999.00,999.00,999.00,999.00
2009,KS,Reading,4,American Indian or Alaskan Native,999.00,999.00,999.00,999.00,999.00,999.00,999.00,999.00,999.00,999.00,999.00,999.00
2009,KY,Reading,4,American Indian or Alaskan Native,999.00,999.00,999.00,999.00,999.00,999.00,999.00,999.00,999.00,999.00,999.00,999.00
2009,LA,Reading,4,American Indian or Alaskan Native,999.00,999.00,999.00,999.00,999.00,999.00,999.00,999.00,999.00,999.00,999.00,999.00
2009,ME,Reading,4,American Indian or Alaskan Native,999.00,999.00,999.00,999.00,999.00,999.00,999.00,999.00,999.00,999.00,999.00,999.00
2009,MD,Reading,4,American Indian or Alaskan Native,999.00,999.00,999.00,999.00,999.00,999.00,999.00,999.00,999.00,999.00,999.00,999.00
2009,MA,Reading,4,American Indian or Alaskan Native,999.00,999.00,999.00,999.00,999.00,999.00,999.00,999.00,999.00,999.00,999.00,999.00
2009,MI,Reading,4,American Indian or Alaskan Native,999.00,999.00,999.00,999.00,999.00,999.00,999.00,999.00,999.00,999.00,999.00,999.00
2009,MN,Reading,4,American Indian or Alaskan Native,199.84,169.75,201.16,232.72,46.16,56.51,23.24,43.49,13.17,20.25,7.08,7.08
2009,MS,Reading,4,American Indian or Alaskan Native,999.00,999.00,999.00,999.00,999.00,999.00,999.00,999.00,999.00,999.00,999.00,999.00
2009,MO,Reading,4,American Indian or Alaskan Native,999.00,999.00,999.00,999.00,999.00,999.00,999.00,999.00,999.00,999.00,999.00,999.00
2009,MT,Reading,4,American Indian or Alaskan Native,205.95,184.53,207.36,229.42,33.95,50.26,33.27,49.74,13.33,16.46,3.13,3.13
2009,NE,Reading,4,American Indian or Alaskan Native,999.00,999.00,999.00,999.00,999.00,999.00,999.00,999.00,999.00,999.00,999.00,999.00
2009,NV,Reading,4,American Indian or Alaskan Native,999.00,999.00,999.00,999.00,999.00,999.00,999.00,999.00,999.00,999.00,999.00,999.00
2009,NH,Reading,4,American Indian or Alaskan Native,999.00,999.00,999.00,999.00,999.00,999.00,999.00,999.00,999.00,999.00,999.00,999.00
2009,NJ,Reading,4,American Indian or Alaskan Native,999.00,999.00,999.00,999.00,999.00,999.00,999.00,999.00,999.00,999.00,999.00,999.00
2009,NM,Reading,4,American Indian or Alaskan Native,191.37,168.72,192.22,217.38,37.60,65.70,24.46,34.30,8.72,9.84,1.11,1.11
2009,NY,Reading,4,American Indian or Alaskan Native,999.00,999.00,999.00,999.00,999.00,999.00,999.00,999.00,999.00,999.00,999.00,999.00
2009,NC,Reading,4,American Indian or Alaskan Native,201.85,172.31,203.72,230.27,43.15,53.38,28.26,46.62,12.57,18.35,5.78,5.78
2009,ND,Reading,4,American Indian or Alaskan Native,204.18,181.57,205.18,227.65,34.46,53.24,31.22,46.76,12.66,15.54,2.88,2.88
2009,OH,Reading,4,American Indian or Alaskan Native,999.00,999.00,999.00,999.00,999.00,999.00,999.00,999.00,999.00,999.00,999.00,999.00
2009,OK,Reading,4,American Indian or Alaskan Native,215.35,194.53,218.46,239.65,35.16,37.47,35.99,62.53,21.74,26.53,4.79,4.79
2009,OR,Reading,4,American Indian or Alaskan Native,209.54,191.22,212.56,230.34,32.58,44.27,38.85,55.73,13.85,16.88,3.03,3.03
2009,PA,Reading,4,American Indian or Alaskan Native,999.00,999.00,999.00,999.00,999.00,999.00,999.00,999.00,999.00,999.00,999.00,999.00
2009,RI,Reading,4,American Indian or Alaskan Native,999.00,999.00,999.00,999.00,999.00,999.00,999.00,999.00,999.00,999.00,999.00,999.00
2009,SC,Reading,4,American Indian or Alaskan Native,999.00,999.00,999.00,999.00,999.00,999.00,999.00,999.00,999.00,999.00,999.00,999.00
2009,SD,Reading,4,American Indian or Alaskan Native,195.53,171.44,197.56,219.08,37.02,62.48,26.53,37.52,8.55,10.99,2.44,2.44
2009,TN,Reading,4,American Indian or Alaskan Native,999.00,999.00,999.00,999.00,999.00,999.00,999.00,999.00,999.00,999.00,999.00,999.00
2009,TX,Reading,4,American Indian or Alaskan Native,999.00,999.00,999.00,999.00,999.00,999.00,999.00,999.00,999.00,999.00,999.00,999.00
2009,UT,Reading,4,American Indian or Alaskan Native,195.09,172.49,202.05,226.72,45.70,57.50,25.69,42.50,15.08,16.80,1.72,1.72
2009,VT,Reading,4,American Indian or Alaskan Native,999.00,999.00,999.00,999.00,999.00,999.00,999.00,999.00,999.00,999.00,999.00,999.00
2009,VA,Reading,4,American Indian or Alaskan Native,999.00,999.00,999.00,999.00,999.00,999.00,999.00,999.00,999.00,999.00,999.00,999.00
2009,WA,Reading,4,American Indian or Alaskan Native,211.96,183.65,218.14,239.34,42.07,40.10,33.28,59.90,19.95,26.62,6.67,6.67
2009,WV,Reading,4,American Indian or Alaskan Native,999.00,999.00,999.00,999.00,999.00,999.00,999.00,999.00,999.00,999.00,999.00,999.00
2009,WI,Reading,4,American Indian or Alaskan Native,196.89,172.69,197.52,229.39,42.64,57.82,24.06,42.18,15.29,18.11,2.82,2.82
2009,WY,Reading,4,American Indian or Alaskan Native,204.83,182.53,210.63,229.84,37.06,47.72,33.41,52.28,17.28,18.87,1.59,1.59
2009,AL,Reading,4,Hawaiian,999.00,999.00,999.00,999.00,999.00,999.00,999.00,999.00,999.00,999.00,999.00,999.00
2009,AK,Reading,4,Hawaiian,214.13,192.65,216.90,238.74,34.89,39.66,34.44,60.34,21.96,25.90,3.94,3.94
2009,AZ,Reading,4,Hawaiian,999.00,999.00,999.00,999.00,999.00,999.00,999.00,999.00,999.00,999.00,999.00,999.00
2009,AR,Reading,4,Hawaiian,999.00,999.00,999.00,999.00,999.00,999.00,999.00,999.00,999.00,999.00,999.00,999.00
2009,CA,Reading,4,Hawaiian,999.00,999.00,999.00,999.00,999.00,999.00,999.00,999.00,999.00,999.00,999.00,999.00
2009,CO,Reading,4,Hawaiian,999.00,999.00,999.00,999.00,999.00,999.00,999.00,999.00,999.00,999.00,999.00,999.00
2009,CT,Reading,4,Hawaiian,999.00,999.00,999.00,999.00,999.00,999.00,999.00,999.00,999.00,999.00,999.00,999.00
2009,DE,Reading,4,Hawaiian,999.00,999.00,999.00,999.00,999.00,999.00,999.00,999.00,999.00,999.00,999.00,999.00
2009,DC,Reading,4,Hawaiian,999.00,999.00,999.00,999.00,999.00,999.00,999.00,999.00,999.00,999.00,999.00,999.00
2009,FL,Reading,4,Hawaiian,229.66,207.43,230.57,251.08,31.10,25.59,34.76,74.41,28.54,39.65,11.11,11.11
2009,GA,Reading,4,Hawaiian,224.08,200.13,228.47,250.36,36.06,32.14,27.87,67.86,32.18,39.99,7.81,7.81
2009,HI,Reading,4,Hawaiian,208.86,184.52,214.23,238.28,41.89,44.60,30.21,55.40,19.64,25.19,5.55,5.55
2009,ID,Reading,4,Hawaiian,999.00,999.00,999.00,999.00,999.00,999.00,999.00,999.00,999.00,999.00,999.00,999.00
2009,IL,Reading,4,Hawaiian,222.97,202.87,226.87,250.91,43.01,30.42,31.93,69.58,24.11,37.65,13.55,13.55
2009,IN,Reading,4,Hawaiian,218.05,199.28,218.76,240.20,31.09,36.17,36.06,63.83,22.75,27.76,5.02,5.02
2009,IA,Reading,4,Hawaiian,999.00,999.00,999.00,999.00,999.00,999.00,999.00,999.00,999.00,999.00,999.00,999.00
2009,KS,Reading,4,Hawaiian,222.15,204.15,225.56,245.42,32.42,29.81,37.06,70.19,29.01,33.14,4.13,4.13
2009,KY,Reading,4,Hawaiian,225.86,205.55,227.60,247.32,33.13,27.92,36.71,72.08,27.94,35.37,7.43,7.43
2009,LA,Reading,4,Hawaiian,999.00,999.00,999.00,999.00,999.00,999.00,999.00,999.00,999.00,999.00,999.00,999.00
2009,ME,Reading,4,Hawaiian,999.00,999.00,999.00,999.00,999.00,999.00,999.00,999.00,999.00,999.00,999.00,999.00
2009,MD,Reading,4,Hawaiian,999.00,999.00,999.00,999.00,999.00,999.00,999.00,999.00,999.00,999.00,999.00,999.00
2009,MA,Reading,4,Hawaiian,238.54,221.11,238.45,258.45,28.09,14.00,35.24,86.00,37.69,50.76,13.07,13.07
2009,MI,Reading,4,Hawaiian,999.00,999.00,999.00,999.00,999.00,999.00,999.00,999.00,999.00,999.00,999.00,999.00
2009,MN,Reading,4,Hawaiian,999.00,999.00,999.00,999.00,999.00,999.00,999.00,999.00,999.00,999.00,999.00,999.00
2009,MS,Reading,4,Hawaiian,999.00,999.00,999.00,999.00,999.00,999.00,999.00,999.00,999.00,999.00,999.00,999.00
2009,MO,Reading,4,Hawaiian,999.00,999.00,999.00,999.00,999.00,999.00,999.00,999.00,999.00,999.00,999.00,999.00
2009,MT,Reading,4,Hawaiian,999.00,999.00,999.00,999.00,999.00,999.00,999.00,999.00,999.00,999.00,999.00,999.00
2009,NE,Reading,4,Hawaiian,999.00,999.00,999.00,999.00,999.00,999.00,999.00,999.00,999.00,999.00,999.00,999.00
2009,NV,Reading,4,Hawaiian,999.00,999.00,999.00,999.00,999.00,999.00,999.00,999.00,999.00,999.00,999.00,999.00
2009,NH,Reading,4,Hawaiian,999.00,999.00,999.00,999.00,999.00,999.00,999.00,999.00,999.00,999.00,999.00,999.00
2009,NJ,Reading,4,Hawaiian,999.00,999.00,999.00,999.00,999.00,999.00,999.00,999.00,999.00,999.00,999.00,999.00
2009,NM,Reading,4,Hawaiian,999.00,999.00,999.00,999.00,999.00,999.00,999.00,999.00,999.00,999.00,999.00,999.00
2009,NY,Reading,4,Hawaiian,999.00,999.00,999.00,999.00,999.00,999.00,999.00,999.00,999.00,999.00,999.00,999.00
2009,NC,Reading,4,Hawaiian,214.91,194.59,217.12,240.83,39.73,40.62,32.75,59.38,20.07,26.63,6.56,6.56
2009,ND,Reading,4,Hawaiian,999.00,999.00,999.00,999.00,999.00,999.00,999.00,999.00,999.00,999.00,999.00,999.00
2009,OH,Reading,4,Hawaiian,218.03,197.73,220.22,239.59,30.96,33.92,40.89,66.08,21.65,25.19,3.53,3.53
2009,OK,Reading,4,Hawaiian,999.00,999.00,999.00,999.00,999.00,999.00,999.00,999.00,999.00,999.00,999.00,999.00
2009,OR,Reading,4,Hawaiian,225.25,206.72,227.88,246.38,30.63,26.10,38.35,73.90,28.74,35.55,6.81,6.81
2009,PA,Reading,4,Hawaiian,999.00,999.00,999.00,999.00,999.00,999.00,999.00,999.00,999.00,999.00,999.00,999.00
2009,RI,Reading,4,Hawaiian,999.00,999.00,999.00,999.00,999.00,999.00,999.00,999.00,999.00,999.00,999.00,999.00
2009,SC,Reading,4,Hawaiian,220.56,199.03,224.01,241.55,32.73,32.07,36.70,67.93,25.11,31.22,6.11,6.11
2009,SD,Reading,4,Hawaiian,999.00,999.00,999.00,999.00,999.00,999.00,999.00,999.00,999.00,999.00,999.00,999.00
2009,TN,Reading,4,Hawaiian,999.00,999.00,999.00,999.00,999.00,999.00,999.00,999.00,999.00,999.00,999.00,999.00
2009,TX,Reading,4,Hawaiian,999.00,999.00,999.00,999.00,999.00,999.00,999.00,999.00,999.00,999.00,999.00,999.00
2009,UT,Reading,4,Hawaiian,999.00,999.00,999.00,999.00,999.00,999.00,999.00,999.00,999.00,999.00,999.00,999.00
2009,VT,Reading,4,Hawaiian,999.00,999.00,999.00,999.00,999.00,999.00,999.00,999.00,999.00,999.00,999.00,999.00
2009,VA,Reading,4,Hawaiian,233.56,217.11,234.75,253.63,29.82,16.55,39.20,83.45,32.38,44.24,11.86,11.86
2009,WA,Reading,4,Hawaiian,225.70,204.72,227.69,248.15,33.03,28.03,34.41,71.97,29.51,37.56,8.05,8.05
2009,WV,Reading,4,Hawaiian,999.00,999.00,999.00,999.00,999.00,999.00,999.00,999.00,999.00,999.00,999.00,999.00
2009,WI,Reading,4,Hawaiian,999.00,999.00,999.00,999.00,999.00,999.00,999.00,999.00,999.00,999.00,999.00,999.00
2009,WY,Reading,4,Hawaiian,999.00,999.00,999.00,999.00,999.00,999.00,999.00,999.00,999.00,999.00,999.00,999.00
2009,AL,Reading,4,Multiracial,N/A,N/A,N/A,N/A,N/A,N/A,N/A,N/A,N/A,N/A,N/A,N/A
2009,AK,Reading,4,Multiracial,N/A,N/A,N/A,N/A,N/A,N/A,N/A,N/A,N/A,N/A,N/A,N/A
2009,AZ,Reading,4,Multiracial,N/A,N/A,N/A,N/A,N/A,N/A,N/A,N/A,N/A,N/A,N/A,N/A
2009,AR,Reading,4,Multiracial,N/A,N/A,N/A,N/A,N/A,N/A,N/A,N/A,N/A,N/A,N/A,N/A
2009,CA,Reading,4,Multiracial,N/A,N/A,N/A,N/A,N/A,N/A,N/A,N/A,N/A,N/A,N/A,N/A
2009,CO,Reading,4,Multiracial,N/A,N/A,N/A,N/A,N/A,N/A,N/A,N/A,N/A,N/A,N/A,N/A
2009,CT,Reading,4,Multiracial,N/A,N/A,N/A,N/A,N/A,N/A,N/A,N/A,N/A,N/A,N/A,N/A
2009,DE,Reading,4,Multiracial,N/A,N/A,N/A,N/A,N/A,N/A,N/A,N/A,N/A,N/A,N/A,N/A
2009,DC,Reading,4,Multiracial,N/A,N/A,N/A,N/A,N/A,N/A,N/A,N/A,N/A,N/A,N/A,N/A
2009,FL,Reading,4,Multiracial,N/A,N/A,N/A,N/A,N/A,N/A,N/A,N/A,N/A,N/A,N/A,N/A
2009,GA,Reading,4,Multiracial,N/A,N/A,N/A,N/A,N/A,N/A,N/A,N/A,N/A,N/A,N/A,N/A
2009,HI,Reading,4,Multiracial,N/A,N/A,N/A,N/A,N/A,N/A,N/A,N/A,N/A,N/A,N/A,N/A
2009,ID,Reading,4,Multiracial,N/A,N/A,N/A,N/A,N/A,N/A,N/A,N/A,N/A,N/A,N/A,N/A
2009,IL,Reading,4,Multiracial,N/A,N/A,N/A,N/A,N/A,N/A,N/A,N/A,N/A,N/A,N/A,N/A
2009,IN,Reading,4,Multiracial,N/A,N/A,N/A,N/A,N/A,N/A,N/A,N/A,N/A,N/A,N/A,N/A
2009,IA,Reading,4,Multiracial,N/A,N/A,N/A,N/A,N/A,N/A,N/A,N/A,N/A,N/A,N/A,N/A
2009,KS,Reading,4,Multiracial,N/A,N/A,N/A,N/A,N/A,N/A,N/A,N/A,N/A,N/A,N/A,N/A
2009,KY,Reading,4,Multiracial,N/A,N/A,N/A,N/A,N/A,N/A,N/A,N/A,N/A,N/A,N/A,N/A
2009,LA,Reading,4,Multiracial,N/A,N/A,N/A,N/A,N/A,N/A,N/A,N/A,N/A,N/A,N/A,N/A
2009,ME,Reading,4,Multiracial,N/A,N/A,N/A,N/A,N/A,N/A,N/A,N/A,N/A,N/A,N/A,N/A
2009,MD,Reading,4,Multiracial,N/A,N/A,N/A,N/A,N/A,N/A,N/A,N/A,N/A,N/A,N/A,N/A
2009,MA,Reading,4,Multiracial,N/A,N/A,N/A,N/A,N/A,N/A,N/A,N/A,N/A,N/A,N/A,N/A
2009,MI,Reading,4,Multiracial,N/A,N/A,N/A,N/A,N/A,N/A,N/A,N/A,N/A,N/A,N/A,N/A
2009,MN,Reading,4,Multiracial,N/A,N/A,N/A,N/A,N/A,N/A,N/A,N/A,N/A,N/A,N/A,N/A
2009,MS,Reading,4,Multiracial,N/A,N/A,N/A,N/A,N/A,N/A,N/A,N/A,N/A,N/A,N/A,N/A
2009,MO,Reading,4,Multiracial,N/A,N/A,N/A,N/A,N/A,N/A,N/A,N/A,N/A,N/A,N/A,N/A
2009,MT,Reading,4,Multiracial,N/A,N/A,N/A,N/A,N/A,N/A,N/A,N/A,N/A,N/A,N/A,N/A
2009,NE,Reading,4,Multiracial,N/A,N/A,N/A,N/A,N/A,N/A,N/A,N/A,N/A,N/A,N/A,N/A
2009,NV,Reading,4,Multiracial,N/A,N/A,N/A,N/A,N/A,N/A,N/A,N/A,N/A,N/A,N/A,N/A
2009,NH,Reading,4,Multiracial,N/A,N/A,N/A,N/A,N/A,N/A,N/A,N/A,N/A,N/A,N/A,N/A
2009,NJ,Reading,4,Multiracial,N/A,N/A,N/A,N/A,N/A,N/A,N/A,N/A,N/A,N/A,N/A,N/A
2009,NM,Reading,4,Multiracial,N/A,N/A,N/A,N/A,N/A,N/A,N/A,N/A,N/A,N/A,N/A,N/A
2009,NY,Reading,4,Multiracial,N/A,N/A,N/A,N/A,N/A,N/A,N/A,N/A,N/A,N/A,N/A,N/A
2009,NC,Reading,4,Multiracial,N/A,N/A,N/A,N/A,N/A,N/A,N/A,N/A,N/A,N/A,N/A,N/A
2009,ND,Reading,4,Multiracial,N/A,N/A,N/A,N/A,N/A,N/A,N/A,N/A,N/A,N/A,N/A,N/A
2009,OH,Reading,4,Multiracial,N/A,N/A,N/A,N/A,N/A,N/A,N/A,N/A,N/A,N/A,N/A,N/A
2009,OK,Reading,4,Multiracial,N/A,N/A,N/A,N/A,N/A,N/A,N/A,N/A,N/A,N/A,N/A,N/A
2009,OR,Reading,4,Multiracial,N/A,N/A,N/A,N/A,N/A,N/A,N/A,N/A,N/A,N/A,N/A,N/A
2009,PA,Reading,4,Multiracial,N/A,N/A,N/A,N/A,N/A,N/A,N/A,N/A,N/A,N/A,N/A,N/A
2009,RI,Reading,4,Multiracial,N/A,N/A,N/A,N/A,N/A,N/A,N/A,N/A,N/A,N/A,N/A,N/A
2009,SC,Reading,4,Multiracial,N/A,N/A,N/A,N/A,N/A,N/A,N/A,N/A,N/A,N/A,N/A,N/A
2009,SD,Reading,4,Multiracial,N/A,N/A,N/A,N/A,N/A,N/A,N/A,N/A,N/A,N/A,N/A,N/A
2009,TN,Reading,4,Multiracial,N/A,N/A,N/A,N/A,N/A,N/A,N/A,N/A,N/A,N/A,N/A,N/A
2009,TX,Reading,4,Multiracial,N/A,N/A,N/A,N/A,N/A,N/A,N/A,N/A,N/A,N/A,N/A,N/A
2009,UT,Reading,4,Multiracial,N/A,N/A,N/A,N/A,N/A,N/A,N/A,N/A,N/A,N/A,N/A,N/A
2009,VT,Reading,4,Multiracial,N/A,N/A,N/A,N/A,N/A,N/A,N/A,N/A,N/A,N/A,N/A,N/A
2009,VA,Reading,4,Multiracial,N/A,N/A,N/A,N/A,N/A,N/A,N/A,N/A,N/A,N/A,N/A,N/A
2009,WA,Reading,4,Multiracial,N/A,N/A,N/A,N/A,N/A,N/A,N/A,N/A,N/A,N/A,N/A,N/A
2009,WV,Reading,4,Multiracial,N/A,N/A,N/A,N/A,N/A,N/A,N/A,N/A,N/A,N/A,N/A,N/A
2009,WI,Reading,4,Multiracial,N/A,N/A,N/A,N/A,N/A,N/A,N/A,N/A,N/A,N/A,N/A,N/A
2009,WY,Reading,4,Multiracial,N/A,N/A,N/A,N/A,N/A,N/A,N/A,N/A,N/A,N/A,N/A,N/A
2009,AL,Reading,8,All,254.90,232.95,257.59,279.89,35.30,34.28,41.92,65.72,22.34,23.80,1.46,1.46
2009,AK,Reading,8,All,259.45,239.59,262.33,282.76,33.96,28.42,44.54,71.58,25.45,27.04,1.59,1.59
2009,AZ,Reading,8,All,257.60,234.76,261.19,282.77,37.06,31.67,41.42,68.33,24.37,26.91,2.54,2.54
2009,AR,Reading,8,All,258.05,236.83,261.45,282.60,36.02,30.75,42.59,69.25,24.57,26.66,2.09,2.09
2009,CA,Reading,8,All,252.63,230.36,255.57,278.17,37.56,36.40,41.36,63.60,20.42,22.25,1.82,1.82
2009,CO,Reading,8,All,265.51,246.65,267.92,287.67,32.12,21.85,45.72,78.15,30.23,32.43,2.20,2.20
2009,CT,Reading,8,All,271.81,251.20,275.01,295.67,34.11,18.73,38.74,81.27,37.81,42.52,4.72,4.72
2009,DE,Reading,8,All,265.00,245.65,266.56,285.87,30.01,22.29,47.06,77.71,28.78,30.65,1.87,1.87
2009,DC,Reading,8,All,242.49,218.66,243.72,266.84,35.97,49.27,37.08,50.73,12.44,13.65,1.21,1.21
2009,FL,Reading,8,All,264.36,243.61,265.97,286.87,32.70,24.38,43.84,75.62,29.35,31.78,2.43,2.43
2009,GA,Reading,8,All,260.24,240.12,261.85,282.69,33.07,27.82,45.24,72.18,25.14,26.94,1.80,1.80
2009,HI,Reading,8,All,254.74,234.08,257.39,278.04,33.87,33.17,44.87,66.83,20.75,21.96,1.21,1.21
2009,ID,Reading,8,All,264.84,245.06,267.77,287.38,32.72,23.22,43.93,76.78,30.75,32.85,2.10,2.10
2009,IL,Reading,8,All,264.51,244.74,267.24,287.69,33.33,23.49,43.82,76.51,30.43,32.69,2.26,2.26
2009,IN,Reading,8,All,265.69,247.11,267.32,287.00,31.03,21.09,46.80,78.91,29.88,32.11,2.23,2.23
2009,IA,Reading,8,All,264.89,246.16,267.78,286.88,31.98,22.65,45.12,77.35,30.34,32.22,1.89,1.89
2009,KS,Reading,8,All,266.80,248.07,268.58,287.59,29.99,20.39,46.56,79.61,31.02,33.05,2.03,2.03
2009,KY,Reading,8,All,266.85,247.71,268.43,287.97,30.90,21.01,45.72,78.99,30.71,33.27,2.57,2.57
2009,LA,Reading,8,All,253.33,232.70,254.81,276.22,33.71,35.55,44.02,64.45,19.26,20.43,1.17,1.17
2009,ME,Reading,8,All,267.71,248.49,269.47,289.06,31.42,19.94,45.48,80.06,31.66,34.57,2.92,2.92
2009,MD,Reading,8,All,267.30,245.54,268.31,291.05,33.91,22.71,41.68,77.29,31.37,35.61,4.24,4.24
2009,MA,Reading,8,All,273.59,253.51,275.36,296.72,33.12,16.87,40.21,83.13,37.49,42.92,5.43,5.43
2009,MI,Reading,8,All,261.90,239.60,264.14,286.25,34.95,27.97,41.48,72.03,27.65,30.55,2.89,2.89
2009,MN,Reading,8,All,269.74,251.51,272.94,291.16,31.50,18.02,43.60,81.98,35.62,38.38,2.75,2.75
2009,MS,Reading,8,All,251.31,229.73,252.86,274.89,34.02,38.38,42.31,61.62,18.23,19.31,1.08,1.08
2009,MO,Reading,8,All,266.88,247.09,268.71,288.92,31.49,21.16,44.59,78.84,31.64,34.26,2.61,2.61
2009,MT,Reading,8,All,270.39,252.70,272.37,290.26,29.33,16.36,45.96,83.64,35.33,37.68,2.35,2.35
2009,NE,Reading,8,All,267.07,249.01,269.60,288.67,31.29,19.87,45.54,80.13,32.64,34.59,1.96,1.96
2009,NV,Reading,8,All,253.84,232.60,256.22,278.50,35.51,34.79,42.77,65.21,21.24,22.44,1.21,1.21
2009,NH,Reading,8,All,270.75,250.55,272.55,292.80,32.06,18.63,41.97,81.37,35.40,39.40,4.00,4.00
2009,NJ,Reading,8,All,272.80,253.04,274.79,294.34,31.74,16.60,41.80,83.40,36.97,41.60,4.63,4.63
2009,NM,Reading,8,All,254.13,232.99,256.69,277.94,34.50,34.47,43.80,65.53,20.27,21.73,1.47,1.47
2009,NY,Reading,8,All,264.29,242.56,266.60,288.89,34.97,25.35,41.31,74.65,30.29,33.34,3.05,3.05
2009,NC,Reading,8,All,259.53,237.52,262.02,284.66,36.06,29.88,41.38,70.12,26.20,28.74,2.55,2.55
2009,ND,Reading,8,All,269.24,253.91,271.15,287.24,27.78,14.43,51.46,85.57,32.82,34.10,1.28,1.28
2009,OH,Reading,8,All,268.68,249.34,270.86,290.32,32.25,19.62,43.69,80.38,33.33,36.68,3.35,3.35
2009,OK,Reading,8,All,259.50,240.58,262.12,281.57,31.78,27.44,46.87,72.56,24.65,25.69,1.04,1.04
2009,OR,Reading,8,All,265.09,244.54,267.83,288.48,33.34,23.67,43.01,76.33,30.63,33.31,2.68,2.68
2009,PA,Reading,8,All,270.70,251.04,273.43,293.13,32.12,18.59,41.31,81.41,36.61,40.10,3.49,3.49
2009,RI,Reading,8,All,259.89,239.35,262.85,283.15,34.26,28.27,44.16,71.73,25.82,27.57,1.75,1.75
2009,SC,Reading,8,All,257.27,235.63,258.37,280.37,34.17,31.76,43.77,68.24,22.53,24.47,1.94,1.94
2009,SD,Reading,8,All,270.06,253.42,272.20,289.65,28.21,15.67,47.44,84.33,35.15,36.89,1.74,1.74
2009,TN,Reading,8,All,260.95,240.34,263.01,283.59,32.56,27.29,44.77,72.71,25.96,27.94,1.98,1.98
2009,TX,Reading,8,All,260.37,240.80,263.00,282.72,32.85,27.13,45.76,72.87,25.46,27.12,1.65,1.65
2009,UT,Reading,8,All,265.59,246.67,268.20,287.50,31.85,21.87,45.19,78.13,30.86,32.94,2.07,2.07
2009,VT,Reading,8,All,272.31,253.36,274.31,293.95,30.59,16.43,42.62,83.57,37.49,40.95,3.46,3.46
2009,VA,Reading,8,All,265.64,246.30,267.49,286.99,31.32,22.07,45.74,77.93,29.98,32.19,2.21,2.21
2009,WA,Reading,8,All,266.92,246.42,269.01,290.44,34.79,22.12,42.16,77.88,31.75,35.72,3.97,3.97
2009,WV,Reading,8,All,254.80,234.63,258.02,278.28,35.12,32.78,44.87,67.22,20.99,22.36,1.37,1.37
2009,WI,Reading,8,All,265.81,246.44,268.76,288.56,32.87,22.04,44.03,77.96,31.62,33.92,2.30,2.30
2009,WY,Reading,8,All,268.16,250.18,269.42,288.26,28.46,18.25,47.31,81.75,32.77,34.44,1.68,1.68
2009,AL,Reading,8,White,264.41,245.58,267.27,286.01,31.89,22.85,45.66,77.15,29.70,31.49,1.78,1.78
2009,AK,Reading,8,White,269.45,252.21,272.01,289.35,29.12,17.03,46.83,82.97,34.08,36.15,2.07,2.07
2009,AZ,Reading,8,White,269.77,250.51,273.04,291.50,32.66,19.38,42.10,80.62,34.75,38.52,3.77,3.77
2009,AR,Reading,8,White,266.34,247.01,268.73,288.24,32.49,21.63,45.11,78.37,30.52,33.26,2.74,2.74
2009,CA,Reading,8,White,269.33,249.29,271.30,291.07,32.89,19.58,43.60,80.42,32.73,36.81,4.09,4.09
2009,CO,Reading,8,White,273.95,256.97,275.49,293.06,28.21,12.64,46.16,87.36,38.12,41.19,3.07,3.07
2009,CT,Reading,8,White,279.20,261.43,281.90,300.13,30.55,11.57,37.16,88.43,45.57,51.26,5.70,5.70
2009,DE,Reading,8,White,272.97,255.66,274.94,292.30,28.41,14.16,44.97,85.84,38.06,40.87,2.81,2.81
2009,DC,Reading,8,White,999.00,999.00,999.00,999.00,999.00,999.00,999.00,999.00,999.00,999.00,999.00,999.00
2009,FL,Reading,8,White,271.52,252.39,273.60,293.46,31.77,17.64,42.27,82.36,36.41,40.09,3.68,3.68
2009,GA,Reading,8,White,268.32,249.57,270.08,289.51,30.99,18.94,45.87,81.06,32.54,35.19,2.65,2.65
2009,HI,Reading,8,White,266.67,248.94,269.91,289.92,32.99,20.25,44.50,79.75,33.27,35.25,1.98,1.98
2009,ID,Reading,8,White,269.20,251.19,271.39,289.71,30.30,17.96,45.44,82.04,34.26,36.60,2.34,2.34
2009,IL,Reading,8,White,273.68,256.25,275.97,293.97,29.65,13.95,43.75,86.05,39.20,42.30,3.10,3.10
2009,IN,Reading,8,White,269.21,251.47,271.00,289.74,30.20,17.35,46.53,82.65,33.53,36.12,2.59,2.59
2009,IA,Reading,8,White,267.49,249.47,270.04,288.34,30.54,19.84,45.70,80.16,32.39,34.45,2.06,2.06
2009,KS,Reading,8,White,272.16,255.15,273.37,291.07,27.35,14.12,47.26,85.88,36.20,38.62,2.42,2.42
2009,KY,Reading,8,White,268.72,250.25,270.48,289.34,30.01,18.88,45.92,81.12,32.59,35.20,2.61,2.61
2009,LA,Reading,8,White,262.67,243.45,264.15,283.52,30.31,24.59,47.54,75.41,26.31,27.87,1.56,1.56
2009,ME,Reading,8,White,268.09,249.02,269.79,289.36,31.15,19.50,45.59,80.50,32.02,34.91,2.89,2.89
2009,MD,Reading,8,White,278.65,258.84,279.81,299.98,30.45,11.82,39.93,88.18,41.71,48.25,6.54,6.54
2009,MA,Reading,8,White,278.51,259.60,280.06,300.22,30.89,12.51,38.77,87.49,42.50,48.72,6.22,6.22
2009,MI,Reading,8,White,267.75,247.83,270.04,289.80,32.19,21.04,43.45,78.96,32.19,35.51,3.33,3.33
2009,MN,Reading,8,White,274.75,258.07,277.03,294.22,28.61,12.79,43.63,87.21,40.31,43.58,3.27,3.27
2009,MS,Reading,8,White,264.29,245.19,266.27,285.88,31.24,22.92,46.31,77.08,28.85,30.77,1.92,1.92
2009,MO,Reading,8,White,270.43,251.50,271.99,290.89,29.54,16.99,45.27,83.01,34.89,37.74,2.85,2.85
2009,MT,Reading,8,White,272.54,255.29,274.16,291.45,27.65,13.78,46.52,86.22,37.26,39.70,2.44,2.44
2009,NE,Reading,8,White,271.85,254.98,273.45,291.73,28.60,14.23,46.73,85.77,36.84,39.03,2.20,2.20
2009,NV,Reading,8,White,264.12,244.61,266.73,286.52,32.36,23.43,45.21,76.57,29.48,31.36,1.88,1.88
2009,NH,Reading,8,White,271.28,251.03,272.97,293.15,31.77,18.06,42.01,81.94,35.84,39.92,4.08,4.08
2009,NJ,Reading,8,White,280.95,263.83,281.59,299.32,27.20,8.10,41.12,91.90,45.23,50.79,5.56,5.56
2009,NM,Reading,8,White,271.08,252.61,272.85,289.94,29.97,16.11,45.82,83.89,34.47,38.07,3.61,3.61
2009,NY,Reading,8,White,274.57,255.51,276.57,295.84,30.47,14.55,41.40,85.45,39.92,44.05,4.13,4.13
2009,NC,Reading,8,White,270.26,250.49,272.14,291.78,31.85,18.60,42.72,81.40,35.07,38.68,3.61,3.61
2009,ND,Reading,8,White,271.39,256.01,272.18,287.67,24.48,11.95,52.72,88.05,34.09,35.33,1.24,1.24
2009,OH,Reading,8,White,273.28,255.32,274.88,293.48,30.39,14.33,44.17,85.67,37.61,41.50,3.90,3.90
2009,OK,Reading,8,White,263.97,246.31,266.66,284.17,29.74,21.96,48.86,78.04,28.14,29.18,1.04,1.04
2009,OR,Reading,8,White,268.90,249.48,271.30,290.56,31.19,19.42,43.66,80.58,34.05,36.92,2.87,2.87
2009,PA,Reading,8,White,275.65,258.12,278.21,296.06,29.69,13.27,41.03,86.73,41.88,45.71,3.83,3.83
2009,RI,Reading,8,White,266.78,248.12,269.13,287.91,30.83,20.82,45.57,79.18,31.51,33.62,2.11,2.11
2009,SC,Reading,8,White,266.74,247.11,268.45,289.01,32.36,21.31,44.84,78.69,31.09,33.85,2.76,2.76
2009,SD,Reading,8,White,273.23,257.38,274.84,291.19,26.20,12.18,47.67,87.82,38.29,40.15,1.86,1.86
2009,TN,Reading,8,White,267.42,248.96,269.03,288.10,29.95,19.52,46.66,80.48,31.35,33.83,2.47,2.47
2009,TX,Reading,8,White,273.37,255.62,275.42,292.93,28.92,14.04,44.00,85.96,39.06,41.96,2.90,2.90
2009,UT,Reading,8,White,269.58,252.28,271.52,289.89,29.76,17.02,46.32,82.98,34.41,36.66,2.25,2.25
2009,VT,Reading,8,White,272.33,253.43,274.30,293.99,30.54,16.33,42.77,83.67,37.42,40.90,3.49,3.49
2009,VA,Reading,8,White,272.33,254.12,273.63,292.08,29.17,15.15,45.14,84.85,36.59,39.71,3.12,3.12
2009,WA,Reading,8,White,272.58,252.96,274.65,294.06,32.25,16.94,41.60,83.06,36.61,41.46,4.85,4.85
2009,WV,Reading,8,White,255.02,235.03,258.30,278.42,34.98,32.26,45.28,67.74,21.16,22.45,1.30,1.30
2009,WI,Reading,8,White,270.80,252.84,273.02,291.39,30.26,16.45,44.86,83.55,35.96,38.69,2.73,2.73
2009,WY,Reading,8,White,269.35,251.58,270.74,289.09,27.93,16.74,47.45,83.26,34.12,35.81,1.69,1.69
2009,AL,Reading,8,Black,237.79,217.14,239.06,259.77,33.04,54.12,36.95,45.88,8.55,8.93,999.00,999.00
2009,AK,Reading,8,Black,248.95,230.77,249.80,267.87,27.73,39.00,48.81,61.00,11.86,12.19,999.00,999.00
2009,AZ,Reading,8,Black,248.92,223.70,250.94,277.26,40.53,41.63,37.23,58.37,18.95,21.14,2.18,2.18
2009,AR,Reading,8,Black,233.76,212.28,236.74,259.41,35.58,56.95,35.35,43.05,7.51,7.69,999.00,999.00
2009,CA,Reading,8,Black,242.63,221.20,245.77,267.56,33.86,46.72,41.95,53.28,11.02,11.34,999.00,999.00
2009,CO,Reading,8,Black,250.18,230.10,252.18,271.79,31.43,37.86,47.19,62.14,14.48,14.95,999.00,999.00
2009,CT,Reading,8,Black,244.90,224.91,247.12,265.40,31.13,44.78,43.89,55.22,11.07,11.33,999.00,999.00
2009,DE,Reading,8,Black,253.69,235.89,254.01,272.71,28.28,33.82,50.23,66.18,15.52,15.95,999.00,999.00
2009,DC,Reading,8,Black,239.12,216.87,240.68,262.24,33.48,52.41,37.54,47.59,9.82,10.06,999.00,999.00
2009,FL,Reading,8,Black,250.38,231.59,251.58,271.04,30.34,38.16,46.54,61.84,15.06,15.30,999.00,999.00
2009,GA,Reading,8,Black,248.93,229.70,250.37,270.83,31.67,39.93,44.62,60.07,15.14,15.45,999.00,999.00
2009,HI,Reading,8,Black,255.78,237.16,258.20,276.52,32.75,31.21,48.53,68.79,18.83,20.25,1.42,1.42
2009,ID,Reading,8,Black,999.00,999.00,999.00,999.00,999.00,999.00,999.00,999.00,999.00,999.00,999.00,999.00
2009,IL,Reading,8,Black,243.14,224.45,245.73,265.20,31.82,46.19,43.61,53.81,10.03,10.20,999.00,999.00
2009,IN,Reading,8,Black,249.78,231.23,250.72,270.40,29.62,39.52,45.80,60.48,14.51,14.68,999.00,999.00
2009,IA,Reading,8,Black,240.63,220.11,244.21,266.78,35.58,48.81,39.35,51.19,11.52,11.84,999.00,999.00
2009,KS,Reading,8,Black,248.12,228.21,247.85,268.40,29.44,43.42,42.70,56.58,13.30,13.88,0.58,0.58
2009,KY,Reading,8,Black,249.05,228.63,250.98,270.77,31.45,40.42,44.51,59.58,14.52,15.08,0.55,0.55
2009,LA,Reading,8,Black,240.54,220.87,242.83,262.95,32.92,50.01,40.40,49.99,9.46,9.60,999.00,999.00
2009,ME,Reading,8,Black,253.80,234.24,256.89,277.23,34.86,31.75,46.52,68.25,21.34,21.74,999.00,999.00
2009,MD,Reading,8,Black,250.42,230.08,251.70,271.42,31.20,38.98,45.11,61.02,15.14,15.91,0.77,0.77
2009,MA,Reading,8,Black,251.41,234.04,253.45,274.75,33.35,35.55,47.35,64.45,16.55,17.10,0.56,0.56
2009,MI,Reading,8,Black,238.30,218.35,239.59,260.32,33.45,54.25,36.76,45.75,8.71,8.99,999.00,999.00
2009,MN,Reading,8,Black,244.00,225.71,246.86,265.71,30.85,45.73,44.51,54.27,9.64,9.76,999.00,999.00
2009,MS,Reading,8,Black,238.72,218.70,240.15,260.10,31.59,53.46,38.51,46.54,7.79,8.03,999.00,999.00
2009,MO,Reading,8,Black,245.94,226.68,246.89,268.57,32.18,44.58,41.89,55.42,13.24,13.53,999.00,999.00
2009,MT,Reading,8,Black,999.00,999.00,999.00,999.00,999.00,999.00,999.00,999.00,999.00,999.00,999.00,999.00
2009,NE,Reading,8,Black,241.56,219.78,243.44,266.41,33.48,49.50,38.41,50.50,11.96,12.09,999.00,999.00
2009,NV,Reading,8,Black,241.30,222.05,242.89,262.56,32.27,49.96,40.00,50.04,9.85,10.04,999.00,999.00
2009,NH,Reading,8,Black,999.00,999.00,999.00,999.00,999.00,999.00,999.00,999.00,999.00,999.00,999.00,999.00
2009,NJ,Reading,8,Black,249.76,228.70,252.16,272.94,32.70,39.84,42.85,60.16,16.73,17.32,0.59,0.59
2009,NM,Reading,8,Black,245.62,219.85,248.11,269.19,35.21,44.33,39.85,55.67,14.72,15.82,1.10,1.10
2009,NY,Reading,8,Black,245.92,225.79,247.90,269.06,33.02,44.20,42.37,55.80,13.07,13.44,999.00,999.00
2009,NC,Reading,8,Black,242.65,222.20,245.34,266.72,33.82,47.25,40.52,52.75,11.97,12.23,999.00,999.00
2009,ND,Reading,8,Black,999.00,999.00,999.00,999.00,999.00,999.00,999.00,999.00,999.00,999.00,999.00,999.00
2009,OH,Reading,8,Black,247.04,226.47,248.47,268.62,30.97,43.57,43.32,56.43,12.61,13.11,999.00,999.00
2009,OK,Reading,8,Black,246.64,225.40,248.79,268.92,33.42,43.38,40.99,56.62,15.02,15.63,0.61,0.61
2009,OR,Reading,8,Black,999.00,999.00,999.00,999.00,999.00,999.00,999.00,999.00,999.00,999.00,999.00,999.00
2009,PA,Reading,8,Black,249.49,228.53,251.21,271.80,31.73,39.83,43.69,60.17,15.88,16.48,0.60,0.60
2009,RI,Reading,8,Black,238.08,219.42,243.23,263.29,35.87,50.14,41.01,49.86,8.84,8.84,999.00,999.00
2009,SC,Reading,8,Black,242.85,223.14,244.44,263.72,31.21,47.79,42.12,52.21,9.73,10.08,999.00,999.00
2009,SD,Reading,8,Black,999.00,999.00,999.00,999.00,999.00,999.00,999.00,999.00,999.00,999.00,999.00,999.00
2009,TN,Reading,8,Black,243.11,223.13,244.67,265.34,31.70,48.11,40.71,51.89,11.01,11.18,999.00,999.00
2009,TX,Reading,8,Black,248.86,229.89,252.22,270.23,30.63,39.15,47.78,60.85,12.93,13.06,999.00,999.00
2009,UT,Reading,8,Black,999.00,999.00,999.00,999.00,999.00,999.00,999.00,999.00,999.00,999.00,999.00,999.00
2009,VT,Reading,8,Black,999.00,999.00,999.00,999.00,999.00,999.00,999.00,999.00,999.00,999.00,999.00,999.00
2009,VA,Reading,8,Black,249.51,231.46,251.20,269.27,29.32,39.04,47.45,60.96,13.22,13.50,999.00,999.00
2009,WA,Reading,8,Black,244.66,229.37,248.91,266.91,35.44,39.38,48.02,60.62,12.45,12.59,999.00,999.00
2009,WV,Reading,8,Black,250.02,227.84,251.87,272.85,34.55,40.67,41.27,59.33,16.53,18.06,1.53,1.53
2009,WI,Reading,8,Black,237.56,214.64,240.57,261.93,35.49,52.48,38.39,47.52,9.06,9.13,999.00,999.00
2009,WY,Reading,8,Black,999.00,999.00,999.00,999.00,999.00,999.00,999.00,999.00,999.00,999.00,999.00,999.00
2009,AL,Reading,8,Hispanic,245.06,215.69,248.26,278.91,47.25,46.97,29.96,53.03,18.98,23.07,4.09,4.09
2009,AK,Reading,8,Hispanic,260.34,238.28,260.70,281.39,31.17,30.15,44.55,69.85,22.98,25.30,2.32,2.32
2009,AZ,Reading,8,Hispanic,245.98,224.75,249.32,270.71,35.62,42.74,42.25,57.26,14.40,15.00,0.60,0.60
2009,AR,Reading,8,Hispanic,249.08,225.56,250.53,273.82,35.58,42.03,39.35,57.97,17.43,18.62,1.19,1.19
2009,CA,Reading,8,Hispanic,241.42,219.32,245.29,266.96,36.91,47.54,39.75,52.46,12.20,12.71,0.51,0.51
2009,CO,Reading,8,Hispanic,249.65,230.79,251.66,272.22,32.57,39.10,44.89,60.90,15.47,16.01,0.54,0.54
2009,CT,Reading,8,Hispanic,252.12,230.03,255.60,275.98,34.12,35.91,45.30,64.09,17.83,18.79,0.96,0.96
2009,DE,Reading,8,Hispanic,256.49,237.65,257.74,277.19,30.57,31.01,48.02,68.99,20.07,20.98,0.91,0.91
2009,DC,Reading,8,Hispanic,248.75,225.63,253.72,277.05,39.44,40.29,38.90,59.71,20.14,20.80,0.66,0.66
2009,FL,Reading,8,Hispanic,260.15,240.69,261.69,282.24,31.78,27.22,46.20,72.78,25.20,26.58,1.38,1.38
2009,GA,Reading,8,Hispanic,254.20,236.02,256.18,276.88,33.93,33.26,46.82,66.74,19.01,19.93,0.92,0.92
2009,HI,Reading,8,Hispanic,251.84,229.40,254.54,279.92,37.32,37.77,38.27,62.23,22.73,23.96,1.23,1.23
2009,ID,Reading,8,Hispanic,240.99,219.11,242.94,265.17,33.80,50.14,38.56,49.86,10.99,11.30,999.00,999.00
2009,IL,Reading,8,Hispanic,252.32,232.81,255.20,274.64,31.57,34.89,46.71,65.11,18.08,18.40,999.00,999.00
2009,IN,Reading,8,Hispanic,251.14,233.54,255.42,271.01,30.06,33.65,51.42,66.35,14.85,14.93,999.00,999.00
2009,IA,Reading,8,Hispanic,249.28,227.62,254.31,275.17,34.80,38.59,43.45,61.41,17.28,17.96,0.68,0.68
2009,KS,Reading,8,Hispanic,250.05,230.46,252.35,271.25,31.69,38.95,45.14,61.05,15.36,15.91,0.55,0.55
2009,KY,Reading,8,Hispanic,265.49,245.87,267.39,285.24,30.07,21.24,48.40,78.76,28.33,30.35,2.03,2.03
2009,LA,Reading,8,Hispanic,999.00,999.00,999.00,999.00,999.00,999.00,999.00,999.00,999.00,999.00,999.00,999.00
2009,ME,Reading,8,Hispanic,999.00,999.00,999.00,999.00,999.00,999.00,999.00,999.00,999.00,999.00,999.00,999.00
2009,MD,Reading,8,Hispanic,258.33,238.82,260.48,280.51,32.82,28.94,45.77,71.06,23.88,25.29,1.40,1.40
2009,MA,Reading,8,Hispanic,250.40,229.94,253.34,272.71,32.54,37.87,45.35,62.13,16.16,16.78,0.62,0.62
2009,MI,Reading,8,Hispanic,253.09,226.20,253.51,281.95,39.45,40.24,33.73,59.76,23.77,26.04,2.27,2.27
2009,MN,Reading,8,Hispanic,246.97,229.70,251.96,270.58,35.96,38.89,45.54,61.11,15.30,15.58,999.00,999.00
2009,MS,Reading,8,Hispanic,999.00,999.00,999.00,999.00,999.00,999.00,999.00,999.00,999.00,999.00,999.00,999.00
2009,MO,Reading,8,Hispanic,260.15,239.92,261.15,280.80,35.01,28.55,46.45,71.45,21.00,25.00,4.00,4.00
2009,MT,Reading,8,Hispanic,999.00,999.00,999.00,999.00,999.00,999.00,999.00,999.00,999.00,999.00,999.00,999.00
2009,NE,Reading,8,Hispanic,252.67,233.02,255.53,273.54,31.01,35.06,46.20,64.94,18.11,18.74,0.63,0.63
2009,NV,Reading,8,Hispanic,242.45,221.53,245.07,267.17,36.27,47.30,39.22,52.70,13.09,13.48,999.00,999.00
2009,NH,Reading,8,Hispanic,256.93,231.77,258.57,283.26,36.94,35.84,36.72,64.16,24.58,27.44,2.85,2.85
2009,NJ,Reading,8,Hispanic,256.10,237.55,256.47,275.47,29.08,31.70,48.40,68.30,18.82,19.90,1.08,1.08
2009,NM,Reading,8,Hispanic,247.55,227.47,250.02,270.00,32.04,41.64,44.01,58.36,14.05,14.35,999.00,999.00
2009,NY,Reading,8,Hispanic,247.35,227.78,250.24,271.80,34.59,41.57,42.81,58.43,15.12,15.62,999.00,999.00
2009,NC,Reading,8,Hispanic,248.61,225.34,251.80,275.09,38.29,41.88,38.96,58.12,17.36,19.17,1.81,1.81
2009,ND,Reading,8,Hispanic,999.00,999.00,999.00,999.00,999.00,999.00,999.00,999.00,999.00,999.00,999.00,999.00
2009,OH,Reading,8,Hispanic,251.13,230.59,254.51,272.27,33.44,38.64,44.91,61.36,15.96,16.45,999.00,999.00
2009,OK,Reading,8,Hispanic,245.85,225.95,248.73,269.18,32.89,43.13,42.91,56.87,13.69,13.96,999.00,999.00
2009,OR,Reading,8,Hispanic,246.96,226.09,250.18,269.68,33.02,42.14,44.01,57.86,13.30,13.85,0.55,0.55
2009,PA,Reading,8,Hispanic,247.48,229.54,249.74,266.05,30.00,42.08,45.94,57.92,11.73,11.98,999.00,999.00
2009,RI,Reading,8,Hispanic,240.86,219.85,243.05,265.19,34.47,49.72,39.60,50.28,10.26,10.68,999.00,999.00
2009,SC,Reading,8,Hispanic,258.74,235.10,260.83,286.16,38.86,30.24,40.02,69.76,25.78,29.73,3.95,3.95
2009,SD,Reading,8,Hispanic,999.00,999.00,999.00,999.00,999.00,999.00,999.00,999.00,999.00,999.00,999.00,999.00
2009,TN,Reading,8,Hispanic,251.85,229.32,253.13,274.20,35.26,37.81,41.35,62.19,19.10,20.85,1.75,1.75
2009,TX,Reading,8,Hispanic,251.38,232.46,254.29,273.58,32.17,35.62,47.56,64.38,16.22,16.82,0.59,0.59
2009,UT,Reading,8,Hispanic,245.98,226.71,247.22,267.36,31.89,44.53,42.40,55.47,12.82,13.07,999.00,999.00
2009,VT,Reading,8,Hispanic,999.00,999.00,999.00,999.00,999.00,999.00,999.00,999.00,999.00,999.00,999.00,999.00
2009,VA,Reading,8,Hispanic,256.10,236.79,260.90,278.74,33.07,29.78,48.22,70.22,21.29,22.00,0.71,0.71
2009,WA,Reading,8,Hispanic,248.36,227.69,251.75,271.40,35.08,39.67,43.68,60.33,15.99,16.65,0.66,0.66
2009,WV,Reading,8,Hispanic,999.00,999.00,999.00,999.00,999.00,999.00,999.00,999.00,999.00,999.00,999.00,999.00
2009,WI,Reading,8,Hispanic,250.13,230.42,249.98,270.48,31.07,40.48,44.42,59.52,14.54,15.10,0.57,0.57
2009,WY,Reading,8,Hispanic,258.72,240.71,259.88,278.95,28.68,27.66,49.82,72.34,22.21,22.53,999.00,999.00
2009,AL,Reading,8,Asian,999.00,999.00,999.00,999.00,999.00,999.00,999.00,999.00,999.00,999.00,999.00,999.00
2009,AK,Reading,8,Asian,253.89,234.45,257.23,276.86,32.91,33.88,45.62,66.12,19.65,20.50,0.86,0.86
2009,AZ,Reading,8,Asian,279.89,260.36,286.12,309.29,43.17,13.12,31.22,86.88,42.51,55.66,13.15,13.15
2009,AR,Reading,8,Asian,999.00,999.00,999.00,999.00,999.00,999.00,999.00,999.00,999.00,999.00,999.00,999.00
2009,CA,Reading,8,Asian,265.73,245.62,268.75,289.27,34.56,23.00,42.42,77.00,31.58,34.58,3.00,3.00
2009,CO,Reading,8,Asian,274.17,257.21,276.29,296.95,31.66,13.82,43.05,86.18,40.31,43.13,2.82,2.82
2009,CT,Reading,8,Asian,290.09,269.07,292.03,311.88,32.54,9.06,27.24,90.94,49.05,63.70,14.66,14.66
2009,DE,Reading,8,Asian,272.06,254.81,272.10,290.43,27.34,14.65,47.44,85.35,34.53,37.91,3.39,3.39
2009,DC,Reading,8,Asian,999.00,999.00,999.00,999.00,999.00,999.00,999.00,999.00,999.00,999.00,999.00,999.00
2009,FL,Reading,8,Asian,288.20,272.04,289.17,306.38,25.81,5.67,29.97,94.33,56.56,64.36,7.80,7.80
2009,GA,Reading,8,Asian,286.33,266.36,291.94,309.01,32.14,10.22,28.65,89.78,51.27,61.13,9.86,9.86
2009,HI,Reading,8,Asian,252.17,232.18,254.56,274.89,33.12,35.58,45.72,64.42,17.78,18.70,0.92,0.92
2009,ID,Reading,8,Asian,999.00,999.00,999.00,999.00,999.00,999.00,999.00,999.00,999.00,999.00,999.00,999.00
2009,IL,Reading,8,Asian,284.40,266.08,286.90,305.30,30.07,7.58,32.49,92.42,52.08,59.92,7.84,7.84
2009,IN,Reading,8,Asian,999.00,999.00,999.00,999.00,999.00,999.00,999.00,999.00,999.00,999.00,999.00,999.00
2009,IA,Reading,8,Asian,999.00,999.00,999.00,999.00,999.00,999.00,999.00,999.00,999.00,999.00,999.00,999.00
2009,KS,Reading,8,Asian,271.59,251.40,271.80,293.33,31.90,16.97,46.85,83.03,31.72,36.18,4.46,4.46
2009,KY,Reading,8,Asian,999.00,999.00,999.00,999.00,999.00,999.00,999.00,999.00,999.00,999.00,999.00,999.00
2009,LA,Reading,8,Asian,999.00,999.00,999.00,999.00,999.00,999.00,999.00,999.00,999.00,999.00,999.00,999.00
2009,ME,Reading,8,Asian,999.00,999.00,999.00,999.00,999.00,999.00,999.00,999.00,999.00,999.00,999.00,999.00
2009,MD,Reading,8,Asian,285.54,266.73,288.47,305.65,29.86,7.29,32.30,92.71,50.91,60.42,9.50,9.50
2009,MA,Reading,8,Asian,281.13,261.91,281.33,303.04,32.21,11.09,38.47,88.91,40.59,50.44,9.85,9.85
2009,MI,Reading,8,Asian,999.00,999.00,999.00,999.00,999.00,999.00,999.00,999.00,999.00,999.00,999.00,999.00
2009,MN,Reading,8,Asian,259.52,234.69,262.28,285.42,34.18,30.50,39.77,69.50,28.44,29.73,1.29,1.29
2009,MS,Reading,8,Asian,999.00,999.00,999.00,999.00,999.00,999.00,999.00,999.00,999.00,999.00,999.00,999.00
2009,MO,Reading,8,Asian,999.00,999.00,999.00,999.00,999.00,999.00,999.00,999.00,999.00,999.00,999.00,999.00
2009,MT,Reading,8,Asian,999.00,999.00,999.00,999.00,999.00,999.00,999.00,999.00,999.00,999.00,999.00,999.00
2009,NE,Reading,8,Asian,999.00,999.00,999.00,999.00,999.00,999.00,999.00,999.00,999.00,999.00,999.00,999.00
2009,NV,Reading,8,Asian,262.38,244.45,265.27,282.94,31.50,23.34,49.13,76.66,25.79,27.53,1.74,1.74
2009,NH,Reading,8,Asian,999.00,999.00,999.00,999.00,999.00,999.00,999.00,999.00,999.00,999.00,999.00,999.00
2009,NJ,Reading,8,Asian,290.66,271.30,290.91,309.37,28.28,4.71,31.33,95.29,51.03,63.96,12.93,12.93
2009,NM,Reading,8,Asian,999.00,999.00,999.00,999.00,999.00,999.00,999.00,999.00,999.00,999.00,999.00,999.00
2009,NY,Reading,8,Asian,277.20,255.05,280.67,302.37,36.20,17.28,33.46,82.72,40.97,49.27,8.29,8.29
2009,NC,Reading,8,Asian,271.93,250.00,275.58,301.74,42.51,20.23,33.84,79.77,37.44,45.92,8.48,8.48
2009,ND,Reading,8,Asian,999.00,999.00,999.00,999.00,999.00,999.00,999.00,999.00,999.00,999.00,999.00,999.00
2009,OH,Reading,8,Asian,999.00,999.00,999.00,999.00,999.00,999.00,999.00,999.00,999.00,999.00,999.00,999.00
2009,OK,Reading,8,Asian,999.00,999.00,999.00,999.00,999.00,999.00,999.00,999.00,999.00,999.00,999.00,999.00
2009,OR,Reading,8,Asian,275.69,258.51,278.02,297.74,31.98,15.24,37.12,84.76,43.91,47.64,3.73,3.73
2009,PA,Reading,8,Asian,287.23,265.45,288.28,311.19,34.67,11.58,28.16,88.42,45.58,60.26,14.67,14.67
2009,RI,Reading,8,Asian,269.71,249.92,268.33,292.64,34.22,18.90,46.03,81.10,29.22,35.07,5.86,5.86
2009,SC,Reading,8,Asian,999.00,999.00,999.00,999.00,999.00,999.00,999.00,999.00,999.00,999.00,999.00,999.00
2009,SD,Reading,8,Asian,999.00,999.00,999.00,999.00,999.00,999.00,999.00,999.00,999.00,999.00,999.00,999.00
2009,TN,Reading,8,Asian,999.00,999.00,999.00,999.00,999.00,999.00,999.00,999.00,999.00,999.00,999.00,999.00
2009,TX,Reading,8,Asian,280.07,261.58,283.74,301.85,31.79,12.61,34.19,87.39,45.72,53.20,7.47,7.47
2009,UT,Reading,8,Asian,266.12,242.23,266.75,289.48,35.53,25.62,41.04,74.38,27.17,33.34,6.16,6.16
2009,VT,Reading,8,Asian,999.00,999.00,999.00,999.00,999.00,999.00,999.00,999.00,999.00,999.00,999.00,999.00
2009,VA,Reading,8,Asian,279.37,262.97,280.48,299.24,26.65,8.16,43.46,91.84,45.20,48.37,3.17,3.17
2009,WA,Reading,8,Asian,272.25,254.15,274.12,295.80,34.97,16.74,41.67,83.26,35.99,41.59,5.60,5.60
2009,WV,Reading,8,Asian,999.00,999.00,999.00,999.00,999.00,999.00,999.00,999.00,999.00,999.00,999.00,999.00
2009,WI,Reading,8,Asian,265.20,243.15,264.63,288.88,33.86,24.80,41.24,75.20,30.92,33.96,3.04,3.04
2009,WY,Reading,8,Asian,999.00,999.00,999.00,999.00,999.00,999.00,999.00,999.00,999.00,999.00,999.00,999.00
2009,AL,Reading,8,American Indian or Alaskan Native,999.00,999.00,999.00,999.00,999.00,999.00,999.00,999.00,999.00,999.00,999.00,999.00
2009,AK,Reading,8,American Indian or Alaskan Native,238.70,217.30,241.38,263.34,37.36,52.03,37.11,47.97,10.02,10.86,0.84,0.84
2009,AZ,Reading,8,American Indian or Alaskan Native,243.51,221.31,245.14,267.21,36.69,47.60,39.15,52.40,11.37,13.25,1.87,1.87
2009,AR,Reading,8,American Indian or Alaskan Native,999.00,999.00,999.00,999.00,999.00,999.00,999.00,999.00,999.00,999.00,999.00,999.00
2009,CA,Reading,8,American Indian or Alaskan Native,999.00,999.00,999.00,999.00,999.00,999.00,999.00,999.00,999.00,999.00,999.00,999.00
2009,CO,Reading,8,American Indian or Alaskan Native,999.00,999.00,999.00,999.00,999.00,999.00,999.00,999.00,999.00,999.00,999.00,999.00
2009,CT,Reading,8,American Indian or Alaskan Native,999.00,999.00,999.00,999.00,999.00,999.00,999.00,999.00,999.00,999.00,999.00,999.00
2009,DE,Reading,8,American Indian or Alaskan Native,999.00,999.00,999.00,999.00,999.00,999.00,999.00,999.00,999.00,999.00,999.00,999.00
2009,DC,Reading,8,American Indian or Alaskan Native,999.00,999.00,999.00,999.00,999.00,999.00,999.00,999.00,999.00,999.00,999.00,999.00
2009,FL,Reading,8,American Indian or Alaskan Native,999.00,999.00,999.00,999.00,999.00,999.00,999.00,999.00,999.00,999.00,999.00,999.00
2009,GA,Reading,8,American Indian or Alaskan Native,999.00,999.00,999.00,999.00,999.00,999.00,999.00,999.00,999.00,999.00,999.00,999.00
2009,HI,Reading,8,American Indian or Alaskan Native,999.00,999.00,999.00,999.00,999.00,999.00,999.00,999.00,999.00,999.00,999.00,999.00
2009,ID,Reading,8,American Indian or Alaskan Native,999.00,999.00,999.00,999.00,999.00,999.00,999.00,999.00,999.00,999.00,999.00,999.00
2009,IL,Reading,8,American Indian or Alaskan Native,999.00,999.00,999.00,999.00,999.00,999.00,999.00,999.00,999.00,999.00,999.00,999.00
2009,IN,Reading,8,American Indian or Alaskan Native,999.00,999.00,999.00,999.00,999.00,999.00,999.00,999.00,999.00,999.00,999.00,999.00
2009,IA,Reading,8,American Indian or Alaskan Native,999.00,999.00,999.00,999.00,999.00,999.00,999.00,999.00,999.00,999.00,999.00,999.00
2009,KS,Reading,8,American Indian or Alaskan Native,257.88,239.08,260.24,282.50,34.40,30.58,44.19,69.42,23.54,25.23,1.68,1.68
2009,KY,Reading,8,American Indian or Alaskan Native,999.00,999.00,999.00,999.00,999.00,999.00,999.00,999.00,999.00,999.00,999.00,999.00
2009,LA,Reading,8,American Indian or Alaskan Native,999.00,999.00,999.00,999.00,999.00,999.00,999.00,999.00,999.00,999.00,999.00,999.00
2009,ME,Reading,8,American Indian or Alaskan Native,999.00,999.00,999.00,999.00,999.00,999.00,999.00,999.00,999.00,999.00,999.00,999.00
2009,MD,Reading,8,American Indian or Alaskan Native,999.00,999.00,999.00,999.00,999.00,999.00,999.00,999.00,999.00,999.00,999.00,999.00
2009,MA,Reading,8,American Indian or Alaskan Native,999.00,999.00,999.00,999.00,999.00,999.00,999.00,999.00,999.00,999.00,999.00,999.00
2009,MI,Reading,8,American Indian or Alaskan Native,999.00,999.00,999.00,999.00,999.00,999.00,999.00,999.00,999.00,999.00,999.00,999.00
2009,MN,Reading,8,American Indian or Alaskan Native,259.45,239.58,260.34,283.87,37.93,27.54,46.85,72.46,21.98,25.61,3.63,3.63
2009,MS,Reading,8,American Indian or Alaskan Native,999.00,999.00,999.00,999.00,999.00,999.00,999.00,999.00,999.00,999.00,999.00,999.00
2009,MO,Reading,8,American Indian or Alaskan Native,999.00,999.00,999.00,999.00,999.00,999.00,999.00,999.00,999.00,999.00,999.00,999.00
2009,MT,Reading,8,American Indian or Alaskan Native,252.73,232.72,255.10,277.31,35.20,36.22,43.30,63.78,19.45,20.48,1.02,1.02
2009,NE,Reading,8,American Indian or Alaskan Native,999.00,999.00,999.00,999.00,999.00,999.00,999.00,999.00,999.00,999.00,999.00,999.00
2009,NV,Reading,8,American Indian or Alaskan Native,999.00,999.00,999.00,999.00,999.00,999.00,999.00,999.00,999.00,999.00,999.00,999.00
2009,NH,Reading,8,American Indian or Alaskan Native,999.00,999.00,999.00,999.00,999.00,999.00,999.00,999.00,999.00,999.00,999.00,999.00
2009,NJ,Reading,8,American Indian or Alaskan Native,999.00,999.00,999.00,999.00,999.00,999.00,999.00,999.00,999.00,999.00,999.00,999.00
2009,NM,Reading,8,American Indian or Alaskan Native,238.71,214.86,243.13,265.80,40.43,49.82,37.84,50.18,11.40,12.34,0.94,0.94
2009,NY,Reading,8,American Indian or Alaskan Native,999.00,999.00,999.00,999.00,999.00,999.00,999.00,999.00,999.00,999.00,999.00,999.00
2009,NC,Reading,8,American Indian or Alaskan Native,235.20,207.40,240.26,266.41,45.52,54.31,29.88,45.69,14.08,15.80,1.72,1.72
2009,ND,Reading,8,American Indian or Alaskan Native,246.15,223.76,252.21,277.34,45.08,40.34,38.01,59.66,20.26,21.65,1.39,1.39
2009,OH,Reading,8,American Indian or Alaskan Native,999.00,999.00,999.00,999.00,999.00,999.00,999.00,999.00,999.00,999.00,999.00,999.00
2009,OK,Reading,8,American Indian or Alaskan Native,258.04,238.29,259.72,280.49,32.34,29.04,46.15,70.96,23.47,24.80,1.34,1.34
2009,OR,Reading,8,American Indian or Alaskan Native,259.33,233.85,259.58,288.90,39.02,31.78,40.04,68.22,23.92,28.18,4.25,4.25
2009,PA,Reading,8,American Indian or Alaskan Native,999.00,999.00,999.00,999.00,999.00,999.00,999.00,999.00,999.00,999.00,999.00,999.00
2009,RI,Reading,8,American Indian or Alaskan Native,999.00,999.00,999.00,999.00,999.00,999.00,999.00,999.00,999.00,999.00,999.00,999.00
2009,SC,Reading,8,American Indian or Alaskan Native,999.00,999.00,999.00,999.00,999.00,999.00,999.00,999.00,999.00,999.00,999.00,999.00
2009,SD,Reading,8,American Indian or Alaskan Native,248.48,228.61,250.43,269.48,32.80,40.21,43.96,59.79,14.90,15.82,0.93,0.93
2009,TN,Reading,8,American Indian or Alaskan Native,999.00,999.00,999.00,999.00,999.00,999.00,999.00,999.00,999.00,999.00,999.00,999.00
2009,TX,Reading,8,American Indian or Alaskan Native,999.00,999.00,999.00,999.00,999.00,999.00,999.00,999.00,999.00,999.00,999.00,999.00
2009,UT,Reading,8,American Indian or Alaskan Native,234.63,208.02,231.41,256.03,35.79,61.74,28.53,38.26,8.88,9.73,0.85,0.85
2009,VT,Reading,8,American Indian or Alaskan Native,999.00,999.00,999.00,999.00,999.00,999.00,999.00,999.00,999.00,999.00,999.00,999.00
2009,VA,Reading,8,American Indian or Alaskan Native,999.00,999.00,999.00,999.00,999.00,999.00,999.00,999.00,999.00,999.00,999.00,999.00
2009,WA,Reading,8,American Indian or Alaskan Native,254.45,229.04,253.72,280.20,37.35,39.51,35.98,60.49,21.08,24.51,3.43,3.43
2009,WV,Reading,8,American Indian or Alaskan Native,999.00,999.00,999.00,999.00,999.00,999.00,999.00,999.00,999.00,999.00,999.00,999.00
2009,WI,Reading,8,American Indian or Alaskan Native,999.00,999.00,999.00,999.00,999.00,999.00,999.00,999.00,999.00,999.00,999.00,999.00
2009,WY,Reading,8,American Indian or Alaskan Native,999.00,999.00,999.00,999.00,999.00,999.00,999.00,999.00,999.00,999.00,999.00,999.00
2009,AL,Reading,8,Hawaiian,999.00,999.00,999.00,999.00,999.00,999.00,999.00,999.00,999.00,999.00,999.00,999.00
2009,AK,Reading,8,Hawaiian,262.05,243.01,262.95,283.56,29.46,25.17,47.48,74.83,26.00,27.34,1.35,1.35
2009,AZ,Reading,8,Hawaiian,999.00,999.00,999.00,999.00,999.00,999.00,999.00,999.00,999.00,999.00,999.00,999.00
2009,AR,Reading,8,Hawaiian,999.00,999.00,999.00,999.00,999.00,999.00,999.00,999.00,999.00,999.00,999.00,999.00
2009,CA,Reading,8,Hawaiian,999.00,999.00,999.00,999.00,999.00,999.00,999.00,999.00,999.00,999.00,999.00,999.00
2009,CO,Reading,8,Hawaiian,999.00,999.00,999.00,999.00,999.00,999.00,999.00,999.00,999.00,999.00,999.00,999.00
2009,CT,Reading,8,Hawaiian,999.00,999.00,999.00,999.00,999.00,999.00,999.00,999.00,999.00,999.00,999.00,999.00
2009,DE,Reading,8,Hawaiian,999.00,999.00,999.00,999.00,999.00,999.00,999.00,999.00,999.00,999.00,999.00,999.00
2009,DC,Reading,8,Hawaiian,999.00,999.00,999.00,999.00,999.00,999.00,999.00,999.00,999.00,999.00,999.00,999.00
2009,FL,Reading,8,Hawaiian,271.63,248.31,272.83,294.45,31.97,19.86,39.69,80.14,36.68,40.45,3.78,3.78
2009,GA,Reading,8,Hawaiian,264.68,248.59,263.69,282.35,26.94,19.00,55.63,81.00,24.32,25.37,1.05,1.05
2009,HI,Reading,8,Hawaiian,255.59,231.76,258.46,280.59,35.38,34.24,41.15,65.76,22.69,24.61,1.92,1.92
2009,ID,Reading,8,Hawaiian,999.00,999.00,999.00,999.00,999.00,999.00,999.00,999.00,999.00,999.00,999.00,999.00
2009,IL,Reading,8,Hawaiian,999.00,999.00,999.00,999.00,999.00,999.00,999.00,999.00,999.00,999.00,999.00,999.00
2009,IN,Reading,8,Hawaiian,263.64,245.38,264.23,283.91,28.18,21.73,50.44,78.27,26.49,27.83,1.34,1.34
2009,IA,Reading,8,Hawaiian,999.00,999.00,999.00,999.00,999.00,999.00,999.00,999.00,999.00,999.00,999.00,999.00
2009,KS,Reading,8,Hawaiian,999.00,999.00,999.00,999.00,999.00,999.00,999.00,999.00,999.00,999.00,999.00,999.00
2009,KY,Reading,8,Hawaiian,999.00,999.00,999.00,999.00,999.00,999.00,999.00,999.00,999.00,999.00,999.00,999.00
2009,LA,Reading,8,Hawaiian,999.00,999.00,999.00,999.00,999.00,999.00,999.00,999.00,999.00,999.00,999.00,999.00
2009,ME,Reading,8,Hawaiian,999.00,999.00,999.00,999.00,999.00,999.00,999.00,999.00,999.00,999.00,999.00,999.00
2009,MD,Reading,8,Hawaiian,999.00,999.00,999.00,999.00,999.00,999.00,999.00,999.00,999.00,999.00,999.00,999.00
2009,MA,Reading,8,Hawaiian,999.00,999.00,999.00,999.00,999.00,999.00,999.00,999.00,999.00,999.00,999.00,999.00
2009,MI,Reading,8,Hawaiian,999.00,999.00,999.00,999.00,999.00,999.00,999.00,999.00,999.00,999.00,999.00,999.00
2009,MN,Reading,8,Hawaiian,999.00,999.00,999.00,999.00,999.00,999.00,999.00,999.00,999.00,999.00,999.00,999.00
2009,MS,Reading,8,Hawaiian,999.00,999.00,999.00,999.00,999.00,999.00,999.00,999.00,999.00,999.00,999.00,999.00
2009,MO,Reading,8,Hawaiian,999.00,999.00,999.00,999.00,999.00,999.00,999.00,999.00,999.00,999.00,999.00,999.00
2009,MT,Reading,8,Hawaiian,999.00,999.00,999.00,999.00,999.00,999.00,999.00,999.00,999.00,999.00,999.00,999.00
2009,NE,Reading,8,Hawaiian,999.00,999.00,999.00,999.00,999.00,999.00,999.00,999.00,999.00,999.00,999.00,999.00
2009,NV,Reading,8,Hawaiian,999.00,999.00,999.00,999.00,999.00,999.00,999.00,999.00,999.00,999.00,999.00,999.00
2009,NH,Reading,8,Hawaiian,999.00,999.00,999.00,999.00,999.00,999.00,999.00,999.00,999.00,999.00,999.00,999.00
2009,NJ,Reading,8,Hawaiian,999.00,999.00,999.00,999.00,999.00,999.00,999.00,999.00,999.00,999.00,999.00,999.00
2009,NM,Reading,8,Hawaiian,999.00,999.00,999.00,999.00,999.00,999.00,999.00,999.00,999.00,999.00,999.00,999.00
2009,NY,Reading,8,Hawaiian,999.00,999.00,999.00,999.00,999.00,999.00,999.00,999.00,999.00,999.00,999.00,999.00
2009,NC,Reading,8,Hawaiian,256.85,233.84,258.61,281.23,33.62,32.43,43.93,67.57,21.25,23.64,2.40,2.40
2009,ND,Reading,8,Hawaiian,999.00,999.00,999.00,999.00,999.00,999.00,999.00,999.00,999.00,999.00,999.00,999.00
2009,OH,Reading,8,Hawaiian,261.00,237.79,264.35,286.09,33.47,29.37,38.32,70.63,30.96,32.31,1.35,1.35
2009,OK,Reading,8,Hawaiian,999.00,999.00,999.00,999.00,999.00,999.00,999.00,999.00,999.00,999.00,999.00,999.00
2009,OR,Reading,8,Hawaiian,269.69,249.80,274.22,297.65,41.96,22.26,35.55,77.74,33.78,42.19,8.41,8.41
2009,PA,Reading,8,Hawaiian,999.00,999.00,999.00,999.00,999.00,999.00,999.00,999.00,999.00,999.00,999.00,999.00
2009,RI,Reading,8,Hawaiian,999.00,999.00,999.00,999.00,999.00,999.00,999.00,999.00,999.00,999.00,999.00,999.00
2009,SC,Reading,8,Hawaiian,999.00,999.00,999.00,999.00,999.00,999.00,999.00,999.00,999.00,999.00,999.00,999.00
2009,SD,Reading,8,Hawaiian,999.00,999.00,999.00,999.00,999.00,999.00,999.00,999.00,999.00,999.00,999.00,999.00
2009,TN,Reading,8,Hawaiian,999.00,999.00,999.00,999.00,999.00,999.00,999.00,999.00,999.00,999.00,999.00,999.00
2009,TX,Reading,8,Hawaiian,999.00,999.00,999.00,999.00,999.00,999.00,999.00,999.00,999.00,999.00,999.00,999.00
2009,UT,Reading,8,Hawaiian,999.00,999.00,999.00,999.00,999.00,999.00,999.00,999.00,999.00,999.00,999.00,999.00
2009,VT,Reading,8,Hawaiian,999.00,999.00,999.00,999.00,999.00,999.00,999.00,999.00,999.00,999.00,999.00,999.00
2009,VA,Reading,8,Hawaiian,999.00,999.00,999.00,999.00,999.00,999.00,999.00,999.00,999.00,999.00,999.00,999.00
2009,WA,Reading,8,Hawaiian,999.00,999.00,999.00,999.00,999.00,999.00,999.00,999.00,999.00,999.00,999.00,999.00
2009,WV,Reading,8,Hawaiian,999.00,999.00,999.00,999.00,999.00,999.00,999.00,999.00,999.00,999.00,999.00,999.00
2009,WI,Reading,8,Hawaiian,999.00,999.00,999.00,999.00,999.00,999.00,999.00,999.00,999.00,999.00,999.00,999.00
2009,WY,Reading,8,Hawaiian,999.00,999.00,999.00,999.00,999.00,999.00,999.00,999.00,999.00,999.00,999.00,999.00
2009,AL,Reading,8,Multiracial,N/A,N/A,N/A,N/A,N/A,N/A,N/A,N/A,N/A,N/A,N/A,N/A
2009,AK,Reading,8,Multiracial,N/A,N/A,N/A,N/A,N/A,N/A,N/A,N/A,N/A,N/A,N/A,N/A
2009,AZ,Reading,8,Multiracial,N/A,N/A,N/A,N/A,N/A,N/A,N/A,N/A,N/A,N/A,N/A,N/A
2009,AR,Reading,8,Multiracial,N/A,N/A,N/A,N/A,N/A,N/A,N/A,N/A,N/A,N/A,N/A,N/A
2009,CA,Reading,8,Multiracial,N/A,N/A,N/A,N/A,N/A,N/A,N/A,N/A,N/A,N/A,N/A,N/A
2009,CO,Reading,8,Multiracial,N/A,N/A,N/A,N/A,N/A,N/A,N/A,N/A,N/A,N/A,N/A,N/A
2009,CT,Reading,8,Multiracial,N/A,N/A,N/A,N/A,N/A,N/A,N/A,N/A,N/A,N/A,N/A,N/A
2009,DE,Reading,8,Multiracial,N/A,N/A,N/A,N/A,N/A,N/A,N/A,N/A,N/A,N/A,N/A,N/A
2009,DC,Reading,8,Multiracial,N/A,N/A,N/A,N/A,N/A,N/A,N/A,N/A,N/A,N/A,N/A,N/A
2009,FL,Reading,8,Multiracial,N/A,N/A,N/A,N/A,N/A,N/A,N/A,N/A,N/A,N/A,N/A,N/A
2009,GA,Reading,8,Multiracial,N/A,N/A,N/A,N/A,N/A,N/A,N/A,N/A,N/A,N/A,N/A,N/A
2009,HI,Reading,8,Multiracial,N/A,N/A,N/A,N/A,N/A,N/A,N/A,N/A,N/A,N/A,N/A,N/A
2009,ID,Reading,8,Multiracial,N/A,N/A,N/A,N/A,N/A,N/A,N/A,N/A,N/A,N/A,N/A,N/A
2009,IL,Reading,8,Multiracial,N/A,N/A,N/A,N/A,N/A,N/A,N/A,N/A,N/A,N/A,N/A,N/A
2009,IN,Reading,8,Multiracial,N/A,N/A,N/A,N/A,N/A,N/A,N/A,N/A,N/A,N/A,N/A,N/A
2009,IA,Reading,8,Multiracial,N/A,N/A,N/A,N/A,N/A,N/A,N/A,N/A,N/A,N/A,N/A,N/A
2009,KS,Reading,8,Multiracial,N/A,N/A,N/A,N/A,N/A,N/A,N/A,N/A,N/A,N/A,N/A,N/A
2009,KY,Reading,8,Multiracial,N/A,N/A,N/A,N/A,N/A,N/A,N/A,N/A,N/A,N/A,N/A,N/A
2009,LA,Reading,8,Multiracial,N/A,N/A,N/A,N/A,N/A,N/A,N/A,N/A,N/A,N/A,N/A,N/A
2009,ME,Reading,8,Multiracial,N/A,N/A,N/A,N/A,N/A,N/A,N/A,N/A,N/A,N/A,N/A,N/A
2009,MD,Reading,8,Multiracial,N/A,N/A,N/A,N/A,N/A,N/A,N/A,N/A,N/A,N/A,N/A,N/A
2009,MA,Reading,8,Multiracial,N/A,N/A,N/A,N/A,N/A,N/A,N/A,N/A,N/A,N/A,N/A,N/A
2009,MI,Reading,8,Multiracial,N/A,N/A,N/A,N/A,N/A,N/A,N/A,N/A,N/A,N/A,N/A,N/A
2009,MN,Reading,8,Multiracial,N/A,N/A,N/A,N/A,N/A,N/A,N/A,N/A,N/A,N/A,N/A,N/A
2009,MS,Reading,8,Multiracial,N/A,N/A,N/A,N/A,N/A,N/A,N/A,N/A,N/A,N/A,N/A,N/A
2009,MO,Reading,8,Multiracial,N/A,N/A,N/A,N/A,N/A,N/A,N/A,N/A,N/A,N/A,N/A,N/A
2009,MT,Reading,8,Multiracial,N/A,N/A,N/A,N/A,N/A,N/A,N/A,N/A,N/A,N/A,N/A,N/A
2009,NE,Reading,8,Multiracial,N/A,N/A,N/A,N/A,N/A,N/A,N/A,N/A,N/A,N/A,N/A,N/A
2009,NV,Reading,8,Multiracial,N/A,N/A,N/A,N/A,N/A,N/A,N/A,N/A,N/A,N/A,N/A,N/A
2009,NH,Reading,8,Multiracial,N/A,N/A,N/A,N/A,N/A,N/A,N/A,N/A,N/A,N/A,N/A,N/A
2009,NJ,Reading,8,Multiracial,N/A,N/A,N/A,N/A,N/A,N/A,N/A,N/A,N/A,N/A,N/A,N/A
2009,NM,Reading,8,Multiracial,N/A,N/A,N/A,N/A,N/A,N/A,N/A,N/A,N/A,N/A,N/A,N/A
2009,NY,Reading,8,Multiracial,N/A,N/A,N/A,N/A,N/A,N/A,N/A,N/A,N/A,N/A,N/A,N/A
2009,NC,Reading,8,Multiracial,N/A,N/A,N/A,N/A,N/A,N/A,N/A,N/A,N/A,N/A,N/A,N/A
2009,ND,Reading,8,Multiracial,N/A,N/A,N/A,N/A,N/A,N/A,N/A,N/A,N/A,N/A,N/A,N/A
2009,OH,Reading,8,Multiracial,N/A,N/A,N/A,N/A,N/A,N/A,N/A,N/A,N/A,N/A,N/A,N/A
2009,OK,Reading,8,Multiracial,N/A,N/A,N/A,N/A,N/A,N/A,N/A,N/A,N/A,N/A,N/A,N/A
2009,OR,Reading,8,Multiracial,N/A,N/A,N/A,N/A,N/A,N/A,N/A,N/A,N/A,N/A,N/A,N/A
2009,PA,Reading,8,Multiracial,N/A,N/A,N/A,N/A,N/A,N/A,N/A,N/A,N/A,N/A,N/A,N/A
2009,RI,Reading,8,Multiracial,N/A,N/A,N/A,N/A,N/A,N/A,N/A,N/A,N/A,N/A,N/A,N/A
2009,SC,Reading,8,Multiracial,N/A,N/A,N/A,N/A,N/A,N/A,N/A,N/A,N/A,N/A,N/A,N/A
2009,SD,Reading,8,Multiracial,N/A,N/A,N/A,N/A,N/A,N/A,N/A,N/A,N/A,N/A,N/A,N/A
2009,TN,Reading,8,Multiracial,N/A,N/A,N/A,N/A,N/A,N/A,N/A,N/A,N/A,N/A,N/A,N/A
2009,TX,Reading,8,Multiracial,N/A,N/A,N/A,N/A,N/A,N/A,N/A,N/A,N/A,N/A,N/A,N/A
2009,UT,Reading,8,Multiracial,N/A,N/A,N/A,N/A,N/A,N/A,N/A,N/A,N/A,N/A,N/A,N/A
2009,VT,Reading,8,Multiracial,N/A,N/A,N/A,N/A,N/A,N/A,N/A,N/A,N/A,N/A,N/A,N/A
2009,VA,Reading,8,Multiracial,N/A,N/A,N/A,N/A,N/A,N/A,N/A,N/A,N/A,N/A,N/A,N/A
2009,WA,Reading,8,Multiracial,N/A,N/A,N/A,N/A,N/A,N/A,N/A,N/A,N/A,N/A,N/A,N/A
2009,WV,Reading,8,Multiracial,N/A,N/A,N/A,N/A,N/A,N/A,N/A,N/A,N/A,N/A,N/A,N/A
2009,WI,Reading,8,Multiracial,N/A,N/A,N/A,N/A,N/A,N/A,N/A,N/A,N/A,N/A,N/A,N/A
2009,WY,Reading,8,Multiracial,N/A,N/A,N/A,N/A,N/A,N/A,N/A,N/A,N/A,N/A,N/A,N/A
